{
  "birds": 0,
  "elongation": 0.5713775790775273,
  "filthiness": 0.06136548120517804,
  "fortification": 0.5315151559526681,
  "forwardness": 0.5325150816744646,
  "grandiosity": 0.734028825675743,
  "hype": 0,
  "id": "36ae955c-6264-4437-8669-3053f62992e5",
  "inconvenience": 0.5127096626265168,
  "luxuriousness": 0,
  "mainColor": "#ffce0a",
  "model": 8,
  "mods": [],
  "mysticism": 0.48330562996753273,
  "name": "Choux Stadium",
  "nickname": "The Choux",
  "obtuseness": 0.7678385756888914,
  "ominousness": 0.46350321501464753,
  "renoCost": -1,
  "renoDiscard": [],
  "renoHand": [
    "psychoacoustics_mod",
    "solar_panels_mod",
    "big_bucket_mod",
    "flooding_plus",
    "peanut_mister_mod",
    "inconvenience_minus",
    "mysticism_plus",
    "event_horizon_mod",
    "reverb_plus"
  ],
  "renoLog": {},
  "secondaryColor": "#8a6e00",
  "state": {},
  "teamId": "bfd38797-8404-4b38-8b82-341da28b1f83",
  "tertiaryColor": "#4d3d00",
  "viscosity": 0.528370617263836,
  "weather": {}
}