{
  "birds": 0,
  "elongation": 0.4149870306719358,
  "filthiness": 0.015905100898693285,
  "fortification": 0.3772856149547761,
  "forwardness": 0.5637166235087328,
  "grandiosity": 0.49157524045506606,
  "hype": 0,
  "id": "a109bd65-bfd3-43c7-9eb8-70dddc4d8a29",
  "inconvenience": 0.5824079093334408,
  "luxuriousness": 0,
  "mainColor": "#399d8f",
  "model": 6,
  "mods": [],
  "mysticism": 0.6563113327867125,
  "name": "Tastycake Stadium",
  "nickname": "The Oven",
  "obtuseness": 0.4730724599575604,
  "ominousness": 0.5128089734710848,
  "renoCost": -1,
  "renoDiscard": [],
  "renoHand": [],
  "renoLog": {},
  "secondaryColor": "#0a5c50",
  "state": {},
  "teamId": "23e4cbc1-e9cd-47fa-a35b-bfa06f726cb7",
  "tertiaryColor": "#0b231d",
  "viscosity": 0.44575448489553093,
  "weather": {}
}