{
  "birds": 0,
  "elongation": 0.5409028298425935,
  "filthiness": 0.028619110794371263,
  "fortification": 0.5502516277472869,
  "forwardness": 0.7156870185188495,
  "grandiosity": 0.4899933874380886,
  "hype": 0,
  "id": "cb94ac8b-003b-4d95-baf3-7c14b1c3fc29",
  "inconvenience": 0.5962457551826605,
  "luxuriousness": 0,
  "mainColor": "#2b4075",
  "model": 7,
  "mods": [],
  "mysticism": 0.5626868198807364,
  "name": "The Hotdogfingers Memorial Climate Pledge Garage and Parking Facility",
  "nickname": "The Big Garage",
  "obtuseness": 0.5462831513898578,
  "ominousness": 0.6960440705470523,
  "renoCost": -1,
  "renoDiscard": [],
  "renoHand": [],
  "renoLog": {},
  "secondaryColor": "#91a1c9",
  "state": {},
  "teamId": "105bc3ff-1320-4e37-8ef0-8d595cb95dd0",
  "tertiaryColor": "#d4daec",
  "viscosity": 0.5751864596590106,
  "weather": {}
}