{
  "birds": 0,
  "elongation": 0.4429810834155287,
  "filthiness": 0.0028105836324508024,
  "fortification": 0.5161953272135511,
  "forwardness": 0.5367446740414406,
  "grandiosity": 0.5864887351526414,
  "hype": 0,
  "id": "cfb57d7c-4118-4b0a-85cc-4e3a51a66cb6",
  "inconvenience": 0.5742901918164779,
  "luxuriousness": 0,
  "mainColor": "#593037",
  "model": 1,
  "mods": [],
  "mysticism": 0.5041285467234323,
  "name": "Chesapeake Racetrack and Ballpark",
  "nickname": "The Crabitat",
  "obtuseness": 0.6692067275419404,
  "ominousness": 0.4703351350387238,
  "renoCost": -1,
  "renoDiscard": [],
  "renoHand": [
    "big_bucket_mod",
    "black_hole_plus",
    "flooding_plus",
    "event_horizon_mod",
    "coffee_one_plus",
    "peanut_mister_mod",
    "inconvenience_minus",
    "fortifications_plus",
    "inconvenience_plus"
  ],
  "renoLog": {},
  "secondaryColor": "#ab8287",
  "state": {},
  "teamId": "8d87c468-699a-47a8-b40d-cfb73a5660ad",
  "tertiaryColor": "#d9c1c3",
  "viscosity": 0.268355352110473,
  "weather": {}
}