{
  "anticapitalism": 0.9320705244165328,
  "armor": "",
  "baseThirst": 0.9444224534284298,
  "baserunningRating": 0.48221872555560585,
  "bat": "",
  "blood": 5,
  "buoyancy": 0.702829141308916,
  "chasiness": 0.45480074398971393,
  "cinnamon": 0.8357854360222658,
  "coffee": 13,
  "coldness": 0.9355222221825052,
  "continuation": 0.07832912522053226,
  "deceased": false,
  "defenseRating": 0.5029955056276667,
  "divinity": 0.45079898498113624,
  "eDensity": 21.512901368464355,
  "evolution": 0,
  "fate": 86,
  "gameAttr": [],
  "groundFriction": 0.7692837372204544,
  "hitStreak": 0,
  "hittingRating": 0.46447722958060966,
  "id": "019ce117-2399-4382-8036-8c14db7e1d30",
  "indulgence": 0.3348520423061436,
  "laserlikeness": 0.5134312814792388,
  "leagueTeamId": "105bc3ff-1320-4e37-8ef0-8d595cb95dd0",
  "martyrdom": 0.9039146484927738,
  "moxie": 0.26252041622428224,
  "musclitude": 0.3984847470711004,
  "name": "Lori Boston",
  "omniscience": 0.5181074609138698,
  "overpowerment": 0.9949025382055396,
  "patheticism": 0.99,
  "peanutAllergy": false,
  "permAttr": [],
  "pitchingRating": 0.19500873473102548,
  "pressurization": 0.767634078136503,
  "ritual": "Sleep-pitching",
  "ruthlessness": 0.11784411216749224,
  "seasAttr": [],
  "shakespearianism": 0.020383074820959024,
  "soul": 5,
  "state": {},
  "suppression": 0.659879781460172,
  "tenaciousness": 0.1144240534687293,
  "thwackability": 0.7836220161008358,
  "totalFingers": 10,
  "tournamentTeamId": null,
  "tragicness": 0.1,
  "unthwackability": 0.460596900527505,
  "watchfulness": 0.6958197559163706,
  "weekAttr": []
}