{
  "anticapitalism": 0.30224497541243417,
  "armor": "HEADPHONES",
  "baseThirst": 0.8577535490086904,
  "baserunningRating": 0.8669981816654418,
  "bat": "",
  "blood": 2,
  "buoyancy": 0.5292866894947996,
  "chasiness": 0.13960596486096,
  "cinnamon": 0.9363163305468792,
  "coffee": 10,
  "coldness": 0.49093806206128887,
  "continuation": 0.6022887550010556,
  "deceased": false,
  "defenseRating": 0.35773000363609353,
  "divinity": 0.9417540700258584,
  "eDensity": 25.62016327606387,
  "evolution": 0,
  "fate": 63,
  "gameAttr": [],
  "groundFriction": 0.6526541293392699,
  "hitStreak": 0,
  "hittingRating": 0.7801780065904461,
  "id": "020ed630-8bae-4441-95cc-0e4ecc27253b",
  "indulgence": 0.975474114561602,
  "laserlikeness": 0.9389082382587548,
  "leagueTeamId": "bfd38797-8404-4b38-8b82-341da28b1f83",
  "martyrdom": 1.0014934534449962,
  "moxie": 0.7561609458064584,
  "musclitude": 0.6670677270775308,
  "name": "Simon Haley",
  "omniscience": 0.1362005012050621,
  "overpowerment": 0.3337717936269387,
  "patheticism": 0.35608145062090324,
  "peanutAllergy": true,
  "permAttr": [
    "FLINCH"
  ],
  "pitchingRating": 0.18028570979825537,
  "pressurization": 0.5312801848809112,
  "ritual": "Rain dance",
  "ruthlessness": 0.12872794786053915,
  "seasAttr": [],
  "shakespearianism": 0.1791170705767996,
  "soul": 6,
  "state": {},
  "suppression": 0.6271590566529494,
  "tenaciousness": 0.40049296639888776,
  "thwackability": 0.6441972330887824,
  "totalFingers": 11,
  "tournamentTeamId": "a3ea6358-ce03-4f23-85f9-deb38cb81b20",
  "tragicness": 0.001,
  "unthwackability": 0.3403852331264416,
  "watchfulness": 0.27336531337485226,
  "weekAttr": []
}