{
  "anticapitalism": 0.420617635110063,
  "armor": "HEADPHONES",
  "baseThirst": 0.9912874041566048,
  "baserunningRating": 0.971168198933132,
  "bat": "",
  "blood": 2,
  "buoyancy": 0.6126270444539075,
  "chasiness": 0.23078996363980253,
  "cinnamon": 1.0694655682328316,
  "coffee": 10,
  "coldness": 0.6433614292072786,
  "continuation": 0.711438759201922,
  "deceased": false,
  "defenseRating": 0.4822413501134189,
  "divinity": 1.0396351823647356,
  "eDensity": 30.37195710427706,
  "evolution": 0,
  "fate": 63,
  "gameAttr": [],
  "groundFriction": 0.7956428185959419,
  "hitStreak": 0,
  "hittingRating": 0.8768944319799185,
  "id": "020ed630-8bae-4441-95cc-0e4ecc27253b",
  "indulgence": 1.073703187766485,
  "laserlikeness": 1.043760856966387,
  "leagueTeamId": "bfd38797-8404-4b38-8b82-341da28b1f83",
  "martyrdom": 1.1297248526221468,
  "moxie": 0.8617219386926838,
  "musclitude": 0.7806046415170192,
  "name": "Simon Haley",
  "omniscience": 0.25649584513058127,
  "overpowerment": 0.4472710778559179,
  "patheticism": 0.26571291264197583,
  "peanutAllergy": true,
  "permAttr": [
    "FLINCH",
    "ELSEWHERE"
  ],
  "pitchingRating": 0.2942613195845398,
  "pressurization": 0.5312801848809112,
  "ritual": "Rain dance",
  "ruthlessness": 0.24678377984864056,
  "seasAttr": [],
  "shakespearianism": 0.311852379947438,
  "soul": 6,
  "state": {
    "elsewhere": {
      "day": 84,
      "season": 13
    }
  },
  "suppression": 0.7523106525539194,
  "tenaciousness": 0.5138120903060664,
  "thwackability": 0.7467223351916776,
  "totalFingers": 11,
  "tournamentTeamId": "a3ea6358-ce03-4f23-85f9-deb38cb81b20",
  "tragicness": 0.001,
  "unthwackability": 0.4357418355712195,
  "watchfulness": 0.4034323885622804,
  "weekAttr": []
}