{
  "anticapitalism": 0.5605218961587091,
  "baseThirst": 1.1211870432568949,
  "baserunningRating": 1.0715386790068129,
  "blood": 2,
  "buoyancy": 0.7310754190743423,
  "chasiness": 0.33351355423713486,
  "cinnamon": 1.179128030029638,
  "coffee": 10,
  "coldness": 0.768263729954652,
  "continuation": 0.8284856015840127,
  "deceased": false,
  "defenseRating": 0.5998010793074668,
  "divinity": 1.159687471866228,
  "eDensity": 33.496225390607464,
  "evolution": 0,
  "fate": 63,
  "gameAttr": [],
  "groundFriction": 0.918407909730984,
  "hitStreak": 0,
  "hittingRating": 0.9846699898180366,
  "id": "020ed630-8bae-4441-95cc-0e4ecc27253b",
  "indulgence": 1.1829512250413394,
  "itemAttr": [],
  "items": [
    {
      "baserunningRating": 0,
      "defenseRating": 0,
      "durability": 1,
      "forger": null,
      "forgerName": null,
      "health": 0,
      "hittingRating": 0.049964998177783326,
      "id": "cc9ccb97-5817-41c1-bd48-0f7e24087e6b",
      "name": "Bat",
      "pitchingRating": 0,
      "postPrefix": null,
      "prePrefix": null,
      "prefixes": null,
      "root": {
        "adjustments": [
          {
            "stat": 2,
            "type": 1,
            "value": 0.13034337576762772
          }
        ],
        "name": "Bat"
      },
      "suffix": null
    }
  ],
  "laserlikeness": 1.1461002484609275,
  "leagueTeamId": "bfd38797-8404-4b38-8b82-341da28b1f83",
  "martyrdom": 1.275980506020871,
  "moxie": 0.9594511929323084,
  "musclitude": 0.9122357470463032,
  "name": "Simon Haley",
  "omniscience": 0.369304228208571,
  "overpowerment": 0.562538439072763,
  "patheticism": 0.15771635399975625,
  "peanutAllergy": true,
  "permAttr": [
    "FLINCH"
  ],
  "pitchingRating": 0.4148795933830358,
  "pressurization": 0.5312801848809112,
  "ritual": "Haruspicy",
  "ruthlessness": 0.34795000615248156,
  "seasAttr": [],
  "shakespearianism": 0.41624121668063774,
  "soul": 6,
  "state": {},
  "suppression": 0.8591050495744166,
  "tenaciousness": 0.6634526889662627,
  "thwackability": 0.858031673477737,
  "totalFingers": 11,
  "tournamentTeamId": "a3ea6358-ce03-4f23-85f9-deb38cb81b20",
  "tragicness": 0.001,
  "unthwackability": 0.5746990439143976,
  "watchfulness": 0.5370044453114453,
  "weekAttr": []
}