{
  "_id": "020ed630-8bae-4441-95cc-0e4ecc27253b",
  "anticapitalism": 0.3023168917733889,
  "armor": "",
  "baseThirst": 0.6278547272622543,
  "bat": "",
  "blood": 2,
  "buoyancy": 0.7984032079252286,
  "chasiness": 0.06673598963567845,
  "cinnamon": 0.8226489440000595,
  "coffee": 10,
  "coldness": 0.44477550649031977,
  "continuation": 0.3756758287587251,
  "deceased": false,
  "divinity": 0.668784786269595,
  "fate": 14,
  "groundFriction": 0.4274873747023226,
  "indulgence": 0.7794399483379606,
  "laserlikeness": 0.7343681052773317,
  "martyrdom": 0.5426969817656278,
  "moxie": 0.33247338650179764,
  "musclitude": 0.02449391300465703,
  "name": "Simon Haley",
  "omniscience": 0.016212957447513776,
  "overpowerment": 0.3473041091963673,
  "patheticism": 0.99,
  "peanutAllergy": true,
  "pressurization": 0.5312801848809112,
  "ritual": "Rain dance",
  "ruthlessness": 0.01,
  "shakespearianism": 0.16700820844573333,
  "soul": 6,
  "suppression": 0.6289639448162254,
  "tenaciousness": 0.3758240977007116,
  "thwackability": 0.12857955995459264,
  "totalFingers": 11,
  "tragicness": 0.1,
  "unthwackability": 0.33893220434467536,
  "watchfulness": 0.22498860181661912
}