{
  "anticapitalism": 0.25972847403676524,
  "armor": "HEADPHONES",
  "baseThirst": 0.7999273298443721,
  "baserunningRating": 0.8215355122774629,
  "bat": "",
  "blood": 2,
  "buoyancy": 0.4859435175620386,
  "chasiness": 0.08944027562433562,
  "cinnamon": 0.8842670339341308,
  "coffee": 10,
  "coldness": 0.4227410742555658,
  "continuation": 0.5481713878390517,
  "deceased": false,
  "defenseRating": 0.27399735214236204,
  "divinity": 0.8848579621403427,
  "eDensity": 25.62016327606387,
  "evolution": 0,
  "fate": 63,
  "gameAttr": [],
  "groundFriction": 0.6033043572639637,
  "hitStreak": 0,
  "hittingRating": 0.7248925739345268,
  "id": "020ed630-8bae-4441-95cc-0e4ecc27253b",
  "indulgence": 0.9241106837707476,
  "laserlikeness": 0.8945553394460325,
  "leagueTeamId": "bfd38797-8404-4b38-8b82-341da28b1f83",
  "martyrdom": 0.9442961395242152,
  "moxie": 0.6923568301954642,
  "musclitude": 0.5952091501577575,
  "name": "Simon Haley",
  "omniscience": 0.06560031233441901,
  "overpowerment": 0.2915316082896217,
  "patheticism": 0.416887754657298,
  "peanutAllergy": true,
  "permAttr": [
    "FLINCH"
  ],
  "pitchingRating": 0.1253121725119154,
  "pressurization": 0.5312801848809112,
  "ritual": "Rain dance",
  "ruthlessness": 0.07337228053029686,
  "seasAttr": [],
  "shakespearianism": 0.13149376343311858,
  "soul": 6,
  "state": {},
  "suppression": 0.5854108405946863,
  "tenaciousness": 0.34627709720128774,
  "thwackability": 0.5916167435671601,
  "totalFingers": 11,
  "tournamentTeamId": "a3ea6358-ce03-4f23-85f9-deb38cb81b20",
  "tragicness": 0.05832662178829608,
  "unthwackability": 0.287786525834977,
  "watchfulness": 0.19895351456495736,
  "weekAttr": []
}