{
  "anticapitalism": 0.7256352891079016,
  "armor": "",
  "baseThirst": 0.018678485846177484,
  "baserunningRating": 0.31062408709602696,
  "bat": "",
  "blood": 0,
  "buoyancy": 0.824761300577229,
  "chasiness": 0.4755327939800482,
  "cinnamon": 0.4761770001001489,
  "coffee": 6,
  "coldness": 0.6946975709871648,
  "continuation": 0.049057107501629504,
  "deceased": false,
  "defenseRating": 0.6164989054538332,
  "divinity": 0.9588740276748576,
  "eDensity": 27.75015982157862,
  "evolution": 1,
  "fate": 66,
  "gameAttr": [],
  "groundFriction": 0.4800858276042757,
  "hitStreak": 0,
  "hittingRating": 0.2804401003779897,
  "id": "0268b35f-b19b-4b2f-90c4-89fb36403686",
  "indulgence": 0.13005582575450725,
  "laserlikeness": 0.6807251543213617,
  "leagueTeamId": "d9f89a8a-c563-493e-9d64-78e4f9a55d4a",
  "martyrdom": 0.6329088880485252,
  "moxie": 0.6845509643585161,
  "musclitude": 0.26701261015229893,
  "name": "Gita Biscuits",
  "omniscience": 0.2171504210552848,
  "overpowerment": 0.7944558484123212,
  "patheticism": 0.6602649801157847,
  "peanutAllergy": true,
  "permAttr": [],
  "pitchingRating": 0.4710311672976667,
  "pressurization": 0.1918765238389024,
  "ritual": "Channeling chi",
  "ruthlessness": 0.24477353884050168,
  "seasAttr": [],
  "shakespearianism": 0.5783023789002142,
  "soul": 8,
  "state": {},
  "suppression": 0.9956777890535038,
  "tenaciousness": 0.7160827501860478,
  "thwackability": 0.049474393384322246,
  "totalFingers": 10,
  "tournamentTeamId": null,
  "tragicness": 0.7510428740808857,
  "unthwackability": 0.8328101336303215,
  "watchfulness": 0.9505532596052116,
  "weekAttr": []
}