{
  "anticapitalism": 0.8401987256823853,
  "armor": "",
  "baseThirst": 0.9385409221488822,
  "baserunningRating": 0.5686247059998628,
  "bat": "",
  "blood": 11,
  "buoyancy": 0.12166558440327611,
  "chasiness": 0.08768399000618055,
  "cinnamon": 0.12844742835367118,
  "coffee": 1,
  "coldness": 0.6517866832830366,
  "continuation": 1.077687772871805,
  "deceased": false,
  "defenseRating": 0.4977074348671912,
  "divinity": 0.09021327560289728,
  "eDensity": 27.6322596837446,
  "evolution": 0,
  "fate": 14,
  "gameAttr": [],
  "groundFriction": 0.8200472755146998,
  "hitStreak": 0,
  "hittingRating": 0.212217057102579,
  "id": "0295c6c2-b33c-47dd-affa-349da7fa1760",
  "indulgence": 1.078113260340664,
  "laserlikeness": 0.3306446966322606,
  "leagueTeamId": "a37f9158-7f82-46bc-908c-c9e2dda7c33b",
  "martyrdom": 0.5992550371535728,
  "moxie": 0.5320450418830767,
  "musclitude": 0.1477518952441692,
  "name": "Combs Estes",
  "omniscience": 0.6474790868044713,
  "overpowerment": 0.9754645505676622,
  "patheticism": 0.8747843416547478,
  "peanutAllergy": true,
  "permAttr": [
    "SIPHON"
  ],
  "pitchingRating": 0.6689164711367387,
  "pressurization": 0.08825681728678791,
  "ritual": "Organizing",
  "ruthlessness": 0.5596193684439579,
  "seasAttr": [],
  "shakespearianism": 0.7246090812440875,
  "soul": 7,
  "state": {},
  "suppression": 0.7226170957077034,
  "tenaciousness": 0.2839641204928969,
  "thwackability": 0.3168461017426625,
  "totalFingers": 12,
  "tournamentTeamId": "70eab4ab-6cb1-41e7-ac8b-1050ee12eecc",
  "tragicness": 0.1,
  "unthwackability": 0.7815200318329725,
  "watchfulness": 0.3745075104218416,
  "weekAttr": []
}