{
  "anticapitalism": 1.091719589207694,
  "armor": "",
  "baseThirst": 1.0012984845713406,
  "baserunningRating": 0.4466949733560683,
  "bat": "",
  "blood": 9,
  "buoyancy": 1.112045838171186,
  "chasiness": 1.1714616182580984,
  "cinnamon": 0.5101650324091435,
  "coffee": 7,
  "coldness": 0.14675654459616244,
  "continuation": 0.6741692481078077,
  "deceased": false,
  "defenseRating": 0.8574159667869471,
  "divinity": 0.841340700049749,
  "eDensity": 57.020196263427486,
  "evolution": 0,
  "fate": 43,
  "gameAttr": [
    "OVERPERFORMING"
  ],
  "groundFriction": 0.6167197947501232,
  "hitStreak": 0,
  "hittingRating": 0.7255266559848376,
  "id": "03b80a57-77ea-4913-9be4-7a85c3594745",
  "indulgence": 0.5978112890136139,
  "laserlikeness": 0.2635270687310526,
  "leagueTeamId": "878c1bf6-0d21-4659-bfee-916c8314d69c",
  "martyrdom": 0.8755584648547752,
  "moxie": 1.141515065948427,
  "musclitude": 0.6984895852185391,
  "name": "Halexandrey Walton",
  "omniscience": 0.8779684603847266,
  "overpowerment": 0.442768889917767,
  "patheticism": 0.161,
  "peanutAllergy": true,
  "permAttr": [
    "SIPHON",
    "PERK"
  ],
  "pitchingRating": 0.40181901293321626,
  "pressurization": 0.9530000539694096,
  "ritual": "Essential oils",
  "ruthlessness": 0.8089537261339929,
  "seasAttr": [],
  "shakespearianism": 0.5213442773058404,
  "soul": 7,
  "state": {
    "gameModSources": {
      "OVERPERFORMING": [
        "PERK"
      ]
    }
  },
  "suppression": 0.6864012251401607,
  "tenaciousness": 0.9167983804824134,
  "thwackability": 0.5198727597904693,
  "totalFingers": 14,
  "tournamentTeamId": "d8f82163-2e74-496b-8e4b-2ab35b2d3ff1",
  "tragicness": 0.26000000000000006,
  "unthwackability": 0.3062767962065298,
  "watchfulness": 0.25916180443402803,
  "weekAttr": []
}