{
  "anticapitalism": 1.0517195892076936,
  "armor": "",
  "baseThirst": 1.0112984845713406,
  "baserunningRating": 0.457708169086792,
  "bat": "",
  "blood": 9,
  "buoyancy": 1.0720458381711857,
  "chasiness": 1.131461618258098,
  "cinnamon": 0.5101650324091435,
  "coffee": 7,
  "coldness": 0.24675654459616245,
  "continuation": 0.6841692481078077,
  "deceased": false,
  "defenseRating": 0.8219699639807028,
  "divinity": 0.801340700049749,
  "fate": 43,
  "gameAttr": [],
  "groundFriction": 0.6267197947501232,
  "hitStreak": 0,
  "hittingRating": 0.6950792561389227,
  "id": "03b80a57-77ea-4913-9be4-7a85c3594745",
  "indulgence": 0.6078112890136139,
  "laserlikeness": 0.2735270687310526,
  "martyrdom": 0.835558464854775,
  "moxie": 1.1015150659484267,
  "musclitude": 0.6584895852185391,
  "name": "Halexandrey Walton",
  "omniscience": 0.8379684603847265,
  "overpowerment": 0.542768889917767,
  "patheticism": 0.01,
  "peanutAllergy": true,
  "permAttr": [
    "SIPHON"
  ],
  "pitchingRating": 0.5154183883217608,
  "pressurization": 0.9530000539694096,
  "ritual": "Essential oils",
  "ruthlessness": 0.908953726133993,
  "seasAttr": [],
  "shakespearianism": 0.6213442773058404,
  "soul": 7,
  "suppression": 0.7864012251401606,
  "tenaciousness": 0.8767983804824132,
  "thwackability": 0.4798727597904694,
  "totalFingers": 13,
  "tragicness": 0.1,
  "unthwackability": 0.40627679620652984,
  "watchfulness": 0.21916180443402805,
  "weekAttr": []
}