{
  "anticapitalism": 1.5481447910442014,
  "baseThirst": 1.2081844911318234,
  "baserunningRating": 1.0314862163914804,
  "blood": 12,
  "buoyancy": 1.3379145609010132,
  "chasiness": 1.34251683420415,
  "cinnamon": 0.8477431145599374,
  "coffee": 4,
  "coldness": 0.4867615334393273,
  "continuation": 0.977061574382849,
  "deceased": false,
  "defenseRating": 1.185387318813994,
  "divinity": 1.3885662566223884,
  "eDensity": 28.172692041944416,
  "evolution": 0,
  "fate": 95,
  "gameAttr": [],
  "groundFriction": 0.5396781998763025,
  "hitStreak": 0,
  "hittingRating": 1.1118165304136518,
  "id": "042962c8-4d8b-44a6-b854-6ccef3d82716",
  "indulgence": 0.7839699129629905,
  "items": [],
  "laserlikeness": 1.2224439783440146,
  "leagueTeamId": "b024e975-1c4a-4575-8936-a3754a08806a",
  "martyrdom": 0.9065151245256038,
  "moxie": 0.869099577073495,
  "musclitude": 0.9148658858336752,
  "name": "Ronan Jaylee",
  "omniscience": 1.544051051388856,
  "overpowerment": 0.5166746546553769,
  "patheticism": 0.001,
  "peanutAllergy": false,
  "permAttr": [],
  "pitchingRating": 0.7108715269697595,
  "pressurization": 0.8019224362991275,
  "ritual": "Model trains",
  "ruthlessness": 0.8518613157773515,
  "seasAttr": [],
  "shakespearianism": 1.4654687342778896,
  "soul": 3,
  "state": {},
  "suppression": 0.6698706166740125,
  "tenaciousness": 1.1733589947422425,
  "thwackability": 1.0299209406765242,
  "totalFingers": 12,
  "tournamentTeamId": null,
  "tragicness": 0.001,
  "unthwackability": 0.6726061751308157,
  "watchfulness": 0.8029459799424892,
  "weekAttr": []
}