{
  "anticapitalism": 1.6060765117378843,
  "baseThirst": 1.275529256411409,
  "baserunningRating": 1.0809556467857226,
  "blood": 1,
  "buoyancy": 1.4122185391263085,
  "chasiness": 1.3962637926895232,
  "cinnamon": 0.9015481009881108,
  "coffee": 4,
  "coldness": 0.5618250991054736,
  "continuation": 1.0477108000964708,
  "deceased": false,
  "defenseRating": 1.21642940437519,
  "divinity": 1.4298720788544608,
  "eDensity": 35.72708898046508,
  "evolution": 0,
  "fate": 95,
  "gameAttr": [],
  "groundFriction": 0.595798547466399,
  "hitStreak": 0,
  "hittingRating": 1.1572589256240415,
  "id": "042962c8-4d8b-44a6-b854-6ccef3d82716",
  "indulgence": 0.8347933578041671,
  "itemAttr": [],
  "items": [
    {
      "baserunningRating": 0,
      "defenseRating": 0,
      "durability": 1,
      "forger": null,
      "forgerName": null,
      "health": 1,
      "hittingRating": 0.045369608830035046,
      "id": "2601ee31-e452-42d9-8f0a-d7fafeef266f",
      "name": "Bat",
      "pitchingRating": 0,
      "postPrefix": null,
      "prePrefix": null,
      "prefixes": null,
      "root": {
        "adjustments": [
          {
            "stat": 2,
            "type": 1,
            "value": 0.1268531630290618
          }
        ],
        "name": "Bat"
      },
      "suffix": null
    }
  ],
  "laserlikeness": 1.2679253798682175,
  "leagueTeamId": "b024e975-1c4a-4575-8936-a3754a08806a",
  "martyrdom": 0.975830140171286,
  "moxie": 0.9194153772071246,
  "musclitude": 0.9589420773238666,
  "name": "Ronan Jaylee",
  "omniscience": 1.5918324410553326,
  "overpowerment": 0.5737271349020678,
  "patheticism": 0.001,
  "peanutAllergy": false,
  "permAttr": [
    "TRIPLE_THREAT"
  ],
  "pitchingRating": 0.7920830204243436,
  "pressurization": 0.8019224362991275,
  "ritual": "Model trains",
  "ruthlessness": 0.9271687299502822,
  "seasAttr": [],
  "shakespearianism": 1.542525721721414,
  "soul": 3,
  "state": {},
  "suppression": 0.7318466131818546,
  "tenaciousness": 1.2168497497577142,
  "thwackability": 1.0922829191444492,
  "totalFingers": 12,
  "tournamentTeamId": null,
  "tragicness": 0.001,
  "unthwackability": 0.7431495674865123,
  "watchfulness": 0.8430760904616902,
  "weekAttr": []
}