{
  "anticapitalism": 1.2325362561363695,
  "armor": "",
  "baseThirst": 0.8961044728195837,
  "baserunningRating": 0.7855412101019698,
  "bat": "",
  "blood": 12,
  "buoyancy": 0.9928506359539356,
  "chasiness": 1.0914062097764146,
  "cinnamon": 0.6351124196952442,
  "coffee": 4,
  "coldness": 0.2443049188526371,
  "continuation": 0.614989813534976,
  "deceased": false,
  "defenseRating": 0.964678700611424,
  "divinity": 1.104240254448786,
  "eDensity": 26.52390839134131,
  "evolution": 0,
  "fate": 95,
  "gameAttr": [],
  "groundFriction": 0.27284265573274824,
  "hitStreak": 0,
  "hittingRating": 0.8165084184350379,
  "id": "042962c8-4d8b-44a6-b854-6ccef3d82716",
  "indulgence": 0.5574150180512005,
  "laserlikeness": 1.0131516279709265,
  "leagueTeamId": "b024e975-1c4a-4575-8936-a3754a08806a",
  "martyrdom": 0.553146145352327,
  "moxie": 0.5496916004173407,
  "musclitude": 0.5862023499874496,
  "name": "Ronan Jaylee",
  "omniscience": 1.198402705242256,
  "overpowerment": 0.2654476094498628,
  "patheticism": 0.1019397420247879,
  "peanutAllergy": false,
  "permAttr": [],
  "pitchingRating": 0.3652585839003269,
  "pressurization": 0.8019224362991275,
  "ritual": "Model trains",
  "ruthlessness": 0.6055834843936768,
  "seasAttr": [],
  "shakespearianism": 1.1287153500214018,
  "soul": 3,
  "state": {},
  "suppression": 0.3626270551720261,
  "tenaciousness": 0.8499584585550897,
  "thwackability": 0.6814926851876588,
  "totalFingers": 12,
  "tournamentTeamId": null,
  "tragicness": 0.1,
  "unthwackability": 0.31070947825367823,
  "watchfulness": 0.5000803751034921,
  "weekAttr": []
}