{
  "anticapitalism": 0.4433142987838141,
  "armor": "",
  "baseThirst": 0.7062482520024564,
  "baserunningRating": 0.4262701703288233,
  "bat": "",
  "blood": 9,
  "buoyancy": 0.6256051662299824,
  "chasiness": 0.7347887862920306,
  "cinnamon": 0.6246843019990309,
  "coffee": 8,
  "coldness": 0.706419824741958,
  "continuation": 0.9150122811725718,
  "deceased": false,
  "defenseRating": 0.6833890674915128,
  "divinity": 0.13779155805667886,
  "eDensity": 28.578721841304016,
  "evolution": 0,
  "fate": 69,
  "gameAttr": [],
  "groundFriction": 0.9972400709434536,
  "hitStreak": 0,
  "hittingRating": 0.4124977112945478,
  "id": "04651d05-44ef-40c1-abd3-4d0c14b6845d",
  "indulgence": 0.2505517403210189,
  "laserlikeness": 0.26166979507211274,
  "leagueTeamId": "105bc3ff-1320-4e37-8ef0-8d595cb95dd0",
  "martyrdom": 0.5566667488819044,
  "moxie": 0.5454430046847489,
  "musclitude": 0.5342312008858527,
  "name": "Emilia Street",
  "omniscience": 0.6202822930494201,
  "overpowerment": 0.507214390506177,
  "patheticism": 0.6579830664940054,
  "peanutAllergy": true,
  "permAttr": [],
  "pitchingRating": 0.2748033139285469,
  "pressurization": 0.5054973718037385,
  "ritual": "Unknown",
  "ruthlessness": 0.11874212856281764,
  "seasAttr": [],
  "shakespearianism": 0.9979191613176592,
  "soul": 8,
  "state": {},
  "suppression": 0.8056220897855131,
  "tenaciousness": 0.45606672225353706,
  "thwackability": 0.95761195548652,
  "totalFingers": 10,
  "tournamentTeamId": null,
  "tragicness": 0.8476964345452112,
  "unthwackability": 0.5182393444153168,
  "watchfulness": 0.8522567973267212,
  "weekAttr": []
}