{
  "anticapitalism": 1.4503833016108636,
  "baseThirst": 0.4914638378360465,
  "baserunningRating": 0.8780320611191652,
  "blood": 12,
  "buoyancy": 0.7082606044536829,
  "chasiness": 0.898438931200515,
  "cinnamon": 0.20345270320901876,
  "coffee": 7,
  "coldness": 0.6396859520723222,
  "continuation": 0.7094354970869754,
  "deceased": false,
  "defenseRating": 1.193126228169997,
  "divinity": 0.8412405432045609,
  "eDensity": 56.866968626910406,
  "evolution": 0,
  "fate": 74,
  "gameAttr": [],
  "groundFriction": 0.9885458386923462,
  "hitStreak": 0,
  "hittingRating": 0.7206108427098237,
  "id": "04931546-1b4a-469f-b391-7ed67afe824c",
  "indulgence": 0.8813951861232683,
  "itemAttr": [],
  "items": [
    {
      "baserunningRating": 0,
      "defenseRating": 0,
      "durability": 1,
      "forger": null,
      "forgerName": null,
      "health": 1,
      "hittingRating": 0.046625855210636225,
      "id": "15890b4b-0d47-4d1e-8b64-3374d0de837f",
      "name": "Bat",
      "pitchingRating": 0,
      "postPrefix": null,
      "prePrefix": null,
      "prefixes": null,
      "root": {
        "adjustments": [
          {
            "stat": 2,
            "type": 1,
            "value": 0.10478655419924676
          }
        ],
        "name": "Bat"
      },
      "suffix": null
    }
  ],
  "laserlikeness": 0.9783772709222076,
  "leagueTeamId": "3f8bbb15-61c0-4e3f-8e4a-907a5fb1565e",
  "martyrdom": 0.6790281494357208,
  "moxie": 0.5417153287897476,
  "musclitude": 0.8545930648222044,
  "name": "Glabe Moon",
  "omniscience": 1.3535603405051595,
  "overpowerment": 0.999931235860136,
  "patheticism": 0.09637539076478038,
  "peanutAllergy": false,
  "permAttr": [
    "SIPHON",
    "PERK"
  ],
  "pitchingRating": 0.4051799212219536,
  "pressurization": 0.38846026364367336,
  "ritual": "Theft",
  "ruthlessness": 0.16817290170091465,
  "seasAttr": [],
  "shakespearianism": 0.397388725376119,
  "soul": 5,
  "state": {},
  "suppression": 0.7877617588289193,
  "tenaciousness": 1.551464103554706,
  "thwackability": 0.5707643274009375,
  "totalFingers": 12,
  "tournamentTeamId": "d8f82163-2e74-496b-8e4b-2ab35b2d3ff1",
  "tragicness": 0.030184385554629163,
  "unthwackability": 0.8405402749614339,
  "watchfulness": 1.0173113008528434,
  "weekAttr": []
}