{
  "anticapitalism": 0.8643989962838556,
  "armor": "",
  "baseThirst": 0.4336351235703728,
  "bat": "",
  "blood": 9,
  "buoyancy": 0.3156893069422013,
  "chasiness": 0.3678238349609544,
  "cinnamon": 0.34197430816161245,
  "coffee": 7,
  "coldness": 0.5344979290499972,
  "continuation": 0.6020497949630792,
  "deceased": false,
  "divinity": 0.5306015754345192,
  "fate": 74,
  "gameAttr": [],
  "groundFriction": 0.939315354877302,
  "hitStreak": 0,
  "id": "04931546-1b4a-469f-b391-7ed67afe824c",
  "indulgence": 0.5832285877101313,
  "laserlikeness": 0.8266297487092211,
  "martyrdom": 0.536762419260157,
  "moxie": 0.21579035520569545,
  "musclitude": 0.6506905660361904,
  "name": "Glabe Moon",
  "omniscience": 0.718573866979614,
  "overpowerment": 0.93598385922642,
  "patheticism": 0.18266773946636403,
  "peanutAllergy": false,
  "permAttr": [],
  "pressurization": 0.38846026364367336,
  "ritual": "Theft",
  "ruthlessness": 0.14576271274017416,
  "seasAttr": [],
  "shakespearianism": 0.4478391766372301,
  "soul": 7,
  "suppression": 0.7710244659315535,
  "tenaciousness": 0.988708428921142,
  "thwackability": 0.18046227393792336,
  "totalFingers": 10,
  "tragicness": 0.1,
  "unthwackability": 0.8406273578135279,
  "watchfulness": 0.4591824111472893,
  "weekAttr": []
}