{
  "anticapitalism": 1.4625259598202525,
  "baseThirst": 0.5352870099491901,
  "baserunningRating": 0.8491207412562898,
  "blood": 12,
  "buoyancy": 0.6134141001551905,
  "chasiness": 0.9338395096395312,
  "cinnamon": 0.2527680635235668,
  "coffee": 7,
  "coldness": 0.5994082244924959,
  "continuation": 0.725806158696713,
  "deceased": false,
  "defenseRating": 1.1626362986523564,
  "divinity": 0.7609417876522577,
  "eDensity": 59.527666935830496,
  "evolution": 0,
  "fate": 74,
  "gameAttr": [],
  "groundFriction": 1.01280177693649,
  "hitStreak": 0,
  "hittingRating": 0.6317688339737866,
  "id": "04931546-1b4a-469f-b391-7ed67afe824c",
  "indulgence": 0.7659973652936091,
  "itemAttr": [],
  "items": [
    {
      "baserunningRating": 0,
      "defenseRating": 0,
      "durability": 1,
      "forger": null,
      "forgerName": null,
      "health": 0,
      "hittingRating": 0.046625855210636225,
      "id": "15890b4b-0d47-4d1e-8b64-3374d0de837f",
      "name": "Bat",
      "pitchingRating": 0,
      "postPrefix": null,
      "prePrefix": null,
      "prefixes": null,
      "root": {
        "adjustments": [
          {
            "stat": 2,
            "type": 1,
            "value": 0.10478655419924676
          }
        ],
        "name": "Bat"
      },
      "suffix": null
    }
  ],
  "laserlikeness": 0.9164464264028256,
  "leagueTeamId": "36569151-a2fb-43c1-9df7-2df512424c82",
  "martyrdom": 0.7042651141781355,
  "moxie": 0.4390813743533076,
  "musclitude": 0.817709515869124,
  "name": "Glabe Moon",
  "omniscience": 1.2501575691656903,
  "overpowerment": 1.0027087845331568,
  "patheticism": 0.18492694457918007,
  "peanutAllergy": false,
  "permAttr": [
    "SIPHON",
    "PERK"
  ],
  "pitchingRating": 0.43185511695049533,
  "pressurization": 0.38846026364367336,
  "ritual": "Theft",
  "ruthlessness": 0.20008196284107016,
  "seasAttr": [],
  "shakespearianism": 0.38915609263595136,
  "soul": 6,
  "state": {},
  "suppression": 0.7481521245064079,
  "tenaciousness": 1.4713704406182018,
  "thwackability": 0.4644432478525642,
  "totalFingers": 12,
  "tournamentTeamId": "d8f82163-2e74-496b-8e4b-2ab35b2d3ff1",
  "tragicness": 0.10702115845229164,
  "unthwackability": 0.8364624326083946,
  "watchfulness": 0.9765385405520328,
  "weekAttr": []
}