{
  "anticapitalism": 1.384398996283856,
  "armor": "",
  "baseThirst": 0.5536351235703728,
  "baserunningRating": 0.8619485255268357,
  "bat": "",
  "blood": 12,
  "buoyancy": 0.4356893069422013,
  "chasiness": 0.8878238349609543,
  "cinnamon": 0.34197430816161245,
  "coffee": 7,
  "coldness": 0.5544979290499972,
  "continuation": 0.7220497949630792,
  "deceased": false,
  "defenseRating": 1.1543848374915768,
  "divinity": 0.6506015754345192,
  "fate": 74,
  "gameAttr": [],
  "groundFriction": 1.0593153548773022,
  "hitStreak": 0,
  "hittingRating": 0.5043791050429831,
  "id": "04931546-1b4a-469f-b391-7ed67afe824c",
  "indulgence": 0.7032285877101313,
  "laserlikeness": 0.9466297487092212,
  "martyrdom": 0.656762419260157,
  "moxie": 0.33579035520569545,
  "musclitude": 0.7706905660361903,
  "name": "Glabe Moon",
  "omniscience": 1.2385738669796142,
  "overpowerment": 0.95598385922642,
  "patheticism": 0.06266773946636406,
  "peanutAllergy": false,
  "permAttr": [
    "SIPHON"
  ],
  "pitchingRating": 0.410087992044169,
  "pressurization": 0.38846026364367336,
  "ritual": "Theft",
  "ruthlessness": 0.16576271274017415,
  "seasAttr": [],
  "shakespearianism": 0.46783917663723007,
  "soul": 7,
  "suppression": 0.7910244659315535,
  "tenaciousness": 1.5087084289211423,
  "thwackability": 0.30046227393792335,
  "totalFingers": 11,
  "tragicness": 0.01,
  "unthwackability": 0.860627357813528,
  "watchfulness": 0.9791824111472892,
  "weekAttr": []
}