{
  "anticapitalism": 1.524398996283856,
  "baseThirst": 0.6936351235703728,
  "baserunningRating": 0.9912769547380484,
  "blood": 12,
  "buoyancy": 0.6756893069422013,
  "chasiness": 1.0278238349609543,
  "cinnamon": 0.34197430816161245,
  "coffee": 7,
  "coldness": 0.6544979290499972,
  "continuation": 0.8620497949630792,
  "deceased": false,
  "defenseRating": 1.246541097568587,
  "divinity": 0.8906015754345192,
  "eDensity": 64.66353663511777,
  "evolution": 0,
  "fate": 74,
  "gameAttr": [
    "OVERPERFORMING"
  ],
  "groundFriction": 1.1993153548773023,
  "hitStreak": 0,
  "hittingRating": 0.7417384070241837,
  "id": "04931546-1b4a-469f-b391-7ed67afe824c",
  "indulgence": 0.8432285877101313,
  "items": [],
  "laserlikeness": 1.0866297487092211,
  "leagueTeamId": "36569151-a2fb-43c1-9df7-2df512424c82",
  "martyrdom": 0.896762419260157,
  "moxie": 0.5757903552056954,
  "musclitude": 1.0106905660361902,
  "name": "Glabe Moon",
  "omniscience": 1.3785738669796144,
  "overpowerment": 1.05598385922642,
  "patheticism": 0.001,
  "peanutAllergy": false,
  "permAttr": [
    "SIPHON",
    "PERK",
    "COFFEE_RALLY"
  ],
  "pitchingRating": 0.5438059171145768,
  "pressurization": 0.38846026364367336,
  "ritual": "Theft",
  "ruthlessness": 0.26576271274017416,
  "seasAttr": [],
  "shakespearianism": 0.56783917663723,
  "soul": 7,
  "state": {
    "gameModSources": {
      "OVERPERFORMING": [
        "PERK"
      ]
    }
  },
  "suppression": 0.8910244659315535,
  "tenaciousness": 1.6487084289211424,
  "thwackability": 0.5404622739379233,
  "totalFingers": 12,
  "tournamentTeamId": "d8f82163-2e74-496b-8e4b-2ab35b2d3ff1",
  "tragicness": 0.001,
  "unthwackability": 0.960627357813528,
  "watchfulness": 1.1191824111472892,
  "weekAttr": []
}