{
  "anticapitalism": 1.484398996283856,
  "armor": "",
  "baseThirst": 0.6536351235703728,
  "baserunningRating": 0.9546055665315526,
  "bat": "",
  "blood": 12,
  "buoyancy": 0.5356893069422013,
  "chasiness": 0.9878238349609544,
  "cinnamon": 0.34197430816161245,
  "coffee": 7,
  "coldness": 0.5544979290499972,
  "continuation": 0.8220497949630792,
  "deceased": false,
  "defenseRating": 1.2205524224649138,
  "divinity": 0.7506015754345192,
  "fate": 74,
  "gameAttr": [],
  "groundFriction": 1.1593153548773023,
  "hitStreak": 0,
  "hittingRating": 0.606492420692574,
  "id": "04931546-1b4a-469f-b391-7ed67afe824c",
  "indulgence": 0.8032285877101313,
  "laserlikeness": 1.046629748709221,
  "leagueTeamId": "3f8bbb15-61c0-4e3f-8e4a-907a5fb1565e",
  "martyrdom": 0.756762419260157,
  "moxie": 0.4357903552056954,
  "musclitude": 0.8706905660361903,
  "name": "Glabe Moon",
  "omniscience": 1.3385738669796143,
  "overpowerment": 0.95598385922642,
  "patheticism": 0.001,
  "peanutAllergy": false,
  "permAttr": [
    "SIPHON",
    "PERK"
  ],
  "pitchingRating": 0.410087992044169,
  "pressurization": 0.38846026364367336,
  "ritual": "Theft",
  "ruthlessness": 0.16576271274017415,
  "seasAttr": [],
  "shakespearianism": 0.46783917663723007,
  "soul": 7,
  "suppression": 0.7910244659315535,
  "tenaciousness": 1.6087084289211424,
  "thwackability": 0.4004622739379234,
  "totalFingers": 11,
  "tournamentTeamId": "d8f82163-2e74-496b-8e4b-2ab35b2d3ff1",
  "tragicness": 0.1,
  "unthwackability": 0.860627357813528,
  "watchfulness": 1.0791824111472892,
  "weekAttr": []
}