{
  "anticapitalism": 0.8097238365119027,
  "armor": "",
  "baseThirst": 0.890098167843431,
  "baserunningRating": 0.3960601454145345,
  "bat": "",
  "blood": 2,
  "buoyancy": 0.7997769834159404,
  "chasiness": 0.6977536139255178,
  "cinnamon": 0.40159802549309515,
  "coffee": 8,
  "coldness": 0.9769271761174724,
  "continuation": 0.2255430635049231,
  "deceased": false,
  "defenseRating": 0.517934943507474,
  "divinity": 0.1886517397371936,
  "eDensity": 21.573769208784437,
  "evolution": 0,
  "fate": 39,
  "gameAttr": [],
  "groundFriction": 0.7225653999427605,
  "hitStreak": 0,
  "hittingRating": 0.4100681218602872,
  "id": "04e14d7b-5021-4250-a3cd-932ba8e0a889",
  "indulgence": 0.16877572133986127,
  "laserlikeness": 0.32942107635158774,
  "leagueTeamId": "105bc3ff-1320-4e37-8ef0-8d595cb95dd0",
  "martyrdom": 0.7439731452331543,
  "moxie": 0.25813731394431677,
  "musclitude": 0.29627549567615913,
  "name": "Jaylen Hotdogfingers",
  "omniscience": 0.2939946935236596,
  "overpowerment": 0.867541341543923,
  "patheticism": 0.6927365924555453,
  "peanutAllergy": false,
  "permAttr": [
    "WILD",
    "FRIEND_OF_CROWS",
    "FLIICKERRRIIING",
    "SQUIDDISH"
  ],
  "pitchingRating": 0.9007609619011951,
  "pressurization": 0.3628148179494586,
  "ritual": "Checking their pulse",
  "ruthlessness": 1.0320940845628042,
  "seasAttr": [],
  "shakespearianism": 0.6616556465785964,
  "soul": 3,
  "state": {},
  "suppression": 0.962524282958354,
  "tenaciousness": 0.37247961578012057,
  "thwackability": 0.8683039445141452,
  "totalFingers": 10,
  "tournamentTeamId": "e8f7ffee-ec53-4fe0-8e87-ea8ff1d0b4a9",
  "tragicness": 0.05225242239455567,
  "unthwackability": 0.8977121700319968,
  "watchfulness": 0.20503551912068924,
  "weekAttr": []
}