{
  "anticapitalism": 0.7579125076813477,
  "baseThirst": 0.9138717471111988,
  "baserunningRating": 0.42260018637278063,
  "blood": 2,
  "buoyancy": 0.8139739152565941,
  "chasiness": 0.6425685639642748,
  "cinnamon": 0.42054605886376656,
  "coffee": 8,
  "coldness": 1.0207417287032845,
  "continuation": 0.25947637542848023,
  "deceased": false,
  "defenseRating": 0.4391407442058166,
  "divinity": 0.22428748352137096,
  "eDensity": 21.748728821162715,
  "evolution": 0,
  "fate": 11,
  "gameAttr": [],
  "groundFriction": 0.770728959584441,
  "hitStreak": 0,
  "hittingRating": 0.4505512053887136,
  "id": "04e14d7b-5021-4250-a3cd-932ba8e0a889",
  "indulgence": 0.2019189888420712,
  "itemAttr": [],
  "items": [],
  "laserlikeness": 0.34549915191875336,
  "leagueTeamId": "46358869-dce9-4a01-bfba-ac24fc56f57e",
  "martyrdom": 0.7890125368271776,
  "moxie": 0.2995642708831702,
  "musclitude": 0.3323669701905568,
  "name": "Jaylen Hotdogfingers",
  "omniscience": 0.2344238745342441,
  "overpowerment": 0.8822102943572936,
  "patheticism": 0.6723231257582852,
  "peanutAllergy": false,
  "permAttr": [
    "WILD",
    "FRIEND_OF_CROWS",
    "FLIICKERRRIIING",
    "SQUIDDISH"
  ],
  "pitchingRating": 0.937526267055934,
  "pressurization": 0.3628148179494586,
  "ritual": "Checking their pulse",
  "ruthlessness": 1.068898261988882,
  "seasAttr": [],
  "shakespearianism": 0.6864284406054754,
  "soul": 3,
  "state": {},
  "suppression": 1.0090975948365617,
  "tenaciousness": 0.28824831431030795,
  "thwackability": 0.8907584198420715,
  "totalFingers": 10,
  "tournamentTeamId": "e8f7ffee-ec53-4fe0-8e87-ea8ff1d0b4a9",
  "tragicness": 0.0058871665776719095,
  "unthwackability": 0.931925742445267,
  "watchfulness": 0.1199393123292238,
  "weekAttr": []
}