{
  "anticapitalism": 0.1926159687664082,
  "armor": "",
  "baseThirst": 0.17304531104799525,
  "bat": "",
  "blood": 11,
  "buoyancy": 0.3908471147298138,
  "chasiness": 0.14235493312740943,
  "cinnamon": 0.4734659001873194,
  "coffee": 10,
  "coldness": 0.11826378260950232,
  "continuation": 0.25465715427883673,
  "deceased": false,
  "divinity": 0.3926457300989532,
  "fate": 86,
  "gameAttr": [],
  "groundFriction": 0.9655913598055572,
  "id": "04f955fe-9cc9-4482-a4d2-07fe033b59ee",
  "indulgence": 0.9009083884893514,
  "laserlikeness": 0.7369553991211661,
  "martyrdom": 0.517527358570355,
  "moxie": 0.5940652500286512,
  "musclitude": 0.31387384831521237,
  "name": "Zane Vapor",
  "omniscience": 0.44613843893690586,
  "overpowerment": 0.6497478336595852,
  "patheticism": 0.060863045645912495,
  "peanutAllergy": true,
  "permAttr": [],
  "pressurization": 0.4039361393129073,
  "ritual": "Re-inflating",
  "ruthlessness": 0.6806564434310387,
  "seasAttr": [],
  "shakespearianism": 0.8244332326744845,
  "soul": 7,
  "suppression": 0.7695805390667056,
  "tenaciousness": 0.26632757119618544,
  "thwackability": 0.876110644351809,
  "totalFingers": 10,
  "tragicness": 0.1,
  "unthwackability": 0.34387258348072547,
  "watchfulness": 0.6802402251560828,
  "weekAttr": []
}