{
  "anticapitalism": 0.7950108629672381,
  "armor": "",
  "baseThirst": 0.8281250634432817,
  "baserunningRating": 0.3977175919985781,
  "bat": "",
  "blood": 0,
  "buoyancy": 0.7046935166621489,
  "chasiness": 0.8064392903361379,
  "cinnamon": 0.8554013168336589,
  "coffee": 0,
  "coldness": 0.4179070679341787,
  "continuation": 0.30946864917684325,
  "deceased": false,
  "defenseRating": 0.5872223689936401,
  "divinity": 0.2035808887045707,
  "fate": 73,
  "gameAttr": [
    "WIRED"
  ],
  "groundFriction": 0.1968407279713165,
  "hitStreak": 0,
  "hittingRating": 0.46262689443311217,
  "id": "05415c0d-db3b-455d-9d06-684a39506cf5",
  "indulgence": 0.549967043843796,
  "laserlikeness": 0.32397892446660226,
  "leagueTeamId": null,
  "martyrdom": 0.6318853358691898,
  "moxie": 0.5824795590758971,
  "musclitude": 0.9682046579484036,
  "name": "Phoebe Blasesona",
  "omniscience": 0.5187360898788498,
  "overpowerment": 0.7920719283512312,
  "patheticism": 0.9076035225761504,
  "peanutAllergy": false,
  "permAttr": [],
  "pitchingRating": 0.4660768338921552,
  "pressurization": 0.25356844306000825,
  "ritual": "Trying to escape",
  "ruthlessness": 0.9713544065965778,
  "seasAttr": [],
  "shakespearianism": 0.47270690198395826,
  "soul": 2,
  "suppression": 0.695991034447714,
  "tenaciousness": 0.6537573166384651,
  "thwackability": 0.8927218824779843,
  "totalFingers": 10,
  "tournamentTeamId": null,
  "tragicness": 0.24436236337170425,
  "unthwackability": 0.28934174833749604,
  "watchfulness": 0.06612339032681791,
  "weekAttr": []
}