{
  "anticapitalism": 0.1196712513233964,
  "baseThirst": 0.2422290272216976,
  "baserunningRating": 0.5549653018328591,
  "blood": 6,
  "buoyancy": 0.10843866109076032,
  "chasiness": 0.6451201318340927,
  "cinnamon": 0.9652305187171974,
  "coffee": 4,
  "coldness": 0.38654701974650574,
  "continuation": 0.28564982420201557,
  "deceased": true,
  "defenseRating": 0.3439021742699428,
  "divinity": 0.17989371575120874,
  "eDensity": 0,
  "evolution": 0,
  "fate": 75,
  "gameAttr": [],
  "groundFriction": 0.7654068552178197,
  "hitStreak": 0,
  "hittingRating": 0.4085742445634942,
  "id": "05bd08d5-7d9f-450b-abfa-1788b8ee8b91",
  "indulgence": 0.07802350500594901,
  "itemAttr": [],
  "items": [],
  "laserlikeness": 0.9232005851762336,
  "leagueTeamId": null,
  "martyrdom": 0.4795732538903485,
  "moxie": 0.5213958765648422,
  "musclitude": 1.0831737895184124,
  "name": "Stevenson Monstera",
  "omniscience": 0.06295998224863841,
  "overpowerment": 0.5855829523494007,
  "patheticism": 0.30301627336664494,
  "peanutAllergy": true,
  "permAttr": [],
  "pitchingRating": 0.1176912225144678,
  "pressurization": 0.97238126556106,
  "ritual": "Antagonizing umpires",
  "ruthlessness": 0.100309006262016,
  "seasAttr": [],
  "shakespearianism": 0.3621318954691573,
  "soul": 4,
  "state": {},
  "suppression": 0.18471655881568316,
  "tenaciousness": 0.4546979059613019,
  "thwackability": 0.536342601171577,
  "totalFingers": 10,
  "tournamentTeamId": null,
  "tragicness": 0.1,
  "unthwackability": 0.13152436275883717,
  "watchfulness": 0.36571576907328707,
  "weekAttr": []
}