{
  "_id": "061b209a-9cda-44e8-88ce-6a4a37251970",
  "anticapitalism": 0.5773842484484768,
  "baseThirst": 0.17765114426345363,
  "buoyancy": 0.2365557941215395,
  "chasiness": 0.4758843230090852,
  "coldness": 0.21581592887351508,
  "continuation": 0.98550897444425,
  "deceased": false,
  "divinity": 0.24248794916296124,
  "groundFriction": 0.8387468637140523,
  "indulgence": 0.5188339567395539,
  "laserlikeness": 0.36476985206154433,
  "martyrdom": 0.1528137175026627,
  "moxie": 0.1171358419907873,
  "musclitude": 0.19371081258614864,
  "name": "Mcdowell Karim",
  "omniscience": 0.35634172061990155,
  "overpowerment": 0.8362924161003726,
  "patheticism": 0.8698521634398657,
  "pressurization": 0.6701191969048192,
  "ruthlessness": 0.5588377035009595,
  "shakespearianism": 0.4960292313633636,
  "soul": 5,
  "suppression": 0.6744581819508351,
  "tenaciousness": 0.32794851426080984,
  "thwackability": 0.4776155724176927,
  "totalFingers": 10,
  "tragicness": 0,
  "unthwackability": 0.6315479818727492,
  "watchfulness": 0.8754371296708474
}