{
  "anticapitalism": 0.5773842484484768,
  "baseThirst": 0.2334359551192497,
  "baserunningRating": 0.5574555774424027,
  "blood": 11,
  "buoyancy": 0.2365557941215395,
  "chasiness": 0.4758843230090852,
  "cinnamon": 0.3628849263159186,
  "coffee": 5,
  "coldness": 0.21581592887351508,
  "continuation": 1.0038940064326272,
  "deceased": false,
  "defenseRating": 0.5644865484818236,
  "divinity": 0.24248794916296124,
  "eDensity": 23.222657050579077,
  "evolution": 0,
  "fate": 89,
  "gameAttr": [],
  "groundFriction": 0.9409716036137586,
  "hitStreak": 0,
  "hittingRating": 0.30757768095035465,
  "id": "061b209a-9cda-44e8-88ce-6a4a37251970",
  "indulgence": 0.558927194659527,
  "itemAttr": [],
  "items": [],
  "laserlikeness": 0.47234906085099854,
  "leagueTeamId": "105bc3ff-1320-4e37-8ef0-8d595cb95dd0",
  "martyrdom": 0.1528137175026627,
  "moxie": 0.1171358419907873,
  "musclitude": 0.19371081258614864,
  "name": "Mcdowell Karim",
  "omniscience": 0.35634172061990155,
  "overpowerment": 0.8362924161003726,
  "patheticism": 0.8698521634398657,
  "peanutAllergy": true,
  "permAttr": [],
  "pitchingRating": 0.5500143161594512,
  "pressurization": 0.6701191969048192,
  "ritual": "Divining",
  "ruthlessness": 0.5588377035009595,
  "seasAttr": [],
  "shakespearianism": 0.4960292313633636,
  "soul": 5,
  "state": {},
  "suppression": 0.6744581819508351,
  "tenaciousness": 0.32794851426080984,
  "thwackability": 0.4776155724176927,
  "totalFingers": 10,
  "tournamentTeamId": null,
  "tragicness": 0.1,
  "unthwackability": 0.6315479818727492,
  "watchfulness": 0.8754371296708474,
  "weekAttr": []
}