{
  "anticapitalism": 0.49162125377138977,
  "armor": "",
  "baseThirst": 0.5002852188663769,
  "baserunningRating": 0.4994972134413049,
  "bat": "",
  "blood": 9,
  "buoyancy": 0.22151478241295175,
  "chasiness": 0.8198605904165859,
  "cinnamon": 0.9749008999464532,
  "coffee": 9,
  "coldness": 0.09006689224128905,
  "continuation": 0.3820113293499446,
  "deceased": false,
  "defenseRating": 0.5993009659523628,
  "divinity": 0.6289827732856992,
  "eDensity": 30.524623162745996,
  "evolution": 0,
  "fate": 8,
  "gameAttr": [],
  "groundFriction": 0.34854062412446796,
  "hitStreak": 0,
  "hittingRating": 0.3716792051127236,
  "id": "0672a4be-7e00-402c-b8d6-0b813f58ba96",
  "indulgence": 0.7654869533223825,
  "laserlikeness": 0.4524484628135892,
  "leagueTeamId": "23e4cbc1-e9cd-47fa-a35b-bfa06f726cb7",
  "martyrdom": 0.7502366761661856,
  "moxie": 0.007738491812264048,
  "musclitude": 0.7336017020045906,
  "name": "Castillo Logan",
  "omniscience": 0.7496143842806429,
  "overpowerment": 0.1669838186222199,
  "patheticism": 0.18160333703749232,
  "peanutAllergy": true,
  "permAttr": [],
  "pitchingRating": 0.6044687816001796,
  "pressurization": 0.3364096852713352,
  "ritual": "Gasping for air",
  "ruthlessness": 0.6790438370738046,
  "seasAttr": [],
  "shakespearianism": 0.9942415785026826,
  "soul": 8,
  "state": {},
  "suppression": 0.23083235365494637,
  "tenaciousness": 0.19175459591080912,
  "thwackability": 0.2988160418306165,
  "totalFingers": 10,
  "tournamentTeamId": null,
  "tragicness": 0.1,
  "unthwackability": 0.9620564225342556,
  "watchfulness": 0.7176484136287455,
  "weekAttr": []
}