{
  "_id": "06ced607-7f96-41e7-a8cd-b501d11d1a7e",
  "anticapitalism": 1.105766342313032,
  "armor": "",
  "baseThirst": 0.44753989326318,
  "bat": "",
  "blood": 10,
  "buoyancy": 0.07180377008997119,
  "chasiness": 1.0982805780238896,
  "cinnamon": 0.4130732515917548,
  "coffee": 1,
  "coldness": 0.00996592432982002,
  "continuation": 0.6604766776265041,
  "deceased": false,
  "divinity": 0.4232458500138414,
  "fate": 91,
  "groundFriction": 0.05281653002680864,
  "indulgence": 0.5031793286354087,
  "laserlikeness": 0.33409359560637686,
  "martyrdom": 0.3762843951419368,
  "moxie": 0.5098271735720075,
  "musclitude": 0.3991692703900606,
  "name": "Morrow Wilson",
  "omniscience": 1.027102288513119,
  "overpowerment": 0.06938720820506816,
  "patheticism": 0.8532119766355108,
  "peanutAllergy": true,
  "pressurization": 0.529783667036968,
  "ritual": "Nursing a grudge",
  "ruthlessness": 0.716770606203132,
  "shakespearianism": 0.4036740566960553,
  "soul": 8,
  "suppression": 0.2394163864630796,
  "tenaciousness": 0.9885342961947018,
  "thwackability": 0.41846803152729906,
  "totalFingers": 10,
  "tragicness": 0.1,
  "unthwackability": 0.01681987863259593,
  "watchfulness": 0.2024038352480491
}