{
  "anticapitalism": 0.7937495164917084,
  "baseThirst": 0.345677872685078,
  "baserunningRating": 0.27046458502239035,
  "blood": 10,
  "buoyancy": 0.08379642210957625,
  "chasiness": 0.7737308405879566,
  "cinnamon": 0.4563084368360743,
  "coffee": 1,
  "coldness": 0.029866944608357086,
  "continuation": 0.5512066008770697,
  "deceased": false,
  "defenseRating": 0.645009762031769,
  "divinity": 0.3774016072451237,
  "eDensity": 25.562694801698484,
  "evolution": 0,
  "fate": 91,
  "gameAttr": [],
  "groundFriction": 0.07542678065286501,
  "hitStreak": 0,
  "hittingRating": 0.3687989044476312,
  "id": "06ced607-7f96-41e7-a8cd-b501d11d1a7e",
  "indulgence": 0.3745240999784979,
  "itemAttr": [],
  "items": [
    {
      "baserunningRating": 0,
      "defenseRating": 0,
      "durability": 1,
      "forger": null,
      "forgerName": null,
      "health": 1,
      "hittingRating": 0.032536050218956336,
      "id": "4df8e0ca-61c6-48e7-afeb-9ed801e2ddf0",
      "name": "Bat",
      "pitchingRating": 0,
      "postPrefix": null,
      "prePrefix": null,
      "prefixes": null,
      "root": {
        "adjustments": [
          {
            "stat": 2,
            "type": 1,
            "value": 0.1001623021607727
          }
        ],
        "name": "Bat"
      },
      "suffix": null
    }
  ],
  "laserlikeness": 0.20798046552927343,
  "leagueTeamId": "9debc64f-74b7-4ae1-a4d6-fce0144b6ea5",
  "martyrdom": 0.3001890119018007,
  "moxie": 0.43563243943866553,
  "musclitude": 0.32720337473788574,
  "name": "Morrow Wilson",
  "omniscience": 0.716577566920366,
  "overpowerment": 0.030396380255402596,
  "patheticism": 0.9195400694778424,
  "peanutAllergy": true,
  "permAttr": [],
  "pitchingRating": 0.08182600588370705,
  "pressurization": 0.5997836670369681,
  "ritual": "Nursing a grudge",
  "ruthlessness": 0.6356017997464571,
  "seasAttr": [],
  "shakespearianism": 0.29464735338660075,
  "soul": 8,
  "state": {},
  "suppression": 0.15807795178458706,
  "tenaciousness": 0.6681466766421971,
  "thwackability": 0.3601506768069033,
  "totalFingers": 13,
  "tournamentTeamId": null,
  "tragicness": 0.24723371662720176,
  "unthwackability": 0.04176072228824554,
  "watchfulness": 0.08853590949451137,
  "weekAttr": []
}