{
  "anticapitalism": 0.9182902625138047,
  "baseThirst": 0.7800876614412406,
  "baserunningRating": 0.7460231230480153,
  "blood": 8,
  "buoyancy": 0.544900323711848,
  "chasiness": 0.9737323320770654,
  "cinnamon": 0.3915744300827244,
  "coffee": 6,
  "coldness": 0.437590731287013,
  "continuation": 0.16250354890361698,
  "deceased": false,
  "defenseRating": 0.8897700020642106,
  "divinity": 0.545322681844131,
  "eDensity": 29.7518494342741,
  "evolution": 0,
  "fate": 35,
  "gameAttr": [],
  "groundFriction": 0.5662103776002723,
  "hitStreak": 0,
  "hittingRating": 0.5018000210728918,
  "id": "06fdd1ed-13a0-4eb2-a7dd-4e9551235a68",
  "indulgence": 0.909081782435204,
  "items": [],
  "laserlikeness": 0.96069862620193,
  "leagueTeamId": "bb4a9de5-c924-4923-a0cb-9d1445f1ee5d",
  "martyrdom": 0.8649080236503155,
  "moxie": 0.8484505239332158,
  "musclitude": 0.1280938003442543,
  "name": "Xandra Pancakes",
  "omniscience": 0.6514000717757714,
  "overpowerment": 0.816333699121747,
  "patheticism": 0.001,
  "peanutAllergy": true,
  "permAttr": [],
  "pitchingRating": 0.945846985843416,
  "pressurization": 0.08304503906866878,
  "ritual": "Greeting fans",
  "ruthlessness": 0.9804939432359931,
  "seasAttr": [],
  "shakespearianism": 0.8131641186125828,
  "soul": 5,
  "state": {},
  "suppression": 0.6950065764644268,
  "tenaciousness": 0.8958965472039737,
  "thwackability": 0.44783654210229784,
  "totalFingers": 10,
  "tournamentTeamId": null,
  "tragicness": 0.9311217120409874,
  "unthwackability": 1.0491473103710487,
  "watchfulness": 1.0212843992251308,
  "weekAttr": []
}