{
  "anticapitalism": 0.47247416068485015,
  "armor": "",
  "baseThirst": 0.9394223725461291,
  "baserunningRating": 0.26763518248125584,
  "bat": "",
  "blood": 4,
  "buoyancy": 0.5941228603584554,
  "chasiness": 0.9367512542397348,
  "cinnamon": 0.6459795116377536,
  "coffee": 9,
  "coldness": 0.8746603984388048,
  "continuation": 0.4111586012374131,
  "deceased": false,
  "defenseRating": 0.6373505412014926,
  "divinity": 0.7860773602457889,
  "eDensity": 20.09614639217707,
  "evolution": 0,
  "fate": 11,
  "gameAttr": [],
  "groundFriction": 0.0845892195801321,
  "hitStreak": 0,
  "hittingRating": 0.5352754715844338,
  "id": "07ac91e9-0269-4e2c-a62d-a87ef61e3bbe",
  "indulgence": 0.6189339023919629,
  "laserlikeness": 0.15628615040618166,
  "leagueTeamId": "9debc64f-74b7-4ae1-a4d6-fce0144b6ea5",
  "martyrdom": 0.045659063623980645,
  "moxie": 0.4029520143386802,
  "musclitude": 0.18902285325767787,
  "name": "Eduardo Perez",
  "omniscience": 0.4583424482559557,
  "overpowerment": 0.30197814422690517,
  "patheticism": 0.4374747977739524,
  "peanutAllergy": true,
  "permAttr": [],
  "pitchingRating": 0.28775971790097077,
  "pressurization": 0.1913829631026669,
  "ritual": "LARPing",
  "ruthlessness": 0.09686154612504572,
  "seasAttr": [],
  "shakespearianism": 0.7013765090638506,
  "soul": 4,
  "state": {},
  "suppression": 0.23722144182246163,
  "tenaciousness": 0.4740541078020872,
  "thwackability": 0.4811300031496355,
  "totalFingers": 10,
  "tournamentTeamId": null,
  "tragicness": 0.1,
  "unthwackability": 0.8295909591683375,
  "watchfulness": 0.5293528491417829,
  "weekAttr": []
}