{
  "anticapitalism": 0.4585000965528598,
  "armor": "",
  "baseThirst": 0.08774329783390784,
  "baserunningRating": 0.6936857581421945,
  "bat": "",
  "blood": 8,
  "buoyancy": 1.008193287603806,
  "chasiness": 0.24865990989455916,
  "cinnamon": 0.5940171605527136,
  "coffee": 12,
  "coldness": 0.9030138560097682,
  "continuation": 0.9979271560010252,
  "deceased": false,
  "defenseRating": 0.3999450145071653,
  "divinity": 0.20955295978695865,
  "eDensity": 17.005151802036753,
  "evolution": 1,
  "fate": 95,
  "gameAttr": [],
  "groundFriction": 0.3845989771244042,
  "hitStreak": 0,
  "hittingRating": 0.5015071755940814,
  "id": "0813d43c-b938-49da-acef-65b73f27b099",
  "indulgence": 0.7541249364897795,
  "laserlikeness": 1.0031657873189948,
  "leagueTeamId": "bb4a9de5-c924-4923-a0cb-9d1445f1ee5d",
  "martyrdom": 0.8957858286818475,
  "moxie": 0.9076649260674022,
  "musclitude": 0.7777018107830335,
  "name": "Scratch Deleuze",
  "omniscience": 0.84395785217657,
  "overpowerment": 0.9292293453385964,
  "patheticism": 0.25991422883184023,
  "peanutAllergy": false,
  "permAttr": [],
  "pitchingRating": 0.2627408806189521,
  "pressurization": 0.6880147356596396,
  "ritual": "Spaghetti",
  "ruthlessness": 0.15384525445936376,
  "seasAttr": [],
  "shakespearianism": 0.14433570769617704,
  "soul": 2,
  "state": {},
  "suppression": 0.470620270519875,
  "tenaciousness": 0.06302979258033577,
  "thwackability": 0.7813118133860716,
  "totalFingers": 10,
  "tournamentTeamId": null,
  "tragicness": 0.7386515990979509,
  "unthwackability": 0.46697288733327474,
  "watchfulness": 0.32458197547523476,
  "weekAttr": []
}