{
  "anticapitalism": 0.6715585414248714,
  "armor": "",
  "baseThirst": 1.0837081572225478,
  "baserunningRating": 0.7511118622491207,
  "bat": "GUNBLADE_A",
  "blood": 5,
  "buoyancy": 0.9190386558929516,
  "chasiness": 0.5821760105524166,
  "cinnamon": 0.3542455840750931,
  "coffee": 2,
  "coldness": 0.5542490771184405,
  "continuation": 0.9751231462319436,
  "deceased": false,
  "defenseRating": 0.6290186032002889,
  "divinity": 1.2164554950661912,
  "fate": 16,
  "gameAttr": [
    "WIRED"
  ],
  "groundFriction": 1.0870693806274312,
  "hitStreak": 0,
  "hittingRating": 1.1295899431099057,
  "id": "083d09d4-7ed3-4100-b021-8fbe30dd43e8",
  "indulgence": 0.7691018871160651,
  "laserlikeness": 0.5783179230872257,
  "leagueTeamId": "adc5b394-8f76-416d-9ce9-813706877b84",
  "martyrdom": 1.574396186793405,
  "moxie": 0.9824746391865744,
  "musclitude": 1.3262941924123677,
  "name": "Jessica Telephone",
  "omniscience": 0.6104289779019639,
  "overpowerment": 0.6892427934187828,
  "patheticism": 0.21590198952572456,
  "peanutAllergy": true,
  "permAttr": [
    "SUPERALLERGIC",
    "HONEY_ROASTED"
  ],
  "pitchingRating": 0.4543813795792961,
  "pressurization": 0.19240544381174615,
  "ritual": "Batting Practice",
  "ruthlessness": 0.5221803174782815,
  "seasAttr": [],
  "shakespearianism": 0.9957369039444792,
  "soul": 7,
  "suppression": 1.0028774318124145,
  "tenaciousness": 0.3457180604303871,
  "thwackability": 1.1132820621017052,
  "totalFingers": 13,
  "tournamentTeamId": "9e42c12a-7561-42a2-b2d0-7cf81a817a5e",
  "tragicness": 0.1,
  "unthwackability": 0.40018316390635833,
  "watchfulness": 0.5569065120599864,
  "weekAttr": []
}