{
  "_id": "088884af-f38d-4914-9d67-b319287481b4",
  "anticapitalism": 0.17688319115226814,
  "baseThirst": 0.7695735899784282,
  "bat": "",
  "buoyancy": 0.07270322002427076,
  "chasiness": 0.629597801501478,
  "cinnamon": 0.6640426874091816,
  "coldness": 0.7724902612614115,
  "continuation": 0.6508764230878861,
  "deceased": false,
  "divinity": 0.8940876603341554,
  "fate": 40,
  "groundFriction": 0.20155790864074796,
  "indulgence": 0.7828842836566623,
  "laserlikeness": 0.7439868943400598,
  "martyrdom": 0.5020034231560009,
  "moxie": 0.7985568638342861,
  "musclitude": 0.2236808621381059,
  "name": "Liam Petty",
  "omniscience": 0.5787381127637659,
  "overpowerment": 0.48069914212547227,
  "patheticism": 0.9842425763326296,
  "peanutAllergy": true,
  "pressurization": 0.13735505160832795,
  "ruthlessness": 0.7754685246831565,
  "shakespearianism": 0.8867374796712166,
  "soul": 7,
  "suppression": 0.8884466282832051,
  "tenaciousness": 0.2743668652000648,
  "thwackability": 0.8085773514857788,
  "totalFingers": 10,
  "tragicness": 0.1,
  "unthwackability": 0.15740336861120283,
  "watchfulness": 0.6716259093864463
}