{
  "anticapitalism": 0.42774673167040467,
  "armor": "",
  "baseThirst": 0.6553191567484409,
  "baserunningRating": 0.6994170568686667,
  "bat": "",
  "blood": 0,
  "buoyancy": 0.6953251039713004,
  "chasiness": 0.783927994233931,
  "cinnamon": 0.7397674083555192,
  "coffee": 0,
  "coldness": 0.5309891334316115,
  "continuation": 0.4417322636179657,
  "deceased": false,
  "defenseRating": 0.7799412925346806,
  "divinity": 1.0880761671170212,
  "fate": 99,
  "gameAttr": [],
  "groundFriction": 0.7639948155778327,
  "hitStreak": 0,
  "hittingRating": 0.7459176483271862,
  "id": "0892da6e-c9d1-494f-84bc-0c1f879018c0",
  "indulgence": 0.2577447187166765,
  "laserlikeness": 0.8675489819134503,
  "leagueTeamId": null,
  "martyrdom": 0.8847225056473653,
  "moxie": 0.6520354344693875,
  "musclitude": 0.874003875158889,
  "name": "Bob E. Cagayan",
  "omniscience": 0.8216703470317253,
  "overpowerment": 0.5567592642115657,
  "patheticism": 0.6395531754047388,
  "peanutAllergy": true,
  "permAttr": [],
  "pitchingRating": 0.36919626956466023,
  "pressurization": 0.8878461448975805,
  "ritual": "Apologies",
  "ruthlessness": 0.21153935447002867,
  "seasAttr": [],
  "shakespearianism": 0.3358510685625302,
  "soul": 8,
  "suppression": 1.0315372828869618,
  "tenaciousness": 0.8270864110092806,
  "thwackability": 0.5360136565093847,
  "totalFingers": 31,
  "tournamentTeamId": "d2634113-b650-47b9-ad95-673f8e28e687",
  "tragicness": 0.5844210077932819,
  "unthwackability": 0.7227994348898221,
  "watchfulness": 0.5378476384054993,
  "weekAttr": []
}