{
  "anticapitalism": 0.18628383775450308,
  "armor": "",
  "baseThirst": 0.6891300082686935,
  "bat": "",
  "blood": 3,
  "buoyancy": 0.7687396215001314,
  "chasiness": 0.17350602002630233,
  "cinnamon": 0.7370002682786481,
  "coffee": 6,
  "coldness": 0.9090569944045784,
  "continuation": 0.03,
  "deceased": false,
  "divinity": 0.8015936581692007,
  "fate": 72,
  "gameAttr": [],
  "groundFriction": 0.03,
  "id": "089af518-e27c-4256-adc8-62e3f4b30f43",
  "indulgence": 0.05972815033386515,
  "laserlikeness": 0.08426586958694716,
  "martyrdom": 0.3951993429736078,
  "moxie": 0.5640069293715566,
  "musclitude": 0.08055689447284077,
  "name": "Silvia Rugrat",
  "omniscience": 0.8845138860108075,
  "overpowerment": 0.3441637014205339,
  "patheticism": 0.8896997881539188,
  "peanutAllergy": false,
  "permAttr": [],
  "pressurization": 0.02894259787932296,
  "ritual": "Photography",
  "ruthlessness": 0.9012701828788732,
  "seasAttr": [],
  "shakespearianism": 0.40616530084684377,
  "soul": 4,
  "suppression": 0.9440733107897096,
  "tenaciousness": 0.06952035680620484,
  "thwackability": 0.3046324632937154,
  "totalFingers": 12,
  "tragicness": 0.08,
  "unthwackability": 0.7572304338167417,
  "watchfulness": 0.04305671561070247,
  "weekAttr": []
}