{
  "anticapitalism": 0.1662838377545031,
  "armor": "",
  "baseThirst": 0.6691300082686935,
  "bat": "",
  "blood": 3,
  "buoyancy": 0.7487396215001314,
  "chasiness": 0.15350602002630234,
  "cinnamon": 0.7370002682786481,
  "coffee": 6,
  "coldness": 0.8890569944045783,
  "continuation": 0.01,
  "deceased": false,
  "divinity": 0.7815936581692007,
  "fate": 72,
  "gameAttr": [],
  "groundFriction": 0.01,
  "id": "089af518-e27c-4256-adc8-62e3f4b30f43",
  "indulgence": 0.03972815033386515,
  "laserlikeness": 0.06426586958694716,
  "martyrdom": 0.3751993429736078,
  "moxie": 0.5440069293715566,
  "musclitude": 0.06055689447284077,
  "name": "Silvia Rugrat",
  "omniscience": 0.8645138860108075,
  "overpowerment": 0.32416370142053386,
  "patheticism": 0.9096997881539188,
  "peanutAllergy": false,
  "permAttr": [],
  "pressurization": 0.02894259787932296,
  "ritual": "Photography",
  "ruthlessness": 0.8812701828788732,
  "seasAttr": [],
  "shakespearianism": 0.38616530084684375,
  "soul": 4,
  "suppression": 0.9240733107897096,
  "tenaciousness": 0.04952035680620484,
  "thwackability": 0.2846324632937154,
  "totalFingers": 11,
  "tragicness": 0.13,
  "unthwackability": 0.7372304338167417,
  "watchfulness": 0.023056715610702463,
  "weekAttr": []
}