{
  "anticapitalism": 0.25147737083654964,
  "baseThirst": 0.8118974574083213,
  "baserunningRating": 0.2754692191257655,
  "blood": 3,
  "buoyancy": 0.8914841341367433,
  "chasiness": 0.23987195877906967,
  "cinnamon": 0.838743982906483,
  "coffee": 6,
  "coldness": 1.1451009143536728,
  "continuation": 0.14681032363746566,
  "deceased": false,
  "defenseRating": 0.4044044312864261,
  "divinity": 0.9008268310932596,
  "eDensity": 21.19546547971459,
  "evolution": 0,
  "fate": 72,
  "gameAttr": [],
  "groundFriction": 0.165460055328079,
  "hitStreak": 0,
  "hittingRating": 0.5602616948210892,
  "id": "089af518-e27c-4256-adc8-62e3f4b30f43",
  "indulgence": 0.17576228458903345,
  "itemAttr": [],
  "items": [
    {
      "baserunningRating": 0,
      "defenseRating": 0,
      "durability": 1,
      "forger": null,
      "forgerName": null,
      "health": 0,
      "hittingRating": 0.05573384804600473,
      "id": "f20ed808-81ab-4f58-8beb-2ae67606a305",
      "name": "Bat",
      "pitchingRating": 0,
      "postPrefix": null,
      "prePrefix": null,
      "prefixes": null,
      "root": {
        "adjustments": [
          {
            "stat": 2,
            "type": 1,
            "value": 0.12826566362311284
          }
        ],
        "name": "Bat"
      },
      "suffix": null
    }
  ],
  "laserlikeness": 0.2355975823615411,
  "leagueTeamId": "57ec08cc-0411-4643-b304-0e80dbc15ac7",
  "martyrdom": 0.4920795697350808,
  "moxie": 0.6950949813627579,
  "musclitude": 0.19541435988409833,
  "name": "Silvia Rugrat",
  "omniscience": 0.9626161234626572,
  "overpowerment": 0.5749335062221628,
  "patheticism": 0.7817974895364531,
  "peanutAllergy": false,
  "permAttr": [
    "SIPHON"
  ],
  "pitchingRating": 0.9640175808153006,
  "pressurization": 0.02894259787932296,
  "ritual": "Photography",
  "ruthlessness": 1.1716069272819,
  "seasAttr": [],
  "shakespearianism": 0.7309683111602049,
  "soul": 4,
  "state": {},
  "suppression": 1.2766434135918885,
  "tenaciousness": 0.13281366901808658,
  "thwackability": 0.4210369541508972,
  "totalFingers": 13,
  "tournamentTeamId": "4e5d0063-73b4-440a-b2d1-214a7345cf16",
  "tragicness": 0.001,
  "unthwackability": 1.0222030675221314,
  "watchfulness": 0.11865576745425868,
  "weekAttr": []
}