{
  "anticapitalism": 0.31335157683700515,
  "baseThirst": 0.5644557346013536,
  "baserunningRating": 0.3937374084814446,
  "blood": 1,
  "buoyancy": 0.7000626286738147,
  "chasiness": 0.2984774407302432,
  "cinnamon": 1.1258240202010432,
  "coffee": 1,
  "coldness": 0.41974258210601184,
  "continuation": 1.090254745087373,
  "deceased": false,
  "defenseRating": 0.6149116304544212,
  "divinity": 0.3827370752890129,
  "eDensity": 20.18429619208478,
  "evolution": 1,
  "fate": 6,
  "gameAttr": [],
  "groundFriction": 0.8333027395355457,
  "hitStreak": 0,
  "hittingRating": 0.543331567624484,
  "id": "096bb9b5-5ea8-4da1-a113-57a5fc9e9b67",
  "indulgence": 0.23797779229041585,
  "itemAttr": [],
  "items": [],
  "laserlikeness": 0.23610975676908305,
  "leagueTeamId": "46358869-dce9-4a01-bfba-ac24fc56f57e",
  "martyrdom": 0.5666130510842687,
  "moxie": 0.25958245796174856,
  "musclitude": 0.6159423743562358,
  "name": "Jasper Ji-Eun",
  "omniscience": 0.32209288221092264,
  "overpowerment": 0.8667275418565075,
  "patheticism": 0.799790718300206,
  "peanutAllergy": true,
  "permAttr": [
    "MINIMALIST"
  ],
  "pitchingRating": 0.4743474208803326,
  "pressurization": 0.34708730567106594,
  "ritual": "Powerlifting",
  "ruthlessness": 0.23307961772425623,
  "seasAttr": [],
  "shakespearianism": 0.9632275125613244,
  "soul": 3,
  "state": {},
  "suppression": 0.4936315205517057,
  "tenaciousness": 1.0021364787658822,
  "thwackability": 0.8998212614380111,
  "totalFingers": 10,
  "tournamentTeamId": null,
  "tragicness": 0.5355953982064167,
  "unthwackability": 0.792373500689788,
  "watchfulness": 0.7931725566900438,
  "weekAttr": []
}