{
  "anticapitalism": 1.0688827951629996,
  "armor": "",
  "baseThirst": 0.3786815370015003,
  "baserunningRating": 0.29409219237600476,
  "bat": "",
  "blood": 5,
  "buoyancy": 0.5012022647214549,
  "chasiness": 0.986826736267824,
  "cinnamon": 0.5894721568457726,
  "coffee": 2,
  "coldness": 0.913807267563222,
  "continuation": 0.28367789885872347,
  "deceased": false,
  "defenseRating": 0.9014216068296376,
  "divinity": 1.0319725757567253,
  "fate": 8,
  "gameAttr": [],
  "groundFriction": 0.6532455105861923,
  "hitStreak": 0,
  "hittingRating": 0.474761632166241,
  "id": "09f2787a-3352-41a6-8810-d80e97b253b5",
  "indulgence": 0.532428229999889,
  "laserlikeness": 0.16690892564488563,
  "martyrdom": 0.6441284930607597,
  "moxie": 0.9864439391111336,
  "musclitude": 0.9404276470306172,
  "name": "Curry Aliciakeyes",
  "omniscience": 0.5755091645537057,
  "overpowerment": 1.034044556929735,
  "patheticism": 0.7452080674389833,
  "peanutAllergy": false,
  "permAttr": [],
  "pitchingRating": 0.8892604146253382,
  "pressurization": 0.938320263049088,
  "ritual": "Photography",
  "ruthlessness": 0.9519183987649744,
  "seasAttr": [],
  "shakespearianism": 0.6943454101695925,
  "soul": 8,
  "suppression": 0.6127468614420885,
  "tenaciousness": 1.0197115794267957,
  "thwackability": 0.14656034334339477,
  "totalFingers": 14,
  "tragicness": 0.1,
  "unthwackability": 0.8799510694759459,
  "watchfulness": 0.9751006682100036,
  "weekAttr": []
}