{
  "anticapitalism": 1.0003853309137962,
  "armor": "",
  "baseThirst": 0.31165258002204604,
  "baserunningRating": 0,
  "bat": "",
  "blood": 5,
  "buoyancy": 0.4536833666514407,
  "chasiness": 0.9241759619825852,
  "cinnamon": 0.5426290241941686,
  "coffee": 2,
  "coldness": 0.8451142962850349,
  "continuation": 0.2328535401114719,
  "deceased": false,
  "defenseRating": 0,
  "divinity": 0.9764613012087432,
  "fate": 8,
  "gameAttr": [],
  "groundFriction": 0.589815528398655,
  "hitStreak": 0,
  "hittingRating": 0,
  "id": "09f2787a-3352-41a6-8810-d80e97b253b5",
  "indulgence": 0.4593019567568235,
  "laserlikeness": 0.11197992543195208,
  "martyrdom": 0.5913911632050283,
  "moxie": 0.945136020829433,
  "musclitude": 0.8840882256924194,
  "name": "Curry Aliciakeyes",
  "omniscience": 0.5175465374261311,
  "overpowerment": 0.993715848152973,
  "patheticism": 0.8084196497300208,
  "peanutAllergy": false,
  "permAttr": [],
  "pitchingRating": 0,
  "pressurization": 0.938320263049088,
  "ritual": "Photography",
  "ruthlessness": 0.8843381422054355,
  "seasAttr": [],
  "shakespearianism": 0.6450222561291152,
  "soul": 8,
  "suppression": 0.5705942837200569,
  "tenaciousness": 0.9668749430810648,
  "thwackability": 0.0915100775129834,
  "totalFingers": 14,
  "tragicness": 0.1,
  "unthwackability": 0.8175026258002372,
  "watchfulness": 0.9128591631507872,
  "weekAttr": []
}