{
  "anticapitalism": 1.256132120879667,
  "armor": "",
  "baseThirst": 0.5565308611162642,
  "baserunningRating": 0.4879873729920556,
  "bat": "",
  "blood": 6,
  "buoyancy": 0.7039109769332003,
  "chasiness": 1.1707912812453831,
  "cinnamon": 0.7434475398848632,
  "coffee": 2,
  "coldness": 1.121361138636024,
  "continuation": 0.4445964997086256,
  "deceased": false,
  "defenseRating": 1.0379760303288212,
  "divinity": 1.2396374181526255,
  "eDensity": 37.544127502165566,
  "evolution": 0,
  "fate": 8,
  "gameAttr": [],
  "groundFriction": 0.8670639362364617,
  "hitStreak": 0,
  "hittingRating": 0.7143090734910258,
  "id": "09f2787a-3352-41a6-8810-d80e97b253b5",
  "indulgence": 0.734776965569531,
  "laserlikeness": 0.3445758050237605,
  "leagueTeamId": "7966eb04-efcc-499b-8f03-d13916330531",
  "martyrdom": 0.8027976041945023,
  "moxie": 1.1706080776021686,
  "musclitude": 1.1366952852343934,
  "name": "Curry Aliciakeyes",
  "omniscience": 0.7621885241956927,
  "overpowerment": 1.185107316067059,
  "patheticism": 0.5399990686666957,
  "peanutAllergy": false,
  "permAttr": [
    "OVERUNDER",
    "UNDERPERFORMING"
  ],
  "pitchingRating": 1.082542589597335,
  "pressurization": 0.938320263049088,
  "ritual": "Photography",
  "ruthlessness": 1.1317451130300074,
  "seasAttr": [],
  "shakespearianism": 0.8772622366844371,
  "soul": 8,
  "state": {
    "permModSources": {
      "UNDERPERFORMING": [
        "OVERUNDER"
      ]
    }
  },
  "suppression": 0.8004705007934657,
  "tenaciousness": 1.2211525256467928,
  "thwackability": 0.3283180155891247,
  "totalFingers": 14,
  "tournamentTeamId": "9e42c12a-7561-42a2-b2d0-7cf81a817a5e",
  "tragicness": 0.001,
  "unthwackability": 1.029557519469591,
  "watchfulness": 1.139446161977604,
  "weekAttr": []
}