{
  "anticapitalism": 0.9365373518328934,
  "armor": "",
  "baseThirst": 0.25583361008027583,
  "bat": "",
  "blood": 5,
  "buoyancy": 0.3991256148654818,
  "chasiness": 0.8614860623556537,
  "cinnamon": 0.47760205259373795,
  "coffee": 2,
  "coldness": 0.6807833937420563,
  "continuation": 0.19099374255469037,
  "deceased": false,
  "divinity": 0.9065996385012968,
  "fate": 8,
  "gameAttr": [],
  "groundFriction": 0.5359215343090857,
  "id": "09f2787a-3352-41a6-8810-d80e97b253b5",
  "indulgence": 0.4019105123818023,
  "laserlikeness": 0.051662571258858106,
  "martyrdom": 0.5408321332851869,
  "moxie": 0.8789447173393259,
  "musclitude": 0.8077383953605961,
  "name": "Curry Aliciakeyes",
  "omniscience": 0.4543992271355308,
  "overpowerment": 0.8515887951082312,
  "patheticism": 0.8774003956783001,
  "peanutAllergy": false,
  "permAttr": [],
  "pressurization": 0.938320263049088,
  "ritual": "Photography",
  "ruthlessness": 0.7403800096498373,
  "seasAttr": [],
  "shakespearianism": 0.46717759831243455,
  "soul": 8,
  "suppression": 0.4204979381087913,
  "tenaciousness": 0.8886753479447171,
  "thwackability": 0.03,
  "totalFingers": 13,
  "tragicness": 0.1,
  "unthwackability": 0.6454861697045805,
  "watchfulness": 0.8380151044105111,
  "weekAttr": []
}