{
  "anticapitalism": 1.301834164536802,
  "baseThirst": 0.635351939493364,
  "baserunningRating": 0.5636777615989695,
  "blood": 6,
  "buoyancy": 0.7470729584580286,
  "chasiness": 1.231368355452069,
  "cinnamon": 0.8222766537130091,
  "coffee": 2,
  "coldness": 1.1791408196049311,
  "continuation": 0.5196655473295742,
  "deceased": false,
  "defenseRating": 1.0801242393841382,
  "divinity": 1.280032573216093,
  "eDensity": 40.942099440643005,
  "evolution": 0,
  "fate": 8,
  "gameAttr": [],
  "groundFriction": 0.918760896229542,
  "hitStreak": 0,
  "hittingRating": 0.7718816503138144,
  "id": "09f2787a-3352-41a6-8810-d80e97b253b5",
  "indulgence": 0.774794988425096,
  "itemAttr": [],
  "items": [],
  "laserlikeness": 0.4244595255835986,
  "leagueTeamId": "7966eb04-efcc-499b-8f03-d13916330531",
  "martyrdom": 0.8590684394944677,
  "moxie": 1.220752812344951,
  "musclitude": 1.205055933238883,
  "name": "Curry Aliciakeyes",
  "omniscience": 0.8258473678517954,
  "overpowerment": 1.2498965816359495,
  "patheticism": 0.4739013558516432,
  "peanutAllergy": false,
  "permAttr": [
    "OVERUNDER",
    "UNDERPERFORMING"
  ],
  "pitchingRating": 1.1474734116520784,
  "pressurization": 0.938320263049088,
  "ritual": "Photography",
  "ruthlessness": 1.1908398309301778,
  "seasAttr": [],
  "shakespearianism": 0.9391890743371843,
  "soul": 8,
  "state": {
    "permModSources": {
      "UNDERPERFORMING": [
        "OVERUNDER"
      ]
    }
  },
  "suppression": 0.842722089322535,
  "tenaciousness": 1.2814611974306067,
  "thwackability": 0.37949262606626216,
  "totalFingers": 14,
  "tournamentTeamId": "9e42c12a-7561-42a2-b2d0-7cf81a817a5e",
  "tragicness": 0.001,
  "unthwackability": 1.075502604238765,
  "watchfulness": 1.2038793673064487,
  "weekAttr": []
}