{
  "anticapitalism": 0.03526089778869457,
  "baseThirst": 0.0970590989252802,
  "baserunningRating": 0.31509755486605184,
  "blood": 9,
  "buoyancy": 0.7354133157937082,
  "chasiness": 0.9174167819682776,
  "cinnamon": 0.550473917355282,
  "coffee": 10,
  "coldness": 0.8835594574666958,
  "continuation": 0.9366428129596724,
  "deceased": false,
  "defenseRating": 0.48021214129929135,
  "divinity": 0.44775874288444784,
  "eDensity": 22.673282815610285,
  "evolution": 0,
  "fate": 67,
  "gameAttr": [],
  "groundFriction": 0.0029748982039179417,
  "hitStreak": 0,
  "hittingRating": 0.5164193253497421,
  "id": "0a6b75ea-fe69-4406-be24-a149c94daa3b",
  "indulgence": 0.7328451073825544,
  "items": [],
  "laserlikeness": 0.5463502595237073,
  "leagueTeamId": "878c1bf6-0d21-4659-bfee-916c8314d69c",
  "martyrdom": 0.751918384867148,
  "moxie": 0.5684666155674116,
  "musclitude": 0.6454472868266454,
  "name": "Seren Moss",
  "omniscience": 0.40930950440284786,
  "overpowerment": 0.1103810302843653,
  "patheticism": 0.12219855600476026,
  "peanutAllergy": true,
  "permAttr": [],
  "pitchingRating": 0.4987399521435269,
  "pressurization": 0.5551146780026615,
  "ritual": "Humble-bragging",
  "ruthlessness": 0.5591460994133994,
  "seasAttr": [],
  "shakespearianism": 0.7757688205535576,
  "soul": 5,
  "state": {},
  "suppression": 0.7623016292342548,
  "tenaciousness": 0.945753703796376,
  "thwackability": 0.44410409807091566,
  "totalFingers": 10,
  "tournamentTeamId": null,
  "tragicness": 0.5551918697441753,
  "unthwackability": 0.8120850074814532,
  "watchfulness": 0.13452765002922695,
  "weekAttr": []
}