{
  "anticapitalism": 0.4528035581576524,
  "armor": "",
  "baseThirst": 0.932121645776542,
  "baserunningRating": 0.38291039927635984,
  "bat": "",
  "blood": 9,
  "buoyancy": 0.6787742466517304,
  "chasiness": 0.4543441518978481,
  "cinnamon": 0.2886997651625168,
  "coffee": 11,
  "coldness": 0.46601343432528824,
  "continuation": 0.7142653799355867,
  "deceased": false,
  "defenseRating": 0.8377726403269721,
  "divinity": 0.9433718319302368,
  "fate": 85,
  "gameAttr": [
    "TIRED"
  ],
  "groundFriction": 0.5533117373841797,
  "hitStreak": 0,
  "hittingRating": 0.6599435907630943,
  "id": "0bb35615-63f2-4492-80ec-b6b322dc5450",
  "indulgence": 0.5132839671704975,
  "laserlikeness": 0.2045796199271237,
  "leagueTeamId": "878c1bf6-0d21-4659-bfee-916c8314d69c",
  "martyrdom": 0.3220034159826857,
  "moxie": 0.8027623910183835,
  "musclitude": 0.4461503039543863,
  "name": "Sexton Wheerer",
  "omniscience": 1.037922678408345,
  "overpowerment": 0.5306405521610593,
  "patheticism": 0.3027944822623173,
  "peanutAllergy": true,
  "permAttr": [
    "ALTERNATE",
    "SUPERALLERGIC",
    "FRIEND_OF_CROWS"
  ],
  "pitchingRating": 0.4965961951574164,
  "pressurization": 0.936468557739889,
  "ritual": "Eating a bird",
  "ruthlessness": 0.6015770195926684,
  "seasAttr": [],
  "shakespearianism": 0.6775331269477542,
  "soul": 3,
  "suppression": 0.4407306956788116,
  "tenaciousness": 1.1067698460247062,
  "thwackability": 0.453926707534273,
  "totalFingers": 13,
  "tournamentTeamId": "a7592bd7-1d3c-4ffb-8b3a-0b1e4bc321fd",
  "tragicness": 0.1,
  "unthwackability": 0.5029532579981529,
  "watchfulness": 0.6273679376602744,
  "weekAttr": []
}