{
  "anticapitalism": 0.4528035581576524,
  "armor": "",
  "baseThirst": 0.932121645776542,
  "baserunningRating": 0,
  "bat": "",
  "blood": 9,
  "buoyancy": 0.6787742466517304,
  "chasiness": 0.4543441518978481,
  "cinnamon": 0.2886997651625168,
  "coffee": 11,
  "coldness": 0.5160134343252882,
  "continuation": 0.7142653799355867,
  "deceased": false,
  "defenseRating": 0,
  "divinity": 0.9433718319302368,
  "fate": 85,
  "gameAttr": [],
  "groundFriction": 0.5533117373841797,
  "hitStreak": 0,
  "hittingRating": 0,
  "id": "0bb35615-63f2-4492-80ec-b6b322dc5450",
  "indulgence": 0.5132839671704975,
  "laserlikeness": 0.2045796199271237,
  "martyrdom": 0.3220034159826857,
  "moxie": 0.8027623910183835,
  "musclitude": 0.4461503039543863,
  "name": "Sexton Wheerer",
  "omniscience": 1.037922678408345,
  "overpowerment": 0.5806405521610594,
  "patheticism": 0.3027944822623173,
  "peanutAllergy": true,
  "permAttr": [
    "ALTERNATE",
    "SUPERALLERGIC",
    "FRIEND_OF_CROWS"
  ],
  "pitchingRating": 0,
  "pressurization": 0.936468557739889,
  "ritual": "Eating a bird",
  "ruthlessness": 0.6515770195926684,
  "seasAttr": [],
  "shakespearianism": 0.7275331269477543,
  "soul": 3,
  "suppression": 0.4907306956788115,
  "tenaciousness": 1.1067698460247062,
  "thwackability": 0.453926707534273,
  "totalFingers": 14,
  "tragicness": 0.1,
  "unthwackability": 0.552953257998153,
  "watchfulness": 0.6273679376602744,
  "weekAttr": []
}