{
  "anticapitalism": 1,
  "armor": "",
  "baseThirst": 0.7642026865523996,
  "bat": "",
  "blood": 9,
  "buoyancy": 0.4994554580892321,
  "chasiness": 0.3789394850896439,
  "cinnamon": 0.14537472904555093,
  "coffee": 11,
  "coldness": 0.20282038243848288,
  "continuation": 0.8717330931763148,
  "deceased": false,
  "divinity": 0.28435209265769656,
  "fate": 80,
  "groundFriction": 0.5086852533553432,
  "id": "0bb35615-63f2-4492-80ec-b6b322dc5450",
  "indulgence": 0.1301599127524644,
  "laserlikeness": 0.4300020720881592,
  "martyrdom": 0.18167040542586244,
  "moxie": 0.927164825851478,
  "musclitude": 0.04549165731604488,
  "name": "Sexton Wheerer",
  "omniscience": 0.6934302144877307,
  "overpowerment": 0.9594510252640605,
  "patheticism": 0.4741149219655858,
  "peanutAllergy": true,
  "pressurization": 0.936468557739889,
  "ritual": "Eating a bird",
  "ruthlessness": 0.4794662877915399,
  "shakespearianism": 0.20456733508879776,
  "soul": 3,
  "suppression": 0.814786412317611,
  "tenaciousness": 0.741298492530748,
  "thwackability": 0.5969250025148229,
  "totalFingers": 10,
  "tragicness": 0.1,
  "unthwackability": 0.30366678976537975,
  "watchfulness": 0.527084653582474
}