{
  "anticapitalism": 0.27082064650352056,
  "armor": "",
  "baseThirst": 0.8884934093521288,
  "bat": "",
  "blood": 9,
  "buoyancy": 0.5945864566462319,
  "chasiness": 0.3039594331293143,
  "cinnamon": 0.14537472904555093,
  "coffee": 11,
  "coldness": 0.2580426387904846,
  "continuation": 0.6756589788420668,
  "deceased": false,
  "divinity": 0.8951544324750379,
  "fate": 85,
  "gameAttr": [],
  "groundFriction": 0.4775595354163751,
  "id": "0bb35615-63f2-4492-80ec-b6b322dc5450",
  "indulgence": 0.421722751202436,
  "laserlikeness": 0.12188347503174256,
  "martyrdom": 0.26923709774592125,
  "moxie": 0.7618405592342324,
  "musclitude": 0.4086603653206579,
  "name": "Sexton Wheerer",
  "omniscience": 0.8746751315064905,
  "overpowerment": 0.30787404814910513,
  "patheticism": 0.3943218643763356,
  "peanutAllergy": true,
  "permAttr": [
    "ALTERNATE"
  ],
  "pressurization": 0.936468557739889,
  "ritual": "Eating a bird",
  "ruthlessness": 0.37748820100140934,
  "seasAttr": [],
  "shakespearianism": 0.45941215425828896,
  "soul": 3,
  "suppression": 0.2189969263593194,
  "tenaciousness": 0.970532471445772,
  "thwackability": 0.3844884372523415,
  "totalFingers": 12,
  "tragicness": 0.060000000000000005,
  "unthwackability": 0.28001926831596324,
  "watchfulness": 0.5030572001527231,
  "weekAttr": []
}