{
  "anticapitalism": 0.4877250774786363,
  "armor": "",
  "baseThirst": 0.0364812949947142,
  "bat": "",
  "blood": 1,
  "buoyancy": 0.9062595549644176,
  "chasiness": 0.4506125844800819,
  "cinnamon": 0.8459026449394538,
  "coffee": 2,
  "coldness": 0.5021971449274412,
  "continuation": 0.3679453738589771,
  "deceased": false,
  "divinity": 0.017761226113444994,
  "fate": 72,
  "groundFriction": 0.8748523997478259,
  "id": "0bd5a3ec-e14c-45bf-8283-7bc191ae53e4",
  "indulgence": 0.2088287718114912,
  "laserlikeness": 0.0019491767338570831,
  "martyrdom": 0.14566830455231172,
  "moxie": 0.930860114837361,
  "musclitude": 0.398470705734316,
  "name": "Stephanie Donaldson",
  "omniscience": 0.14697074241304486,
  "overpowerment": 0.4296127225234687,
  "patheticism": 0.66070315785001,
  "peanutAllergy": true,
  "pressurization": 0.6252940518672205,
  "ritual": "Gossip",
  "ruthlessness": 0.7283580708340089,
  "shakespearianism": 0.7834478624879604,
  "soul": 5,
  "suppression": 0.16261447089170789,
  "tenaciousness": 0.35547766318388496,
  "thwackability": 0.11088530121215844,
  "totalFingers": 10,
  "tragicness": 0.1,
  "unthwackability": 0.3354955561561175,
  "watchfulness": 0.3564721522247358
}