{
  "anticapitalism": 0.1321044955756095,
  "armor": "",
  "baseThirst": 0.9969259922600574,
  "bat": "",
  "blood": 1,
  "buoyancy": 0.09083940672680783,
  "chasiness": 0.3430290348020811,
  "cinnamon": 0.08447250187495652,
  "coffee": 11,
  "coldness": 0.434956330185488,
  "continuation": 0.5804134478418139,
  "deceased": false,
  "divinity": 0.19799440220507977,
  "fate": 72,
  "gameAttr": [],
  "groundFriction": 0.5010686647594813,
  "hitStreak": 0,
  "id": "0c83e3b6-360e-4b7d-85e3-d906633c9ca0",
  "indulgence": 0.14911289701822947,
  "laserlikeness": 0.6880690990769487,
  "martyrdom": 0.9277683226299162,
  "moxie": 0.8371712027818955,
  "musclitude": 0.2895303547624185,
  "name": "Penelope Mathews",
  "omniscience": 0.8227625535617962,
  "overpowerment": 0.914854230595019,
  "patheticism": 0.40839296587286406,
  "peanutAllergy": true,
  "permAttr": [],
  "pressurization": 0.9297926107404768,
  "ritual": "Whispering",
  "ruthlessness": 0.7409951176834706,
  "seasAttr": [],
  "shakespearianism": 0.981703861639674,
  "soul": 2,
  "suppression": 0.5170167808111907,
  "tenaciousness": 0.44148061806750494,
  "thwackability": 0.47729792636991614,
  "totalFingers": 10,
  "tragicness": 0.0366142102576065,
  "unthwackability": 0.6640271722116895,
  "watchfulness": 0.41891968156504794,
  "weekAttr": []
}