{
  "anticapitalism": 0.3531662059748899,
  "armor": "",
  "baseThirst": 0.9801645323543108,
  "baserunningRating": 0.48013069556075366,
  "bat": "",
  "blood": 8,
  "buoyancy": 0.2135172343640661,
  "chasiness": 0.8236149928717473,
  "cinnamon": 0.7180850235008074,
  "coffee": 13,
  "coldness": 0.3350211333147375,
  "continuation": 0.12523255629882324,
  "deceased": false,
  "defenseRating": 0.6058394226467705,
  "divinity": 0.7995109181490878,
  "eDensity": 20.00086820038235,
  "evolution": 0,
  "fate": 37,
  "gameAttr": [],
  "groundFriction": 0.5504903831647643,
  "hitStreak": 0,
  "hittingRating": 0.4634134235375571,
  "id": "0cb44026-ebf0-4870-b98e-e620b0814808",
  "indulgence": 0.3305336201997464,
  "laserlikeness": 0.4930859443257394,
  "leagueTeamId": "878c1bf6-0d21-4659-bfee-916c8314d69c",
  "martyrdom": 0.11408906134271636,
  "moxie": 0.04978051876612977,
  "musclitude": 0.5708649541311477,
  "name": "Michelle Sportsman",
  "omniscience": 0.7112837376338643,
  "overpowerment": 0.24295503094470816,
  "patheticism": 0.7727337606943767,
  "peanutAllergy": true,
  "permAttr": [],
  "pitchingRating": 0.7364547725952542,
  "pressurization": 0.628345746740643,
  "ritual": "Talking to god",
  "ruthlessness": 0.9826151805412038,
  "seasAttr": [],
  "shakespearianism": 0.7655432365476791,
  "soul": 2,
  "state": {},
  "suppression": 0.31082812554865447,
  "tenaciousness": 0.23068934240343553,
  "thwackability": 0.4337997954094403,
  "totalFingers": 10,
  "tournamentTeamId": null,
  "tragicness": 0.7523881835905888,
  "unthwackability": 0.9368715750722192,
  "watchfulness": 0.850611196507397,
  "weekAttr": []
}