{
  "anticapitalism": 0.19521634544068944,
  "armor": "",
  "baseThirst": 0.8264260286908398,
  "bat": "",
  "blood": 5,
  "buoyancy": 0.6735895427632911,
  "chasiness": 0.1946686392466792,
  "cinnamon": 0.25075849448201226,
  "coffee": 3,
  "coldness": 0.1645600973227152,
  "continuation": 0.11416484189896092,
  "deceased": false,
  "divinity": 0.7073864626099148,
  "fate": 56,
  "gameAttr": [],
  "groundFriction": 0.49372492244327626,
  "id": "0cc5bd39-e90d-42f9-9dd8-7e703f316436",
  "indulgence": 0.9393149107562028,
  "laserlikeness": 0.47062137177583296,
  "martyrdom": 0.7666130962952707,
  "moxie": 0.5378006616719736,
  "musclitude": 0.14106704778010232,
  "name": "Don Elliott",
  "omniscience": 0.6442455618829042,
  "overpowerment": 0.48138143032966463,
  "patheticism": 0.6485783641212516,
  "peanutAllergy": true,
  "permAttr": [],
  "pressurization": 0.3445930284286655,
  "ritual": "Squats",
  "ruthlessness": 0.7529190961301598,
  "seasAttr": [],
  "shakespearianism": 0.22758073765970072,
  "soul": 5,
  "suppression": 0.45024660683371054,
  "tenaciousness": 0.7030939658282684,
  "thwackability": 0.5596067047847181,
  "totalFingers": 12,
  "tragicness": 0.060000000000000005,
  "unthwackability": 0.8178783608442438,
  "watchfulness": 0.9048397061964976,
  "weekAttr": []
}