{
  "anticapitalism": 0.01,
  "armor": "",
  "baseThirst": 0.6464260286908399,
  "baserunningRating": 0.31486535552776634,
  "bat": "",
  "blood": 8,
  "buoyancy": 0.5935895427632911,
  "chasiness": 0.01,
  "cinnamon": 0.25075849448201226,
  "coffee": 3,
  "coldness": 0.03,
  "continuation": 0.03,
  "deceased": false,
  "defenseRating": 0.26130220949772054,
  "divinity": 0.6273864626099147,
  "fate": 56,
  "gameAttr": [],
  "groundFriction": 0.31372492244327627,
  "hitStreak": 0,
  "hittingRating": 0.4937447704883437,
  "id": "0cc5bd39-e90d-42f9-9dd8-7e703f316436",
  "indulgence": 0.7593149107562029,
  "laserlikeness": 0.29062137177583297,
  "leagueTeamId": "b63be8c2-576a-4d6e-8daf-814f8bcea96f",
  "martyrdom": 0.6866130962952707,
  "moxie": 0.4578006616719736,
  "musclitude": 0.13,
  "name": "Don Elliott",
  "omniscience": 0.36424556188290413,
  "overpowerment": 0.30138143032966463,
  "patheticism": 0.7285783641212517,
  "peanutAllergy": true,
  "permAttr": [],
  "pitchingRating": 0.3606989481907249,
  "pressurization": 0.3445930284286655,
  "ritual": "Squats",
  "ruthlessness": 0.5729190961301598,
  "seasAttr": [],
  "shakespearianism": 0.047580737659700736,
  "soul": 5,
  "suppression": 0.27024660683371055,
  "tenaciousness": 0.4230939658282685,
  "thwackability": 0.4796067047847181,
  "totalFingers": 14,
  "tournamentTeamId": null,
  "tragicness": 0.1,
  "unthwackability": 0.6378783608442438,
  "watchfulness": 0.6248397061964975,
  "weekAttr": []
}