{
  "anticapitalism": 0.01,
  "baseThirst": 0.4864260286908399,
  "baserunningRating": 0.13278491421584682,
  "blood": 8,
  "buoyancy": 0.43358954276329115,
  "chasiness": 0.01,
  "cinnamon": 0.25075849448201226,
  "coffee": 3,
  "coldness": 0.01,
  "continuation": 0.001,
  "deceased": false,
  "defenseRating": 0.20548637224583305,
  "divinity": 0.46738646260991473,
  "eDensity": 15.339610990687738,
  "evolution": 0,
  "fate": 56,
  "gameAttr": [],
  "groundFriction": 0.15372492244327624,
  "hitStreak": 0,
  "hittingRating": 0.24661373175396936,
  "id": "0cc5bd39-e90d-42f9-9dd8-7e703f316436",
  "indulgence": 0.599314910756203,
  "itemAttr": [],
  "items": [
    {
      "baserunningRating": 0,
      "defenseRating": 0,
      "durability": 1,
      "forger": null,
      "forgerName": null,
      "health": 0,
      "hittingRating": 0.04098841943145248,
      "id": "d62d89bd-f64f-4180-9007-5074d7148bbb",
      "name": "Bat",
      "pitchingRating": 0,
      "postPrefix": null,
      "prePrefix": null,
      "prefixes": null,
      "root": {
        "adjustments": [
          {
            "stat": 2,
            "type": 1,
            "value": 0.12145353399577756
          }
        ],
        "name": "Bat"
      },
      "suffix": null
    }
  ],
  "laserlikeness": 0.13062137177583294,
  "leagueTeamId": "b63be8c2-576a-4d6e-8daf-814f8bcea96f",
  "martyrdom": 0.5266130962952706,
  "moxie": 0.2978006616719736,
  "musclitude": 0.001,
  "name": "D-n Ell--tt",
  "omniscience": 0.2042455618829041,
  "overpowerment": 0.10138143032966462,
  "patheticism": 0.8885783641212517,
  "peanutAllergy": true,
  "permAttr": [
    "SCATTERED"
  ],
  "pitchingRating": 0.17791655188259894,
  "pressurization": 0.3445930284286655,
  "ritual": "Squats",
  "ruthlessness": 0.3729190961301598,
  "seasAttr": [],
  "shakespearianism": 0.01,
  "soul": 5,
  "state": {
    "unscatteredName": "Don Elliott"
  },
  "suppression": 0.07024660683371053,
  "tenaciousness": 0.2630939658282685,
  "thwackability": 0.31960670478471814,
  "totalFingers": 14,
  "tournamentTeamId": null,
  "tragicness": 0.26,
  "unthwackability": 0.43787836084424375,
  "watchfulness": 0.4648397061964976,
  "weekAttr": []
}