{
  "anticapitalism": 0.6038361272792399,
  "armor": "",
  "baseThirst": 0.7525371689419478,
  "baserunningRating": 0.6114639958436054,
  "bat": "",
  "blood": 6,
  "buoyancy": 0.34676116139535784,
  "chasiness": 0.3889666876900799,
  "cinnamon": 0.0626170692596999,
  "coffee": 3,
  "coldness": 0.7145156265512664,
  "continuation": 0.07435884055447883,
  "deceased": false,
  "defenseRating": 0.7820797324937013,
  "divinity": 0.4355140759422276,
  "eDensity": 0,
  "evolution": 0,
  "fate": 23,
  "gameAttr": [],
  "groundFriction": 0.9474600523312392,
  "hitStreak": 0,
  "hittingRating": 0.4460795604833316,
  "id": "0daf04fc-8d0d-4513-8e98-4f610616453b",
  "indulgence": 0.43245977870592234,
  "laserlikeness": 0.7955515774849067,
  "leagueTeamId": "b63be8c2-576a-4d6e-8daf-814f8bcea96f",
  "martyrdom": 0.35156907501517587,
  "moxie": 0.98492983433339,
  "musclitude": 0.8893601228279981,
  "name": "Lee Mist",
  "omniscience": 0.7126836383106683,
  "overpowerment": 0.7155815849684439,
  "patheticism": 0.7839964946678855,
  "peanutAllergy": true,
  "permAttr": [],
  "pitchingRating": 0.5071519179934557,
  "pressurization": 0.7883206833090382,
  "ritual": "TV",
  "ruthlessness": 0.6649493779409159,
  "seasAttr": [],
  "shakespearianism": 0.8758271436753198,
  "soul": 7,
  "state": {},
  "suppression": 0.37484521439459506,
  "tenaciousness": 0.8890752791522938,
  "thwackability": 0.31186773524270084,
  "totalFingers": 10,
  "tournamentTeamId": null,
  "tragicness": 0.1,
  "unthwackability": 0.4115885303443485,
  "watchfulness": 0.9078375983519968,
  "weekAttr": []
}