{
  "anticapitalism": 0.6940752316205194,
  "armor": "",
  "baseThirst": 0.6596956589807548,
  "bat": "",
  "blood": 1,
  "buoyancy": 0.736400156485514,
  "chasiness": 0.11875418614146492,
  "cinnamon": 0.3412896110280619,
  "coffee": 10,
  "coldness": 0.7635483237110896,
  "continuation": 0.23365188431390593,
  "deceased": false,
  "divinity": 0.9806954101712636,
  "fate": 14,
  "gameAttr": [],
  "groundFriction": 0.020545067182742297,
  "id": "0e27df51-ad0c-4546-acf5-96b3cb4d7501",
  "indulgence": 0.7683851691655375,
  "laserlikeness": 0.18142011486076015,
  "martyrdom": 0.5632045787245696,
  "moxie": 0.1896000495731851,
  "musclitude": 0.8705945114349416,
  "name": "Chorby Spoon",
  "omniscience": 0.1692544720677056,
  "overpowerment": 0.37597239537098104,
  "patheticism": 0.3601723284914493,
  "peanutAllergy": true,
  "permAttr": [],
  "pressurization": 0.3453305920984684,
  "ritual": "Carbo-loading",
  "ruthlessness": 0.12680214794471234,
  "seasAttr": [],
  "shakespearianism": 0.044087928323394365,
  "soul": 2,
  "suppression": 0.9715521567265276,
  "tenaciousness": 0.2689677849290235,
  "thwackability": 0.5879786359674777,
  "totalFingers": 10,
  "tragicness": 0.1,
  "unthwackability": 0.6577291915281593,
  "watchfulness": 0.9964398819025228,
  "weekAttr": []
}