{
  "anticapitalism": 1,
  "armor": "",
  "baseThirst": 0.6340126033022093,
  "baserunningRating": 0.7033476820329015,
  "bat": "",
  "blood": 6,
  "buoyancy": 0.6971626607234334,
  "chasiness": 0.8466575887602878,
  "cinnamon": 0.16785072074777285,
  "coffee": 4,
  "coldness": 0.2023283359874033,
  "continuation": 0.5084018592765149,
  "deceased": false,
  "defenseRating": 0.6202710269459607,
  "divinity": 0.4840318847001502,
  "fate": 73,
  "gameAttr": [],
  "groundFriction": 0.8100000354474204,
  "hitStreak": 0,
  "hittingRating": 0.56846405923947,
  "id": "0ecf6190-f869-421a-b339-29195d30d37c",
  "indulgence": 0.8769108862755637,
  "laserlikeness": 0.6643409403728928,
  "leagueTeamId": "878c1bf6-0d21-4659-bfee-916c8314d69c",
  "martyrdom": 0.14714447033627942,
  "moxie": 0.36400745434031534,
  "musclitude": 0.8344635904529716,
  "name": "McBaseball Clembons",
  "omniscience": 0.6756956226036275,
  "overpowerment": 0.8156209649377644,
  "patheticism": 0.13281304224570456,
  "peanutAllergy": true,
  "permAttr": [],
  "pitchingRating": 0.5389262962926417,
  "pressurization": 0.9113312358541296,
  "ritual": "Reciting mantra",
  "ruthlessness": 0.7838117087391139,
  "seasAttr": [],
  "shakespearianism": 0.7508254231614424,
  "soul": 7,
  "suppression": 0.2691738940744659,
  "tenaciousness": 0.7895224905870917,
  "thwackability": 0.606558154396003,
  "totalFingers": 10,
  "tournamentTeamId": null,
  "tragicness": 0.1,
  "unthwackability": 0.4303603074274165,
  "watchfulness": 0.03498452066704982,
  "weekAttr": []
}