{
  "anticapitalism": 0.6311166367997227,
  "baseThirst": 1.1093268759697572,
  "baserunningRating": 0.7720412412549119,
  "blood": 8,
  "buoyancy": 0.4928525591737341,
  "chasiness": 0.7679694150483212,
  "cinnamon": 0.9822654557773796,
  "coffee": 1,
  "coldness": 0.7406232937659625,
  "continuation": 0.3843825557283798,
  "deceased": false,
  "defenseRating": 0.6606034713700224,
  "divinity": 0.22530424888621076,
  "eDensity": 19.878184306359977,
  "evolution": 0,
  "fate": 97,
  "gameAttr": [
    "WIRED"
  ],
  "groundFriction": 1.063980398535651,
  "hitStreak": 0,
  "hittingRating": 0.3878090132185405,
  "id": "0eddd056-9d72-4804-bd60-53144b785d5c",
  "indulgence": 0.5271874518385979,
  "itemAttr": [],
  "items": [
    {
      "baserunningRating": 0,
      "defenseRating": 0,
      "durability": 1,
      "forger": null,
      "forgerName": null,
      "health": 0,
      "hittingRating": 0.021750519630091503,
      "id": "e9af8929-c483-44b0-b6f7-ea384b994159",
      "name": "Bat",
      "pitchingRating": 0,
      "postPrefix": null,
      "prePrefix": null,
      "prefixes": null,
      "root": {
        "adjustments": [
          {
            "stat": 2,
            "type": 1,
            "value": 0.1247534387858967
          }
        ],
        "name": "Bat"
      },
      "suffix": null
    }
  ],
  "laserlikeness": 0.793481163130427,
  "leagueTeamId": "b63be8c2-576a-4d6e-8daf-814f8bcea96f",
  "martyrdom": 0.15187679597679377,
  "moxie": 0.7330853808140045,
  "musclitude": 0.27272387623045535,
  "name": "Cal-b No-ak",
  "omniscience": 0.755426039196899,
  "overpowerment": 0.9190378176740852,
  "patheticism": 0.8526348791460456,
  "peanutAllergy": false,
  "permAttr": [
    "FIRE_EATER",
    "SCATTERED"
  ],
  "pitchingRating": 0.16214403220795048,
  "pressurization": 0.0934128692276665,
  "ritual": "Updating",
  "ruthlessness": 0.12390000004283992,
  "seasAttr": [],
  "shakespearianism": 0.5689152313666815,
  "soul": 3,
  "state": {
    "unscatteredName": "Caleb Novak"
  },
  "suppression": 0.48585145458168894,
  "tenaciousness": 0.30862710945226596,
  "thwackability": 0.6141840708173432,
  "totalFingers": 14,
  "tournamentTeamId": null,
  "tragicness": 0.08193590276023173,
  "unthwackability": 0.16287540070158135,
  "watchfulness": 0.6007626413806226,
  "weekAttr": []
}