{
  "anticapitalism": 0.697484824975161,
  "armor": "",
  "baseThirst": 0.6939695819289454,
  "bat": "",
  "blood": 9,
  "buoyancy": 1.0727956800602867,
  "chasiness": 1.145605129401122,
  "cinnamon": 0.11881644911010204,
  "coffee": 11,
  "coldness": 0.9678298248305028,
  "continuation": 0.701712371166835,
  "deceased": false,
  "divinity": 0.4238193742552907,
  "fate": 76,
  "gameAttr": [],
  "groundFriction": 1.0582095833755023,
  "hitStreak": 0,
  "id": "0eea4a48-c84b-4538-97e7-3303671934d2",
  "indulgence": 0.9131897915739616,
  "laserlikeness": 0.8343999474101569,
  "martyrdom": 0.7079676556749591,
  "moxie": 0.4025605303350191,
  "musclitude": 0.26577167845574756,
  "name": "Helga Moreno",
  "omniscience": 0.4224646883527106,
  "overpowerment": 0.8095095931309585,
  "patheticism": 0.4805152009968949,
  "peanutAllergy": true,
  "permAttr": [],
  "pressurization": 0.17781502906147062,
  "ritual": "Hyperventilating",
  "ruthlessness": 0.5295414260088875,
  "seasAttr": [],
  "shakespearianism": 0.32703997237866184,
  "soul": 5,
  "suppression": 0.7267406014210086,
  "tenaciousness": 0.7011831617275888,
  "thwackability": 0.6444202921629552,
  "totalFingers": 11,
  "tragicness": 0.1,
  "unthwackability": 0.8976075286136445,
  "watchfulness": 1.1727768626053676,
  "weekAttr": []
}