{
  "anticapitalism": 0.8714943490260492,
  "baseThirst": 0.8805812466402225,
  "baserunningRating": 0.9866096135161868,
  "blood": 9,
  "buoyancy": 1.3532414665063843,
  "chasiness": 1.3213799195060574,
  "cinnamon": 0.25984216470455707,
  "coffee": 11,
  "coldness": 1.1381336984082298,
  "continuation": 0.859930075486006,
  "deceased": false,
  "defenseRating": 0.92259050222658,
  "divinity": 0.7337745078368889,
  "eDensity": 34.81919803338252,
  "evolution": 0,
  "fate": 76,
  "gameAttr": [],
  "groundFriction": 1.2392158258776012,
  "hitStreak": 0,
  "hittingRating": 0.8048889254024407,
  "id": "0eea4a48-c84b-4538-97e7-3303671934d2",
  "indulgence": 1.0600222367577754,
  "itemAttr": [],
  "items": [
    {
      "baserunningRating": 0,
      "defenseRating": 0,
      "durability": 1,
      "forger": null,
      "forgerName": null,
      "health": 1,
      "hittingRating": 0.037609219961431295,
      "id": "d9b49889-f109-4093-85cc-e765f6488831",
      "name": "Bat",
      "pitchingRating": 0,
      "postPrefix": null,
      "prePrefix": null,
      "prefixes": null,
      "root": {
        "adjustments": [
          {
            "stat": 2,
            "type": 1,
            "value": 0.1305709007384471
          }
        ],
        "name": "Bat"
      },
      "suffix": null
    }
  ],
  "laserlikeness": 0.9744325580269236,
  "leagueTeamId": "b72f3061-f573-40d7-832a-5ad475bd7909",
  "martyrdom": 0.9582145911554516,
  "moxie": 0.7221572431083801,
  "musclitude": 0.5344119153779324,
  "name": "Helga Moreno",
  "omniscience": 0.6077401810433939,
  "overpowerment": 0.9623130692678914,
  "patheticism": 0.2068146919049537,
  "peanutAllergy": false,
  "permAttr": [],
  "pitchingRating": 0.8315106779094383,
  "pressurization": 0.17781502906147062,
  "ritual": "Hyperventilating",
  "ruthlessness": 0.7145627134642504,
  "seasAttr": [],
  "shakespearianism": 0.48200471751733753,
  "soul": 5,
  "state": {},
  "suppression": 0.890727600922757,
  "tenaciousness": 0.8718453473222619,
  "thwackability": 0.9314589292332852,
  "totalFingers": 11,
  "tournamentTeamId": null,
  "tragicness": 0.001,
  "unthwackability": 1.052176369013673,
  "watchfulness": 1.381919373461464,
  "weekAttr": []
}