{
  "anticapitalism": 0.6496079188674724,
  "armor": "",
  "baseThirst": 0.6525200830091991,
  "bat": "",
  "blood": 2,
  "buoyancy": 1.0084296804465187,
  "chasiness": 1.0820011798941538,
  "cinnamon": 0.06364632911873833,
  "coffee": 11,
  "coldness": 0.8904649099246162,
  "continuation": 0.6373165108302028,
  "deceased": false,
  "divinity": 0.3471782305240118,
  "fate": 76,
  "gameAttr": [],
  "groundFriction": 1.006679507414065,
  "hitStreak": 0,
  "id": "0eea4a48-c84b-4538-97e7-3303671934d2",
  "indulgence": 0.847329627698781,
  "laserlikeness": 0.7770346563320819,
  "martyrdom": 0.6425199491108404,
  "moxie": 0.326104528480213,
  "musclitude": 0.22557107301483612,
  "name": "Helga Moreno",
  "omniscience": 0.34850440324595683,
  "overpowerment": 0.7335309881258325,
  "patheticism": 0.5400016454309434,
  "peanutAllergy": true,
  "permAttr": [],
  "pressurization": 0.17781502906147062,
  "ritual": "Hyperventilating",
  "ruthlessness": 0.48521090025972646,
  "seasAttr": [],
  "shakespearianism": 0.2857751633554562,
  "soul": 5,
  "suppression": 0.6810667582849446,
  "tenaciousness": 0.6370623960397561,
  "thwackability": 0.5727032917817788,
  "totalFingers": 11,
  "tragicness": 0.03656659826818086,
  "unthwackability": 0.8449066654035668,
  "watchfulness": 1.1189259442744657,
  "weekAttr": []
}