{
  "anticapitalism": 0.7426318722924805,
  "armor": "",
  "baseThirst": 0.7784661987385448,
  "baserunningRating": 0.2717199390626891,
  "bat": "",
  "blood": 0,
  "buoyancy": 0.7617191505665635,
  "chasiness": 0.6368115486875023,
  "cinnamon": 0.5319689874598261,
  "coffee": 12,
  "coldness": 0.7598711898329991,
  "continuation": 0.6031897953994437,
  "deceased": false,
  "defenseRating": 0.7807757222929813,
  "divinity": 0.7082771333508121,
  "eDensity": 27.92666641984783,
  "evolution": 1,
  "fate": 11,
  "gameAttr": [],
  "groundFriction": 0.48181668784072007,
  "hitStreak": 0,
  "hittingRating": 0.4411900309456108,
  "id": "0ef1bc34-64ee-4c7b-8be2-88322b407a58",
  "indulgence": 0.243021717316541,
  "laserlikeness": 0.13188605666312414,
  "leagueTeamId": "d9f89a8a-c563-493e-9d64-78e4f9a55d4a",
  "martyrdom": 0.962192055512004,
  "moxie": 0.9180537871681912,
  "musclitude": 0.1967372400908528,
  "name": "Geraldine Frost",
  "omniscience": 0.773118936357729,
  "overpowerment": 0.8499408326176823,
  "patheticism": 0.5800617917452217,
  "peanutAllergy": true,
  "permAttr": [],
  "pitchingRating": 0.4958380819626946,
  "pressurization": 0.6638285621331361,
  "ritual": "Fixating on their impending death",
  "ruthlessness": 0.3213020544457691,
  "seasAttr": [],
  "shakespearianism": 0.8871489948664789,
  "soul": 7,
  "state": {},
  "suppression": 0.6172342926000629,
  "tenaciousness": 0.875655031964801,
  "thwackability": 0.22390782561791964,
  "totalFingers": 10,
  "tournamentTeamId": null,
  "tragicness": 0.11911128083584896,
  "unthwackability": 0.6648076920821818,
  "watchfulness": 0.3884362704135433,
  "weekAttr": []
}