{
  "anticapitalism": 0.691890739105822,
  "armor": "",
  "baseThirst": 0.7139871190296592,
  "baserunningRating": 0.2055711685180054,
  "bat": "",
  "blood": 0,
  "buoyancy": 0.6955847806061175,
  "chasiness": 0.5573567651447606,
  "cinnamon": 0.4588109637460665,
  "coffee": 12,
  "coldness": 0.6827472028684096,
  "continuation": 0.5320775984269275,
  "deceased": false,
  "defenseRating": 0.7308967886958538,
  "divinity": 0.6378859684618323,
  "eDensity": 0,
  "evolution": 1,
  "fate": 11,
  "gameAttr": [],
  "groundFriction": 0.4230320562010417,
  "hitStreak": 0,
  "hittingRating": 0.3738329500422696,
  "id": "0ef1bc34-64ee-4c7b-8be2-88322b407a58",
  "indulgence": 0.17468411450600274,
  "laserlikeness": 0.08635072745094359,
  "leagueTeamId": "d9f89a8a-c563-493e-9d64-78e4f9a55d4a",
  "martyrdom": 0.9122361792433716,
  "moxie": 0.8438233624655038,
  "musclitude": 0.12390379837715115,
  "name": "Geraldine Frost",
  "omniscience": 0.6991820617183244,
  "overpowerment": 0.7862670408700658,
  "patheticism": 0.638909712193013,
  "peanutAllergy": true,
  "permAttr": [],
  "pitchingRating": 0.4375802952105945,
  "pressurization": 0.6638285621331361,
  "ritual": "Fixating on their impending death",
  "ruthlessness": 0.2781798991903841,
  "seasAttr": [],
  "shakespearianism": 0.8408183113236689,
  "soul": 7,
  "state": {},
  "suppression": 0.5686443339956999,
  "tenaciousness": 0.8339886815727389,
  "thwackability": 0.17882841296469731,
  "totalFingers": 10,
  "tournamentTeamId": null,
  "tragicness": 0.18123753110010887,
  "unthwackability": 0.6044083666489573,
  "watchfulness": 0.33180954472592683,
  "weekAttr": []
}