{
  "anticapitalism": 0.3847730630324986,
  "armor": "",
  "baseThirst": 0.18338805434851377,
  "bat": "",
  "blood": 7,
  "buoyancy": 0.01,
  "chasiness": 0.6800077656163779,
  "cinnamon": 0.23981402302350863,
  "coffee": 2,
  "coldness": 0.19919409625032597,
  "continuation": 0.6162414541114067,
  "deceased": false,
  "divinity": 0.01,
  "fate": 3,
  "gameAttr": [],
  "groundFriction": 0.1336093624360492,
  "id": "0f61d948-4f0c-4550-8410-ae1c7f9f5613",
  "indulgence": 0.4771138798308715,
  "laserlikeness": 0.19493980431442456,
  "martyrdom": 0.01,
  "moxie": 0.07383628098137857,
  "musclitude": 0.6173212698353545,
  "name": "Tamara Crankit",
  "omniscience": 0.6203270706587809,
  "overpowerment": 0.190624517663642,
  "patheticism": 0.2591160017540857,
  "peanutAllergy": true,
  "permAttr": [],
  "pressurization": 0.3936597953964211,
  "ritual": "Shivering",
  "ruthlessness": 0.3458845563434209,
  "seasAttr": [],
  "shakespearianism": 0.13973473894937877,
  "soul": 5,
  "suppression": 0.1666422206826636,
  "tenaciousness": 0.01,
  "thwackability": 0.46603664736571554,
  "totalFingers": 11,
  "tragicness": 0.30000000000000004,
  "unthwackability": 0.7452954506750531,
  "watchfulness": 0.15250529324578593,
  "weekAttr": []
}