{
  "anticapitalism": 0.4187396074123969,
  "baseThirst": 0.5566219091949876,
  "baserunningRating": 0.6895239693936512,
  "blood": 7,
  "buoyancy": 0.5055967904697695,
  "chasiness": 0.644930901210087,
  "cinnamon": 0.6993443260809576,
  "coffee": 2,
  "coldness": 0.5632407907832099,
  "continuation": 0.9523093440702448,
  "deceased": false,
  "defenseRating": 0.6310905963476042,
  "divinity": 0.4754324139656206,
  "eDensity": 30.219267382679423,
  "evolution": 0,
  "fate": 3,
  "gameAttr": [],
  "groundFriction": 0.4812188332996192,
  "hitStreak": 0,
  "hittingRating": 0.7051276562586459,
  "id": "0f61d948-4f0c-4550-8410-ae1c7f9f5613",
  "indulgence": 0.8121758620581099,
  "itemAttr": [],
  "items": [
    {
      "baserunningRating": 0,
      "defenseRating": 0.04547145344784109,
      "durability": 5,
      "forger": null,
      "forgerName": null,
      "health": 5,
      "hittingRating": 0.04168815123986891,
      "id": "8c50f395-4c59-43d9-ac17-17bff9125037",
      "name": "Frosty Concrete Bat",
      "pitchingRating": 0.004744381374794382,
      "postPrefix": {
        "adjustments": [
          {
            "type": 3,
            "value": 2
          }
        ],
        "name": "Concrete"
      },
      "prePrefix": null,
      "prefixes": [
        {
          "adjustments": [
            {
              "stat": 17,
              "type": 1,
              "value": 0.1381579932178581
            },
            {
              "stat": 25,
              "type": 1,
              "value": 0.17161784764159368
            },
            {
              "stat": 23,
              "type": 1,
              "value": 0.28058506460200405
            }
          ],
          "name": "Frosty"
        }
      ],
      "root": {
        "adjustments": [
          {
            "stat": 2,
            "type": 1,
            "value": 0.16092814276163625
          }
        ],
        "name": "Bat"
      },
      "suffix": null
    }
  ],
  "laserlikeness": 0.6513771631327548,
  "leagueTeamId": "a37f9158-7f82-46bc-908c-c9e2dda7c33b",
  "martyrdom": 0.5047158681991296,
  "moxie": 0.5247851343564174,
  "musclitude": 1.1263638241140803,
  "name": "Tamara Crankit",
  "omniscience": 0.7020054581304511,
  "overpowerment": 0.6923690792119931,
  "patheticism": 0.001,
  "peanutAllergy": false,
  "permAttr": [],
  "pitchingRating": 0.8627245469543021,
  "pressurization": 0.3936597953964211,
  "ritual": "Shivering",
  "ruthlessness": 0.8221839585826651,
  "seasAttr": [],
  "shakespearianism": 0.49755171950652216,
  "soul": 5,
  "state": {},
  "suppression": 0.5997309515822814,
  "tenaciousness": 0.39579983826126414,
  "thwackability": 0.9023264347060128,
  "totalFingers": 11,
  "tournamentTeamId": "9e42c12a-7561-42a2-b2d0-7cf81a817a5e",
  "tragicness": 0.001,
  "unthwackability": 1.15017906993665,
  "watchfulness": 0.4806485753708876,
  "weekAttr": []
}