{
  "anticapitalism": 0.3320321791734432,
  "armor": "",
  "baseThirst": 0.42275353045322417,
  "baserunningRating": 0.5653843219875877,
  "bat": "",
  "blood": 7,
  "buoyancy": 0.37535918509966687,
  "chasiness": 0.5399385877210762,
  "cinnamon": 0.5641152733333521,
  "coffee": 2,
  "coldness": 0.43328596393266416,
  "continuation": 0.8343783600809251,
  "deceased": false,
  "defenseRating": 0.5286359534229162,
  "divinity": 0.36388489128806095,
  "eDensity": 26.60119532102837,
  "evolution": 0,
  "fate": 3,
  "gameAttr": [],
  "groundFriction": 0.3830550405340139,
  "hitStreak": 0,
  "hittingRating": 0.5867449237124761,
  "id": "0f61d948-4f0c-4550-8410-ae1c7f9f5613",
  "indulgence": 0.709812461364337,
  "laserlikeness": 0.5108771843142368,
  "leagueTeamId": "a37f9158-7f82-46bc-908c-c9e2dda7c33b",
  "martyrdom": 0.4065952717743141,
  "moxie": 0.3855562733528423,
  "musclitude": 0.9977669649116052,
  "name": "Tamara Crankit",
  "omniscience": 0.5804787627689045,
  "overpowerment": 0.5340349779624272,
  "patheticism": 0.001,
  "peanutAllergy": true,
  "permAttr": [],
  "pitchingRating": 0.6908341324525016,
  "pressurization": 0.3936597953964211,
  "ritual": "Shivering",
  "ruthlessness": 0.665614404883322,
  "seasAttr": [],
  "shakespearianism": 0.3510807366954899,
  "soul": 5,
  "state": {},
  "suppression": 0.5056658596937456,
  "tenaciousness": 0.2880271007783781,
  "thwackability": 0.7740593419164606,
  "totalFingers": 11,
  "tournamentTeamId": "9e42c12a-7561-42a2-b2d0-7cf81a817a5e",
  "tragicness": 0.001,
  "unthwackability": 1.0256008257400977,
  "watchfulness": 0.3400971952750011,
  "weekAttr": []
}