{
  "anticapitalism": 0.6451804161169421,
  "armor": "",
  "baseThirst": 0.227440233936016,
  "baserunningRating": 0.2955766123841778,
  "bat": "",
  "blood": 11,
  "buoyancy": 0.08662497411677772,
  "chasiness": 0.5875716225078642,
  "cinnamon": 0.6090553747385687,
  "coffee": 9,
  "coldness": 0.5316018543660446,
  "continuation": 0.09446267001435138,
  "deceased": false,
  "defenseRating": 0.2796266564826709,
  "divinity": 0.18210574251985467,
  "eDensity": 0,
  "evolution": 0,
  "fate": 29,
  "gameAttr": [],
  "groundFriction": 0.43737321214006264,
  "hitStreak": 0,
  "hittingRating": 0.3439814363258644,
  "id": "103d788d-2c74-4edc-9299-2a1384a2776a",
  "indulgence": 0.9969802540202204,
  "laserlikeness": 0.2223345139035766,
  "leagueTeamId": "bb4a9de5-c924-4923-a0cb-9d1445f1ee5d",
  "martyrdom": 0.5350180193239487,
  "moxie": 0.18442774519244076,
  "musclitude": 0.24248257266940132,
  "name": "Kit Ratoon",
  "omniscience": 0.12951576096321915,
  "overpowerment": 0.7311331159883261,
  "patheticism": 0.8567305560565384,
  "peanutAllergy": true,
  "permAttr": [],
  "pitchingRating": 0.23275792451694077,
  "pressurization": 0.7674941975782683,
  "ritual": "Hyperventilating",
  "ruthlessness": 0.4096638392132239,
  "seasAttr": [],
  "shakespearianism": 0.3274355846054937,
  "soul": 3,
  "state": {},
  "suppression": 0.19256835898723135,
  "tenaciousness": 0.04945317158235096,
  "thwackability": 0.6950103311518587,
  "totalFingers": 10,
  "tournamentTeamId": null,
  "tragicness": 0.0959896367823263,
  "unthwackability": 0.1568062653436515,
  "watchfulness": 0.18793608135369455,
  "weekAttr": []
}