{
  "anticapitalism": 0.6451804161169421,
  "baseThirst": 0.227440233936016,
  "baserunningRating": 0.2955766123841778,
  "blood": 11,
  "buoyancy": 0.19878857269361733,
  "chasiness": 0.5875716225078642,
  "cinnamon": 0.6090553747385687,
  "coffee": 9,
  "coldness": 0.6091462382872315,
  "continuation": 0.09446267001435138,
  "deceased": false,
  "defenseRating": 0.2796266564826709,
  "divinity": 0.2524867662655408,
  "eDensity": 15.276572543265797,
  "evolution": 0,
  "fate": 29,
  "gameAttr": [],
  "groundFriction": 0.43737321214006264,
  "hitStreak": 0,
  "hittingRating": 0.4268718087948413,
  "id": "103d788d-2c74-4edc-9299-2a1384a2776a",
  "indulgence": 0.9969802540202204,
  "itemAttr": [],
  "items": [],
  "laserlikeness": 0.2223345139035766,
  "leagueTeamId": "bb4a9de5-c924-4923-a0cb-9d1445f1ee5d",
  "martyrdom": 0.5659720954099903,
  "moxie": 0.30330592793266375,
  "musclitude": 0.3100038127772315,
  "name": "Kit Ratoon",
  "omniscience": 0.12951576096321915,
  "overpowerment": 0.7788733403595464,
  "patheticism": 0.7466788565493425,
  "peanutAllergy": true,
  "permAttr": [],
  "pitchingRating": 0.3231495713762809,
  "pressurization": 0.7674941975782683,
  "ritual": "Hyperventilating",
  "ruthlessness": 0.5268559767119766,
  "seasAttr": [],
  "shakespearianism": 0.4417246917362695,
  "soul": 3,
  "state": {},
  "suppression": 0.28157600057546345,
  "tenaciousness": 0.04945317158235096,
  "thwackability": 0.7269129666369063,
  "totalFingers": 10,
  "tournamentTeamId": null,
  "tragicness": 0.053317312471090665,
  "unthwackability": 0.22685438284703796,
  "watchfulness": 0.18793608135369455,
  "weekAttr": []
}