{
  "anticapitalism": 1.4100412160512856,
  "armor": "",
  "baseThirst": 1.224475409738177,
  "bat": "",
  "blood": 5,
  "buoyancy": 1.331826558431138,
  "chasiness": 0.9294645646610104,
  "cinnamon": 0.14601387668267324,
  "coffee": 12,
  "coldness": 0.38584416768264607,
  "continuation": 0.7760011292076605,
  "deceased": false,
  "divinity": 0.8245662135489913,
  "fate": 68,
  "gameAttr": [],
  "groundFriction": 0.5230142896774563,
  "hitStreak": 0,
  "id": "11de4da3-8208-43ff-a1ff-0b3480a0fbf1",
  "indulgence": 1.097796923965598,
  "laserlikeness": 1.1918539171660854,
  "martyrdom": 1.1948825475163494,
  "moxie": 1.201690628141217,
  "musclitude": 1.161122640306921,
  "name": "Don Mitchell",
  "omniscience": 0.6736298070914506,
  "overpowerment": 1.0809622464972382,
  "patheticism": 0.35561630291601487,
  "peanutAllergy": false,
  "permAttr": [
    "REVERBERATING"
  ],
  "pressurization": 0.31129207590498664,
  "ritual": "Getting mad",
  "ruthlessness": 0.6313696880740853,
  "seasAttr": [],
  "shakespearianism": 1.203754475245089,
  "soul": 2,
  "suppression": 0.2945788881952279,
  "tenaciousness": 0.46251599759965345,
  "thwackability": 0.679993818034275,
  "totalFingers": 11,
  "tragicness": 0.1,
  "unthwackability": 1.0105256205626851,
  "watchfulness": 0.6372719177110716,
  "weekAttr": []
}