{
  "anticapitalism": 1.4257694800424991,
  "baseThirst": 1.323928578129396,
  "baserunningRating": 1.1329053346848788,
  "blood": 9,
  "buoyancy": 1.4607463778530767,
  "chasiness": 0.9373770648406884,
  "cinnamon": 0.26446231305797896,
  "coffee": 12,
  "coldness": 0.5380169308834816,
  "continuation": 0.8979121796329488,
  "deceased": false,
  "defenseRating": 0.7855359455215678,
  "divinity": 0.940175106814057,
  "eDensity": 31.01300621620384,
  "evolution": 0,
  "fate": 68,
  "gameAttr": [],
  "groundFriction": 0.6480239236259014,
  "hitStreak": 0,
  "hittingRating": 0.9354757923018784,
  "id": "11de4da3-8208-43ff-a1ff-0b3480a0fbf1",
  "indulgence": 1.190616912730502,
  "itemAttr": [],
  "items": [
    {
      "baserunningRating": 0,
      "defenseRating": 0,
      "durability": 1,
      "forger": null,
      "forgerName": null,
      "health": 1,
      "hittingRating": 0.05044469061272738,
      "id": "bcfa4088-3176-4b04-a3d2-97a367644dae",
      "name": "Bat",
      "pitchingRating": 0,
      "postPrefix": null,
      "prePrefix": null,
      "prefixes": null,
      "root": {
        "adjustments": [
          {
            "stat": 2,
            "type": 1,
            "value": 0.13006568378560457
          }
        ],
        "name": "Bat"
      },
      "suffix": null
    }
  ],
  "laserlikeness": 1.3058549583530514,
  "leagueTeamId": "b72f3061-f573-40d7-832a-5ad475bd7909",
  "martyrdom": 1.2935001887883346,
  "moxie": 1.3279570509980834,
  "musclitude": 1.2721788092464634,
  "name": "Don Mitchell",
  "omniscience": 0.7154949537229001,
  "overpowerment": 1.2172285047754876,
  "patheticism": 0.22803103357925864,
  "peanutAllergy": false,
  "permAttr": [
    "REVERBERATING"
  ],
  "pitchingRating": 1.0050838155207955,
  "pressurization": 0.31129207590498664,
  "ritual": "Getting mad",
  "ruthlessness": 0.767961125986117,
  "seasAttr": [],
  "shakespearianism": 1.33126597651369,
  "soul": 2,
  "state": {},
  "suppression": 0.4165019513503464,
  "tenaciousness": 0.45111949358747344,
  "thwackability": 0.8033601555178989,
  "totalFingers": 11,
  "tournamentTeamId": "9a5ab308-41f2-4889-a3c3-733b9aab806e",
  "tragicness": 0.001,
  "unthwackability": 1.1458526468448778,
  "watchfulness": 0.6425407155221107,
  "weekAttr": []
}