{
  "anticapitalism": 1.471980245646339,
  "baseThirst": 1.4013651975959298,
  "baserunningRating": 1.1871220036649863,
  "blood": 9,
  "buoyancy": 1.5405361798473765,
  "chasiness": 1.000926431979877,
  "cinnamon": 0.31389950002606004,
  "coffee": 12,
  "coldness": 0.5875238747736974,
  "continuation": 0.9605694369786524,
  "deceased": false,
  "defenseRating": 0.8284655183171609,
  "divinity": 1.0152417578237452,
  "eDensity": 32.694869067638145,
  "evolution": 0,
  "fate": 68,
  "gameAttr": [],
  "groundFriction": 0.7238254976162508,
  "hitStreak": 0,
  "hittingRating": 0.9945578994872172,
  "id": "11de4da3-8208-43ff-a1ff-0b3480a0fbf1",
  "indulgence": 1.252691721682053,
  "itemAttr": [],
  "items": [
    {
      "baserunningRating": 0,
      "defenseRating": 0,
      "durability": 1,
      "forger": null,
      "forgerName": null,
      "health": 1,
      "hittingRating": 0.05044469061272738,
      "id": "bcfa4088-3176-4b04-a3d2-97a367644dae",
      "name": "Bat",
      "pitchingRating": 0,
      "postPrefix": null,
      "prePrefix": null,
      "prefixes": null,
      "root": {
        "adjustments": [
          {
            "stat": 2,
            "type": 1,
            "value": 0.13006568378560457
          }
        ],
        "name": "Bat"
      },
      "suffix": null
    }
  ],
  "laserlikeness": 1.3541883531099872,
  "leagueTeamId": "b72f3061-f573-40d7-832a-5ad475bd7909",
  "martyrdom": 1.3470348127783007,
  "moxie": 1.3770072564247842,
  "musclitude": 1.331998219827038,
  "name": "Don Mitchell",
  "omniscience": 0.7586293428009112,
  "overpowerment": 1.2599137550271255,
  "patheticism": 0.16388822696574065,
  "peanutAllergy": false,
  "permAttr": [
    "REVERBERATING"
  ],
  "pitchingRating": 1.0891215881932277,
  "pressurization": 0.31129207590498664,
  "ritual": "Getting mad",
  "ruthlessness": 0.8413040833444173,
  "seasAttr": [],
  "shakespearianism": 1.3898727180401105,
  "soul": 2,
  "state": {},
  "suppression": 0.4755076769159464,
  "tenaciousness": 0.5049668959560221,
  "thwackability": 0.8588796934116999,
  "totalFingers": 11,
  "tournamentTeamId": "9a5ab308-41f2-4889-a3c3-733b9aab806e",
  "tragicness": 0.001,
  "unthwackability": 1.2219172854968994,
  "watchfulness": 0.7044580622535856,
  "weekAttr": []
}