{
  "anticapitalism": 0.37170883674432664,
  "baseThirst": 0.8198466890746292,
  "baserunningRating": 0.2271391754732216,
  "blood": 0,
  "buoyancy": 0.3245376973981531,
  "chasiness": 0.5520020489387658,
  "cinnamon": 0.923845543081982,
  "coffee": 2,
  "coldness": 0.5835166058131156,
  "continuation": 0.7039994091950661,
  "deceased": true,
  "defenseRating": 0.6694733819669669,
  "divinity": 0.9546137446772582,
  "eDensity": 17.10515202738839,
  "evolution": 1,
  "fate": 10,
  "gameAttr": [],
  "groundFriction": 0.6926057891299904,
  "hitStreak": 0,
  "hittingRating": 0.20527190077890775,
  "id": "11f25eae-465f-43cc-9366-f19addc803bc",
  "indulgence": 0.1941819436655705,
  "itemAttr": [],
  "items": [],
  "laserlikeness": 0.0860169638791013,
  "leagueTeamId": "46358869-dce9-4a01-bfba-ac24fc56f57e",
  "martyrdom": 0.7694063616789983,
  "moxie": 0.6310409223505389,
  "musclitude": 0.31813182974668885,
  "name": "Ruffian Applesauce",
  "omniscience": 0.869932032888481,
  "overpowerment": 0.787753771914768,
  "patheticism": 0.9890729963723734,
  "peanutAllergy": true,
  "permAttr": [
    "INHABITING"
  ],
  "pitchingRating": 0.7702801171221023,
  "pressurization": 0.4877097227775711,
  "ritual": "Pondering",
  "ruthlessness": 0.845309676918037,
  "seasAttr": [],
  "shakespearianism": 0.7495996063640074,
  "soul": 2,
  "state": {},
  "suppression": 0.3092955110831994,
  "tenaciousness": 0.969417809971064,
  "thwackability": 0.03124255485883819,
  "totalFingers": 10,
  "tournamentTeamId": null,
  "tragicness": 0.2272292053895011,
  "unthwackability": 0.7934124748377591,
  "watchfulness": 0.1239358452772832,
  "weekAttr": []
}