{
  "anticapitalism": 1.0008970908920292,
  "baseThirst": 0.3272629917050999,
  "baserunningRating": 0.3601703199696093,
  "blood": 8,
  "buoyancy": 0.5894648174449363,
  "chasiness": 0.7572264586648733,
  "cinnamon": 0.8023096587628568,
  "coffee": 11,
  "coldness": 0.19436748882175223,
  "continuation": 0.8685430069777598,
  "deceased": false,
  "defenseRating": 0.4745130972234453,
  "divinity": 0.8349718860374503,
  "eDensity": 19.927915845015217,
  "evolution": 0,
  "fate": 26,
  "gameAttr": [],
  "groundFriction": 0.37848729706879886,
  "hitStreak": 0,
  "hittingRating": 0.42897422364170257,
  "id": "12577256-bc4e-4955-81d6-b422d895fb12",
  "indulgence": 0.4243192025365515,
  "itemAttr": [
    "BLASERUNNING"
  ],
  "items": [
    {
      "baserunningRating": 0,
      "defenseRating": 0.004552115809719537,
      "durability": 3,
      "forger": null,
      "forgerName": null,
      "health": 3,
      "hittingRating": 0.008857441146461698,
      "id": "b7a5510c-685c-41e5-abc8-3667afa67ebf",
      "name": "Brambly Necklace of Blaserunning",
      "pitchingRating": 0.05524046384225623,
      "postPrefix": null,
      "prePrefix": null,
      "prefixes": [
        {
          "adjustments": [
            {
              "stat": 19,
              "type": 1,
              "value": 0.14820756209014196
            },
            {
              "stat": 24,
              "type": 1,
              "value": 0.10506974136762266
            }
          ],
          "name": "Brambly"
        }
      ],
      "root": {
        "adjustments": [
          {
            "stat": 3,
            "type": 1,
            "value": 0.11299201133263166
          }
        ],
        "name": "Necklace"
      },
      "suffix": {
        "adjustments": [
          {
            "mod": "BLASERUNNING",
            "type": 0
          }
        ],
        "name": "Blaserunning"
      }
    }
  ],
  "laserlikeness": 0.24050792957112624,
  "leagueTeamId": "b63be8c2-576a-4d6e-8daf-814f8bcea96f",
  "martyrdom": 1.1343179551522506,
  "moxie": 0.341095781492763,
  "musclitude": 0.40915067705602176,
  "name": "Jasmine Washington",
  "omniscience": 0.5902629204617079,
  "overpowerment": 0.1822358954506968,
  "patheticism": 0.588795330323754,
  "peanutAllergy": true,
  "permAttr": [
    "ALTERNATE"
  ],
  "pitchingRating": 0.5894146493664628,
  "pressurization": 0.47705427132604256,
  "ritual": "Baking",
  "ruthlessness": 0.5569074142948139,
  "seasAttr": [],
  "shakespearianism": 0.7028746967014101,
  "soul": 4,
  "state": {
    "itemModSources": {
      "BLASERUNNING": [
        "b7a5510c-685c-41e5-abc8-3667afa67ebf"
      ]
    }
  },
  "suppression": 0.294686935872667,
  "tenaciousness": 0.14435203286606088,
  "thwackability": 0.184672404563242,
  "totalFingers": 13,
  "tournamentTeamId": null,
  "tragicness": 0.21462380792015603,
  "unthwackability": 1.0770069624896004,
  "watchfulness": 0.10517923797794076,
  "weekAttr": []
}