{
  "anticapitalism": 0.4829384345078926,
  "armor": "",
  "baseThirst": 0.488397260199613,
  "baserunningRating": 0.9306792285335136,
  "bat": "",
  "blood": 4,
  "buoyancy": 0.9592503550297456,
  "chasiness": 0.05,
  "cinnamon": 0.8957032732166696,
  "coffee": 3,
  "coldness": 0.934941321731598,
  "continuation": 0.3909157786084652,
  "deceased": false,
  "defenseRating": 0.2652230950106056,
  "divinity": 0.8701988014342099,
  "eDensity": 26.1364691111828,
  "evolution": 0,
  "fate": 25,
  "gameAttr": [],
  "groundFriction": 0.8106842355388779,
  "hitStreak": 0,
  "hittingRating": 0.6357381634276075,
  "id": "126fb128-7c53-45b5-ac2b-5dbf9943d71b",
  "indulgence": 1.1734861460422334,
  "laserlikeness": 1.218324056152691,
  "leagueTeamId": "f02aeae2-5e6a-4098-9842-02d2273f25c7",
  "martyrdom": 0.6881462619552936,
  "moxie": 0.7041980559616485,
  "musclitude": 0.8748043812437367,
  "name": "Sigmund Castillo",
  "omniscience": 0.05,
  "overpowerment": 0.8831295212193301,
  "patheticism": 0.579652815726901,
  "peanutAllergy": false,
  "permAttr": [],
  "pitchingRating": 0.6841694022940136,
  "pressurization": 0.10205706506134882,
  "ritual": "Hyperbaric chamber",
  "ruthlessness": 0.522688156930567,
  "seasAttr": [],
  "shakespearianism": 0.91046647695761,
  "soul": 5,
  "state": {},
  "suppression": 0.7508295360790226,
  "tenaciousness": 0.7553892499148914,
  "thwackability": 0.40477844202541285,
  "totalFingers": 13,
  "tournamentTeamId": "b3b9636a-f88a-47dc-a91d-86ecc79f9934",
  "tragicness": 0.060000000000000005,
  "unthwackability": 0.8347065793314904,
  "watchfulness": 0.05,
  "weekAttr": []
}