{
  "anticapitalism": 0.5320103893322277,
  "baseThirst": 0.515244083218072,
  "baserunningRating": 0.953881793054962,
  "blood": 4,
  "buoyancy": 0.9876416978832152,
  "chasiness": 0.06843385232915264,
  "cinnamon": 0.90715624648023,
  "coffee": 3,
  "coldness": 0.967273177088035,
  "continuation": 0.4218231887196106,
  "deceased": false,
  "defenseRating": 0.3281384534910599,
  "divinity": 0.9037014126740444,
  "eDensity": 28.678696824197697,
  "evolution": 0,
  "fate": 25,
  "gameAttr": [],
  "groundFriction": 0.8212257526677367,
  "hitStreak": 0,
  "hittingRating": 0.668995992193877,
  "id": "126fb128-7c53-45b5-ac2b-5dbf9943d71b",
  "indulgence": 1.206142329699919,
  "itemAttr": [],
  "items": [],
  "laserlikeness": 1.2370527020096145,
  "leagueTeamId": "f02aeae2-5e6a-4098-9842-02d2273f25c7",
  "martyrdom": 0.737632960032585,
  "moxie": 0.7458755271150751,
  "musclitude": 0.8981715193268875,
  "name": "Sigmund Castillo",
  "omniscience": 0.08213810033924318,
  "overpowerment": 0.9072138786482606,
  "patheticism": 0.5543553330798217,
  "peanutAllergy": false,
  "permAttr": [],
  "pitchingRating": 0.7173690218597718,
  "pressurization": 0.10205706506134882,
  "ritual": "Hyperbaric chamber",
  "ruthlessness": 0.569270651884905,
  "seasAttr": [],
  "shakespearianism": 0.9316533987111328,
  "soul": 5,
  "state": {},
  "suppression": 0.7628289833998352,
  "tenaciousness": 0.80298650934845,
  "thwackability": 0.4369298703406773,
  "totalFingers": 13,
  "tournamentTeamId": "b3b9636a-f88a-47dc-a91d-86ecc79f9934",
  "tragicness": 0.01994437297031302,
  "unthwackability": 0.8448681999029188,
  "watchfulness": 0.0913848831650449,
  "weekAttr": []
}