{
  "anticapitalism": 0.7229384345078925,
  "armor": "",
  "baseThirst": 0.428397260199613,
  "bat": "",
  "blood": 7,
  "buoyancy": 0.8992503550297455,
  "chasiness": 0.1145221293508049,
  "cinnamon": 0.8957032732166696,
  "coffee": 3,
  "coldness": 0.914941321731598,
  "continuation": 0.3309157786084652,
  "deceased": false,
  "divinity": 0.8101988014342099,
  "fate": 25,
  "gameAttr": [],
  "groundFriction": 0.7506842355388779,
  "id": "126fb128-7c53-45b5-ac2b-5dbf9943d71b",
  "indulgence": 1.1134861460422334,
  "laserlikeness": 1.1583240561526909,
  "martyrdom": 0.6281462619552936,
  "moxie": 0.6441980559616485,
  "musclitude": 0.8148043812437367,
  "name": "Sigmund Castillo",
  "omniscience": 0.12704066354422133,
  "overpowerment": 0.8631295212193301,
  "patheticism": 0.639652815726901,
  "peanutAllergy": true,
  "permAttr": [],
  "pressurization": 0.10205706506134882,
  "ritual": "Hyperbaric chamber",
  "ruthlessness": 0.502688156930567,
  "seasAttr": [],
  "shakespearianism": 0.8904664769576099,
  "soul": 5,
  "suppression": 0.7308295360790226,
  "tenaciousness": 0.9953892499148914,
  "thwackability": 0.3447784420254129,
  "totalFingers": 12,
  "tragicness": 0.1,
  "unthwackability": 0.8147065793314904,
  "watchfulness": 0.2676183554333777,
  "weekAttr": []
}