{
  "_id": "126fb128-7c53-45b5-ac2b-5dbf9943d71b",
  "anticapitalism": 0.6429384345078926,
  "baseThirst": 0.24839726019961297,
  "bat": "",
  "buoyancy": 0.7692503550297456,
  "chasiness": 0.0345221293508049,
  "cinnamon": 0.8957032732166696,
  "coldness": 0.864941321731598,
  "continuation": 0.15091577860846517,
  "deceased": false,
  "divinity": 0.68019880143421,
  "fate": 46,
  "groundFriction": 0.5706842355388779,
  "indulgence": 0.9334861460422332,
  "laserlikeness": 0.9783240561526908,
  "martyrdom": 0.49814626195529366,
  "moxie": 0.5141980559616486,
  "musclitude": 0.6848043812437368,
  "name": "Sigmund Castillo",
  "omniscience": 0.04704066354422132,
  "overpowerment": 0.8131295212193301,
  "patheticism": 0.7696528157269009,
  "peanutAllergy": false,
  "pressurization": 0.10205706506134882,
  "ruthlessness": 0.45268815693056697,
  "shakespearianism": 0.84046647695761,
  "soul": 5,
  "suppression": 0.6808295360790226,
  "tenaciousness": 0.9153892499148916,
  "thwackability": 0.21477844202541285,
  "totalFingers": 10,
  "tragicness": 0.1,
  "unthwackability": 0.7647065793314904,
  "watchfulness": 0.18761835543337768
}