{
  "anticapitalism": 0.4429384345078926,
  "armor": "",
  "baseThirst": 0.448397260199613,
  "baserunningRating": 0.8901193167979469,
  "bat": "",
  "blood": 4,
  "buoyancy": 0.9192503550297456,
  "chasiness": 0.01,
  "cinnamon": 0.8957032732166696,
  "coffee": 3,
  "coldness": 0.934941321731598,
  "continuation": 0.35091577860846523,
  "deceased": false,
  "defenseRating": 0.1366289776268407,
  "divinity": 0.8301988014342099,
  "eDensity": 26.424883537190684,
  "evolution": 0,
  "fate": 25,
  "gameAttr": [],
  "groundFriction": 0.7706842355388779,
  "hitStreak": 0,
  "hittingRating": 0.5942921763073132,
  "id": "126fb128-7c53-45b5-ac2b-5dbf9943d71b",
  "indulgence": 1.1334861460422334,
  "laserlikeness": 1.1783240561526909,
  "leagueTeamId": "f02aeae2-5e6a-4098-9842-02d2273f25c7",
  "martyrdom": 0.6481462619552936,
  "moxie": 0.6641980559616485,
  "musclitude": 0.8348043812437367,
  "name": "Sigmund Castillo",
  "omniscience": 0.01,
  "overpowerment": 0.8831295212193301,
  "patheticism": 0.619652815726901,
  "peanutAllergy": false,
  "permAttr": [],
  "pitchingRating": 0.6841694022940136,
  "pressurization": 0.10205706506134882,
  "ritual": "Hyperbaric chamber",
  "ruthlessness": 0.522688156930567,
  "seasAttr": [],
  "shakespearianism": 0.91046647695761,
  "soul": 5,
  "state": {},
  "suppression": 0.7508295360790226,
  "tenaciousness": 0.7153892499148914,
  "thwackability": 0.3647784420254129,
  "totalFingers": 13,
  "tournamentTeamId": "b3b9636a-f88a-47dc-a91d-86ecc79f9934",
  "tragicness": 0.1,
  "unthwackability": 0.8347065793314904,
  "watchfulness": 0.01,
  "weekAttr": []
}