{
  "anticapitalism": 0.822058471047071,
  "baseThirst": 0.5739400269241783,
  "baserunningRating": 0.9960065951113872,
  "blood": 9,
  "buoyancy": 0.2314664724042978,
  "chasiness": 0.7793518486186194,
  "cinnamon": 0.3925299039272466,
  "coffee": 4,
  "coldness": 0.7724211878059113,
  "continuation": 0.934791336317764,
  "deceased": false,
  "defenseRating": 0.968663783097343,
  "divinity": 1.07195619357462,
  "eDensity": 29.580701333156377,
  "evolution": 1,
  "fate": 0,
  "gameAttr": [],
  "groundFriction": 1.2084419866072953,
  "hitStreak": 0,
  "hittingRating": 0.8396247576327079,
  "id": "12c4368d-478b-42be-b6d3-fa2e9b230f82",
  "indulgence": 1.0532030348187995,
  "itemAttr": [],
  "items": [],
  "laserlikeness": 1.0706822629977606,
  "leagueTeamId": "46358869-dce9-4a01-bfba-ac24fc56f57e",
  "martyrdom": 0.5907372117072535,
  "moxie": 0.8317244741649497,
  "musclitude": 1.0083610963499237,
  "name": "Lady Matsuyama",
  "omniscience": 0.7973714452047107,
  "overpowerment": 0.8513395265227431,
  "patheticism": 0.28159515065520996,
  "peanutAllergy": true,
  "permAttr": [
    "HOMEBODY",
    "OVERPERFORMING"
  ],
  "pitchingRating": 0.5643764831809015,
  "pressurization": 0.38717811631454,
  "ritual": "Painting",
  "ruthlessness": 0.3886719169541479,
  "seasAttr": [],
  "shakespearianism": 1.128304239354577,
  "soul": 3,
  "state": {
    "permModSources": {
      "OVERPERFORMING": [
        "HOMEBODY"
      ]
    }
  },
  "suppression": 0.5558030281777089,
  "tenaciousness": 1.32431364432149,
  "thwackability": 0.6517874796585664,
  "totalFingers": 10,
  "tournamentTeamId": null,
  "tragicness": 0.5954100121829039,
  "unthwackability": 0.703983525478015,
  "watchfulness": 1.0181019753724676,
  "weekAttr": []
}