{
  "anticapitalism": 0.4351720102489043,
  "armor": "",
  "baseThirst": 0.9418716643712072,
  "baserunningRating": 0.6686490334651294,
  "bat": "",
  "blood": 0,
  "buoyancy": 0.5666230176774858,
  "chasiness": 0.994787670972157,
  "cinnamon": 0.9232246081826552,
  "coffee": 0,
  "coldness": 0.23015917635465272,
  "continuation": 0.6214102957199854,
  "deceased": false,
  "defenseRating": 0.7332878242483613,
  "divinity": 0.6898411614862989,
  "fate": 42,
  "gameAttr": [],
  "groundFriction": 1.0510792968635831,
  "hitStreak": 0,
  "hittingRating": 0.5552196653075628,
  "id": "12f3a18d-cc63-480d-b2ad-f0d89c1c4562",
  "indulgence": 1.15297462853,
  "laserlikeness": 0.47888513966159674,
  "leagueTeamId": null,
  "martyrdom": 0.2846929270412354,
  "moxie": 0.6097682395472301,
  "musclitude": 0.6461937823737183,
  "name": "The Murph",
  "omniscience": 0.6677056160962971,
  "overpowerment": 0.6376411743203747,
  "patheticism": 0.4834947374362517,
  "peanutAllergy": false,
  "permAttr": [
    "COFFEE_PERIL"
  ],
  "pitchingRating": 0.7481270169322237,
  "pressurization": 0.4768344822197174,
  "ritual": "Jumping-jacks",
  "ruthlessness": 1.0322819334640871,
  "seasAttr": [],
  "shakespearianism": 1.1548407272635444,
  "soul": 4,
  "suppression": 0.3896621815447088,
  "tenaciousness": 0.899356475681613,
  "thwackability": 0.39589954280526296,
  "totalFingers": 33,
  "tournamentTeamId": "7fcb63bc-11f2-40b9-b465-f1d458692a63",
  "tragicness": 0.4577414371263639,
  "unthwackability": 0.6530302164034265,
  "watchfulness": 0.2879516689796099,
  "weekAttr": []
}