{
  "anticapitalism": 0.3810627930537996,
  "baseThirst": 0.5163105852824879,
  "baserunningRating": 0.8765647981869802,
  "blood": 10,
  "buoyancy": 1.1688629571632718,
  "chasiness": 0.4923863522098768,
  "cinnamon": 0.7494648202850536,
  "coffee": 11,
  "coldness": 1.0236053547220751,
  "continuation": 0.8352022289762215,
  "deceased": false,
  "defenseRating": 0.7042851588433443,
  "divinity": 1.2231271463892,
  "eDensity": 30.714107636159117,
  "evolution": 0,
  "fate": 99,
  "gameAttr": [],
  "groundFriction": 1.111960024413596,
  "hitStreak": 0,
  "hittingRating": 0.9127156675089628,
  "id": "1301ee81-406e-43d9-b2bb-55ca6e0f7765",
  "indulgence": 1.1940292897839175,
  "items": [],
  "laserlikeness": 0.8590267465165113,
  "leagueTeamId": "105bc3ff-1320-4e37-8ef0-8d595cb95dd0",
  "martyrdom": 0.8790606382452841,
  "moxie": 1.328577399364874,
  "musclitude": 0.8198083878019232,
  "name": "Malik Destiny",
  "omniscience": 1.0503771847777257,
  "overpowerment": 0.3810453412566543,
  "patheticism": 0.001,
  "peanutAllergy": false,
  "permAttr": [
    "ALTERNATE",
    "FIRE_EATER",
    "ELSEWHERE"
  ],
  "pitchingRating": 0.9767119009553952,
  "pressurization": 0.5871506451142308,
  "ritual": "Gasping for air",
  "ruthlessness": 1.1547482921710153,
  "seasAttr": [],
  "shakespearianism": 0.8008185561726778,
  "soul": 4,
  "state": {
    "elsewhere": {
      "day": 61,
      "season": 14
    }
  },
  "suppression": 1.067377084915773,
  "tenaciousness": 0.49381447011036256,
  "thwackability": 0.6230527929753973,
  "totalFingers": 10,
  "tournamentTeamId": "a7592bd7-1d3c-4ffb-8b3a-0b1e4bc321fd",
  "tragicness": 0.001,
  "unthwackability": 1.1858688088141374,
  "watchfulness": 0.5947913322152699,
  "weekAttr": []
}