{
  "anticapitalism": 0.01,
  "armor": "",
  "baseThirst": 0.12649894630944858,
  "baserunningRating": 0.5413326008225248,
  "bat": "",
  "blood": 10,
  "buoyancy": 0.7451261953776713,
  "chasiness": 0.11941547599075784,
  "cinnamon": 0.3759041675039605,
  "coffee": 11,
  "coldness": 0.7114606910561565,
  "continuation": 0.5174945836552169,
  "deceased": false,
  "defenseRating": 0.2841883149646453,
  "divinity": 0.8992582906482982,
  "fate": 99,
  "gameAttr": [],
  "groundFriction": 0.7009343974453073,
  "hitStreak": 0,
  "hittingRating": 0.5956856950593299,
  "id": "1301ee81-406e-43d9-b2bb-55ca6e0f7765",
  "indulgence": 0.8276272750973617,
  "laserlikeness": 0.5636732019580661,
  "leagueTeamId": "105bc3ff-1320-4e37-8ef0-8d595cb95dd0",
  "martyrdom": 0.5561318685895045,
  "moxie": 0.9845807638696438,
  "musclitude": 0.5112664219248062,
  "name": "Malik Destiny",
  "omniscience": 0.7634042074310031,
  "overpowerment": 0.08953577007213998,
  "patheticism": 0.19265464950594868,
  "peanutAllergy": false,
  "permAttr": [
    "ALTERNATE",
    "FIRE_EATER",
    "COFFEE_RALLY"
  ],
  "pitchingRating": 0.5231104566579445,
  "pressurization": 0.5871506451142308,
  "ritual": "Gasping for air",
  "ruthlessness": 0.7302402380024593,
  "seasAttr": [],
  "shakespearianism": 0.4794309898350233,
  "soul": 4,
  "suppression": 0.7068356172474264,
  "tenaciousness": 0.14219493287324422,
  "thwackability": 0.31356833262581985,
  "totalFingers": 10,
  "tournamentTeamId": "a7592bd7-1d3c-4ffb-8b3a-0b1e4bc321fd",
  "tragicness": 0.1,
  "unthwackability": 0.8551896906665326,
  "watchfulness": 0.24418794283681575,
  "weekAttr": []
}