{
  "anticapitalism": 0.42497167155081034,
  "baseThirst": 0.590542173776856,
  "baserunningRating": 0.9297944812973488,
  "blood": 10,
  "buoyancy": 1.232495188591194,
  "chasiness": 0.5718112493710864,
  "cinnamon": 0.8279032170989631,
  "coffee": 11,
  "coldness": 1.0951126362757988,
  "continuation": 0.9123511912762408,
  "deceased": false,
  "defenseRating": 0.7562022148630632,
  "divinity": 1.2650086121415982,
  "eDensity": 33.911049932367774,
  "evolution": 0,
  "fate": 99,
  "gameAttr": [],
  "groundFriction": 1.19170342984811,
  "hitStreak": 0,
  "hittingRating": 0.9686746346250644,
  "id": "1301ee81-406e-43d9-b2bb-55ca6e0f7765",
  "indulgence": 1.2484068614192936,
  "itemAttr": [],
  "items": [
    {
      "baserunningRating": 0,
      "defenseRating": 0,
      "durability": 1,
      "forger": null,
      "forgerName": null,
      "health": 0,
      "hittingRating": 0.053283701642361514,
      "id": "5837a032-ae34-4fe4-894c-25ec32ced8ce",
      "name": "Bat",
      "pitchingRating": 0,
      "postPrefix": null,
      "prePrefix": null,
      "prefixes": null,
      "root": {
        "adjustments": [
          {
            "stat": 2,
            "type": 1,
            "value": 0.11469324823572362
          }
        ],
        "name": "Bat"
      },
      "suffix": null
    }
  ],
  "laserlikeness": 0.9036213191361266,
  "leagueTeamId": "105bc3ff-1320-4e37-8ef0-8d595cb95dd0",
  "martyrdom": 0.9367486077154736,
  "moxie": 1.378552248221493,
  "musclitude": 0.8886222818149914,
  "name": "Malik Destiny",
  "omniscience": 1.1209105388119522,
  "overpowerment": 0.4287874868319665,
  "patheticism": 0.001,
  "peanutAllergy": false,
  "permAttr": [
    "ALTERNATE",
    "FIRE_EATER",
    "MAGMATIC"
  ],
  "pitchingRating": 1.046907230981349,
  "pressurization": 0.5871506451142308,
  "ritual": "Gasping for air",
  "ruthlessness": 1.210744512847001,
  "seasAttr": [],
  "shakespearianism": 0.8689470967734032,
  "soul": 4,
  "state": {},
  "suppression": 1.1248991433287268,
  "tenaciousness": 0.5603143814886192,
  "thwackability": 0.6937830333415024,
  "totalFingers": 10,
  "tournamentTeamId": "a7592bd7-1d3c-4ffb-8b3a-0b1e4bc321fd",
  "tragicness": 0.001,
  "unthwackability": 1.2414526322791972,
  "watchfulness": 0.6379128201799897,
  "weekAttr": []
}