{
  "anticapitalism": 0.04287593667156386,
  "armor": "",
  "baseThirst": 0.12649894630944858,
  "bat": "",
  "blood": 10,
  "buoyancy": 0.7451261953776713,
  "chasiness": 0.21941547599075784,
  "cinnamon": 0.3759041675039605,
  "coffee": 11,
  "coldness": 0.7114606910561565,
  "continuation": 0.5174945836552169,
  "deceased": false,
  "divinity": 0.8992582906482982,
  "fate": 99,
  "gameAttr": [],
  "groundFriction": 0.7009343974453073,
  "id": "1301ee81-406e-43d9-b2bb-55ca6e0f7765",
  "indulgence": 0.8276272750973617,
  "laserlikeness": 0.5636732019580661,
  "martyrdom": 0.5561318685895045,
  "moxie": 0.9845807638696438,
  "musclitude": 0.5112664219248062,
  "name": "Malik Destiny",
  "omniscience": 0.8634042074310031,
  "overpowerment": 0.08953577007213998,
  "patheticism": 0.19265464950594868,
  "peanutAllergy": false,
  "permAttr": [
    "ALTERNATE"
  ],
  "pressurization": 0.5871506451142308,
  "ritual": "Gasping for air",
  "ruthlessness": 0.7302402380024593,
  "seasAttr": [],
  "shakespearianism": 0.4794309898350233,
  "soul": 4,
  "suppression": 0.7068356172474264,
  "tenaciousness": 0.24219493287324423,
  "thwackability": 0.31356833262581985,
  "totalFingers": 10,
  "tragicness": 0.1,
  "unthwackability": 0.8551896906665326,
  "watchfulness": 0.34418794283681575,
  "weekAttr": []
}