{
  "anticapitalism": 0.518515182955533,
  "baseThirst": 0.6428585587720489,
  "baserunningRating": 1.0044363281151307,
  "blood": 10,
  "buoyancy": 1.3068111192485703,
  "chasiness": 0.6413069437078845,
  "cinnamon": 0.9003839262380001,
  "coffee": 11,
  "coldness": 1.1894017537748278,
  "continuation": 0.9793770591070888,
  "deceased": false,
  "defenseRating": 0.8113313072837153,
  "divinity": 1.3239632039772409,
  "eDensity": 35.85626446916535,
  "evolution": 0,
  "fate": 99,
  "gameAttr": [],
  "groundFriction": 1.2822670747861866,
  "hitStreak": 0,
  "hittingRating": 1.03812290009027,
  "id": "1301ee81-406e-43d9-b2bb-55ca6e0f7765",
  "indulgence": 1.3322010521379517,
  "itemAttr": [],
  "items": [
    {
      "baserunningRating": 0,
      "defenseRating": 0,
      "durability": 1,
      "forger": null,
      "forgerName": null,
      "health": 1,
      "hittingRating": 0.053283701642361514,
      "id": "5837a032-ae34-4fe4-894c-25ec32ced8ce",
      "name": "Bat",
      "pitchingRating": 0,
      "postPrefix": null,
      "prePrefix": null,
      "prefixes": null,
      "root": {
        "adjustments": [
          {
            "stat": 2,
            "type": 1,
            "value": 0.11469324823572362
          }
        ],
        "name": "Bat"
      },
      "suffix": null
    }
  ],
  "laserlikeness": 0.994310668912289,
  "leagueTeamId": "105bc3ff-1320-4e37-8ef0-8d595cb95dd0",
  "martyrdom": 1.005422492162659,
  "moxie": 1.4387233642406587,
  "musclitude": 0.974425548528901,
  "name": "Malik Destiny",
  "omniscience": 1.1777639168542997,
  "overpowerment": 0.4834400966772556,
  "patheticism": 0.001,
  "peanutAllergy": false,
  "permAttr": [
    "ALTERNATE",
    "FIRE_EATER",
    "MAGMATIC"
  ],
  "pitchingRating": 1.125575817248792,
  "pressurization": 0.5871506451142308,
  "ritual": "Gasping for air",
  "ruthlessness": 1.2907297795113526,
  "seasAttr": [],
  "shakespearianism": 0.9373026582710808,
  "soul": 4,
  "state": {},
  "suppression": 1.1927463524183268,
  "tenaciousness": 0.6171712430558679,
  "thwackability": 0.7817144699014468,
  "totalFingers": 10,
  "tournamentTeamId": "a7592bd7-1d3c-4ffb-8b3a-0b1e4bc321fd",
  "tragicness": 0.001,
  "unthwackability": 1.290137635714678,
  "watchfulness": 0.7034400210600849,
  "weekAttr": []
}