{
  "anticapitalism": 0.23168637027957145,
  "baseThirst": 0.3831175445064279,
  "baserunningRating": 0.7668635728369947,
  "blood": 10,
  "buoyancy": 1.0375174532840938,
  "chasiness": 0.36306082138953455,
  "cinnamon": 0.6349560287994931,
  "coffee": 11,
  "coldness": 0.9122056102367432,
  "continuation": 0.7060585065804792,
  "deceased": false,
  "defenseRating": 0.5941205982767206,
  "divinity": 1.1039991203488149,
  "eDensity": 28.83271967282714,
  "evolution": 0,
  "fate": 99,
  "gameAttr": [],
  "groundFriction": 0.9849826761051252,
  "hitStreak": 0,
  "hittingRating": 0.7927548612609147,
  "id": "1301ee81-406e-43d9-b2bb-55ca6e0f7765",
  "indulgence": 1.08269614505218,
  "items": [],
  "laserlikeness": 0.754075159533402,
  "leagueTeamId": "105bc3ff-1320-4e37-8ef0-8d595cb95dd0",
  "martyrdom": 0.7456317121903757,
  "moxie": 1.2059397317705849,
  "musclitude": 0.6991898603139922,
  "name": "Malik Destiny",
  "omniscience": 0.914784888148522,
  "overpowerment": 0.2876511555292205,
  "patheticism": 0.001,
  "peanutAllergy": false,
  "permAttr": [
    "ALTERNATE",
    "FIRE_EATER",
    "ELSEWHERE"
  ],
  "pitchingRating": 0.822363778029247,
  "pressurization": 0.5871506451142308,
  "ritual": "Gasping for air",
  "ruthlessness": 0.9997232584917172,
  "seasAttr": [],
  "shakespearianism": 0.68677601984909,
  "soul": 4,
  "state": {
    "elsewhere": {
      "day": 61,
      "season": 14
    }
  },
  "suppression": 0.9522817633112728,
  "tenaciousness": 0.3956789706133843,
  "thwackability": 0.4921411508004669,
  "totalFingers": 10,
  "tournamentTeamId": "a7592bd7-1d3c-4ffb-8b3a-0b1e4bc321fd",
  "tragicness": 0.001,
  "unthwackability": 1.0646248791339572,
  "watchfulness": 0.49721282694606606,
  "weekAttr": []
}