{
  "anticapitalism": 0.9986104619845312,
  "armor": "",
  "baseThirst": 0.6077545830712148,
  "baserunningRating": 0.8647841789265102,
  "bat": "",
  "blood": 0,
  "buoyancy": 0.5370493952105286,
  "chasiness": 0.4390343207073959,
  "cinnamon": 0.23434060226355724,
  "coffee": 0,
  "coldness": 0.3193794750236613,
  "continuation": 0.8267404531006683,
  "deceased": false,
  "defenseRating": 0.6215661038716821,
  "divinity": 0.33124649721884336,
  "fate": 96,
  "gameAttr": [
    "WIRED"
  ],
  "groundFriction": 1.0377019402773169,
  "hitStreak": 0,
  "hittingRating": 0.5470442950467352,
  "id": "13032f07-10bf-48eb-a23e-f4117d246868",
  "indulgence": 0.9173044754055584,
  "laserlikeness": 0.8667198775963787,
  "leagueTeamId": null,
  "martyrdom": 0.8821773766340775,
  "moxie": 0.9883577522369102,
  "musclitude": 0.2669060849256787,
  "name": "Snack Deviation",
  "omniscience": 0.4125517541795301,
  "overpowerment": 1.029462462127854,
  "patheticism": 0.23295232044212444,
  "peanutAllergy": false,
  "permAttr": [],
  "pitchingRating": 0.814900220461174,
  "pressurization": 0.4460451013654057,
  "ritual": "Hyperbaric chamber",
  "ruthlessness": 0.8424990299237047,
  "seasAttr": [],
  "shakespearianism": 1.1761034216503892,
  "soul": 3,
  "suppression": 0.23471557912458907,
  "tenaciousness": 0.33472099711320324,
  "thwackability": 0.766393588275353,
  "totalFingers": 31,
  "tournamentTeamId": "d2634113-b650-47b9-ad95-673f8e28e687",
  "tragicness": 0.5361577234899655,
  "unthwackability": 0.7738659453701613,
  "watchfulness": 1.0295699443906114,
  "weekAttr": []
}