{
  "anticapitalism": 0.990303103087752,
  "baseThirst": 0.7162526334815313,
  "baserunningRating": 0.16280343091104374,
  "blood": 5,
  "buoyancy": 0.7592622031873106,
  "chasiness": 0.340580741883149,
  "cinnamon": 0.19918771047672035,
  "coffee": 10,
  "coldness": 0.32452265257673707,
  "continuation": 0.2752068825283238,
  "deceased": false,
  "defenseRating": 0.7312818830940757,
  "divinity": 0.11639632305551696,
  "eDensity": 30.418253756199384,
  "evolution": 0,
  "fate": 56,
  "gameAttr": [],
  "groundFriction": 0.8963313517824165,
  "hitStreak": 0,
  "hittingRating": 0.1882142073283336,
  "id": "1329f839-f78b-4acc-85aa-69c6958fa43b",
  "indulgence": 0.4934687453017814,
  "items": [],
  "laserlikeness": 0.04317539839920337,
  "leagueTeamId": "36569151-a2fb-43c1-9df7-2df512424c82",
  "martyrdom": 0.4895593251346526,
  "moxie": 0.4544348288743394,
  "musclitude": 0.021287491972295625,
  "name": "Wyatt Mason IX",
  "omniscience": 0.6759598473403783,
  "overpowerment": 0.3111926265219678,
  "patheticism": 0.9032949411732264,
  "peanutAllergy": false,
  "permAttr": [
    "STATIC"
  ],
  "pitchingRating": 0.6917367295521736,
  "pressurization": 0.9801702873535896,
  "ritual": "OFFLINE",
  "ruthlessness": 0.7988216657070568,
  "seasAttr": [],
  "shakespearianism": 0.7621750761380504,
  "soul": 9,
  "state": {},
  "suppression": 0.9167461875314398,
  "tenaciousness": 0.5362117179633736,
  "thwackability": 0.2887436814670983,
  "totalFingers": 10,
  "tournamentTeamId": null,
  "tragicness": 0.3072100047236588,
  "unthwackability": 0.9079037615419046,
  "watchfulness": 0.987064462618578,
  "weekAttr": []
}