{
  "anticapitalism": 0.25958997654286464,
  "baseThirst": 0.6038830600777074,
  "baserunningRating": 0.4479050492060237,
  "blood": 9,
  "buoyancy": 0.4652615209796849,
  "chasiness": 0.004013048707326217,
  "cinnamon": 0.29406685106543007,
  "coffee": 6,
  "coldness": 0.06920573197303481,
  "continuation": 0.41302977632411264,
  "deceased": false,
  "defenseRating": 0.3036224565740333,
  "divinity": 0.7149638059729837,
  "eDensity": 0,
  "evolution": 0,
  "fate": 85,
  "gameAttr": [],
  "groundFriction": 0.05984497905414088,
  "hitStreak": 0,
  "hittingRating": 0.22714550916753273,
  "id": "13676ab5-afb3-4650-af23-bcde1037d25b",
  "indulgence": 0.5940784211196006,
  "items": [],
  "laserlikeness": 0.5161914125312541,
  "leagueTeamId": "46358869-dce9-4a01-bfba-ac24fc56f57e",
  "martyrdom": 0.3778383215316119,
  "moxie": 0.6406346850623146,
  "musclitude": 0.3518488747462345,
  "name": "Dashiell Drumsolo",
  "omniscience": 0.2390687909138585,
  "overpowerment": 0.07848625032161882,
  "patheticism": 0.6613946278890004,
  "peanutAllergy": true,
  "permAttr": [],
  "pitchingRating": 0.28373997265036616,
  "pressurization": 0.7513063378300593,
  "ritual": "Gaming",
  "ruthlessness": 0.4613047184989898,
  "seasAttr": [],
  "shakespearianism": 0.6425523800300244,
  "soul": 7,
  "state": {},
  "suppression": 0.7148117867156232,
  "tenaciousness": 0.4154120839445703,
  "thwackability": 0.03604180747306507,
  "totalFingers": 10,
  "tournamentTeamId": null,
  "tragicness": 0.8041547785740943,
  "unthwackability": 0.40051966348944856,
  "watchfulness": 0.6479963001489799,
  "weekAttr": []
}