{
  "anticapitalism": 0.9875757233781672,
  "armor": "",
  "baseThirst": 0.6373471321880135,
  "bat": "",
  "blood": 6,
  "buoyancy": 0.5776156874877063,
  "chasiness": 0.5872005340754817,
  "cinnamon": 0.2618969079610576,
  "coffee": 7,
  "coldness": 0.7885555463025267,
  "continuation": 0.18873942963175885,
  "deceased": false,
  "divinity": 0.2143083855242558,
  "fate": 46,
  "groundFriction": 0.34728414083224135,
  "id": "138fccc3-e66f-4b07-8327-d4b6f372f654",
  "indulgence": 0.9017601676447556,
  "laserlikeness": 0.4938241609432581,
  "martyrdom": 0.191797245092058,
  "moxie": 0.09668585132178698,
  "musclitude": 0.4409969295260705,
  "name": "Oscar Vaughan",
  "omniscience": 0.1628760046127199,
  "overpowerment": 0.24353632071878217,
  "patheticism": 0.4396813170589109,
  "peanutAllergy": true,
  "pressurization": 0.14921684549390313,
  "ritual": "Rally-cap",
  "ruthlessness": 0.9854840095185158,
  "shakespearianism": 0.9031504847263724,
  "soul": 9,
  "suppression": 0.8479170248228161,
  "tenaciousness": 1.039956606943458,
  "thwackability": 0.1546399473567932,
  "totalFingers": 10,
  "tragicness": 0.1,
  "unthwackability": 0.304548913531534,
  "watchfulness": 0.5106820985628239
}