{
  "anticapitalism": 1.0653244022447128,
  "armor": "",
  "baseThirst": 0.1724259840895668,
  "bat": "",
  "blood": 4,
  "buoyancy": 0.5949892112946281,
  "chasiness": 0.9611796513360638,
  "cinnamon": 0.9631724515210014,
  "coffee": 13,
  "coldness": 0.24648681111627227,
  "continuation": 0.8254445187558267,
  "deceased": false,
  "divinity": 0.2458222133246751,
  "fate": 5,
  "gameAttr": [],
  "groundFriction": 0.3663517399211604,
  "hitStreak": 0,
  "id": "13a05157-6172-4431-947b-a058217b4aa5",
  "indulgence": 0.871787831659098,
  "laserlikeness": 0.27190972008827013,
  "martyrdom": 0.32797284598960946,
  "moxie": 0.7957845179002322,
  "musclitude": 0.49606929857286586,
  "name": "Spears Taylor",
  "omniscience": 0.5619175777507389,
  "overpowerment": 0.13568473407948345,
  "patheticism": 0.8021173715998261,
  "peanutAllergy": true,
  "permAttr": [],
  "pressurization": 0.7418632026108982,
  "ritual": "Playing pranks",
  "ruthlessness": 0.6503765851413095,
  "seasAttr": [],
  "shakespearianism": 0.2761854969465909,
  "soul": 8,
  "suppression": 0.5988198400791722,
  "tenaciousness": 0.937054414448659,
  "thwackability": 0.3558991848998237,
  "totalFingers": 11,
  "tragicness": 0.05133226169260373,
  "unthwackability": 0.39224305529692066,
  "watchfulness": 0.8988549710172462,
  "weekAttr": []
}