{
  "_id": "13a05157-6172-4431-947b-a058217b4aa5",
  "anticapitalism": 1.1491844847773147,
  "baseThirst": 0.06762117579774207,
  "bat": "",
  "buoyancy": 0.9092949990370298,
  "chasiness": 1.0036497309348096,
  "cinnamon": 0.6647278900088869,
  "coldness": 0.3178665091324593,
  "continuation": 0.8714992867626326,
  "deceased": false,
  "divinity": 0.3363760308913626,
  "fate": 5,
  "groundFriction": 0.4386159394711977,
  "indulgence": 0.9277081797730382,
  "laserlikeness": 0.2998456607069935,
  "martyrdom": 0.7634234358765017,
  "moxie": 0.5933545051300815,
  "musclitude": 0.8345433568436755,
  "name": "Spears Taylor",
  "omniscience": 0.5969344514315474,
  "overpowerment": 0.1852346723357048,
  "patheticism": 0.4404390991999452,
  "peanutAllergy": true,
  "pressurization": 0.7418632026108982,
  "ruthlessness": 0.7155282241744596,
  "shakespearianism": 0.33066853312748745,
  "soul": 8,
  "suppression": 0.6565264280384788,
  "tenaciousness": 1.004012384964312,
  "thwackability": 0.40652171629982425,
  "totalFingers": 10,
  "tragicness": 0.1,
  "unthwackability": 0.45248562814012216,
  "watchfulness": 0.9744479278902566
}