{
  "anticapitalism": 1.4559393273523282,
  "baseThirst": 0.18051520282197492,
  "baserunningRating": 0.3761095715723309,
  "blood": 4,
  "buoyancy": 0.5704256287646852,
  "chasiness": 1.357078729009766,
  "cinnamon": 1.0965494233332038,
  "coffee": 13,
  "coldness": 0.2668129137113944,
  "continuation": 0.8087697506899553,
  "deceased": false,
  "defenseRating": 1.129486438710474,
  "divinity": 0.2147712505850579,
  "eDensity": 31.116492945513457,
  "evolution": 0,
  "fate": 5,
  "gameAttr": [],
  "groundFriction": 0.3375691826748181,
  "hitStreak": 0,
  "hittingRating": 0.3406279771308936,
  "id": "13a05157-6172-4431-947b-a058217b4aa5",
  "indulgence": 0.8835724205016039,
  "itemAttr": [],
  "items": [],
  "laserlikeness": 0.26475248574774435,
  "leagueTeamId": "979aee4a-6d80-4863-bf1c-ee1a78e06024",
  "martyrdom": 0.2828319483378794,
  "moxie": 0.7777296829670686,
  "musclitude": 0.4930497008348519,
  "name": "Spears Taylor",
  "omniscience": 0.9081170988276568,
  "overpowerment": 0.11549767484091523,
  "patheticism": 0.8750101366889687,
  "peanutAllergy": true,
  "permAttr": [
    "SIPHON",
    "WALK_IN_THE_PARK"
  ],
  "pitchingRating": 0.3132750048025097,
  "pressurization": 0.7418632026108982,
  "ritual": "Playing pranks",
  "ruthlessness": 0.6623114368993442,
  "seasAttr": [],
  "shakespearianism": 0.2824313956154064,
  "soul": 8,
  "state": {},
  "suppression": 0.5908974909283311,
  "tenaciousness": 1.2758792695148955,
  "thwackability": 0.38409215791684614,
  "totalFingers": 11,
  "tournamentTeamId": null,
  "tragicness": 0.22678579558738543,
  "unthwackability": 0.35870446109998766,
  "watchfulness": 1.2739694688214125,
  "weekAttr": []
}