{
  "anticapitalism": 1.4000588375717655,
  "baseThirst": 0.11962947355314972,
  "baserunningRating": 0.2989350603144255,
  "blood": 4,
  "buoyancy": 0.5125380442109744,
  "chasiness": 1.2917936773738512,
  "cinnamon": 1.0524946344324733,
  "coffee": 13,
  "coldness": 0.1907881472468595,
  "continuation": 0.758190985746946,
  "deceased": false,
  "defenseRating": 1.0923244672181556,
  "divinity": 0.16772796849317584,
  "eDensity": 29.258442827528576,
  "evolution": 0,
  "fate": 5,
  "gameAttr": [],
  "groundFriction": 0.28682116806931796,
  "hitStreak": 0,
  "hittingRating": 0.2772631032051242,
  "id": "13a05157-6172-4431-947b-a058217b4aa5",
  "indulgence": 0.8114544681892217,
  "items": [],
  "laserlikeness": 0.1933104246266983,
  "leagueTeamId": "979aee4a-6d80-4863-bf1c-ee1a78e06024",
  "martyrdom": 0.22556992709795096,
  "moxie": 0.7141212413270144,
  "musclitude": 0.4384835754270621,
  "name": "Spears Taylor",
  "omniscience": 0.8516100792850754,
  "overpowerment": 0.04919143403439294,
  "patheticism": 0.9174867406728576,
  "peanutAllergy": true,
  "permAttr": [
    "SIPHON",
    "WALK_IN_THE_PARK"
  ],
  "pitchingRating": 0.2255406303378057,
  "pressurization": 0.7418632026108982,
  "ritual": "Playing pranks",
  "ruthlessness": 0.5833067261458624,
  "seasAttr": [],
  "shakespearianism": 0.20543520635518092,
  "soul": 8,
  "state": {},
  "suppression": 0.5409458636599953,
  "tenaciousness": 1.230902535667414,
  "thwackability": 0.30752464015794007,
  "totalFingers": 11,
  "tournamentTeamId": null,
  "tragicness": 0.30000000000000004,
  "unthwackability": 0.2881393706053859,
  "watchfulness": 1.2168814079370074,
  "weekAttr": []
}