{
  "anticapitalism": 0.9491844847773148,
  "armor": "",
  "baseThirst": 0.01,
  "bat": "",
  "blood": 4,
  "buoyancy": 0.7092949990370299,
  "chasiness": 0.8036497309348096,
  "cinnamon": 0.6647278900088869,
  "coffee": 13,
  "coldness": 0.11786650913245927,
  "continuation": 0.6714992867626326,
  "deceased": false,
  "divinity": 0.13637603089136258,
  "fate": 5,
  "gameAttr": [],
  "groundFriction": 0.2386159394711977,
  "id": "13a05157-6172-4431-947b-a058217b4aa5",
  "indulgence": 0.7277081797730383,
  "laserlikeness": 0.09984566070699348,
  "martyrdom": 0.5634234358765018,
  "moxie": 0.39335450513008147,
  "musclitude": 0.6345433568436756,
  "name": "Spears Taylor",
  "omniscience": 0.39693445143154743,
  "overpowerment": 0.01,
  "patheticism": 0.6404390991999451,
  "peanutAllergy": true,
  "permAttr": [],
  "pressurization": 0.7418632026108982,
  "ritual": "Playing pranks",
  "ruthlessness": 0.5155282241744596,
  "seasAttr": [],
  "shakespearianism": 0.13066853312748744,
  "soul": 8,
  "suppression": 0.4565264280384788,
  "tenaciousness": 0.8040123849643119,
  "thwackability": 0.20652171629982424,
  "totalFingers": 11,
  "tragicness": 0.1,
  "unthwackability": 0.25248562814012215,
  "watchfulness": 0.7744479278902565,
  "weekAttr": []
}