{
  "anticapitalism": 0.455658736143051,
  "armor": "",
  "baseThirst": 0.6249784841204321,
  "baserunningRating": 0.5936883185789079,
  "bat": "",
  "blood": 12,
  "buoyancy": 0.9087699766647276,
  "chasiness": 0.8857373807990025,
  "cinnamon": 0.9203561491059254,
  "coffee": 9,
  "coldness": 0.497048993300643,
  "continuation": 0.1040472092162215,
  "deceased": false,
  "defenseRating": 0.9634149022075192,
  "divinity": 0.3500805040557262,
  "fate": 43,
  "gameAttr": [],
  "groundFriction": 0.3431359379978822,
  "hitStreak": 0,
  "hittingRating": 0.32146478900509884,
  "id": "1513aab6-142c-48c6-b43e-fbda65fd64e8",
  "indulgence": 0.22346151728183208,
  "laserlikeness": 1.0175695847131343,
  "leagueTeamId": "ca3f1c8c-c025-4d8e-8eef-5be6accbeb16",
  "martyrdom": 0.21748753513106,
  "moxie": 1.0368581762436293,
  "musclitude": 0.4234275810640375,
  "name": "Caleb Alvarado",
  "omniscience": 1.199757865416123,
  "overpowerment": 0.8383916419928166,
  "patheticism": 0.2695413800364796,
  "peanutAllergy": true,
  "permAttr": [
    "FRIEND_OF_CROWS"
  ],
  "pitchingRating": 0.5728536131304127,
  "pressurization": 0.2971706221420969,
  "ritual": "Putting on their uniform the same way every time",
  "ruthlessness": 0.7336162978208715,
  "seasAttr": [],
  "shakespearianism": 0.3713524119447214,
  "soul": 3,
  "suppression": 0.287368610445536,
  "tenaciousness": 1.2760873409299405,
  "thwackability": 0.1523715454589371,
  "totalFingers": 12,
  "tournamentTeamId": "49181b72-7f1c-4f1c-929f-928d763ad7fb",
  "tragicness": 0.1,
  "unthwackability": 0.5596298159357078,
  "watchfulness": 0.7281836279365429,
  "weekAttr": []
}