{
  "anticapitalism": 0.1712130783805874,
  "baseThirst": 0.8744576910466202,
  "baserunningRating": 0.3544124622646193,
  "blood": 4,
  "buoyancy": 0.5284802909904203,
  "chasiness": 0.638270323776488,
  "cinnamon": 0.2619312477311404,
  "coffee": 3,
  "coldness": 0.6766013923358629,
  "continuation": 0.03115138043485155,
  "deceased": false,
  "defenseRating": 0.4037873154820731,
  "divinity": 0.929415970904608,
  "eDensity": 24.508031158723497,
  "evolution": 0,
  "fate": 40,
  "gameAttr": [],
  "groundFriction": 0.9392288179321416,
  "hitStreak": 0,
  "hittingRating": 0.7803406331961561,
  "id": "15857407-2d6b-43f1-86c8-b574c87208f3",
  "indulgence": 0.42144734990739097,
  "items": [],
  "laserlikeness": 0.31079341053198717,
  "leagueTeamId": "3f8bbb15-61c0-4e3f-8e4a-907a5fb1565e",
  "martyrdom": 0.7205102240716168,
  "moxie": 0.19382106913433716,
  "musclitude": 0.9084245213281994,
  "name": "Wyatt Mason VI",
  "omniscience": 0.8648692347778184,
  "overpowerment": 0.8465960873031626,
  "patheticism": 0.566252778090115,
  "peanutAllergy": false,
  "permAttr": [
    "STATIC"
  ],
  "pitchingRating": 0.8197497545890792,
  "pressurization": 0.4338229781686804,
  "ritual": "OFFLINE",
  "ruthlessness": 0.994224493876567,
  "seasAttr": [],
  "shakespearianism": 0.825811525767467,
  "soul": 4,
  "state": {},
  "suppression": 0.715002792224146,
  "tenaciousness": 0.30494230147051815,
  "thwackability": 0.8897280418844007,
  "totalFingers": 10,
  "tournamentTeamId": null,
  "tragicness": 0.2536797017708943,
  "unthwackability": 0.7519332934690459,
  "watchfulness": 0.015158243756585144,
  "weekAttr": []
}