{
  "anticapitalism": 1.1322432200909245,
  "armor": "",
  "baseThirst": 0.49670014370186943,
  "bat": "",
  "blood": 7,
  "buoyancy": 0.6985810897611886,
  "chasiness": 1.069779750291855,
  "cinnamon": 0.8789600232370574,
  "coffee": 8,
  "coldness": 0.40507403414030874,
  "continuation": 0.3652258517241605,
  "deceased": false,
  "divinity": 0.31105894138310486,
  "fate": 56,
  "gameAttr": [],
  "groundFriction": 0.5110373060438149,
  "id": "15ae64cd-f698-4b00-9d61-c9fffd037ae2",
  "indulgence": 0.6187203236772589,
  "laserlikeness": 0.3742030347824221,
  "martyrdom": 0.8290948975572121,
  "moxie": 0.2890269139582906,
  "musclitude": 0.34656898625798127,
  "name": "Mickey Woods",
  "omniscience": 0.8142324804650382,
  "overpowerment": 0.3558625754862925,
  "patheticism": 0.005840907993729161,
  "peanutAllergy": false,
  "permAttr": [],
  "pressurization": 0.08906305153183114,
  "ritual": "Gazing into the abyss",
  "ruthlessness": 0.09115864894752534,
  "seasAttr": [],
  "shakespearianism": 0.9154691147302344,
  "soul": 4,
  "suppression": 0.7122905143896505,
  "tenaciousness": 0.6322468488306879,
  "thwackability": 0.50176169265881,
  "totalFingers": 10,
  "tragicness": 0.1,
  "unthwackability": 0.5991497958990193,
  "watchfulness": 0.9840084576017896,
  "weekAttr": []
}