{
  "anticapitalism": 0.01,
  "armor": "HEADPHONES",
  "baseThirst": 0.4312087197596848,
  "baserunningRating": 0.6797262774096969,
  "bat": "",
  "blood": 4,
  "buoyancy": 0.5349563765382304,
  "chasiness": 0.5792241722301783,
  "cinnamon": 0.731014998142687,
  "coffee": 2,
  "coldness": 0.6793262801855062,
  "continuation": 0.4561751853376377,
  "deceased": false,
  "defenseRating": 0.17984909276501898,
  "divinity": 0.6103700596683868,
  "eDensity": 21.509580588402255,
  "evolution": 0,
  "fate": 70,
  "gameAttr": [],
  "groundFriction": 0.17697248315153866,
  "hitStreak": 0,
  "hittingRating": 0.45006328401507045,
  "id": "15d3a844-df6b-4193-a8f5-9ab129312d8d",
  "indulgence": 1.0156543116811974,
  "laserlikeness": 0.9015170578813578,
  "leagueTeamId": "bfd38797-8404-4b38-8b82-341da28b1f83",
  "martyrdom": 0.3256216088432471,
  "moxie": 0.8110183352121045,
  "musclitude": 0.03971177415118475,
  "name": "Sebastian Woodman",
  "omniscience": 0.04082787307986316,
  "overpowerment": 1.0180012658160895,
  "patheticism": 0.14811850221323655,
  "peanutAllergy": true,
  "permAttr": [
    "FLINCH"
  ],
  "pitchingRating": 0.33458714415339286,
  "pressurization": 0.9172442304848458,
  "ritual": "Astral projection",
  "ruthlessness": 0.5387011749897854,
  "seasAttr": [],
  "shakespearianism": 0.5455791647327248,
  "soul": 5,
  "state": {},
  "suppression": 0.196233048956411,
  "tenaciousness": 0.6055655521324139,
  "thwackability": 0.3824573678488934,
  "totalFingers": 11,
  "tournamentTeamId": "9e42c12a-7561-42a2-b2d0-7cf81a817a5e",
  "tragicness": 0.1,
  "unthwackability": 0.2102036197147523,
  "watchfulness": 0.01,
  "weekAttr": []
}