{
  "anticapitalism": 0.06640729857041512,
  "armor": "HEADPHONES",
  "baseThirst": 0.4994499294711601,
  "baserunningRating": 0.7434328407331668,
  "bat": "",
  "blood": 4,
  "buoyancy": 0.595123678584951,
  "chasiness": 0.6363974636521591,
  "cinnamon": 0.7742034593837356,
  "coffee": 2,
  "coldness": 0.7388668391543481,
  "continuation": 0.5310262910441527,
  "deceased": false,
  "defenseRating": 0.318921847769258,
  "divinity": 0.6852256455197301,
  "eDensity": 21.509580588402255,
  "evolution": 0,
  "fate": 70,
  "gameAttr": [],
  "groundFriction": 0.23363187142934536,
  "hitStreak": 0,
  "hittingRating": 0.5349024755737445,
  "id": "15d3a844-df6b-4193-a8f5-9ab129312d8d",
  "indulgence": 1.0812652120250914,
  "laserlikeness": 0.9490061442385668,
  "leagueTeamId": "bfd38797-8404-4b38-8b82-341da28b1f83",
  "martyrdom": 0.4022832579081309,
  "moxie": 0.868380126167814,
  "musclitude": 0.09439558786404116,
  "name": "Sebastian Woodman",
  "omniscience": 0.09796341731059097,
  "overpowerment": 1.0931266626019756,
  "patheticism": 0.09376278623356618,
  "peanutAllergy": true,
  "permAttr": [
    "FLINCH"
  ],
  "pitchingRating": 0.3905189850493424,
  "pressurization": 0.9172442304848458,
  "ritual": "Astral projection",
  "ruthlessness": 0.6044945853956492,
  "seasAttr": [],
  "shakespearianism": 0.5919823876376459,
  "soul": 5,
  "state": {},
  "suppression": 0.2473408084697643,
  "tenaciousness": 0.6739422873804768,
  "thwackability": 0.44626635714482016,
  "totalFingers": 11,
  "tournamentTeamId": "9e42c12a-7561-42a2-b2d0-7cf81a817a5e",
  "tragicness": 0.02331582743415868,
  "unthwackability": 0.2504258517306886,
  "watchfulness": 0.0590915245208773,
  "weekAttr": []
}