{
  "_id": "15d3a844-df6b-4193-a8f5-9ab129312d8d",
  "anticapitalism": 0.33372731198429273,
  "baseThirst": 0.4112087197596848,
  "bat": "",
  "buoyancy": 0.5149563765382303,
  "chasiness": 0.9592241722301782,
  "cinnamon": 0.8010149981426871,
  "coldness": 0.6593262801855062,
  "continuation": 0.43617518533763766,
  "deceased": false,
  "divinity": 0.5903700596683867,
  "fate": 70,
  "groundFriction": 0.15697248315153867,
  "indulgence": 0.9956543116811972,
  "laserlikeness": 0.8815170578813578,
  "martyrdom": 0.3056216088432471,
  "moxie": 0.7910183352121045,
  "musclitude": 0.019711774151184747,
  "name": "Sebastian Woodman",
  "omniscience": 0.42082787307986314,
  "overpowerment": 0.9980012658160896,
  "patheticism": 0.16811850221323654,
  "peanutAllergy": true,
  "pressurization": 0.9172442304848458,
  "ruthlessness": 0.5187011749897854,
  "shakespearianism": 0.5255791647327248,
  "soul": 5,
  "suppression": 0.176233048956411,
  "tenaciousness": 0.9855655521324138,
  "thwackability": 0.3624573678488934,
  "totalFingers": 10,
  "tragicness": 0.3644916925423971,
  "unthwackability": 0.1902036197147523,
  "watchfulness": 0.18850441635912696
}