{
  "anticapitalism": 0.5168928309693591,
  "armor": "",
  "baseThirst": 0.7796414566137526,
  "bat": "",
  "blood": 7,
  "buoyancy": 0.8538654312143057,
  "chasiness": 0.375297000966008,
  "cinnamon": 0.22490257886829249,
  "coffee": 2,
  "coldness": 0.17072667599526462,
  "continuation": 0.6995360766482384,
  "deceased": false,
  "divinity": 0.7075214439621138,
  "fate": 81,
  "gameAttr": [],
  "groundFriction": 0.10884977937475653,
  "id": "167751d5-210c-4a6e-9568-e92d61bab185",
  "indulgence": 0.27232999668166213,
  "laserlikeness": 0.6670735338742835,
  "martyrdom": 0.6832810658048549,
  "moxie": 0.7275104437742761,
  "musclitude": 0.6068113598513201,
  "name": "Jacob Winner",
  "omniscience": 0.28014574012451054,
  "overpowerment": 0.14255853495054785,
  "patheticism": 0.9121336022150142,
  "peanutAllergy": true,
  "permAttr": [],
  "pressurization": 0.5865363353389356,
  "ritual": "Journaling",
  "ruthlessness": 0.7938088850252236,
  "seasAttr": [],
  "shakespearianism": 0.2408878066365352,
  "soul": 5,
  "suppression": 0.604388154284137,
  "tenaciousness": 0.4605433507719551,
  "thwackability": 0.1803159634643348,
  "totalFingers": 11,
  "tragicness": 0.13,
  "unthwackability": 0.9365443973219943,
  "watchfulness": 0.44111742249692065,
  "weekAttr": []
}