{
  "anticapitalism": 0.6570836981859675,
  "baseThirst": 1.09058180514917,
  "baserunningRating": 0.860536367689837,
  "blood": 7,
  "buoyancy": 1.2142959336465498,
  "chasiness": 0.47537512469846016,
  "cinnamon": 0.5074553043762228,
  "coffee": 2,
  "coldness": 0.49396180585940846,
  "continuation": 1.018648703283413,
  "deceased": false,
  "defenseRating": 0.6225364889880735,
  "divinity": 1.0483664904273422,
  "eDensity": 32.542791810654364,
  "evolution": 0,
  "fate": 81,
  "gameAttr": [],
  "groundFriction": 0.3845002882504378,
  "hitStreak": 0,
  "hittingRating": 0.7864889274094407,
  "id": "167751d5-210c-4a6e-9568-e92d61bab185",
  "indulgence": 0.6033810365190347,
  "items": [],
  "laserlikeness": 0.9711901206286154,
  "leagueTeamId": "979aee4a-6d80-4863-bf1c-ee1a78e06024",
  "martyrdom": 1.0301258260985422,
  "moxie": 1.023893726117714,
  "musclitude": 0.925856733432418,
  "name": "Jacob Winner",
  "omniscience": 0.39968708668067554,
  "overpowerment": 0.4051215542068939,
  "patheticism": 0.589553671639681,
  "peanutAllergy": true,
  "permAttr": [
    "NON_IDOLIZED",
    "SWIM_BLADDER"
  ],
  "pitchingRating": 0.9508370460061294,
  "pressurization": 0.5865363353389356,
  "ritual": "Journaling",
  "ruthlessness": 1.0902935865496477,
  "seasAttr": [],
  "shakespearianism": 0.6132414339034167,
  "soul": 5,
  "state": {},
  "suppression": 0.9090141409431968,
  "tenaciousness": 0.5631514589084446,
  "thwackability": 0.5507600019809402,
  "totalFingers": 12,
  "tournamentTeamId": null,
  "tragicness": 0.001,
  "unthwackability": 1.2638363746821304,
  "watchfulness": 0.5524593316203741,
  "weekAttr": []
}