{
  "anticapitalism": 0.007051684760670529,
  "armor": "",
  "baseThirst": 0.003295331930540213,
  "baserunningRating": 0.34093290582996105,
  "bat": "",
  "blood": 10,
  "buoyancy": 0.10408374943748289,
  "chasiness": 0.17970543243627102,
  "cinnamon": 0.1523983985019215,
  "coffee": 12,
  "coldness": 0.7196231902439469,
  "continuation": 0.5522577853597048,
  "deceased": false,
  "defenseRating": 0.39930191111716584,
  "divinity": 0.3920929981513442,
  "eDensity": 0,
  "evolution": 0,
  "fate": 77,
  "gameAttr": [],
  "groundFriction": 0.9597346327448156,
  "hitStreak": 0,
  "hittingRating": 0.4984275275222571,
  "id": "16a59f5f-ef0f-4ada-8682-891ad571a0b6",
  "indulgence": 0.9365133752262726,
  "laserlikeness": 0.41936927342800456,
  "leagueTeamId": "a37f9158-7f82-46bc-908c-c9e2dda7c33b",
  "martyrdom": 0.9050285245472288,
  "moxie": 0.3759953270691627,
  "musclitude": 0.9776689998863032,
  "name": "Boyfriend Berger",
  "omniscience": 0.9812191333300456,
  "overpowerment": 0.9921971902242605,
  "patheticism": 0.14497872963996827,
  "peanutAllergy": true,
  "permAttr": [],
  "pitchingRating": 0.1338294372274739,
  "pressurization": 0.4696103744053788,
  "ritual": "Apologies",
  "ruthlessness": 0.6831046235279943,
  "seasAttr": [],
  "shakespearianism": 0.01096522219785423,
  "soul": 5,
  "state": {},
  "suppression": 0.4311040019066277,
  "tenaciousness": 0.570962879698369,
  "thwackability": 0.4459150661269136,
  "totalFingers": 10,
  "tournamentTeamId": null,
  "tragicness": 0.1,
  "unthwackability": 0.06104855388297992,
  "watchfulness": 0.2590669595114159,
  "weekAttr": []
}