{
  "_id": "16aff709-e855-47c8-8818-b9ba66e90fe8",
  "anticapitalism": 0.3599995760367185,
  "armor": "",
  "baseThirst": 0.8657554898458386,
  "bat": "",
  "blood": 11,
  "buoyancy": 0.2372896715756956,
  "chasiness": 0.6841229470499972,
  "cinnamon": 0.496344226502992,
  "coffee": 1,
  "coldness": 0.6333829417942041,
  "continuation": 0.400836289130146,
  "deceased": false,
  "divinity": 0.3452346641824007,
  "fate": 55,
  "groundFriction": 0.3996008910796202,
  "indulgence": 0.19636740655580365,
  "laserlikeness": 0.5029286600815559,
  "martyrdom": 0.5191635863154334,
  "moxie": 0.8196985166364759,
  "musclitude": 0.7253723368135865,
  "name": "Mullen Peterson",
  "omniscience": 0.9448579253864108,
  "overpowerment": 0.3364363408599884,
  "patheticism": 0.5488480838584091,
  "peanutAllergy": false,
  "pressurization": 0.7925639422305795,
  "ritual": "Swearing an oath",
  "ruthlessness": 0.40505654537333013,
  "shakespearianism": 0.4186024956502017,
  "soul": 2,
  "suppression": 0.9564624197493106,
  "tenaciousness": 0.7810578726364317,
  "thwackability": 0.8036415386329778,
  "totalFingers": 10,
  "tragicness": 0.1,
  "unthwackability": 0.37724745244525226,
  "watchfulness": 0.7852921481710515
}