{
  "anticapitalism": 0.6202959828054688,
  "armor": "",
  "baseThirst": 0.9087100927688432,
  "bat": "",
  "blood": 11,
  "buoyancy": 0.2824157974735939,
  "chasiness": 0.9369295015889112,
  "cinnamon": 0.5455915394279575,
  "coffee": 1,
  "coldness": 0.681661350846484,
  "continuation": 0.4745808518085024,
  "deceased": false,
  "divinity": 0.4064661215746636,
  "fate": 55,
  "gameAttr": [],
  "groundFriction": 0.4731029808167767,
  "hitStreak": 0,
  "id": "16aff709-e855-47c8-8818-b9ba66e90fe8",
  "indulgence": 0.2523029915402106,
  "laserlikeness": 0.5716168075118945,
  "martyrdom": 0.5659781318173898,
  "moxie": 0.8664851441542668,
  "musclitude": 0.8020402620472394,
  "name": "Mullen Peterson",
  "omniscience": 1.2253622315932666,
  "overpowerment": 0.35651412391238047,
  "patheticism": 0.5080804885068594,
  "peanutAllergy": false,
  "permAttr": [],
  "pressurization": 0.7925639422305795,
  "ritual": "Swearing an oath",
  "ruthlessness": 0.43349524466575096,
  "seasAttr": [],
  "shakespearianism": 0.4719973994938584,
  "soul": 2,
  "suppression": 0.9959027700493732,
  "tenaciousness": 1.029764700067724,
  "thwackability": 0.8826827101670757,
  "totalFingers": 12,
  "tragicness": 0.1,
  "unthwackability": 0.4368323005162515,
  "watchfulness": 1.046353633020705,
  "weekAttr": []
}