{
  "anticapitalism": 0.7481399152735122,
  "armor": "",
  "baseThirst": 1.044037809160276,
  "baserunningRating": 0.660747321510154,
  "bat": "",
  "blood": 11,
  "buoyancy": 0.38205404466047493,
  "chasiness": 1.052653990463037,
  "cinnamon": 0.6696458824723253,
  "coffee": 1,
  "coldness": 0.7992493599552962,
  "continuation": 0.5852189435733541,
  "deceased": false,
  "defenseRating": 1.081759898942807,
  "divinity": 0.5025428652886649,
  "eDensity": 23.524045185860388,
  "evolution": 0,
  "fate": 55,
  "gameAttr": [],
  "groundFriction": 0.5856195422610055,
  "hitStreak": 0,
  "hittingRating": 0.7566790016088096,
  "id": "16aff709-e855-47c8-8818-b9ba66e90fe8",
  "indulgence": 0.3716162026870226,
  "laserlikeness": 0.6536147762101279,
  "leagueTeamId": "57ec08cc-0411-4643-b304-0e80dbc15ac7",
  "martyrdom": 0.6542496280428156,
  "moxie": 0.9700919946396664,
  "musclitude": 0.9104484290100764,
  "name": "Mullen Peterson",
  "omniscience": 1.310084982769225,
  "overpowerment": 0.4505274424396971,
  "patheticism": 0.4055603142578668,
  "peanutAllergy": false,
  "permAttr": [],
  "pitchingRating": 0.4918950567579321,
  "pressurization": 0.7925639422305795,
  "ritual": "Swearing an oath",
  "ruthlessness": 0.5748061802511262,
  "seasAttr": [],
  "shakespearianism": 0.5990059456255273,
  "soul": 2,
  "state": {},
  "suppression": 1.1017015724320316,
  "tenaciousness": 1.1672009940469152,
  "thwackability": 1.01678408092524,
  "totalFingers": 12,
  "tournamentTeamId": null,
  "tragicness": 0.001,
  "unthwackability": 0.5362793283423904,
  "watchfulness": 1.191653734971213,
  "weekAttr": []
}