{
  "anticapitalism": 0.6790118654597205,
  "armor": "",
  "baseThirst": 0.9762547346747268,
  "baserunningRating": 0.6153871577424079,
  "bat": "",
  "blood": 11,
  "buoyancy": 0.34119020681647544,
  "chasiness": 0.99972436905882,
  "cinnamon": 0.6049964291273008,
  "coffee": 1,
  "coldness": 0.7445229149062028,
  "continuation": 0.5391908317784225,
  "deceased": false,
  "defenseRating": 1.0397728902767396,
  "divinity": 0.4578500995681242,
  "fate": 55,
  "gameAttr": [],
  "groundFriction": 0.523854666668125,
  "hitStreak": 0,
  "hittingRating": 0.702129240357494,
  "id": "16aff709-e855-47c8-8818-b9ba66e90fe8",
  "indulgence": 0.3273750617741594,
  "laserlikeness": 0.6126105127342275,
  "leagueTeamId": "57ec08cc-0411-4643-b304-0e80dbc15ac7",
  "martyrdom": 0.6110602846684422,
  "moxie": 0.9087610117698536,
  "musclitude": 0.8665179816165808,
  "name": "Mullen Peterson",
  "omniscience": 1.2696631435053722,
  "overpowerment": 0.397556250938294,
  "patheticism": 0.46562577440651487,
  "peanutAllergy": false,
  "permAttr": [],
  "pitchingRating": 0.4318600238891283,
  "pressurization": 0.7925639422305795,
  "ritual": "Swearing an oath",
  "ruthlessness": 0.4986420637961964,
  "seasAttr": [],
  "shakespearianism": 0.5273979070320934,
  "soul": 2,
  "suppression": 1.0603777839576436,
  "tenaciousness": 1.0978398154150792,
  "thwackability": 0.9424553571230352,
  "totalFingers": 12,
  "tournamentTeamId": null,
  "tragicness": 0.035810637935569864,
  "unthwackability": 0.4950097122662036,
  "watchfulness": 1.1198820348488132,
  "weekAttr": []
}