{
  "anticapitalism": 0.29199077167212373,
  "armor": "",
  "baseThirst": 0.2444321699130952,
  "baserunningRating": 0.6690261466658436,
  "bat": "",
  "blood": 10,
  "buoyancy": 0.6495570749370339,
  "chasiness": 1.10565890027371,
  "cinnamon": 1.109390590938082,
  "coffee": 4,
  "coldness": 0.8558025168473546,
  "continuation": 0.7830693167241072,
  "deceased": false,
  "defenseRating": 0.6793881045453217,
  "divinity": 0.26160032805794453,
  "eDensity": 22.775733799374056,
  "evolution": 0,
  "fate": 82,
  "gameAttr": [],
  "groundFriction": 1.0628034687391883,
  "hitStreak": 0,
  "hittingRating": 0.4904073413130285,
  "id": "1732e623-ffc2-40f0-87ba-fdcf97131f1f",
  "indulgence": 0.26707068890834107,
  "laserlikeness": 0.8014540540589885,
  "leagueTeamId": "105bc3ff-1320-4e37-8ef0-8d595cb95dd0",
  "martyrdom": 0.3925235189512432,
  "moxie": 0.5826747289561848,
  "musclitude": 0.8434584637733537,
  "name": "Betsy Trombone",
  "omniscience": 0.842825415181792,
  "overpowerment": 0.8228263260642774,
  "patheticism": 0.001,
  "peanutAllergy": true,
  "permAttr": [
    "ALTERNATE",
    "FRIEND_OF_CROWS"
  ],
  "pitchingRating": 0.5577118073863859,
  "pressurization": 0.14435710015681358,
  "ritual": "Breadmaking",
  "ruthlessness": 1.2115922803159664,
  "seasAttr": [],
  "shakespearianism": 0.5060928572039894,
  "soul": 3,
  "state": {},
  "suppression": 0.9818507059572734,
  "tenaciousness": 0.30672540133688675,
  "thwackability": 0.613239648671726,
  "totalFingers": 12,
  "tournamentTeamId": "4d921519-410b-41e2-882e-9726a4e54a6a",
  "tragicness": 0.001,
  "unthwackability": 0.32664597198756956,
  "watchfulness": 0.970989111596785,
  "weekAttr": []
}