{
  "anticapitalism": 0.4833932436989365,
  "armor": "",
  "baseThirst": 0.016986546344093467,
  "bat": "",
  "blood": 10,
  "buoyancy": 0.8267466077900696,
  "chasiness": 0.46889236881684415,
  "cinnamon": 0.934924793480022,
  "coffee": 4,
  "coldness": 0.872848831945386,
  "continuation": 0.7914469736255476,
  "deceased": false,
  "divinity": 0.5434644899789711,
  "fate": 93,
  "gameAttr": [],
  "groundFriction": 0.08645124959686368,
  "id": "1732e623-ffc2-40f0-87ba-fdcf97131f1f",
  "indulgence": 0.8047219602154017,
  "laserlikeness": 0.713425324007301,
  "martyrdom": 0.7481246865847735,
  "moxie": 0.8506050189829093,
  "musclitude": 0.2953982471920851,
  "name": "Betsy Trombone",
  "omniscience": 0.19848632803289665,
  "overpowerment": 0.47366414083200525,
  "patheticism": 0.6777060542972428,
  "peanutAllergy": true,
  "permAttr": [],
  "pressurization": 0.14435710015681358,
  "ritual": "Breadmaking",
  "ruthlessness": 0.7253703025644835,
  "seasAttr": [],
  "shakespearianism": 0.4749002512112459,
  "soul": 3,
  "suppression": 0.02175303641092885,
  "tenaciousness": 0.6229168176582932,
  "thwackability": 0.7641399884791478,
  "totalFingers": 10,
  "tragicness": 0.1,
  "unthwackability": 0.4185482371382203,
  "watchfulness": 0.2417071560446514,
  "weekAttr": []
}