{
  "anticapitalism": 0.07473344794129891,
  "armor": "",
  "baseThirst": 0.0212490233208025,
  "bat": "",
  "blood": 10,
  "buoyancy": 0.37297232222047727,
  "chasiness": 0.8464593794583508,
  "cinnamon": 0.934924793480022,
  "coffee": 4,
  "coldness": 0.6091300021200419,
  "continuation": 0.5973317528684967,
  "deceased": false,
  "divinity": 0.07172942223215564,
  "fate": 22,
  "gameAttr": [],
  "groundFriction": 0.7880655829518846,
  "id": "1732e623-ffc2-40f0-87ba-fdcf97131f1f",
  "indulgence": 0.03087114458876553,
  "laserlikeness": 0.4882830588587974,
  "martyrdom": 0.1183471019331022,
  "moxie": 0.26616657079952777,
  "musclitude": 0.6510154912751465,
  "name": "Betsy Trombone",
  "omniscience": 0.5472446264435722,
  "overpowerment": 0.571329700719609,
  "patheticism": 0.17081532523019735,
  "peanutAllergy": true,
  "permAttr": [
    "ALTERNATE"
  ],
  "pressurization": 0.14435710015681358,
  "ritual": "Breadmaking",
  "ruthlessness": 0.9000573861521064,
  "seasAttr": [],
  "shakespearianism": 0.2975207329087344,
  "soul": 3,
  "suppression": 0.6841900201664908,
  "tenaciousness": 0.09109379603917891,
  "thwackability": 0.4039738371284835,
  "totalFingers": 11,
  "tragicness": 0.13,
  "unthwackability": 0.06846162620302912,
  "watchfulness": 0.7945531766804235,
  "weekAttr": []
}