{
  "anticapitalism": 0.09473344794129893,
  "armor": "",
  "baseThirst": 0.041249023320802505,
  "baserunningRating": 0.35895322360283893,
  "bat": "",
  "blood": 10,
  "buoyancy": 0.3929723222204773,
  "chasiness": 0.8664593794583508,
  "cinnamon": 0.934924793480022,
  "coffee": 4,
  "coldness": 0.6291300021200419,
  "continuation": 0.6173317528684967,
  "deceased": false,
  "defenseRating": 0.43894402204979266,
  "divinity": 0.09172942223215565,
  "fate": 82,
  "gameAttr": [
    "WIRED"
  ],
  "groundFriction": 0.8080655829518846,
  "hitStreak": 0,
  "hittingRating": 0.27009092532825507,
  "id": "1732e623-ffc2-40f0-87ba-fdcf97131f1f",
  "indulgence": 0.05087114458876553,
  "laserlikeness": 0.5082830588587974,
  "leagueTeamId": "105bc3ff-1320-4e37-8ef0-8d595cb95dd0",
  "martyrdom": 0.13834710193310218,
  "moxie": 0.2861665707995278,
  "musclitude": 0.6710154912751465,
  "name": "Betsy Trombone",
  "omniscience": 0.5672446264435722,
  "overpowerment": 0.591329700719609,
  "patheticism": 0.15081532523019736,
  "peanutAllergy": true,
  "permAttr": [
    "ALTERNATE",
    "FRIEND_OF_CROWS"
  ],
  "pitchingRating": 0.23432768312961869,
  "pressurization": 0.14435710015681358,
  "ritual": "Breadmaking",
  "ruthlessness": 0.9200573861521064,
  "seasAttr": [],
  "shakespearianism": 0.3175207329087344,
  "soul": 3,
  "suppression": 0.7041900201664908,
  "tenaciousness": 0.11109379603917892,
  "thwackability": 0.4239738371284836,
  "totalFingers": 12,
  "tournamentTeamId": "4d921519-410b-41e2-882e-9726a4e54a6a",
  "tragicness": 0.1,
  "unthwackability": 0.08846162620302912,
  "watchfulness": 0.8145531766804235,
  "weekAttr": []
}