{
  "anticapitalism": 0.957776189466942,
  "armor": "",
  "baseThirst": 0.8665784735591782,
  "baserunningRating": 0.7305814136228845,
  "bat": "",
  "blood": 2,
  "buoyancy": 0.7737380341427247,
  "chasiness": 0.9454743866130596,
  "cinnamon": 0.3626702304351831,
  "coffee": 1,
  "coldness": 0.060872039416146856,
  "continuation": 0.993292659792026,
  "deceased": false,
  "defenseRating": 1.0109383741771527,
  "divinity": 0.908561481084852,
  "fate": 32,
  "gameAttr": [],
  "groundFriction": 0.6929446939669637,
  "hitStreak": 0,
  "hittingRating": 0.4997348550622255,
  "id": "17397256-c28c-4cad-85f2-a21768c66e67",
  "indulgence": 0.6982682365986348,
  "laserlikeness": 0.6359398527805054,
  "martyrdom": 0.8827336368134222,
  "moxie": 1.0494151861867431,
  "musclitude": 0.5940485009720496,
  "name": "Cory Ross",
  "omniscience": 0.9486992541760124,
  "overpowerment": 0.534839532163238,
  "patheticism": 0.7116794360539027,
  "peanutAllergy": true,
  "permAttr": [
    "SIPHON"
  ],
  "pitchingRating": 0.16092833176536908,
  "pressurization": 0.19961729034104736,
  "ritual": "Meditation",
  "ruthlessness": 0.05369886626776421,
  "seasAttr": [],
  "shakespearianism": 0.4214195234612838,
  "soul": 6,
  "suppression": 0.7113929565217585,
  "tenaciousness": 1.0829218181339426,
  "thwackability": 0.2025084945665311,
  "totalFingers": 11,
  "tragicness": 0.1,
  "unthwackability": 0.4432635825686098,
  "watchfulness": 1.1664918054003364,
  "weekAttr": []
}