{
  "_id": "17392be2-7344-48a0-b4db-8a040a7fb532",
  "anticapitalism": 0.5904138469013014,
  "armor": "",
  "baseThirst": 0.05114435557050756,
  "bat": "",
  "blood": 3,
  "buoyancy": 0.5767311907452586,
  "chasiness": 0.08104386622903359,
  "cinnamon": 0.8812187590537124,
  "coffee": 13,
  "coldness": 0.5300299778742859,
  "continuation": 0.7914516821791577,
  "deceased": false,
  "divinity": 0.42692554478538014,
  "fate": 99,
  "groundFriction": 0.2557846522578582,
  "indulgence": 0.3699142734212719,
  "laserlikeness": 0.38401734688857303,
  "martyrdom": 0.6966924846421576,
  "moxie": 0.5839372499213704,
  "musclitude": 0.12199770242539287,
  "name": "Washer Barajas",
  "omniscience": 0.4947137801282533,
  "overpowerment": 0.9127302320188562,
  "patheticism": 0.429525509252193,
  "peanutAllergy": true,
  "pressurization": 0.11787982178617629,
  "ritual": "Doing a good deed and telling everyone about it",
  "ruthlessness": 0.4308085443080081,
  "shakespearianism": 0.008566825827876157,
  "soul": 7,
  "suppression": 0.4982324185392617,
  "tenaciousness": 0.4844604045672955,
  "thwackability": 0.9467957260392436,
  "totalFingers": 10,
  "tragicness": 0.1,
  "unthwackability": 0.3059603217663154,
  "watchfulness": 0.7300624513396277
}