{
  "anticapitalism": 0.534162089412793,
  "armor": "",
  "baseThirst": 0.001,
  "baserunningRating": 0.05088598513001368,
  "bat": "",
  "blood": 6,
  "buoyancy": 0.4710859607502581,
  "chasiness": 0.12558612576306355,
  "cinnamon": 0.9441831735582998,
  "coffee": 13,
  "coldness": 0.4391475951311121,
  "continuation": 0.5281385083908481,
  "deceased": false,
  "defenseRating": 0.4782253466812467,
  "divinity": 0.323863154144565,
  "eDensity": 19.904649979664324,
  "evolution": 0,
  "fate": 99,
  "gameAttr": [],
  "groundFriction": 0.001,
  "hitStreak": 0,
  "hittingRating": 0.4018641396281822,
  "id": "17392be2-7344-48a0-b4db-8a040a7fb532",
  "indulgence": 0.14155302311571216,
  "laserlikeness": 0.06893868208762996,
  "leagueTeamId": "7966eb04-efcc-499b-8f03-d13916330531",
  "martyrdom": 0.630084607605597,
  "moxie": 0.3593258817230349,
  "musclitude": 0.011238885150942957,
  "name": "Washer Barajas",
  "omniscience": 0.3182507784949275,
  "overpowerment": 0.6999826265103213,
  "patheticism": 0.5225589627187167,
  "peanutAllergy": true,
  "permAttr": [],
  "pitchingRating": 0.1982602399411753,
  "pressurization": 0.11787982178617629,
  "ritual": "Doing a good deed and telling everyone about it",
  "ruthlessness": 0.24342436754316496,
  "seasAttr": [],
  "shakespearianism": 0.0675710554294312,
  "soul": 6,
  "state": {},
  "suppression": 0.35648719955212915,
  "tenaciousness": 0.3880297272260608,
  "thwackability": 0.8532290446025124,
  "totalFingers": 13,
  "tournamentTeamId": null,
  "tragicness": 0.17207713058545238,
  "unthwackability": 0.2419753743429104,
  "watchfulness": 0.6115644546011151,
  "weekAttr": []
}