{
  "anticapitalism": 0.5701885394880832,
  "baseThirst": 0.046408915131025054,
  "baserunningRating": 0.12950151109719912,
  "blood": 6,
  "buoyancy": 0.5134218184688808,
  "chasiness": 0.15848750237824336,
  "cinnamon": 0.9544368756440966,
  "coffee": 13,
  "coldness": 0.4614476614094215,
  "continuation": 0.5632560934087514,
  "deceased": false,
  "defenseRating": 0.5122911318417338,
  "divinity": 0.36395563691958166,
  "eDensity": 21.27702484480577,
  "evolution": 0,
  "fate": 99,
  "gameAttr": [],
  "groundFriction": 0.02644120847781635,
  "hitStreak": 0,
  "hittingRating": 0.45512020894670385,
  "id": "17392be2-7344-48a0-b4db-8a040a7fb532",
  "indulgence": 0.1587910579499333,
  "items": [],
  "laserlikeness": 0.10386440571971646,
  "leagueTeamId": "7966eb04-efcc-499b-8f03-d13916330531",
  "martyrdom": 0.6471362338044147,
  "moxie": 0.38452604852382166,
  "musclitude": 0.02565486329904283,
  "name": "Washer Barajas",
  "omniscience": 0.3464331505392251,
  "overpowerment": 0.7183738640001546,
  "patheticism": 0.5119764924314822,
  "peanutAllergy": true,
  "permAttr": [],
  "pitchingRating": 0.22837641165804415,
  "pressurization": 0.11787982178617629,
  "ritual": "Doing a good deed and telling everyone about it",
  "ruthlessness": 0.2685460378301535,
  "seasAttr": [],
  "shakespearianism": 0.10185284180053276,
  "soul": 6,
  "state": {},
  "suppression": 0.4024033797934446,
  "tenaciousness": 0.4171982798077232,
  "thwackability": 0.8899460606091814,
  "totalFingers": 13,
  "tournamentTeamId": null,
  "tragicness": 0.1522337587689713,
  "unthwackability": 0.270633516615811,
  "watchfulness": 0.6595245547006989,
  "weekAttr": []
}