{
  "anticapitalism": 0.5362053919561276,
  "armor": "",
  "baseThirst": 0.07987958257751364,
  "baserunningRating": 0.21464664389104796,
  "bat": "",
  "blood": 6,
  "buoyancy": 0.5015389259439197,
  "chasiness": 0.1275364073374444,
  "cinnamon": 0.9415104575506188,
  "coffee": 13,
  "coldness": 0.45155916436686305,
  "continuation": 0.6130080608080091,
  "deceased": false,
  "defenseRating": 0.4989220345175515,
  "divinity": 0.3430690209690878,
  "eDensity": 24.246129107351976,
  "evolution": 0,
  "fate": 99,
  "gameAttr": [],
  "groundFriction": 0.08594615376318385,
  "hitStreak": 0,
  "hittingRating": 0.5024934968395738,
  "id": "17392be2-7344-48a0-b4db-8a040a7fb532",
  "indulgence": 0.17343600248612948,
  "laserlikeness": 0.19534156837310857,
  "leagueTeamId": "7966eb04-efcc-499b-8f03-d13916330531",
  "martyrdom": 0.6273536909122016,
  "moxie": 0.4854780451836771,
  "musclitude": 0.12488088176993148,
  "name": "Washer Barajas",
  "omniscience": 0.3852480861008693,
  "overpowerment": 0.7923565430200511,
  "patheticism": 0.5027529305352368,
  "peanutAllergy": true,
  "permAttr": [],
  "pitchingRating": 0.2476705543735378,
  "pressurization": 0.11787982178617629,
  "ritual": "Doing a good deed and telling everyone about it",
  "ruthlessness": 0.3388598729564089,
  "seasAttr": [],
  "shakespearianism": 0.13470966434911505,
  "soul": 7,
  "state": {},
  "suppression": 0.4213087365399838,
  "tenaciousness": 0.38425875966149214,
  "thwackability": 0.8454955356456927,
  "totalFingers": 13,
  "tournamentTeamId": null,
  "tragicness": 0.04957449916247045,
  "unthwackability": 0.24290751951759623,
  "watchfulness": 0.6377242885998295,
  "weekAttr": []
}