{
  "anticapitalism": 0.3604138469013014,
  "armor": "",
  "baseThirst": 0.01,
  "bat": "",
  "blood": 3,
  "buoyancy": 0.3467311907452586,
  "chasiness": 0.01,
  "cinnamon": 0.8112187590537123,
  "coffee": 13,
  "coldness": 0.30002997787428587,
  "continuation": 0.5614516821791578,
  "deceased": false,
  "divinity": 0.19692554478538013,
  "fate": 99,
  "gameAttr": [],
  "groundFriction": 0.02578465225785817,
  "id": "17392be2-7344-48a0-b4db-8a040a7fb532",
  "indulgence": 0.1399142734212719,
  "laserlikeness": 0.15401734688857302,
  "martyrdom": 0.4666924846421576,
  "moxie": 0.35393724992137043,
  "musclitude": 0.01,
  "name": "Washer Barajas",
  "omniscience": 0.2647137801282533,
  "overpowerment": 0.6827302320188562,
  "patheticism": 0.659525509252193,
  "peanutAllergy": true,
  "permAttr": [],
  "pressurization": 0.11787982178617629,
  "ritual": "Doing a good deed and telling everyone about it",
  "ruthlessness": 0.20080854430800807,
  "seasAttr": [],
  "shakespearianism": 0.01,
  "soul": 7,
  "suppression": 0.2682324185392617,
  "tenaciousness": 0.2544604045672956,
  "thwackability": 0.7167957260392437,
  "totalFingers": 12,
  "tragicness": 0.13,
  "unthwackability": 0.07596032176631537,
  "watchfulness": 0.5000624513396277,
  "weekAttr": []
}