{
  "anticapitalism": 0.4865984034527832,
  "armor": "",
  "baseThirst": 0.8163297863171528,
  "bat": "",
  "blood": 2,
  "buoyancy": 0.7295030935858079,
  "chasiness": 0.4876884722913716,
  "cinnamon": 0.30903546718079355,
  "coffee": 1,
  "coldness": 0.04077503022645801,
  "continuation": 0.9332406398132362,
  "deceased": false,
  "divinity": 0.865859860942711,
  "fate": 32,
  "gameAttr": [],
  "groundFriction": 0.6234756539195374,
  "id": "17397256-c28c-4cad-85f2-a21768c66e67",
  "indulgence": 0.6302776113973703,
  "laserlikeness": 0.5813163393413376,
  "martyrdom": 0.8183643543823621,
  "moxie": 0.9930963701536112,
  "musclitude": 0.5244697447949057,
  "name": "Cory Ross",
  "omniscience": 0.5024020402726209,
  "overpowerment": 0.588492025671367,
  "patheticism": 0.7852546298408897,
  "peanutAllergy": true,
  "permAttr": [],
  "pressurization": 0.19961729034104736,
  "ritual": "Meditation",
  "ruthlessness": 0.034373471563752256,
  "seasAttr": [],
  "shakespearianism": 0.4707237610843995,
  "soul": 6,
  "suppression": 0.7581323899020682,
  "tenaciousness": 0.632189238792575,
  "thwackability": 0.1337877991334099,
  "totalFingers": 10,
  "tragicness": 0.1,
  "unthwackability": 0.46406385877539,
  "watchfulness": 0.7211609170901324,
  "weekAttr": []
}