{
  "anticapitalism": 0.3904138469013014,
  "armor": "",
  "baseThirst": 0.01,
  "bat": "",
  "blood": 3,
  "buoyancy": 0.37673119074525857,
  "chasiness": 0.01,
  "cinnamon": 0.8112187590537123,
  "coffee": 13,
  "coldness": 0.33002997787428584,
  "continuation": 0.5914516821791578,
  "deceased": false,
  "divinity": 0.22692554478538013,
  "fate": 99,
  "gameAttr": [],
  "groundFriction": 0.05578465225785817,
  "id": "17392be2-7344-48a0-b4db-8a040a7fb532",
  "indulgence": 0.1699142734212719,
  "laserlikeness": 0.18401734688857305,
  "martyrdom": 0.4966924846421576,
  "moxie": 0.3839372499213704,
  "musclitude": 0.01,
  "name": "Washer Barajas",
  "omniscience": 0.2947137801282533,
  "overpowerment": 0.7127302320188562,
  "patheticism": 0.629525509252193,
  "peanutAllergy": true,
  "permAttr": [],
  "pressurization": 0.11787982178617629,
  "ritual": "Doing a good deed and telling everyone about it",
  "ruthlessness": 0.23080854430800807,
  "seasAttr": [],
  "shakespearianism": 0.01,
  "soul": 7,
  "suppression": 0.2982324185392617,
  "tenaciousness": 0.28446040456729554,
  "thwackability": 0.7467957260392437,
  "totalFingers": 11,
  "tragicness": 0.1,
  "unthwackability": 0.10596032176631535,
  "watchfulness": 0.5300624513396277,
  "weekAttr": []
}