{
  "anticapitalism": 1.205555087700793,
  "armor": "",
  "baseThirst": 0.9422857005559264,
  "baserunningRating": 0.7817793685955177,
  "bat": "",
  "blood": 2,
  "buoyancy": 0.7459549926271881,
  "chasiness": 1.2002118038565237,
  "cinnamon": 0.41746653077482543,
  "coffee": 1,
  "coldness": 0.13926606715748693,
  "continuation": 1.0600741732232035,
  "deceased": false,
  "defenseRating": 1.183340819219692,
  "divinity": 0.8717479947208457,
  "eDensity": 30.212737294127,
  "evolution": 0,
  "fate": 32,
  "gameAttr": [],
  "groundFriction": 0.7716682592684323,
  "hitStreak": 0,
  "hittingRating": 0.448930707406941,
  "id": "17397256-c28c-4cad-85f2-a21768c66e67",
  "indulgence": 0.7430401523141731,
  "laserlikeness": 0.6832443598880596,
  "leagueTeamId": "b024e975-1c4a-4575-8936-a3754a08806a",
  "martyrdom": 0.8314981325424831,
  "moxie": 1.001718934363766,
  "musclitude": 0.5620105342770013,
  "name": "Cory Ross",
  "omniscience": 1.2273268143840912,
  "overpowerment": 0.5857336870476215,
  "patheticism": 0.7536496111496631,
  "peanutAllergy": true,
  "permAttr": [
    "SIPHON"
  ],
  "pitchingRating": 0.2538062576742282,
  "pressurization": 0.19961729034104736,
  "ritual": "Meditation",
  "ruthlessness": 0.12892840765648597,
  "seasAttr": [],
  "shakespearianism": 0.46639012854296286,
  "soul": 6,
  "state": {},
  "suppression": 0.7788206533699096,
  "tenaciousness": 1.3246609654563684,
  "thwackability": 0.16297075705096228,
  "totalFingers": 11,
  "tournamentTeamId": null,
  "tragicness": 0.1,
  "unthwackability": 0.5005800759342117,
  "watchfulness": 1.4077436600749271,
  "weekAttr": []
}