{
  "anticapitalism": 0.21517698506344596,
  "armor": "",
  "baseThirst": 0.7751507665850743,
  "bat": "",
  "blood": 9,
  "buoyancy": 0.7598102718773861,
  "chasiness": 0.44545296054223593,
  "cinnamon": 0.4744530550543893,
  "coffee": 1,
  "coldness": 0.4533881013189944,
  "continuation": 0.20457693671791732,
  "deceased": false,
  "divinity": 0.14159105430056354,
  "fate": 48,
  "groundFriction": 0.7589845994724558,
  "id": "18798b8f-6391-4cb2-8a5f-6fb540d646d5",
  "indulgence": 0.686293762940283,
  "laserlikeness": 0.29809011651105943,
  "martyrdom": 0.7540591999072687,
  "moxie": 0.8667317858460438,
  "musclitude": 0.678768176389524,
  "name": "Morrow Doyle",
  "omniscience": 0.4401677042489318,
  "overpowerment": 0.10315897688607656,
  "patheticism": 0.42100945819847746,
  "peanutAllergy": true,
  "pressurization": 0.15147225738134362,
  "ritual": "Reading theory",
  "ruthlessness": 0.22471527382613465,
  "shakespearianism": 0.9694378023989768,
  "soul": 8,
  "suppression": 0.21224214381509876,
  "tenaciousness": 0.33751238850384424,
  "thwackability": 0.865354772248308,
  "totalFingers": 10,
  "tragicness": 0.1,
  "unthwackability": 0.4822427877456297,
  "watchfulness": 0.0065201704323927245
}