{
  "anticapitalism": 0.598317809070952,
  "armor": "",
  "baseThirst": 0.4019284779618699,
  "baserunningRating": 0.3791180167393843,
  "bat": "",
  "blood": 9,
  "buoyancy": 0.6250771190513107,
  "chasiness": 1.1462011899178592,
  "cinnamon": 0.2778023448685898,
  "coffee": 4,
  "coldness": 0.7651713506780987,
  "continuation": 0.982733165812839,
  "deceased": false,
  "defenseRating": 0.5027861642575685,
  "divinity": 1.1168109259605845,
  "fate": 13,
  "gameAttr": [],
  "groundFriction": 0.8012224365208337,
  "hitStreak": 0,
  "hittingRating": 0.7918019272262212,
  "id": "18af933a-4afa-4cba-bda5-45160f3af99b",
  "indulgence": 0.2504693073851864,
  "laserlikeness": 0.23863296966513856,
  "martyrdom": 0.9740705661453736,
  "moxie": 0.25230284040169093,
  "musclitude": 0.6024618045717226,
  "name": "Felix Garbage",
  "omniscience": 0.2698254781249148,
  "overpowerment": 0.7381845290352356,
  "patheticism": 0.01,
  "peanutAllergy": true,
  "permAttr": [],
  "pitchingRating": 0.6499620120869894,
  "pressurization": 0.838812986945503,
  "ritual": "Squats",
  "ruthlessness": 0.537506431653948,
  "seasAttr": [],
  "shakespearianism": 0.3332650209186608,
  "soul": 3,
  "suppression": 0.5073099420074046,
  "tenaciousness": 0.19840298409029256,
  "thwackability": 0.6903527972100545,
  "totalFingers": 10,
  "tragicness": 0.01,
  "unthwackability": 0.9600053500687316,
  "watchfulness": 0.5252645444164314,
  "weekAttr": []
}