{
  "anticapitalism": 0.5416893582823143,
  "armor": "",
  "baseThirst": 0.3230204089683574,
  "baserunningRating": 0.30794297559170125,
  "bat": "",
  "blood": 9,
  "buoyancy": 0.5655999716104231,
  "chasiness": 1.1025504029424729,
  "cinnamon": 0.2348863358979499,
  "coffee": 4,
  "coldness": 0.6880975077749217,
  "continuation": 0.9399313905332228,
  "deceased": false,
  "defenseRating": 0.432874394004912,
  "divinity": 1.0590894562690598,
  "fate": 13,
  "gameAttr": [],
  "groundFriction": 0.7462750736042836,
  "hitStreak": 0,
  "hittingRating": 0.733042140081275,
  "id": "18af933a-4afa-4cba-bda5-45160f3af99b",
  "indulgence": 0.20205882267673347,
  "laserlikeness": 0.17571143671550357,
  "martyrdom": 0.917160970072888,
  "moxie": 0.18752662718987695,
  "musclitude": 0.5563107540814187,
  "name": "Felix Garbage",
  "omniscience": 0.20891323129670028,
  "overpowerment": 0.689569063885978,
  "patheticism": 0.01,
  "peanutAllergy": true,
  "permAttr": [],
  "pitchingRating": 0.5853037986144516,
  "pressurization": 0.838812986945503,
  "ritual": "Squats",
  "ruthlessness": 0.4690144176137523,
  "seasAttr": [],
  "shakespearianism": 0.29285272129358286,
  "soul": 3,
  "suppression": 0.4561137038631424,
  "tenaciousness": 0.1408927460342415,
  "thwackability": 0.6352764434488732,
  "totalFingers": 10,
  "tragicness": 0.01,
  "unthwackability": 0.9141722792379277,
  "watchfulness": 0.4464378925874609,
  "weekAttr": []
}