{
  "anticapitalism": 0.3571900513774531,
  "armor": "GRAVITY_BOOTS",
  "baseThirst": 0.382553238874612,
  "baserunningRating": 0.5623384096351581,
  "bat": "",
  "blood": 5,
  "buoyancy": 0.5300610715979595,
  "chasiness": 0.6298701629172394,
  "cinnamon": 0.4863355821661439,
  "coffee": 13,
  "coldness": 0.8705156050890163,
  "continuation": 0.6221123347208203,
  "deceased": false,
  "defenseRating": 0.48249515859017966,
  "divinity": 0.35879708818371764,
  "fate": 65,
  "gameAttr": [],
  "groundFriction": 0.19430423959630877,
  "hitStreak": 0,
  "hittingRating": 0.5831545130794107,
  "id": "18f45a1b-76eb-4b59-a275-c64cf62afce0",
  "indulgence": 0.743838841477776,
  "laserlikeness": 0.6204276319267679,
  "martyrdom": 0.7583945381233111,
  "moxie": 0.8208435948928645,
  "musclitude": 0.8276567288793321,
  "name": "Steph Weeks",
  "omniscience": 0.2696134450317908,
  "overpowerment": 0.40294660214076966,
  "patheticism": 0.649710241074671,
  "peanutAllergy": true,
  "permAttr": [
    "FIRE_EATER"
  ],
  "pitchingRating": 0.17137751502040455,
  "pressurization": 0.09875305243956368,
  "ritual": "Sleep-pitching",
  "ruthlessness": 0.2477243971117194,
  "seasAttr": [],
  "shakespearianism": 0.0912659183029819,
  "soul": 9,
  "suppression": 1.041041061918536,
  "tenaciousness": 0.2621275640689029,
  "thwackability": 0.7689075173372576,
  "totalFingers": 10,
  "tragicness": 0.14827196880997373,
  "unthwackability": 0.19147313822785855,
  "watchfulness": 0.6085142239182892,
  "weekAttr": []
}