{
  "anticapitalism": 0.3885531237053791,
  "armor": "GRAVITY_BOOTS",
  "baseThirst": 0.31824071097122864,
  "baserunningRating": 0.4893067069643267,
  "bat": "",
  "blood": 5,
  "buoyancy": 0.5842279009316756,
  "chasiness": 0.6543292048491346,
  "cinnamon": 0.425740564535545,
  "coffee": 13,
  "coldness": 0.7909433947765285,
  "continuation": 0.5519908817139654,
  "deceased": false,
  "defenseRating": 0.5109807443267655,
  "divinity": 0.3890095950214775,
  "fate": 65,
  "gameAttr": [],
  "groundFriction": 0.13270795177264083,
  "hitStreak": 0,
  "hittingRating": 0.6239038885331667,
  "id": "18f45a1b-76eb-4b59-a275-c64cf62afce0",
  "indulgence": 0.6682421004659302,
  "laserlikeness": 0.550374943026662,
  "martyrdom": 0.7996138790988935,
  "moxie": 0.8533772378786814,
  "musclitude": 0.8839327163788478,
  "name": "Steph Weeks",
  "omniscience": 0.2908032308883367,
  "overpowerment": 0.3305598192237349,
  "patheticism": 0.6206771640000229,
  "peanutAllergy": true,
  "permAttr": [
    "FIRE_EATER",
    "MAGMATIC"
  ],
  "pitchingRating": 0.10585996906015532,
  "pressurization": 0.09875305243956368,
  "ritual": "Sleep-pitching",
  "ruthlessness": 0.1699077736621557,
  "seasAttr": [],
  "shakespearianism": 0.035267472808430345,
  "soul": 9,
  "suppression": 0.984882152670414,
  "tenaciousness": 0.29774765570166906,
  "thwackability": 0.827746545643491,
  "totalFingers": 10,
  "tragicness": 0.1,
  "unthwackability": 0.1273901265716375,
  "watchfulness": 0.6366540121370229,
  "weekAttr": []
}