{
  "anticapitalism": 0.4262886781999288,
  "armor": "GRAVITY_BOOTS",
  "baseThirst": 0.4455460388368485,
  "baserunningRating": 0.6247499186716168,
  "bat": "",
  "blood": 5,
  "buoyancy": 0.5728399713384889,
  "chasiness": 0.706646663202053,
  "cinnamon": 0.551282871414555,
  "coffee": 13,
  "coldness": 0.9302491740914718,
  "continuation": 0.6786829064971842,
  "deceased": false,
  "defenseRating": 0.5435230504378266,
  "divinity": 0.40804862881742415,
  "fate": 65,
  "gameAttr": [],
  "groundFriction": 0.2436218677249075,
  "hitStreak": 0,
  "hittingRating": 0.6353639689815395,
  "id": "18f45a1b-76eb-4b59-a275-c64cf62afce0",
  "indulgence": 0.8205970818448025,
  "laserlikeness": 0.6841183972878376,
  "martyrdom": 0.8322022118166276,
  "moxie": 0.8854912485035317,
  "musclitude": 0.8805367535825216,
  "name": "Steph Weeks",
  "omniscience": 0.3226377869715093,
  "overpowerment": 0.4697553199510225,
  "patheticism": 0.5886326275468834,
  "peanutAllergy": true,
  "permAttr": [
    "FIRE_EATER"
  ],
  "pitchingRating": 0.22640773700254496,
  "pressurization": 0.09875305243956368,
  "ritual": "Sleep-pitching",
  "ruthlessness": 0.3121287287419663,
  "seasAttr": [],
  "shakespearianism": 0.13827306175832313,
  "soul": 9,
  "suppression": 1.097784019388211,
  "tenaciousness": 0.329561039457633,
  "thwackability": 0.8125337995474057,
  "totalFingers": 10,
  "tragicness": 0.04105088248762014,
  "unthwackability": 0.24331928980677625,
  "watchfulness": 0.6606498950233136,
  "weekAttr": []
}