{
  "anticapitalism": 0.21268643491845443,
  "baseThirst": 0.4287762886446838,
  "baserunningRating": 0.8674493899079189,
  "blood": 2,
  "buoyancy": 0.7044587436439346,
  "chasiness": 0.4939050513520654,
  "cinnamon": 0.6151603530885661,
  "coffee": 4,
  "coldness": 0.9322116929969234,
  "continuation": 0.5549259986313271,
  "deceased": false,
  "defenseRating": 0.560509383186106,
  "divinity": 1.0186754176930368,
  "eDensity": 26.21840156643838,
  "evolution": 0,
  "fate": 55,
  "gameAttr": [],
  "groundFriction": 0.596972262554907,
  "hitStreak": 0,
  "hittingRating": 0.9099785543352722,
  "id": "190a0f31-d686-4ac4-a7f3-cfc87b72c145",
  "indulgence": 1.150924040930961,
  "itemAttr": [],
  "items": [
    {
      "baserunningRating": 0,
      "defenseRating": 0,
      "durability": 1,
      "forger": null,
      "forgerName": null,
      "health": 1,
      "hittingRating": 0,
      "id": "f11db436-a02a-40af-9490-9de5e06be653",
      "name": "Ring",
      "pitchingRating": 0.037645803920412835,
      "postPrefix": null,
      "prePrefix": null,
      "prefixes": null,
      "root": {
        "adjustments": [
          {
            "stat": 19,
            "type": 1,
            "value": 0.12411292232670072
          }
        ],
        "name": "Ring"
      },
      "suffix": null
    }
  ],
  "laserlikeness": 1.080923508681246,
  "leagueTeamId": "23e4cbc1-e9cd-47fa-a35b-bfa06f726cb7",
  "martyrdom": 1.2010006622251257,
  "moxie": 0.48649012278188775,
  "musclitude": 0.6989601204978081,
  "name": "Nerd Pacheco",
  "omniscience": 0.27312921087893327,
  "overpowerment": 0.27211304070196607,
  "patheticism": 0.001,
  "peanutAllergy": false,
  "permAttr": [
    "SHELLED"
  ],
  "pitchingRating": 0.836120039204757,
  "pressurization": 0.01724878531285201,
  "ritual": "Slaps",
  "ruthlessness": 1.0663505251413647,
  "seasAttr": [],
  "shakespearianism": 0.6081336688963355,
  "soul": 2,
  "state": {},
  "suppression": 0.4845000998877582,
  "tenaciousness": 0.696025306990769,
  "thwackability": 0.9378246292245666,
  "totalFingers": 14,
  "tournamentTeamId": "4d921519-410b-41e2-882e-9726a4e54a6a",
  "tragicness": 0.1,
  "unthwackability": 1.0877195420443455,
  "watchfulness": 0.8062305532732269,
  "weekAttr": []
}