{
  "anticapitalism": 0.2926864349184544,
  "armor": "",
  "baseThirst": 0.4087762886446838,
  "bat": "",
  "blood": 1,
  "buoyancy": 0.48445874364393454,
  "chasiness": 0.5739050513520654,
  "cinnamon": 0.6151603530885661,
  "coffee": 4,
  "coldness": 0.9122116929969234,
  "continuation": 0.5349259986313271,
  "deceased": false,
  "divinity": 0.7986754176930367,
  "fate": 55,
  "gameAttr": [],
  "groundFriction": 0.576972262554907,
  "id": "190a0f31-d686-4ac4-a7f3-cfc87b72c145",
  "indulgence": 1.1309240409309609,
  "laserlikeness": 1.060923508681246,
  "martyrdom": 0.9810006622251256,
  "moxie": 0.2664901227818877,
  "musclitude": 0.47896012049780806,
  "name": "Nerd Pacheco",
  "omniscience": 0.3531292108789333,
  "overpowerment": 0.25211304070196605,
  "patheticism": 0.2207544811169162,
  "peanutAllergy": false,
  "permAttr": [],
  "pressurization": 0.01724878531285201,
  "ritual": "Slaps",
  "ruthlessness": 1.0463505251413647,
  "seasAttr": [],
  "shakespearianism": 0.5881336688963354,
  "soul": 2,
  "suppression": 0.4645000998877582,
  "tenaciousness": 0.776025306990769,
  "thwackability": 0.7178246292245666,
  "totalFingers": 13,
  "tragicness": 0.060000000000000005,
  "unthwackability": 1.0677195420443455,
  "watchfulness": 0.8862305532732269,
  "weekAttr": []
}