{
  "anticapitalism": 0.7578180328609017,
  "armor": "",
  "baseThirst": 0.9100374329274974,
  "baserunningRating": 0.7553360227126529,
  "bat": "",
  "blood": 7,
  "buoyancy": 0.1445590682189691,
  "chasiness": 0.06762984150132056,
  "cinnamon": 0.08015324502612531,
  "coffee": 13,
  "coldness": 0.30515284074339455,
  "continuation": 0.19192389070621377,
  "deceased": false,
  "defenseRating": 0.48927477531829183,
  "divinity": 0.8982661468256911,
  "eDensity": 31.03443812857788,
  "evolution": 0,
  "fate": 3,
  "gameAttr": [],
  "groundFriction": 0.5739154299560032,
  "hitStreak": 0,
  "hittingRating": 0.7250663637806201,
  "id": "19241aa4-38e3-45ed-9750-68f4401f80e1",
  "indulgence": 0.920393858256466,
  "laserlikeness": 0.9189214992170608,
  "leagueTeamId": "c73b705c-40ad-4633-a6ed-d357ee2e2bcf",
  "martyrdom": 0.7947120009483392,
  "moxie": 0.3557306733492208,
  "musclitude": 0.42062369062923965,
  "name": "Ayanna Dumpington",
  "omniscience": 0.499963748832988,
  "overpowerment": 0.7170876726628355,
  "patheticism": 0.7099330070090496,
  "peanutAllergy": true,
  "permAttr": [],
  "pitchingRating": 0.3627300557597195,
  "pressurization": 0.1360454491875409,
  "ritual": "Making friends",
  "ruthlessness": 0.1849509285930011,
  "seasAttr": [],
  "shakespearianism": 0.6759009829960558,
  "soul": 7,
  "state": {},
  "suppression": 0.8399694369390065,
  "tenaciousness": 0.2591503946803757,
  "thwackability": 0.8122951858734212,
  "totalFingers": 10,
  "tournamentTeamId": null,
  "tragicness": 0.2,
  "unthwackability": 0.643646940024744,
  "watchfulness": 0.913785318043626,
  "weekAttr": []
}