{
  "_id": "198fd9c8-cb75-482d-873e-e6b91d42a446",
  "anticapitalism": 0.2990533718878583,
  "armor": "",
  "baseThirst": 0.8095870828948435,
  "bat": "",
  "blood": 1,
  "buoyancy": 0.6517276343226771,
  "chasiness": 0.708976941898436,
  "cinnamon": 0.28584427816124336,
  "coffee": 3,
  "coldness": 0.42355071373713016,
  "continuation": 0.29796983674422073,
  "deceased": false,
  "divinity": 1.0092560161353368,
  "fate": 82,
  "groundFriction": 0.8061400256260451,
  "indulgence": 0.4300360586756238,
  "laserlikeness": 0.6644539723176464,
  "martyrdom": 0.9864699307572948,
  "moxie": 0.5066516282751364,
  "musclitude": 0.8255326776713708,
  "name": "Ren Hunter",
  "omniscience": 0.27362024900139126,
  "overpowerment": 0.7184148482755399,
  "patheticism": 0.8232366965745131,
  "peanutAllergy": true,
  "pressurization": 0.7684774684235895,
  "ritual": "Gonging",
  "ruthlessness": 0.951601881584078,
  "shakespearianism": 0.11844416806841652,
  "soul": 3,
  "suppression": 0.8558009322054514,
  "tenaciousness": 0.5740503256155929,
  "thwackability": 0.8915044427333788,
  "totalFingers": 10,
  "tragicness": 0.1,
  "unthwackability": 0.3149599534932277,
  "watchfulness": 0.3612133900298673
}