{
  "anticapitalism": 0.17816937398495666,
  "baseThirst": 0.8812031409433028,
  "baserunningRating": 1.2868524763705644,
  "blood": 1,
  "buoyancy": 0.6083155697159396,
  "chasiness": 0.5770009164607965,
  "cinnamon": 0.2562557336073444,
  "coffee": 3,
  "coldness": 0.4922557628715633,
  "continuation": 0.365504150023929,
  "deceased": false,
  "defenseRating": 1.0649934849514102,
  "divinity": 1.082959909135525,
  "eDensity": 22.63137089430869,
  "evolution": 0,
  "fate": 82,
  "gameAttr": [],
  "groundFriction": 0.9192532787102746,
  "hitStreak": 0,
  "hittingRating": 0.9417142686444848,
  "id": "198fd9c8-cb75-482d-873e-e6b91d42a446",
  "indulgence": 0.5095804544568461,
  "itemAttr": [],
  "items": [],
  "laserlikeness": 0.7107002881487253,
  "leagueTeamId": "bfd38797-8404-4b38-8b82-341da28b1f83",
  "martyrdom": 0.9365973225606852,
  "moxie": 0.48187756841392904,
  "musclitude": 0.8873982779670012,
  "name": "Ren Hunter",
  "omniscience": 0.12258858649740556,
  "overpowerment": 0.7820886839282885,
  "patheticism": 0.8750350525967538,
  "peanutAllergy": true,
  "permAttr": [
    "ATTRACTOR"
  ],
  "pitchingRating": 1.0243327025619693,
  "pressurization": 0.7684774684235895,
  "ritual": "Gonging",
  "ruthlessness": 1.0194153665919332,
  "seasAttr": [],
  "shakespearianism": 0.1610295808076997,
  "soul": 0,
  "state": {},
  "suppression": 0.9215790876658236,
  "tenaciousness": 0.45134569839584426,
  "thwackability": 0.8564346830007588,
  "totalFingers": 10,
  "tournamentTeamId": "b3b9636a-f88a-47dc-a91d-86ecc79f9934",
  "tragicness": 0.1,
  "unthwackability": 0.35707604582451846,
  "watchfulness": 0.20731694828655783,
  "weekAttr": []
}