{
  "anticapitalism": 0.3781693739849567,
  "armor": "",
  "baseThirst": 0.8812031409433028,
  "bat": "",
  "blood": 1,
  "buoyancy": 0.7083155697159396,
  "chasiness": 0.7770009164607965,
  "cinnamon": 0.2562557336073444,
  "coffee": 3,
  "coldness": 0.4922557628715633,
  "continuation": 0.365504150023929,
  "deceased": false,
  "divinity": 1.1829599091355252,
  "fate": 82,
  "gameAttr": [],
  "groundFriction": 0.9192532787102746,
  "hitStreak": 0,
  "id": "198fd9c8-cb75-482d-873e-e6b91d42a446",
  "indulgence": 0.5095804544568461,
  "laserlikeness": 0.7107002881487253,
  "martyrdom": 1.0365973225606853,
  "moxie": 0.581877568413929,
  "musclitude": 0.9873982779670012,
  "name": "Ren Hunter",
  "omniscience": 0.32258858649740557,
  "overpowerment": 0.7820886839282885,
  "patheticism": 0.7750350525967539,
  "peanutAllergy": true,
  "permAttr": [],
  "pressurization": 0.7684774684235895,
  "ritual": "Gonging",
  "ruthlessness": 1.0194153665919332,
  "seasAttr": [],
  "shakespearianism": 0.1610295808076997,
  "soul": 3,
  "suppression": 0.9215790876658236,
  "tenaciousness": 0.6513456983958442,
  "thwackability": 0.9564346830007588,
  "totalFingers": 10,
  "tragicness": 0.1,
  "unthwackability": 0.35707604582451846,
  "watchfulness": 0.40731694828655785,
  "weekAttr": []
}