{
  "anticapitalism": 0.27816937398495667,
  "armor": "",
  "baseThirst": 0.8812031409433028,
  "baserunningRating": 0.6977580820682061,
  "bat": "",
  "blood": 1,
  "buoyancy": 0.6083155697159396,
  "chasiness": 0.6770009164607965,
  "cinnamon": 0.2562557336073444,
  "coffee": 3,
  "coldness": 0.4922557628715633,
  "continuation": 0.365504150023929,
  "deceased": false,
  "defenseRating": 0.4943492556785429,
  "divinity": 1.082959909135525,
  "fate": 82,
  "gameAttr": [],
  "groundFriction": 0.9192532787102746,
  "hitStreak": 0,
  "hittingRating": 0.8207064274288347,
  "id": "198fd9c8-cb75-482d-873e-e6b91d42a446",
  "indulgence": 0.5095804544568461,
  "laserlikeness": 0.7107002881487253,
  "martyrdom": 0.9365973225606852,
  "moxie": 0.48187756841392904,
  "musclitude": 0.8873982779670012,
  "name": "Ren Hunter",
  "omniscience": 0.22258858649740557,
  "overpowerment": 0.7820886839282885,
  "patheticism": 0.8750350525967538,
  "peanutAllergy": true,
  "permAttr": [],
  "pitchingRating": 0.4750119829415488,
  "pressurization": 0.7684774684235895,
  "ritual": "Gonging",
  "ruthlessness": 1.0194153665919332,
  "seasAttr": [],
  "shakespearianism": 0.1610295808076997,
  "soul": 3,
  "suppression": 0.9215790876658236,
  "tenaciousness": 0.5513456983958442,
  "thwackability": 0.8564346830007588,
  "totalFingers": 10,
  "tragicness": 0.2,
  "unthwackability": 0.35707604582451846,
  "watchfulness": 0.30731694828655787,
  "weekAttr": []
}