{
  "anticapitalism": 0.691785450723938,
  "armor": "",
  "baseThirst": 0.42818558029839227,
  "baserunningRating": 0.451221506742637,
  "bat": "",
  "blood": 0,
  "buoyancy": 0.2403977382442889,
  "chasiness": 1.167537817700015,
  "cinnamon": 0.7213680299739009,
  "coffee": 0,
  "coldness": 1.1312443794226292,
  "continuation": 0.8250858151079061,
  "deceased": false,
  "defenseRating": 1.0018829732426722,
  "divinity": 1.0096409279435496,
  "fate": 64,
  "gameAttr": [],
  "groundFriction": 0.31953416903758364,
  "hitStreak": 0,
  "hittingRating": 0.7626198817901403,
  "id": "1a53768b-1ec1-4646-8417-dd58b9849bd7",
  "indulgence": 0.2483841632836649,
  "laserlikeness": 0.4161262469042759,
  "leagueTeamId": null,
  "martyrdom": 0.3183401085127617,
  "moxie": 0.8881823645162348,
  "musclitude": 0.8338035105353137,
  "name": "Ball Clark",
  "omniscience": 0.9929536804270788,
  "overpowerment": 0.7324703171598135,
  "patheticism": 0.01,
  "peanutAllergy": true,
  "permAttr": [
    "COFFEE_PERIL"
  ],
  "pitchingRating": 0.6451378418654686,
  "pressurization": 0.9068441903570754,
  "ritual": "Comics",
  "ruthlessness": 0.3358244095209721,
  "seasAttr": [],
  "shakespearianism": 0.8648821268501141,
  "soul": 3,
  "suppression": 1.0219356329076232,
  "tenaciousness": 1.1546542700310003,
  "thwackability": 0.5424139581832854,
  "totalFingers": 33,
  "tournamentTeamId": "7fcb63bc-11f2-40b9-b465-f1d458692a63",
  "tragicness": 0.761391174441338,
  "unthwackability": 1.1192033750181023,
  "watchfulness": 0.9597666767683511,
  "weekAttr": []
}