{
  "anticapitalism": 1.0053096930684504,
  "baseThirst": 1.245016280202968,
  "baserunningRating": 0.926753950344064,
  "blood": 12,
  "buoyancy": 0.5279537351294559,
  "chasiness": 0.7595131101812829,
  "cinnamon": 0.49145962757222506,
  "coffee": 9,
  "coldness": 1.245271886887346,
  "continuation": 0.929976891662916,
  "deceased": false,
  "defenseRating": 0.9446700023537472,
  "divinity": 1.2195668549265366,
  "eDensity": 34.650231403619564,
  "evolution": 1,
  "fate": 82,
  "gameAttr": [],
  "groundFriction": 1.6113284795916756,
  "hitStreak": 0,
  "hittingRating": 0.7788446551150358,
  "id": "1a93a2d2-b5b6-479b-a595-703e4a2f3885",
  "indulgence": 1.227175589556216,
  "items": [],
  "laserlikeness": 0.7277484616626622,
  "leagueTeamId": "8d87c468-699a-47a8-b40d-cfb73a5660ad",
  "martyrdom": 1.3233879931867212,
  "moxie": 1.1176250937021337,
  "musclitude": 0.4705921225571684,
  "name": "Pedro Davids",
  "omniscience": 1.3225571436421102,
  "overpowerment": 0.5467568586519576,
  "patheticism": 0.5230510194263163,
  "peanutAllergy": false,
  "permAttr": [
    "FLINCH",
    "ELSEWHERE"
  ],
  "pitchingRating": 0.585478735561376,
  "pressurization": 0.905892757793139,
  "ritual": "Bragging",
  "ruthlessness": 1.024012750977496,
  "seasAttr": [],
  "shakespearianism": 1.0773691030419257,
  "soul": 6,
  "state": {
    "elsewhere": {
      "day": 103,
      "season": 13
    }
  },
  "suppression": 1.3027175991386564,
  "tenaciousness": 0.6167045524056267,
  "thwackability": 0.5045044393182619,
  "totalFingers": 12,
  "tournamentTeamId": null,
  "tragicness": 0.034342242807345894,
  "unthwackability": 0.39282903169483946,
  "watchfulness": 1.114250666325122,
  "weekAttr": []
}