{
  "anticapitalism": 0.9411772907102092,
  "armor": "",
  "baseThirst": 1.170207285814319,
  "baserunningRating": 0.8561565106779865,
  "bat": "",
  "blood": 12,
  "buoyancy": 0.4867564211827243,
  "chasiness": 0.7159716249634208,
  "cinnamon": 0.42683200618645767,
  "coffee": 9,
  "coldness": 1.20049656865787,
  "continuation": 0.8704345917046888,
  "deceased": false,
  "defenseRating": 0.8969491993409229,
  "divinity": 1.1714530535086092,
  "eDensity": 32.85296343016269,
  "evolution": 1,
  "fate": 82,
  "gameAttr": [],
  "groundFriction": 1.538209473513306,
  "hitStreak": 0,
  "hittingRating": 0.7071570941567573,
  "id": "1a93a2d2-b5b6-479b-a595-703e4a2f3885",
  "indulgence": 1.1715545673259464,
  "laserlikeness": 0.6491587849597291,
  "leagueTeamId": "8d87c468-699a-47a8-b40d-cfb73a5660ad",
  "martyrdom": 1.2510878104908494,
  "moxie": 1.047904805020013,
  "musclitude": 0.417961293396979,
  "name": "Pedro Davids",
  "omniscience": 1.269576387148443,
  "overpowerment": 0.4945939634134616,
  "patheticism": 0.596843141944873,
  "peanutAllergy": true,
  "permAttr": [
    "FLINCH"
  ],
  "pitchingRating": 0.5187319715618599,
  "pressurization": 0.905892757793139,
  "ritual": "Bragging",
  "ruthlessness": 0.9537033429193608,
  "seasAttr": [],
  "shakespearianism": 1.0322092544512618,
  "soul": 6,
  "state": {},
  "suppression": 1.238117781540886,
  "tenaciousness": 0.5455731422694342,
  "thwackability": 0.4267823929872903,
  "totalFingers": 12,
  "tournamentTeamId": null,
  "tragicness": 0.09611790134241308,
  "unthwackability": 0.3399062491181045,
  "watchfulness": 1.042527637323294,
  "weekAttr": []
}