{
  "anticapitalism": 0.7911772907102093,
  "armor": "",
  "baseThirst": 1.170207285814319,
  "baserunningRating": 0.8561565106779865,
  "bat": "",
  "blood": 12,
  "buoyancy": 0.48287432252513734,
  "chasiness": 0.5659716249634208,
  "cinnamon": 0.42683200618645767,
  "coffee": 9,
  "coldness": 1.20049656865787,
  "continuation": 0.8704345917046888,
  "deceased": false,
  "defenseRating": 0.7752202701226943,
  "divinity": 1.1675709548510222,
  "fate": 82,
  "gameAttr": [],
  "groundFriction": 1.538209473513306,
  "hitStreak": 0,
  "hittingRating": 0.7029779871444549,
  "id": "1a93a2d2-b5b6-479b-a595-703e4a2f3885",
  "indulgence": 1.1715545673259464,
  "laserlikeness": 0.6491587849597291,
  "leagueTeamId": "8d87c468-699a-47a8-b40d-cfb73a5660ad",
  "martyrdom": 1.2472057118332625,
  "moxie": 1.044022706362426,
  "musclitude": 0.4140791947393921,
  "name": "Pedro Davids",
  "omniscience": 1.119576387148443,
  "overpowerment": 0.4945939634134616,
  "patheticism": 0.6007252406024599,
  "peanutAllergy": true,
  "permAttr": [
    "FLINCH"
  ],
  "pitchingRating": 0.5187319715618599,
  "pressurization": 0.905892757793139,
  "ritual": "Bragging",
  "ruthlessness": 0.9537033429193608,
  "seasAttr": [],
  "shakespearianism": 1.0322092544512618,
  "soul": 6,
  "suppression": 1.238117781540886,
  "tenaciousness": 0.3955731422694342,
  "thwackability": 0.4229002943297034,
  "totalFingers": 12,
  "tournamentTeamId": null,
  "tragicness": 0.1,
  "unthwackability": 0.3399062491181045,
  "watchfulness": 0.892527637323294,
  "weekAttr": []
}