{
  "anticapitalism": 1.048902784102547,
  "baseThirst": 1.2015808914515198,
  "baserunningRating": 0.8758537773231805,
  "blood": 12,
  "buoyancy": 0.6037058411128505,
  "chasiness": 0.8087806251532533,
  "cinnamon": 0.5323904812122467,
  "coffee": 9,
  "coldness": 1.296848242548467,
  "continuation": 0.8896582311979365,
  "deceased": false,
  "defenseRating": 0.9822200527684464,
  "divinity": 1.2619428353829565,
  "eDensity": 35.4650830044184,
  "evolution": 1,
  "fate": 82,
  "gameAttr": [],
  "groundFriction": 1.570074546159557,
  "hitStreak": 0,
  "hittingRating": 0.8469550793749039,
  "id": "1a93a2d2-b5b6-479b-a595-703e4a2f3885",
  "indulgence": 1.1859466488119492,
  "itemAttr": [],
  "items": [
    {
      "baserunningRating": 0,
      "defenseRating": 0,
      "durability": 1,
      "forger": null,
      "forgerName": null,
      "health": 0,
      "hittingRating": 0,
      "id": "9dc26ef3-7ba1-4b59-b56f-c8f3642fe43c",
      "name": "Sunglasses",
      "pitchingRating": 0,
      "postPrefix": null,
      "prePrefix": null,
      "prefixes": null,
      "root": {
        "adjustments": [
          {
            "stat": 8,
            "type": 1,
            "value": 0.11596774697059456
          }
        ],
        "name": "Sunglasses"
      },
      "suffix": null
    },
    {
      "baserunningRating": 0,
      "defenseRating": 0,
      "durability": 1,
      "forger": null,
      "forgerName": null,
      "health": 0,
      "hittingRating": 0.0687665820468325,
      "id": "366fa2b9-c542-4f46-a42e-7f6f54d92181",
      "name": "Bat",
      "pitchingRating": 0,
      "postPrefix": null,
      "prePrefix": null,
      "prefixes": null,
      "root": {
        "adjustments": [
          {
            "stat": 2,
            "type": 1,
            "value": 0.13796602759031695
          }
        ],
        "name": "Bat"
      },
      "suffix": null
    }
  ],
  "laserlikeness": 0.668453015335723,
  "leagueTeamId": "8d87c468-699a-47a8-b40d-cfb73a5660ad",
  "martyrdom": 1.4014815002166852,
  "moxie": 1.1925083442322868,
  "musclitude": 0.5447741753691213,
  "name": "Pedro Davids",
  "omniscience": 1.3678110934866992,
  "overpowerment": 0.5993076757724521,
  "patheticism": 0.4688295964755829,
  "peanutAllergy": false,
  "permAttr": [
    "FLINCH"
  ],
  "pitchingRating": 0.6471258054503832,
  "pressurization": 0.905892757793139,
  "ritual": "Bragging",
  "ruthlessness": 1.1018718279847803,
  "seasAttr": [],
  "shakespearianism": 1.150952049847501,
  "soul": 6,
  "state": {},
  "suppression": 1.3803876424628223,
  "tenaciousness": 0.664864492308134,
  "thwackability": 0.5805984187177012,
  "totalFingers": 12,
  "tournamentTeamId": null,
  "tragicness": 0.001,
  "unthwackability": 0.43363239328324343,
  "watchfulness": 1.1912515082954915,
  "weekAttr": []
}