{
  "anticapitalism": 0.45014330539753256,
  "baseThirst": 0.5086141711339225,
  "baserunningRating": 0.23403461142576337,
  "blood": 11,
  "buoyancy": 0.7784577286551333,
  "chasiness": 0.5292228510905745,
  "cinnamon": 0.07681753813983971,
  "coffee": 0,
  "coldness": 0.2138630835013352,
  "continuation": 0.053776113211456034,
  "deceased": false,
  "defenseRating": 0.5541560529222247,
  "divinity": 0.7839238291604739,
  "eDensity": 29.928121343862983,
  "evolution": 0,
  "fate": 21,
  "gameAttr": [],
  "groundFriction": 0.5724281315752422,
  "hitStreak": 0,
  "hittingRating": 0.439087594320439,
  "id": "1abe7a14-2608-485c-af10-69cf0107c2a5",
  "indulgence": 0.5318116058667965,
  "itemAttr": [],
  "items": [],
  "laserlikeness": 0.14271474670120976,
  "leagueTeamId": "bb4a9de5-c924-4923-a0cb-9d1445f1ee5d",
  "martyrdom": 0.6255093899060011,
  "moxie": 0.34195109860047196,
  "musclitude": 0.20760340574299377,
  "name": "Norman Muggins",
  "omniscience": 0.5066546045915399,
  "overpowerment": 0.15452344778374108,
  "patheticism": 0.7440850393210625,
  "peanutAllergy": true,
  "permAttr": [],
  "pitchingRating": 0.541207207085623,
  "pressurization": 0.6400387695146021,
  "ritual": "Doing crimes",
  "ruthlessness": 0.5432701868074665,
  "seasAttr": [],
  "shakespearianism": 0.5589039466983241,
  "soul": 9,
  "state": {},
  "suppression": 0.2704138502359062,
  "tenaciousness": 0.21190497813037945,
  "thwackability": 0.28070306124547095,
  "totalFingers": 10,
  "tournamentTeamId": null,
  "tragicness": 0.8221939408702467,
  "unthwackability": 1.0140092132952343,
  "watchfulness": 0.994546566656449,
  "weekAttr": []
}