{
  "_id": "1aec2c01-b766-4018-a271-419e5371bc8f",
  "anticapitalism": 0.670573585948548,
  "baseThirst": 0.096779325378076,
  "bat": "",
  "buoyancy": 0.5526898533046705,
  "chasiness": 0.7720848509903779,
  "cinnamon": 0.7422085772256024,
  "coldness": 0.7502712725503282,
  "continuation": 0.8144333415427905,
  "deceased": false,
  "divinity": 0.4354947327088947,
  "fate": 97,
  "groundFriction": 0.9857146460001373,
  "indulgence": 0.4065791686243416,
  "laserlikeness": 0.15405961256268386,
  "martyrdom": 0.8394965447992349,
  "moxie": 0.04844022644524193,
  "musclitude": 0.29716493889498596,
  "name": "Rush Ito",
  "omniscience": 0.33971686824948466,
  "overpowerment": 0.17903792677370145,
  "patheticism": 0.27754537965428483,
  "peanutAllergy": false,
  "pressurization": 0.3637340306603738,
  "ruthlessness": 0.8462106238105085,
  "shakespearianism": 0.6507097264748205,
  "soul": 3,
  "suppression": 0.2835513722617744,
  "tenaciousness": 0.12260813322351671,
  "thwackability": 0.9778162715850648,
  "totalFingers": 10,
  "tragicness": 0.1,
  "unthwackability": 0.06974089138524997,
  "watchfulness": 0.2747091128401471
}