{
  "anticapitalism": 0.12399973343213858,
  "baseThirst": 0.7425205845997601,
  "baserunningRating": 0.47434647958369375,
  "blood": 1,
  "buoyancy": 0.6025791121241503,
  "chasiness": 0.7237541684205315,
  "cinnamon": 0.30856630235059385,
  "coffee": 10,
  "coldness": 0.18004910313453554,
  "continuation": 0.3707454746184587,
  "deceased": false,
  "defenseRating": 0.38107401766872673,
  "divinity": 0.001,
  "eDensity": 32.37295824809161,
  "evolution": 0,
  "fate": 44,
  "gameAttr": [],
  "groundFriction": 0.6675718629407865,
  "hitStreak": 0,
  "hittingRating": 0.05499809725072355,
  "id": "1af239ae-7e12-42be-9120-feff90453c85",
  "indulgence": 0.24599247393007995,
  "itemAttr": [],
  "items": [
    {
      "baserunningRating": 0.08975227053148427,
      "defenseRating": 0,
      "durability": 1,
      "forger": null,
      "forgerName": null,
      "health": 0,
      "hittingRating": 0,
      "id": "981c7892-83d3-4ef3-b187-6c65925c035a",
      "name": "Shoes",
      "pitchingRating": 0,
      "postPrefix": null,
      "prePrefix": null,
      "prefixes": null,
      "root": {
        "adjustments": [
          {
            "stat": 10,
            "type": 1,
            "value": 0.17454881373575273
          }
        ],
        "name": "Shoes"
      },
      "suffix": null
    }
  ],
  "laserlikeness": 0.41797520884905326,
  "leagueTeamId": "7966eb04-efcc-499b-8f03-d13916330531",
  "martyrdom": 0.001,
  "moxie": 0.08634277281329183,
  "musclitude": 0.44503342054706474,
  "name": "Melton Telephone",
  "omniscience": 0.6784505501805695,
  "overpowerment": 0.6636871905512883,
  "patheticism": 0.719528219822219,
  "peanutAllergy": true,
  "permAttr": [],
  "pitchingRating": 0.33602869249380707,
  "pressurization": 0.476830810756512,
  "ritual": "Wearing lucky socks",
  "ruthlessness": 0.5723859582902036,
  "seasAttr": [],
  "shakespearianism": 0.001,
  "soul": 8,
  "state": {},
  "suppression": 0.6432632609879783,
  "tenaciousness": 0.05199513469203154,
  "thwackability": 0.9084769427859708,
  "totalFingers": 10,
  "tournamentTeamId": null,
  "tragicness": 0.25921164519966133,
  "unthwackability": 0.8654519652396317,
  "watchfulness": 0.5782554639355386,
  "weekAttr": []
}