{
  "_id": "1af239ae-7e12-42be-9120-feff90453c85",
  "anticapitalism": 0.21989077422226264,
  "armor": "",
  "baseThirst": 0.832982285951142,
  "bat": "",
  "blood": 1,
  "buoyancy": 0.6707457927857599,
  "chasiness": 0.7877896208876924,
  "cinnamon": 0.3360760365376543,
  "coffee": 10,
  "coldness": 0.2512596878030806,
  "continuation": 0.4619322714873813,
  "deceased": false,
  "divinity": 0.043109397527228754,
  "fate": 44,
  "groundFriction": 0.7036042348481708,
  "indulgence": 0.31665141289370036,
  "laserlikeness": 0.49167728579234726,
  "martyrdom": 0.000954407936203383,
  "moxie": 0.20123455263998655,
  "musclitude": 0.5581355944392004,
  "name": "Melton Telephone",
  "omniscience": 0.8065966024013558,
  "overpowerment": 0.7636486819763879,
  "patheticism": 0.6276389533968423,
  "peanutAllergy": true,
  "pressurization": 0.446830810756512,
  "ritual": "Wearing lucky socks",
  "ruthlessness": 0.7312493585625164,
  "shakespearianism": 0.057440516866910096,
  "soul": 9,
  "suppression": 0.7064056761407427,
  "tenaciousness": 0.09659009331550772,
  "thwackability": 0.9328393399950604,
  "totalFingers": 10,
  "tragicness": 0.1,
  "unthwackability": 0.9470329620307244,
  "watchfulness": 0.6291157565045482
}