{
  "anticapitalism": 0.24989077422226263,
  "baseThirst": 0.862982285951142,
  "baserunningRating": 0.5781322066389785,
  "blood": 1,
  "buoyancy": 0.7007457927857599,
  "chasiness": 0.8177896208876925,
  "cinnamon": 0.3660760365376543,
  "coffee": 10,
  "coldness": 0.28125968780308064,
  "continuation": 0.4919322714873813,
  "deceased": false,
  "defenseRating": 0.5222981822534128,
  "divinity": 0.07310939752722875,
  "eDensity": 32.37295824809161,
  "evolution": 0,
  "fate": 44,
  "gameAttr": [],
  "groundFriction": 0.7336042348481708,
  "hitStreak": 0,
  "hittingRating": 0.30285649867632564,
  "id": "1af239ae-7e12-42be-9120-feff90453c85",
  "indulgence": 0.3466514128937004,
  "itemAttr": [],
  "items": [
    {
      "baserunningRating": 0.08975227053148427,
      "defenseRating": 0,
      "durability": 1,
      "forger": null,
      "forgerName": null,
      "health": 0,
      "hittingRating": 0,
      "id": "981c7892-83d3-4ef3-b187-6c65925c035a",
      "name": "Shoes",
      "pitchingRating": 0,
      "postPrefix": null,
      "prePrefix": null,
      "prefixes": null,
      "root": {
        "adjustments": [
          {
            "stat": 10,
            "type": 1,
            "value": 0.17454881373575273
          }
        ],
        "name": "Shoes"
      },
      "suffix": null
    }
  ],
  "laserlikeness": 0.5216772857923473,
  "leagueTeamId": "7966eb04-efcc-499b-8f03-d13916330531",
  "martyrdom": 0.030954407936203385,
  "moxie": 0.23123455263998657,
  "musclitude": 0.5881355944392004,
  "name": "Melton Telephone",
  "omniscience": 0.8365966024013558,
  "overpowerment": 0.7936486819763879,
  "patheticism": 0.5976389533968423,
  "peanutAllergy": true,
  "permAttr": [],
  "pitchingRating": 0.6499928621586557,
  "pressurization": 0.476830810756512,
  "ritual": "Wearing lucky socks",
  "ruthlessness": 0.7612493585625164,
  "seasAttr": [],
  "shakespearianism": 0.0874405168669101,
  "soul": 9,
  "state": {},
  "suppression": 0.7364056761407427,
  "tenaciousness": 0.12659009331550772,
  "thwackability": 0.9628393399950606,
  "totalFingers": 10,
  "tournamentTeamId": null,
  "tragicness": 0.1,
  "unthwackability": 0.9770329620307244,
  "watchfulness": 0.6591157565045482,
  "weekAttr": []
}