{
  "anticapitalism": 0.16906640089544256,
  "armor": "",
  "baseThirst": 0.7533886928978704,
  "baserunningRating": 0.5818722235441813,
  "bat": "",
  "blood": 9,
  "buoyancy": 0.5819998058818493,
  "chasiness": 0.8383721553848105,
  "cinnamon": 0.8528817960180046,
  "coffee": 4,
  "coldness": 0.25917708287461805,
  "continuation": 0.4549491001034629,
  "deceased": false,
  "defenseRating": 0.6141214080455545,
  "divinity": 0.5646037388308655,
  "fate": 21,
  "gameAttr": [],
  "groundFriction": 0.3248499769491129,
  "hitStreak": 0,
  "hittingRating": 0.5392678952466716,
  "id": "1c73f91e-0562-480d-9543-2aab1d5e5acd",
  "indulgence": 0.7483038421743367,
  "laserlikeness": 0.5565532297840436,
  "leagueTeamId": "105bc3ff-1320-4e37-8ef0-8d595cb95dd0",
  "martyrdom": 0.3295064984236983,
  "moxie": 0.13524911821484817,
  "musclitude": 0.5771550454440274,
  "name": "Sparks Beans",
  "omniscience": 0.98581397624659,
  "overpowerment": 0.270047997955007,
  "patheticism": 0.1190409438922472,
  "peanutAllergy": false,
  "permAttr": [],
  "pitchingRating": 0.3903861677309845,
  "pressurization": 0.8913407446652273,
  "ritual": "Channeling chi",
  "ruthlessness": 0.720862477993724,
  "seasAttr": [],
  "shakespearianism": 0.00930467194928375,
  "soul": 8,
  "suppression": 0.4902580001688128,
  "tenaciousness": 0.2945289684910022,
  "thwackability": 0.5702195721562991,
  "totalFingers": 10,
  "tournamentTeamId": "4d921519-410b-41e2-882e-9726a4e54a6a",
  "tragicness": 0.1,
  "unthwackability": 0.799566471629267,
  "watchfulness": 0.6385607813734688,
  "weekAttr": []
}