{
  "anticapitalism": 0.16906640089544256,
  "armor": "",
  "baseThirst": 0.7533886928978704,
  "bat": "",
  "blood": 9,
  "buoyancy": 0.6819998058818493,
  "chasiness": 0.8383721553848105,
  "cinnamon": 0.8528817960180046,
  "coffee": 4,
  "coldness": 0.25917708287461805,
  "continuation": 0.4549491001034629,
  "deceased": false,
  "divinity": 0.6646037388308654,
  "fate": 21,
  "gameAttr": [],
  "groundFriction": 0.3248499769491129,
  "id": "1c73f91e-0562-480d-9543-2aab1d5e5acd",
  "indulgence": 0.7483038421743367,
  "laserlikeness": 0.5565532297840436,
  "martyrdom": 0.42950649842369826,
  "moxie": 0.23524911821484815,
  "musclitude": 0.6771550454440274,
  "name": "Sparks Beans",
  "omniscience": 0.98581397624659,
  "overpowerment": 0.270047997955007,
  "patheticism": 0.019040943892247197,
  "peanutAllergy": false,
  "permAttr": [],
  "pressurization": 0.8913407446652273,
  "ritual": "Channeling chi",
  "ruthlessness": 0.720862477993724,
  "seasAttr": [],
  "shakespearianism": 0.00930467194928375,
  "soul": 8,
  "suppression": 0.4902580001688128,
  "tenaciousness": 0.2945289684910022,
  "thwackability": 0.6702195721562991,
  "totalFingers": 10,
  "tragicness": 0.1,
  "unthwackability": 0.799566471629267,
  "watchfulness": 0.6385607813734688,
  "weekAttr": []
}