{
  "anticapitalism": 0.10925348348706355,
  "armor": "",
  "baseThirst": 0.576480647504423,
  "bat": "",
  "blood": 2,
  "buoyancy": 0.8767646514996238,
  "chasiness": 0.20537741722200545,
  "cinnamon": 0.21574002549410587,
  "coffee": 2,
  "coldness": 0.8453030184868137,
  "continuation": 0.8466738981528666,
  "deceased": false,
  "divinity": 0.7987080206569166,
  "fate": 76,
  "gameAttr": [],
  "groundFriction": 1.0727025354803237,
  "hitStreak": 0,
  "id": "1db2f602-64b1-4a5c-8697-1932cc2c6df1",
  "indulgence": 0.853713745831511,
  "laserlikeness": 0.27829518019427113,
  "martyrdom": 1.067705905207566,
  "moxie": 0.4135403312298995,
  "musclitude": 0.3669332126241533,
  "name": "Mummy Melcon",
  "omniscience": 0.16513507924454324,
  "overpowerment": 0.6468619353347604,
  "patheticism": 0.7605916803113646,
  "peanutAllergy": false,
  "permAttr": [],
  "pressurization": 0.4704999159830534,
  "ritual": "Having an epiphany",
  "ruthlessness": 0.8853098206056077,
  "seasAttr": [],
  "shakespearianism": 1.0475263337862384,
  "soul": 2,
  "suppression": 0.6729810495434349,
  "tenaciousness": 0.585116707167304,
  "thwackability": 0.5272169687465172,
  "totalFingers": 10,
  "tragicness": 0.1,
  "unthwackability": 0.23777414305655417,
  "watchfulness": 0.5037186062068152,
  "weekAttr": []
}