{
  "_id": "1ded0384-d290-4ea1-a72b-4f9d220cbe37",
  "anticapitalism": 0.4020022163835897,
  "baseThirst": 0.3718788934633461,
  "bat": "",
  "buoyancy": 0.4758410498571599,
  "chasiness": 0.72567641403865,
  "cinnamon": 0.9441834788062418,
  "coldness": 0.7261946355962967,
  "continuation": 0.6227497142383507,
  "deceased": false,
  "divinity": 0.6752301588282816,
  "fate": 78,
  "groundFriction": 0.30278372590035607,
  "indulgence": 0.0396010693159452,
  "laserlikeness": 0.9333564974725476,
  "martyrdom": 0.4071916329889018,
  "moxie": 0.9888423521452384,
  "musclitude": 0.07839182295438607,
  "name": "Juan Murphy",
  "omniscience": 0.5027663294669589,
  "overpowerment": 0.9540254249927332,
  "patheticism": 0.3920359446614541,
  "peanutAllergy": true,
  "pressurization": 0.009920819499199762,
  "ruthlessness": 0.8272369644128985,
  "shakespearianism": 0.7637909651895824,
  "soul": 9,
  "suppression": 0.6054228483644994,
  "tenaciousness": 0.2617553549112712,
  "thwackability": 0.30186665645881083,
  "totalFingers": 10,
  "tragicness": 0.1,
  "unthwackability": 0.008514566036167404,
  "watchfulness": 0.15550945907349534
}