{
  "_id": "1e229fe5-a191-48ef-a7dd-6f6e13d6d73f",
  "anticapitalism": 0.7356309850201721,
  "armor": "",
  "baseThirst": 0.12859661516155096,
  "bat": "",
  "blood": 2,
  "buoyancy": 0.4333754603887821,
  "chasiness": 0.6408483705503487,
  "cinnamon": 0.9450760935677204,
  "coffee": 2,
  "coldness": 0.8416673036437046,
  "continuation": 0.5295932176883744,
  "deceased": false,
  "divinity": 0.9833019204512828,
  "fate": 33,
  "groundFriction": 0.6115459503695788,
  "indulgence": 0.5541871296046976,
  "laserlikeness": 0.9846007461108632,
  "martyrdom": 0.7033352545724696,
  "moxie": 0.7628940273360254,
  "musclitude": 0.5355525845321583,
  "name": "Erickson Fischer",
  "omniscience": 0.0946633612424308,
  "overpowerment": 0.2615295274150087,
  "patheticism": 0.8365055067558684,
  "peanutAllergy": true,
  "pressurization": 0.12546386954368005,
  "ritual": "Night terrors",
  "ruthlessness": 0.5570840961759245,
  "shakespearianism": 0.14480859827798165,
  "soul": 5,
  "suppression": 0.995206219224319,
  "tenaciousness": 0.593246222227185,
  "thwackability": 0.3897045384459681,
  "totalFingers": 10,
  "tragicness": 0.1,
  "unthwackability": 0.22686229728458684,
  "watchfulness": 0.862402477831046
}