{
  "anticapitalism": 0.8062944755240736,
  "armor": "",
  "baseThirst": 0.8490420408071437,
  "bat": "",
  "blood": 2,
  "buoyancy": 0.8661631001564262,
  "chasiness": 0.5834581393026868,
  "cinnamon": 0.45927505481542785,
  "coffee": 10,
  "coldness": 0.5980036065727526,
  "continuation": 0.16418329062105314,
  "deceased": false,
  "divinity": 0.20156007971677076,
  "fate": 72,
  "gameAttr": [],
  "groundFriction": 0.12715898494919803,
  "hitStreak": 0,
  "id": "1e8b09bd-fbdd-444e-bd7e-10326bd57156",
  "indulgence": 0.45599577290062326,
  "laserlikeness": 0.1045994307022546,
  "martyrdom": 0.779801228570349,
  "moxie": 0.7443066438850835,
  "musclitude": 0.9699439073935648,
  "name": "Fletcher Yamamoto",
  "omniscience": 0.383206758916626,
  "overpowerment": 0.6447061334341582,
  "patheticism": 0.5973187167027508,
  "peanutAllergy": true,
  "permAttr": [],
  "pressurization": 0.6796917870783806,
  "ritual": "Breadmaking",
  "ruthlessness": 0.6484411722502176,
  "seasAttr": [],
  "shakespearianism": 0.5792987611737402,
  "soul": 9,
  "suppression": 0.7045857571531694,
  "tenaciousness": 0.46878200182686786,
  "thwackability": 0.4324292573023781,
  "totalFingers": 13,
  "tragicness": 0.1,
  "unthwackability": 0.30242006989672876,
  "watchfulness": 0.4742756721970337,
  "weekAttr": []
}