{
  "anticapitalism": 0.7344051031173237,
  "armor": "",
  "baseThirst": 0.7715181675268017,
  "bat": "",
  "blood": 2,
  "buoyancy": 0.793288868078057,
  "chasiness": 0.4971668324128452,
  "cinnamon": 0.39855009104427286,
  "coffee": 10,
  "coldness": 0.621663446417313,
  "continuation": 0.06549785276504408,
  "deceased": false,
  "divinity": 0.1301642079229599,
  "fate": 72,
  "gameAttr": [],
  "groundFriction": 0.04767639703853835,
  "id": "1e8b09bd-fbdd-444e-bd7e-10326bd57156",
  "indulgence": 0.3730180483753207,
  "laserlikeness": 0.01,
  "martyrdom": 0.6981017029788257,
  "moxie": 0.681049085189477,
  "musclitude": 0.9021563773088924,
  "name": "Fletcher Yamamoto",
  "omniscience": 0.3224485073826252,
  "overpowerment": 0.6528304973873162,
  "patheticism": 0.6926862799837761,
  "peanutAllergy": true,
  "permAttr": [],
  "pressurization": 0.6796917870783806,
  "ritual": "Breadmaking",
  "ruthlessness": 0.6817438009777537,
  "seasAttr": [],
  "shakespearianism": 0.6031437578715957,
  "soul": 9,
  "suppression": 0.7302126235821529,
  "tenaciousness": 0.3917890443541955,
  "thwackability": 0.33922884370268447,
  "totalFingers": 11,
  "tragicness": 0.13,
  "unthwackability": 0.3113142226210148,
  "watchfulness": 0.4048416858669551,
  "weekAttr": []
}