{
  "anticapitalism": 0.40629447552407366,
  "armor": "",
  "baseThirst": 0.6490420408071438,
  "baserunningRating": 0.006638203504729976,
  "bat": "",
  "blood": 2,
  "buoyancy": 0.6661631001564261,
  "chasiness": 0.1834581393026868,
  "cinnamon": 0.45927505481542785,
  "coffee": 10,
  "coldness": 0.39800360657275263,
  "continuation": 0.001,
  "deceased": false,
  "defenseRating": 0.13861729238726175,
  "divinity": 0.001560079716770746,
  "eDensity": 27.90438324445158,
  "evolution": 0,
  "fate": 99,
  "gameAttr": [],
  "groundFriction": 0.001,
  "hitStreak": 0,
  "hittingRating": 0.053276183265111965,
  "id": "1e8b09bd-fbdd-444e-bd7e-10326bd57156",
  "indulgence": 0.25599577290062325,
  "laserlikeness": 0.001,
  "leagueTeamId": "b72f3061-f573-40d7-832a-5ad475bd7909",
  "martyrdom": 0.5798012285703489,
  "moxie": 0.5443066438850834,
  "musclitude": 0.7699439073935648,
  "name": "Fletcher Yamamoto",
  "omniscience": 0.01,
  "overpowerment": 0.44470613343415816,
  "patheticism": 0.7973187167027509,
  "peanutAllergy": true,
  "permAttr": [],
  "pitchingRating": 0.1823815956944937,
  "pressurization": 0.6796917870783806,
  "ritual": "Breadmaking",
  "ruthlessness": 0.4484411722502176,
  "seasAttr": [],
  "shakespearianism": 0.37929876117374023,
  "soul": 9,
  "state": {},
  "suppression": 0.5045857571531693,
  "tenaciousness": 0.06878200182686783,
  "thwackability": 0.23242925730237807,
  "totalFingers": 13,
  "tournamentTeamId": "a3ea6358-ce03-4f23-85f9-deb38cb81b20",
  "tragicness": 0.30000000000000004,
  "unthwackability": 0.10242006989672876,
  "watchfulness": 0.07427567219703374,
  "weekAttr": []
}