{
  "anticapitalism": 0.7544051031173237,
  "armor": "",
  "baseThirst": 0.7915181675268017,
  "bat": "",
  "blood": 2,
  "buoyancy": 0.813288868078057,
  "chasiness": 0.5171668324128452,
  "cinnamon": 0.39855009104427286,
  "coffee": 10,
  "coldness": 0.641663446417313,
  "continuation": 0.08549785276504408,
  "deceased": false,
  "divinity": 0.15016420792295992,
  "fate": 72,
  "gameAttr": [],
  "groundFriction": 0.06767639703853835,
  "id": "1e8b09bd-fbdd-444e-bd7e-10326bd57156",
  "indulgence": 0.3930180483753207,
  "laserlikeness": 0.03,
  "martyrdom": 0.7181017029788257,
  "moxie": 0.7010490851894771,
  "musclitude": 0.9221563773088924,
  "name": "Fletcher Yamamoto",
  "omniscience": 0.3424485073826252,
  "overpowerment": 0.6728304973873163,
  "patheticism": 0.6726862799837761,
  "peanutAllergy": true,
  "permAttr": [],
  "pressurization": 0.6796917870783806,
  "ritual": "Breadmaking",
  "ruthlessness": 0.7017438009777537,
  "seasAttr": [],
  "shakespearianism": 0.6231437578715957,
  "soul": 9,
  "suppression": 0.7502126235821529,
  "tenaciousness": 0.4117890443541955,
  "thwackability": 0.3592288437026845,
  "totalFingers": 12,
  "tragicness": 0.08,
  "unthwackability": 0.33131422262101484,
  "watchfulness": 0.42484168586695514,
  "weekAttr": []
}