{
  "anticapitalism": 0.49122957670122624,
  "armor": "",
  "baseThirst": 0.7471782593159936,
  "baserunningRating": 0.17127603295815988,
  "bat": "",
  "blood": 2,
  "buoyancy": 0.7239466661502953,
  "chasiness": 0.2905116815471612,
  "cinnamon": 0.5655174803558557,
  "coffee": 10,
  "coldness": 0.46950325793883296,
  "continuation": 0.10222352011983755,
  "deceased": false,
  "defenseRating": 0.28439188623668077,
  "divinity": 0.11279928616083568,
  "eDensity": 24.99238175468137,
  "evolution": 0,
  "fate": 99,
  "gameAttr": [],
  "groundFriction": 0.0816017580051625,
  "hitStreak": 0,
  "hittingRating": 0.2689593544541713,
  "id": "1e8b09bd-fbdd-444e-bd7e-10326bd57156",
  "indulgence": 0.3376600880578783,
  "laserlikeness": 0.10063807711789152,
  "leagueTeamId": "b72f3061-f573-40d7-832a-5ad475bd7909",
  "martyrdom": 0.6935110184465928,
  "moxie": 0.6443655337209865,
  "musclitude": 0.8589649362924179,
  "name": "Fletcher Yamamoto",
  "omniscience": 0.08840224869806096,
  "overpowerment": 0.522422487026712,
  "patheticism": 0.7193466274253022,
  "peanutAllergy": true,
  "permAttr": [],
  "pitchingRating": 0.274284405591184,
  "pressurization": 0.6796917870783806,
  "ritual": "Breadmaking",
  "ruthlessness": 0.5462171478508159,
  "seasAttr": [],
  "shakespearianism": 0.4762943375578472,
  "soul": 9,
  "state": {},
  "suppression": 0.5847501554081882,
  "tenaciousness": 0.15306434829483428,
  "thwackability": 0.2908564703445516,
  "totalFingers": 13,
  "tournamentTeamId": "a3ea6358-ce03-4f23-85f9-deb38cb81b20",
  "tragicness": 0.18168323398087344,
  "unthwackability": 0.17862670864460128,
  "watchfulness": 0.13244915479576935,
  "weekAttr": []
}