{
  "anticapitalism": 0.8930507954212692,
  "baseThirst": 0.4445064080975157,
  "baserunningRating": 0.29222358880459215,
  "blood": 9,
  "buoyancy": 0.6553650297029191,
  "chasiness": 0.041,
  "cinnamon": 0.23837655922548165,
  "coffee": 4,
  "coldness": 0.1834713734259221,
  "continuation": 0.6068340236748676,
  "deceased": false,
  "defenseRating": 0.1454648053641142,
  "divinity": 0.7461823546651389,
  "eDensity": 17.103046730910002,
  "evolution": 0,
  "fate": 39,
  "gameAttr": [],
  "groundFriction": 0.04647704994693003,
  "hitStreak": 0,
  "hittingRating": 0.37377140411589976,
  "id": "1f159bab-923a-4811-b6fa-02bfde50925a",
  "indulgence": 0.5699159546438743,
  "items": [],
  "laserlikeness": 0.22941989488687517,
  "leagueTeamId": "b72f3061-f573-40d7-832a-5ad475bd7909",
  "martyrdom": 0.2758047047750328,
  "moxie": 0.685631174822077,
  "musclitude": 0.23800254466224577,
  "name": "NaN",
  "omniscience": 0.041,
  "overpowerment": 0.17231852723159405,
  "patheticism": 0.788432616445673,
  "peanutAllergy": true,
  "permAttr": [
    "FLICKERING",
    "ECHO",
    "SIPHON",
    "PERK"
  ],
  "pitchingRating": 0.2032611632739655,
  "pressurization": 0.6260620508749675,
  "ritual": "Have Hope",
  "ruthlessness": 0.4216339537797807,
  "seasAttr": [],
  "shakespearianism": 0.1546596969180715,
  "soul": 5,
  "state": {
    "permModSources": {
      "PERK": [
        "ECHO"
      ],
      "SIPHON": [
        "ECHO"
      ]
    },
    "seasModSources": {}
  },
  "suppression": 0.17613837234928814,
  "tenaciousness": 0.041,
  "thwackability": 0.16028145106976155,
  "totalFingers": 15,
  "tournamentTeamId": "4d921519-410b-41e2-882e-9726a4e54a6a",
  "tragicness": 0.1357672951192848,
  "unthwackability": 0.22090569546017527,
  "watchfulness": 0.041,
  "weekAttr": []
}