{
  "anticapitalism": 0.8748673652373533,
  "armor": "",
  "baseThirst": 0.4482293398020878,
  "baserunningRating": 0.3238130551028775,
  "bat": "",
  "blood": 9,
  "buoyancy": 0.6854669368301043,
  "chasiness": 0.01,
  "cinnamon": 0.2872214222805204,
  "coffee": 4,
  "coldness": 0.17532057317368224,
  "continuation": 0.6186532299851435,
  "deceased": false,
  "defenseRating": 0.06225786474933887,
  "divinity": 0.7682240830570688,
  "eDensity": 16.900838104784413,
  "evolution": 0,
  "fate": 95,
  "gameAttr": [],
  "groundFriction": 0.07373967751607867,
  "hitStreak": 0,
  "hittingRating": 0.4149709594285841,
  "id": "1f159bab-923a-4811-b6fa-02bfde50925a",
  "indulgence": 0.6120380586799062,
  "laserlikeness": 0.25182756291324,
  "leagueTeamId": "b72f3061-f573-40d7-832a-5ad475bd7909",
  "martyrdom": 0.3070799403652444,
  "moxie": 0.7246998411828397,
  "musclitude": 0.23872313341770657,
  "name": "NaN",
  "omniscience": 0.01,
  "overpowerment": 0.17686572926315358,
  "patheticism": 0.7650364044751354,
  "peanutAllergy": true,
  "permAttr": [
    "FLICKERING",
    "RECEIVER"
  ],
  "pitchingRating": 0.1847921356884012,
  "pressurization": 0.6260620508749675,
  "ritual": "Have Hope",
  "ruthlessness": 0.418391285754951,
  "seasAttr": [],
  "shakespearianism": 0.15436616634188666,
  "soul": 5,
  "state": {},
  "suppression": 0.16810329374725552,
  "tenaciousness": 0.01,
  "thwackability": 0.2027089190907144,
  "totalFingers": 14,
  "tournamentTeamId": "4d921519-410b-41e2-882e-9726a4e54a6a",
  "tragicness": 0.1,
  "unthwackability": 0.18277032771209883,
  "watchfulness": 0.01,
  "weekAttr": []
}