{
  "anticapitalism": 1,
  "armor": "",
  "baseThirst": 0.38280948618546,
  "bat": "",
  "blood": 9,
  "buoyancy": 0.6322163483942209,
  "chasiness": 0.01,
  "cinnamon": 0.21705740511750116,
  "coffee": 4,
  "coldness": 0.11,
  "continuation": 0.547329618900035,
  "deceased": false,
  "divinity": 0.7173595710705569,
  "fate": 27,
  "gameAttr": [],
  "groundFriction": 0.01,
  "id": "1f159bab-923a-4811-b6fa-02bfde50925a",
  "indulgence": 0.5572143930370914,
  "laserlikeness": 0.2114186892430553,
  "martyrdom": 0.2279128422092924,
  "moxie": 0.6807916821094744,
  "musclitude": 0.16,
  "name": "NaN",
  "omniscience": 0.01,
  "overpowerment": 0.11,
  "patheticism": 0.8400000000000001,
  "peanutAllergy": true,
  "permAttr": [],
  "pressurization": 0.6260620508749675,
  "ritual": "Repenting",
  "ruthlessness": 0.3524200796302258,
  "seasAttr": [],
  "shakespearianism": 0.11,
  "soul": 5,
  "suppression": 0.11,
  "tenaciousness": 0.01,
  "thwackability": 0.16,
  "totalFingers": 14,
  "tragicness": 0.1,
  "unthwackability": 0.11262919984275097,
  "watchfulness": 0.010296103692278956,
  "weekAttr": []
}