{
  "anticapitalism": 0.8530507954212692,
  "armor": "",
  "baseThirst": 0.4445064080975157,
  "baserunningRating": 0.29222358880459215,
  "bat": "",
  "blood": 9,
  "buoyancy": 0.6553650297029191,
  "chasiness": 0.001,
  "cinnamon": 0.23837655922548165,
  "coffee": 4,
  "coldness": 0.1434713734259221,
  "continuation": 0.6068340236748676,
  "deceased": false,
  "defenseRating": 0.015599026261630386,
  "divinity": 0.7461823546651389,
  "eDensity": 15.91821849444412,
  "evolution": 0,
  "fate": 89,
  "gameAttr": [],
  "groundFriction": 0.04647704994693003,
  "hitStreak": 0,
  "hittingRating": 0.37377140411589976,
  "id": "1f159bab-923a-4811-b6fa-02bfde50925a",
  "indulgence": 0.5699159546438743,
  "laserlikeness": 0.22941989488687517,
  "leagueTeamId": "36569151-a2fb-43c1-9df7-2df512424c82",
  "martyrdom": 0.2758047047750328,
  "moxie": 0.685631174822077,
  "musclitude": 0.23800254466224577,
  "name": "NaN",
  "omniscience": 0.001,
  "overpowerment": 0.13231852723159404,
  "patheticism": 0.788432616445673,
  "peanutAllergy": true,
  "permAttr": [
    "FLICKERING",
    "RECEIVER"
  ],
  "pitchingRating": 0.1638657657384659,
  "pressurization": 0.6260620508749675,
  "ritual": "Have Hope",
  "ruthlessness": 0.3816339537797807,
  "seasAttr": [],
  "shakespearianism": 0.11465969691807149,
  "soul": 5,
  "state": {},
  "suppression": 0.13613837234928813,
  "tenaciousness": 0.001,
  "thwackability": 0.16028145106976155,
  "totalFingers": 14,
  "tournamentTeamId": "4d921519-410b-41e2-882e-9726a4e54a6a",
  "tragicness": 0.1357672951192848,
  "unthwackability": 0.1809056954601753,
  "watchfulness": 0.001,
  "weekAttr": []
}