{
  "_id": "1ffb1153-909d-44c7-9df1-6ed3a9a45bbd",
  "anticapitalism": 0.4672199758498223,
  "baseThirst": 0.08850676561600745,
  "bat": "",
  "buoyancy": 0.5707932166310898,
  "chasiness": 0.6508344291661878,
  "cinnamon": 0.01061729946422707,
  "coldness": 0.8757635014375669,
  "continuation": 0.940713552984495,
  "deceased": false,
  "divinity": 0.06535813843346627,
  "fate": 76,
  "groundFriction": 0.8132842602334343,
  "indulgence": 0.30239897107079616,
  "laserlikeness": 0.11178488664573204,
  "martyrdom": 0.7448657765476583,
  "moxie": 0.8697869450532454,
  "musclitude": 0.07164321666327811,
  "name": "Montgomery Bullock",
  "omniscience": 0.6278914294306717,
  "overpowerment": 0.34664343720139706,
  "patheticism": 0.044227485424963575,
  "peanutAllergy": false,
  "pressurization": 0.33838804525950206,
  "ruthlessness": 0.3668016577714714,
  "shakespearianism": 0.15485473133891675,
  "soul": 8,
  "suppression": 0.17199480782715065,
  "tenaciousness": 0.32283950947029955,
  "thwackability": 0.01412651745751714,
  "totalFingers": 11,
  "tragicness": 0.1,
  "unthwackability": 1.0269005812122494,
  "watchfulness": 0.6388619844679744
}