{
  "anticapitalism": 0.1888249435577067,
  "armor": "",
  "baseThirst": 0.8803179167130768,
  "baserunningRating": 0.774151672305837,
  "bat": "",
  "blood": 8,
  "buoyancy": 0.8053494570512283,
  "chasiness": 0.057953465026184134,
  "cinnamon": 0.16420436797270566,
  "coffee": 11,
  "coldness": 0.5522597401138867,
  "continuation": 0.5051426041020817,
  "deceased": false,
  "defenseRating": 0.5935570890882967,
  "divinity": 0.8131146598001391,
  "fate": 14,
  "gameAttr": [],
  "groundFriction": 0.6517155963303745,
  "hitStreak": 0,
  "hittingRating": 0.4663951300738593,
  "id": "20be1c34-071d-40c6-8824-dde2af184b4d",
  "indulgence": 0.2570172595384783,
  "laserlikeness": 1.0074820658863464,
  "martyrdom": 0.01,
  "moxie": 0.18293226968933476,
  "musclitude": 0.20984728576436457,
  "name": "Qais Dogwalker",
  "omniscience": 0.9125795174360194,
  "overpowerment": 1.010810343749683,
  "patheticism": 0.8263516867843936,
  "peanutAllergy": true,
  "permAttr": [
    "FRIEND_OF_CROWS"
  ],
  "pitchingRating": 0.7504539384246376,
  "pressurization": 0.5081354240012461,
  "ritual": "LARPing",
  "ruthlessness": 0.7980738585666597,
  "seasAttr": [],
  "shakespearianism": 0.8161394750135699,
  "soul": 5,
  "suppression": 0.2738759740053298,
  "tenaciousness": 0.9637601191338498,
  "thwackability": 0.4704258917342472,
  "totalFingers": 13,
  "tragicness": 0.2,
  "unthwackability": 0.7213610098265136,
  "watchfulness": 0.6412196993039898,
  "weekAttr": []
}