{
  "anticapitalism": 0.455745400437971,
  "armor": "",
  "baseThirst": 1.1287974940991012,
  "baserunningRating": 1.0305295547626052,
  "bat": "",
  "blood": 8,
  "buoyancy": 1.037826641945481,
  "chasiness": 0.34889616899719395,
  "cinnamon": 0.4172268889705821,
  "coffee": 11,
  "coldness": 0.7582574902592574,
  "continuation": 0.7625312209954294,
  "deceased": false,
  "defenseRating": 0.895178991076098,
  "divinity": 1.0908001629344282,
  "fate": 14,
  "gameAttr": [],
  "groundFriction": 0.9171093508391216,
  "hitStreak": 0,
  "hittingRating": 0.7821489325563012,
  "id": "20be1c34-071d-40c6-8824-dde2af184b4d",
  "indulgence": 0.5471111680107995,
  "laserlikeness": 1.2561654069827628,
  "martyrdom": 0.2587145472864143,
  "moxie": 0.4581363521490471,
  "musclitude": 0.47468441415382184,
  "name": "Qais Dogwalker",
  "omniscience": 1.196020928566264,
  "overpowerment": 1.2494589280242538,
  "patheticism": 0.567419652193299,
  "peanutAllergy": true,
  "permAttr": [
    "FRIEND_OF_CROWS"
  ],
  "pitchingRating": 1.0261360031587885,
  "pressurization": 0.5081354240012461,
  "ritual": "LARPing",
  "ruthlessness": 1.0300377046334583,
  "seasAttr": [],
  "shakespearianism": 1.0434494564961798,
  "soul": 5,
  "suppression": 0.4874064099871254,
  "tenaciousness": 1.2437820776190305,
  "thwackability": 0.7677030202953014,
  "totalFingers": 12,
  "tragicness": 0.023602617325506253,
  "unthwackability": 0.966998140601912,
  "watchfulness": 0.9391050359505736,
  "weekAttr": []
}