{
  "anticapitalism": 0.5984007848247005,
  "baseThirst": 1.260769772340243,
  "baserunningRating": 1.160117662465917,
  "blood": 8,
  "buoyancy": 1.1614789986349043,
  "chasiness": 0.5302089654223665,
  "cinnamon": 0.5831752741529598,
  "coffee": 11,
  "coldness": 0.9390428704420132,
  "continuation": 0.9075847293281256,
  "deceased": false,
  "defenseRating": 1.0293013842294123,
  "divinity": 1.2058820511463355,
  "eDensity": 40.59354809815539,
  "evolution": 0,
  "fate": 14,
  "gameAttr": [],
  "groundFriction": 1.0316658463675443,
  "hitStreak": 0,
  "hittingRating": 0.9247157245044212,
  "id": "20be1c34-071d-40c6-8824-dde2af184b4d",
  "indulgence": 0.6727188721770828,
  "itemAttr": [],
  "items": [
    {
      "baserunningRating": 0,
      "defenseRating": 0,
      "durability": 1,
      "forger": null,
      "forgerName": null,
      "health": 1,
      "hittingRating": 0.0393638603987011,
      "id": "43f8d4fe-10e8-441d-961c-f9d5d150fd88",
      "name": "Bat",
      "pitchingRating": 0,
      "postPrefix": null,
      "prePrefix": null,
      "prefixes": null,
      "root": {
        "adjustments": [
          {
            "stat": 2,
            "type": 1,
            "value": 0.11702766361252752
          }
        ],
        "name": "Bat"
      },
      "suffix": null
    }
  ],
  "laserlikeness": 1.4093697675990942,
  "leagueTeamId": "b63be8c2-576a-4d6e-8daf-814f8bcea96f",
  "martyrdom": 0.400331217253872,
  "moxie": 0.6301668620249978,
  "musclitude": 0.6189637522177959,
  "name": "Qais Dogwalker",
  "omniscience": 1.390145893517271,
  "overpowerment": 1.4238486167175357,
  "patheticism": 0.4280157424428691,
  "peanutAllergy": true,
  "permAttr": [
    "FRIEND_OF_CROWS"
  ],
  "pitchingRating": 1.2563720999653047,
  "pressurization": 0.5081354240012461,
  "ritual": "LARPing",
  "ruthlessness": 1.2264447140006285,
  "seasAttr": [],
  "shakespearianism": 1.2391346247137205,
  "soul": 5,
  "state": {},
  "suppression": 0.6693602019940755,
  "tenaciousness": 1.3932391482952986,
  "thwackability": 0.925941520990867,
  "totalFingers": 13,
  "tournamentTeamId": "a7592bd7-1d3c-4ffb-8b3a-0b1e4bc321fd",
  "tragicness": 0.001,
  "unthwackability": 1.158833580653727,
  "watchfulness": 1.1215386542719388,
  "weekAttr": []
}