{
  "anticapitalism": 0.01,
  "armor": "",
  "baseThirst": 0.3181952953977192,
  "bat": "",
  "blood": 8,
  "buoyancy": 0.29810776178237086,
  "chasiness": 0.67151504551916,
  "cinnamon": 0.11808787864657488,
  "coffee": 8,
  "coldness": 0.5774253408029646,
  "continuation": 0.5495672368533477,
  "deceased": false,
  "divinity": 0.12198364927971173,
  "fate": 22,
  "gameAttr": [],
  "groundFriction": 0.20447811640588331,
  "hitStreak": 0,
  "id": "20c529b3-947e-4a77-b56f-69fe25fb3717",
  "indulgence": 0.06062754589544639,
  "laserlikeness": 0.6502519526167314,
  "martyrdom": 0.5519803829882819,
  "moxie": 0.8692301169069878,
  "musclitude": 0.5421319359280059,
  "name": "Socks Maybe",
  "omniscience": 0.6445884510285783,
  "overpowerment": 0.5924832217826768,
  "patheticism": 0.9661031228637889,
  "peanutAllergy": false,
  "permAttr": [],
  "pressurization": 0.21806131738251255,
  "ritual": "Eating grass",
  "ruthlessness": 0.5396041340966513,
  "seasAttr": [],
  "shakespearianism": 0.8213839654093651,
  "soul": 8,
  "suppression": 0.23635884176217736,
  "tenaciousness": 0.8711597916390367,
  "thwackability": 0.7718701976572027,
  "totalFingers": 10,
  "tragicness": 0.1,
  "unthwackability": 0.47657329811222215,
  "watchfulness": 0.4896883983901251,
  "weekAttr": []
}