{
  "anticapitalism": 0.4074703495361814,
  "baseThirst": 0.05960097979295931,
  "baserunningRating": 0.4625661418356521,
  "blood": 8,
  "buoyancy": 0.20272292384128243,
  "chasiness": 0.6775160311052411,
  "cinnamon": 0.10902696826933432,
  "coffee": 8,
  "coldness": 0.5744359049658563,
  "continuation": 0.17793169947887888,
  "deceased": false,
  "defenseRating": 0.5512992791750141,
  "divinity": 0.14501518287299064,
  "eDensity": 25.21356533919835,
  "evolution": 0,
  "fate": 22,
  "gameAttr": [
    "REVERBERATING"
  ],
  "groundFriction": 0.9664991376228927,
  "hitStreak": 0,
  "hittingRating": 0.2841701201935087,
  "id": "20c529b3-947e-4a77-b56f-69fe25fb3717",
  "indulgence": 0.4890821761591897,
  "itemAttr": [],
  "items": [
    {
      "baserunningRating": 0.02959133978911971,
      "defenseRating": 0.0431639286121237,
      "durability": 2,
      "forger": null,
      "forgerName": null,
      "health": 2,
      "hittingRating": 0,
      "id": "ccf06019-04b4-4bde-acdc-d0e0f2efe7bd",
      "name": "Metaphorical Shoes",
      "pitchingRating": 0.001380334532108625,
      "postPrefix": null,
      "prePrefix": null,
      "prefixes": [
        {
          "adjustments": [
            {
              "stat": 14,
              "type": 1,
              "value": 0.357983851787798
            },
            {
              "stat": 23,
              "type": 1,
              "value": 0.3264741030199416
            },
            {
              "stat": 25,
              "type": 1,
              "value": 0.2746213310110429
            },
            {
              "stat": 11,
              "type": 1,
              "value": -0.08964696064065558
            }
          ],
          "name": "Metaphorical"
        }
      ],
      "root": {
        "adjustments": [
          {
            "stat": 10,
            "type": 1,
            "value": 0.1865807747041409
          }
        ],
        "name": "Shoes"
      },
      "suffix": null
    }
  ],
  "laserlikeness": 0.6170632398286802,
  "leagueTeamId": "ca3f1c8c-c025-4d8e-8eef-5be6accbeb16",
  "martyrdom": 0.08176294171210707,
  "moxie": 0.918717854787824,
  "musclitude": 0.41709383060594063,
  "name": "Socks Maybe",
  "omniscience": 0.1586973899848367,
  "overpowerment": 0.49901164763891415,
  "patheticism": 0.4888473986577808,
  "peanutAllergy": false,
  "permAttr": [
    "ALTERNATE",
    "CAREFUL"
  ],
  "pitchingRating": 0.018188078681303763,
  "pressurization": 0.785462623538908,
  "ritual": "Eating grass",
  "ruthlessness": 0.40195185169199665,
  "seasAttr": [],
  "shakespearianism": 0.3320191272262454,
  "soul": 8,
  "state": {},
  "suppression": 0.2029440894562784,
  "tenaciousness": 0.7649529639564274,
  "thwackability": 0.295906418333445,
  "totalFingers": 10,
  "tournamentTeamId": "e8f7ffee-ec53-4fe0-8e87-ea8ff1d0b4a9",
  "tragicness": 0.05706732313016882,
  "unthwackability": 0.0010829452910103845,
  "watchfulness": 0.6374551394322223,
  "weekAttr": []
}