{
  "anticapitalism": 1.08720599217197,
  "baseThirst": 0.9737224545237204,
  "baserunningRating": 1.0925423101311031,
  "blood": 2,
  "buoyancy": 0.7761550248306209,
  "chasiness": 1.5074852398611578,
  "cinnamon": 1.2522322698041195,
  "coffee": 5,
  "coldness": 1.307417971311217,
  "continuation": 0.5476131773124431,
  "deceased": false,
  "defenseRating": 0.901512566506508,
  "divinity": 0.6003208013993456,
  "eDensity": 34.589060773065626,
  "evolution": 0,
  "fate": 49,
  "gameAttr": [],
  "groundFriction": 1.2577469816847866,
  "hitStreak": 0,
  "hittingRating": 0.846826768044672,
  "id": "20e13b56-599b-4a22-b752-8059effc81dc",
  "indulgence": 0.8416803931498255,
  "items": [],
  "laserlikeness": 1.338278852475917,
  "leagueTeamId": "ca3f1c8c-c025-4d8e-8eef-5be6accbeb16",
  "martyrdom": 1.4451547604152215,
  "moxie": 1.1564985550066829,
  "musclitude": 1.4858566872074186,
  "name": "Lou Roseheart",
  "omniscience": 0.6095622926732817,
  "overpowerment": 1.1717507227870867,
  "patheticism": 0.001,
  "peanutAllergy": false,
  "permAttr": [
    "TRIPLE_THREAT"
  ],
  "pitchingRating": 1.1736629564781254,
  "pressurization": 0.14939610019422034,
  "ritual": "Fortune telling",
  "ruthlessness": 1.014134353965091,
  "seasAttr": [],
  "shakespearianism": 1.394564936919878,
  "soul": 4,
  "state": {},
  "suppression": 1.2550152890092965,
  "tenaciousness": 0.8743066632255556,
  "thwackability": 0.9033761815796566,
  "totalFingers": 10,
  "tournamentTeamId": "e3f90fa1-0bbe-40df-88ce-578d0723a23b",
  "tragicness": 0.001,
  "unthwackability": 1.19908883513963,
  "watchfulness": 0.7617091609472665,
  "weekAttr": []
}