{
  "anticapitalism": 1.013824079337762,
  "baseThirst": 0.8963006105862914,
  "baserunningRating": 1.0379650585901747,
  "blood": 2,
  "buoyancy": 0.7079954309537633,
  "chasiness": 1.443962233258154,
  "cinnamon": 1.1928637441935166,
  "coffee": 5,
  "coldness": 1.2547123661644517,
  "continuation": 0.4747409044145165,
  "deceased": false,
  "defenseRating": 0.8577030884554684,
  "divinity": 0.5526877030070544,
  "eDensity": 34.589060773065626,
  "evolution": 0,
  "fate": 49,
  "gameAttr": [],
  "groundFriction": 1.1929546277993934,
  "hitStreak": 0,
  "hittingRating": 0.8007516407622397,
  "id": "20e13b56-599b-4a22-b752-8059effc81dc",
  "indulgence": 0.7779874187871447,
  "items": [],
  "laserlikeness": 1.2973707397242211,
  "leagueTeamId": "ca3f1c8c-c025-4d8e-8eef-5be6accbeb16",
  "martyrdom": 1.3691105045196734,
  "moxie": 1.0805642962068494,
  "musclitude": 1.4148162090909022,
  "name": "Lou Roseheart",
  "omniscience": 0.5482963672463367,
  "overpowerment": 1.1083987287495158,
  "patheticism": 0.001,
  "peanutAllergy": false,
  "permAttr": [
    "TRIPLE_THREAT"
  ],
  "pitchingRating": 1.1020174654872068,
  "pressurization": 0.14939610019422034,
  "ritual": "Fortune telling",
  "ruthlessness": 0.9712861348740024,
  "seasAttr": [],
  "shakespearianism": 1.3369913691438746,
  "soul": 4,
  "state": {},
  "suppression": 1.2133496953502116,
  "tenaciousness": 0.8304749379701559,
  "thwackability": 0.8601496684245857,
  "totalFingers": 10,
  "tournamentTeamId": "e3f90fa1-0bbe-40df-88ce-578d0723a23b",
  "tragicness": 0.001,
  "unthwackability": 1.1244430600408697,
  "watchfulness": 0.7098514994264821,
  "weekAttr": []
}