{
  "_id": "20e13b56-599b-4a22-b752-8059effc81dc",
  "anticapitalism": 0.62486132940561,
  "baseThirst": 0.5484189785597635,
  "buoyancy": 0.2493489619763687,
  "chasiness": 0.9217218395538532,
  "coldness": 0.8618664329231356,
  "continuation": 0.02462853084890093,
  "deceased": false,
  "divinity": 0.09255921517354948,
  "groundFriction": 0.814233357419492,
  "indulgence": 0.364972537065418,
  "laserlikeness": 0.8908466509285915,
  "martyrdom": 0.9635943982555936,
  "moxie": 0.6008846671302384,
  "musclitude": 0.916710423683368,
  "name": "Lou Roseheart",
  "omniscience": 0.1713087846881607,
  "overpowerment": 0.7330486602526034,
  "patheticism": 0.4024339439818811,
  "pressurization": 0.14939610019422034,
  "ruthlessness": 0.6780335654511642,
  "shakespearianism": 0.97483301522734,
  "soul": 4,
  "suppression": 0.7804539459157209,
  "tenaciousness": 0.40108178597522937,
  "thwackability": 0.46649938372946975,
  "totalFingers": 10,
  "tragicness": 0,
  "unthwackability": 0.7348447453035365,
  "watchfulness": 0.2751649669494258
}