{
  "anticapitalism": 1.0025898463043017,
  "armor": "",
  "baseThirst": 0.5800175036673864,
  "baserunningRating": 0.5420916253615083,
  "bat": "",
  "blood": 4,
  "buoyancy": 0.6422827075148285,
  "chasiness": 0.22259748214120023,
  "cinnamon": 0.6651840317421426,
  "coffee": 2,
  "coldness": 0.6209342099625464,
  "continuation": 0.8908453250437518,
  "deceased": false,
  "defenseRating": 0.7689884459836817,
  "divinity": 0.9507149637542052,
  "eDensity": 20.108908946315573,
  "evolution": 0,
  "fate": 35,
  "gameAttr": [],
  "groundFriction": 0.11169424412539268,
  "hitStreak": 0,
  "hittingRating": 0.3810731433158938,
  "id": "20fd71e7-4fa0-4132-9f47-06a314ed539a",
  "indulgence": 0.4114816738476168,
  "laserlikeness": 0.6208982800114128,
  "leagueTeamId": "f02aeae2-5e6a-4098-9842-02d2273f25c7",
  "martyrdom": 0.7497774075116036,
  "moxie": 0.12758378400383627,
  "musclitude": 0.7565127160483196,
  "name": "Lars Taylor",
  "omniscience": 0.735169395017584,
  "overpowerment": 0.12255751033740664,
  "patheticism": 0.352866263216007,
  "peanutAllergy": false,
  "permAttr": [
    "SWIM_BLADDER"
  ],
  "pitchingRating": 0.18455994030049805,
  "pressurization": 0.1326976930058399,
  "ritual": "Gossip",
  "ruthlessness": 0.5440640167175388,
  "seasAttr": [],
  "shakespearianism": 0.2983512571648483,
  "soul": 3,
  "state": {},
  "suppression": 0.972447633682482,
  "tenaciousness": 0.954504705342328,
  "thwackability": 0.1200411880196808,
  "totalFingers": 12,
  "tournamentTeamId": "9e42c12a-7561-42a2-b2d0-7cf81a817a5e",
  "tragicness": 0.2,
  "unthwackability": 0.13572349870393768,
  "watchfulness": 0.6579965412873339,
  "weekAttr": []
}