{
  "anticapitalism": 0.15860725007611465,
  "baseThirst": 0.9307270768375088,
  "baserunningRating": 0.36116763902196913,
  "blood": 2,
  "buoyancy": 0.46947992548730566,
  "chasiness": 0.3337712224350613,
  "cinnamon": 0.2871842612860105,
  "coffee": 3,
  "coldness": 0.5661202553725257,
  "continuation": 0.32344763031273627,
  "deceased": false,
  "defenseRating": 0.3752196605745735,
  "divinity": 0.36994498537447384,
  "eDensity": 30.109417167490623,
  "evolution": 0,
  "fate": 16,
  "gameAttr": [],
  "groundFriction": 0.4546905595882702,
  "hitStreak": 0,
  "hittingRating": 0.2647437056734603,
  "id": "21555bfb-6aed-4510-863a-801be3b6d997",
  "indulgence": 0.1595577068860203,
  "itemAttr": [],
  "items": [],
  "laserlikeness": 0.28026292558379495,
  "leagueTeamId": "ca3f1c8c-c025-4d8e-8eef-5be6accbeb16",
  "martyrdom": 0.7060757646484905,
  "moxie": 0.19762574210483289,
  "musclitude": 0.4806231368148062,
  "name": "Anastasia Isarobot",
  "omniscience": 0.06390628555514666,
  "overpowerment": 0.4992788515421225,
  "patheticism": 0.0475107625080704,
  "peanutAllergy": false,
  "permAttr": [
    "ALTERNATE"
  ],
  "pitchingRating": 0.4539953226434196,
  "pressurization": 0.17928782852967862,
  "ritual": "Worrying",
  "ruthlessness": 0.6590434645961087,
  "seasAttr": [],
  "shakespearianism": 0.22063982291571785,
  "soul": 9,
  "state": {},
  "suppression": 0.03754642911850059,
  "tenaciousness": 0.6751448010275947,
  "thwackability": 0.10503286711732972,
  "totalFingers": 10,
  "tournamentTeamId": null,
  "tragicness": 0.4666440391084907,
  "unthwackability": 0.4932718647768657,
  "watchfulness": 0.5613101959320066,
  "weekAttr": []
}