{
  "anticapitalism": 0.29373346214696894,
  "armor": "",
  "baseThirst": 0.6321773285430059,
  "bat": "",
  "blood": 11,
  "buoyancy": 0.9582161798073898,
  "chasiness": 0.37188334290123026,
  "cinnamon": 0.8439441675610182,
  "coffee": 13,
  "coldness": 0.2700158417939782,
  "continuation": 0.10620961330223833,
  "deceased": false,
  "divinity": 0.19899192202740723,
  "fate": 82,
  "gameAttr": [],
  "groundFriction": 0.6632033984376573,
  "hitStreak": 0,
  "id": "2175cda0-a427-40fd-b497-347edcc1cd61",
  "indulgence": 0.3775163973715092,
  "laserlikeness": 0.09965888158040248,
  "martyrdom": 0.7749997827505972,
  "moxie": 0.6977753625832772,
  "musclitude": 0.1403644847430947,
  "name": "Hotbox Sato",
  "omniscience": 0.3186596342211545,
  "overpowerment": 0.7793258635955349,
  "patheticism": 0.5200471376265952,
  "peanutAllergy": false,
  "permAttr": [
    "FLINCH"
  ],
  "pressurization": 0.9098026700935284,
  "ritual": "Research",
  "ruthlessness": 0.1092495609503634,
  "seasAttr": [],
  "shakespearianism": 0.8121043536127528,
  "soul": 9,
  "suppression": 0.153032039797472,
  "tenaciousness": 0.8449784156725915,
  "thwackability": 0.7302714053429578,
  "totalFingers": 11,
  "tragicness": 0.1,
  "unthwackability": 0.5275901044622395,
  "watchfulness": 0.3119621271929891,
  "weekAttr": []
}