{
  "anticapitalism": 0.48680194963719214,
  "armor": "",
  "baseThirst": 0.33534646617527897,
  "bat": "",
  "blood": 11,
  "buoyancy": 0.460880893804281,
  "chasiness": 0.9606662827202612,
  "cinnamon": 0.16,
  "coffee": 5,
  "coldness": 0.16397442221164416,
  "continuation": 0.6394312605174619,
  "deceased": false,
  "divinity": 0.10046002696883784,
  "fate": 98,
  "gameAttr": [],
  "groundFriction": 0.16885514831809534,
  "id": "21cbbfaa-100e-48c5-9cea-7118b0d08a34",
  "indulgence": 0.6293935867369738,
  "laserlikeness": 0.8024726198250698,
  "martyrdom": 0.1600331188788222,
  "moxie": 0.24135867219234308,
  "musclitude": 0.8294383839246309,
  "name": "Juice Collins",
  "omniscience": 0.3904301201923782,
  "overpowerment": 0.5281857655984572,
  "patheticism": 0.5958043876166295,
  "peanutAllergy": true,
  "permAttr": [],
  "pressurization": 0.8098525163738565,
  "ritual": "Congealing",
  "ruthlessness": 0.825189514098067,
  "seasAttr": [],
  "shakespearianism": 0.907645291991805,
  "soul": 7,
  "suppression": 0.8344497960690875,
  "tenaciousness": 1.1067447072826353,
  "thwackability": 0.4966248126527022,
  "totalFingers": 12,
  "tragicness": 0.1,
  "unthwackability": 0.796563018235247,
  "watchfulness": 0.34416706946835773,
  "weekAttr": []
}