{
  "anticapitalism": 0.4668019496371921,
  "armor": "",
  "baseThirst": 0.31534646617527895,
  "bat": "",
  "blood": 11,
  "buoyancy": 0.44088089380428097,
  "chasiness": 0.9406662827202612,
  "cinnamon": 0.16,
  "coffee": 5,
  "coldness": 0.14397442221164417,
  "continuation": 0.6194312605174619,
  "deceased": false,
  "divinity": 0.08046002696883783,
  "fate": 98,
  "gameAttr": [],
  "groundFriction": 0.14885514831809535,
  "id": "21cbbfaa-100e-48c5-9cea-7118b0d08a34",
  "indulgence": 0.6093935867369737,
  "laserlikeness": 0.7824726198250698,
  "martyrdom": 0.14003311887882222,
  "moxie": 0.2213586721923431,
  "musclitude": 0.8094383839246309,
  "name": "Juice Collins",
  "omniscience": 0.3704301201923782,
  "overpowerment": 0.5081857655984572,
  "patheticism": 0.6158043876166295,
  "peanutAllergy": true,
  "permAttr": [],
  "pressurization": 0.8098525163738565,
  "ritual": "Congealing",
  "ruthlessness": 0.8051895140980669,
  "seasAttr": [],
  "shakespearianism": 0.887645291991805,
  "soul": 7,
  "suppression": 0.8144497960690875,
  "tenaciousness": 1.0867447072826353,
  "thwackability": 0.4766248126527022,
  "totalFingers": 11,
  "tragicness": 0.13,
  "unthwackability": 0.776563018235247,
  "watchfulness": 0.3241670694683577,
  "weekAttr": []
}