{
  "anticapitalism": 0.42026344605010835,
  "armor": "",
  "baseThirst": 0.473812587937379,
  "baserunningRating": 0.7587587963619078,
  "bat": "",
  "blood": 11,
  "buoyancy": 0.6007673082568958,
  "chasiness": 0.911811758379513,
  "cinnamon": 0.3302763492738181,
  "coffee": 5,
  "coldness": 0.2848102601462201,
  "continuation": 0.7706142198277672,
  "deceased": false,
  "defenseRating": 0.6545704631840129,
  "divinity": 0.2674989857630393,
  "eDensity": 33.28582050642359,
  "evolution": 0,
  "fate": 98,
  "gameAttr": [],
  "groundFriction": 0.28431120582990665,
  "hitStreak": 0,
  "hittingRating": 0.4680149676468168,
  "id": "21cbbfaa-100e-48c5-9cea-7118b0d08a34",
  "indulgence": 0.7723471576236786,
  "laserlikeness": 0.9536685247377914,
  "leagueTeamId": "979aee4a-6d80-4863-bf1c-ee1a78e06024",
  "martyrdom": 0.27553689477537713,
  "moxie": 0.3728111139485993,
  "musclitude": 0.9758726030485338,
  "name": "Juice Collins",
  "omniscience": 0.34792781225355296,
  "overpowerment": 0.6642209268759287,
  "patheticism": 0.4471529712644097,
  "peanutAllergy": true,
  "permAttr": [],
  "pitchingRating": 0.8737729880106323,
  "pressurization": 0.8098525163738565,
  "ritual": "Congealing",
  "ruthlessness": 0.952719132307887,
  "seasAttr": [],
  "shakespearianism": 1.0436379928435695,
  "soul": 7,
  "state": {},
  "suppression": 0.9680684713792588,
  "tenaciousness": 1.0390019625435725,
  "thwackability": 0.6233433925881506,
  "totalFingers": 12,
  "tournamentTeamId": "e3f90fa1-0bbe-40df-88ce-578d0723a23b",
  "tragicness": 0.1,
  "unthwackability": 0.9473136519495337,
  "watchfulness": 0.2883541520378571,
  "weekAttr": []
}