{
  "_id": "21cbbfaa-100e-48c5-9cea-7118b0d08a34",
  "anticapitalism": 0.34680194963719213,
  "baseThirst": 0.345346466175279,
  "bat": "",
  "buoyancy": 0.470880893804281,
  "chasiness": 0.8206662827202613,
  "cinnamon": 0.04036345238746853,
  "coldness": 0.17397442221164416,
  "continuation": 0.6494312605174619,
  "deceased": false,
  "divinity": 0.11046002696883785,
  "fate": 98,
  "groundFriction": 0.17885514831809535,
  "indulgence": 0.6393935867369738,
  "laserlikeness": 0.8124726198250698,
  "martyrdom": 0.17003311887882222,
  "moxie": 0.2513586721923431,
  "musclitude": 0.8394383839246309,
  "name": "Juice Collins",
  "omniscience": 0.2504301201923782,
  "overpowerment": 0.5381857655984572,
  "patheticism": 0.5858043876166295,
  "peanutAllergy": true,
  "pressurization": 0.9598525163738564,
  "ruthlessness": 0.835189514098067,
  "shakespearianism": 0.917645291991805,
  "soul": 7,
  "suppression": 0.8444497960690875,
  "tenaciousness": 0.9667447072826354,
  "thwackability": 0.5066248126527022,
  "totalFingers": 10,
  "tragicness": 0.1,
  "unthwackability": 0.806563018235247,
  "watchfulness": 0.20416706946835772
}