{
  "anticapitalism": 0.49680194963719215,
  "armor": "",
  "baseThirst": 0.345346466175279,
  "bat": "",
  "blood": 11,
  "buoyancy": 0.470880893804281,
  "chasiness": 0.9706662827202612,
  "cinnamon": 0.01,
  "coffee": 5,
  "coldness": 0.17397442221164416,
  "continuation": 0.6494312605174619,
  "deceased": false,
  "divinity": 0.11046002696883785,
  "fate": 98,
  "gameAttr": [],
  "groundFriction": 0.17885514831809535,
  "id": "21cbbfaa-100e-48c5-9cea-7118b0d08a34",
  "indulgence": 0.6393935867369738,
  "laserlikeness": 0.8124726198250698,
  "martyrdom": 0.17003311887882222,
  "moxie": 0.2513586721923431,
  "musclitude": 0.8394383839246309,
  "name": "Juice Collins",
  "omniscience": 0.4004301201923782,
  "overpowerment": 0.5381857655984572,
  "patheticism": 0.5858043876166295,
  "peanutAllergy": true,
  "permAttr": [],
  "pressurization": 0.8098525163738565,
  "ritual": "Congealing",
  "ruthlessness": 0.835189514098067,
  "seasAttr": [],
  "shakespearianism": 0.917645291991805,
  "soul": 7,
  "suppression": 0.8444497960690875,
  "tenaciousness": 1.1167447072826353,
  "thwackability": 0.5066248126527022,
  "totalFingers": 10,
  "tragicness": 0.1,
  "unthwackability": 0.806563018235247,
  "watchfulness": 0.35416706946835774,
  "weekAttr": []
}