{
  "anticapitalism": 1.02,
  "armor": "",
  "baseThirst": 0.25325445909422994,
  "baserunningRating": 0.3055432406417433,
  "bat": "",
  "blood": 8,
  "buoyancy": 0.8156703200783276,
  "chasiness": 0.38431560191052183,
  "cinnamon": 0.886209611359444,
  "coffee": 9,
  "coldness": 0.14867542089341793,
  "continuation": 0.6303851246179596,
  "deceased": false,
  "defenseRating": 0.8186574849311342,
  "divinity": 0.25773020046386635,
  "fate": 23,
  "gameAttr": [],
  "groundFriction": 0.01,
  "hitStreak": 0,
  "hittingRating": 0.23121241314868743,
  "id": "21d52455-6c2c-4ee4-8673-ab46b4b926b4",
  "indulgence": 0.01,
  "laserlikeness": 0.8501836516617342,
  "martyrdom": 0.27126623532317246,
  "moxie": 0.25037278574404004,
  "musclitude": 0.39808986951979114,
  "name": "Wyatt Owens",
  "omniscience": 0.8378679568001415,
  "overpowerment": 0.21477546485521865,
  "patheticism": 0.86047172471768,
  "peanutAllergy": true,
  "permAttr": [],
  "pitchingRating": 0.40088734743475857,
  "pressurization": 0.7129722735910633,
  "ritual": "Coloring",
  "ruthlessness": 0.36833620666575073,
  "seasAttr": [],
  "shakespearianism": 0.3942185845181263,
  "soul": 5,
  "suppression": 1.0451923487079608,
  "tenaciousness": 0.8937722232890808,
  "thwackability": 0.13873692050751835,
  "totalFingers": 13,
  "tragicness": 0.1,
  "unthwackability": 0.7510941719553229,
  "watchfulness": 0.6150767503358521,
  "weekAttr": []
}