{
  "_id": "21d52455-6c2c-4ee4-8673-ab46b4b926b4",
  "anticapitalism": 0.0030076835469483587,
  "armor": "",
  "baseThirst": 0.3332544590942299,
  "bat": "",
  "blood": 3,
  "buoyancy": 0.7456703200783277,
  "chasiness": 0.3643156019105218,
  "cinnamon": 0.886209611359444,
  "coffee": 9,
  "coldness": 0.07867542089341795,
  "continuation": 0.7103851246179596,
  "deceased": false,
  "divinity": 0.18773020046386635,
  "fate": 12,
  "groundFriction": 0.05123135001767953,
  "indulgence": 0.04342647821443468,
  "laserlikeness": 0.930183651661734,
  "martyrdom": 0.20126623532317245,
  "moxie": 0.18037278574404003,
  "musclitude": 0.32808986951979113,
  "name": "Emmett Owens",
  "omniscience": 0.8178679568001415,
  "overpowerment": 0.14477546485521864,
  "patheticism": 0.93047172471768,
  "peanutAllergy": true,
  "pressurization": 0.7129722735910633,
  "ritual": "Coloring",
  "ruthlessness": 0.29833620666575067,
  "shakespearianism": 0.32421858451812624,
  "soul": 5,
  "suppression": 0.9751923487079608,
  "tenaciousness": 0.8737722232890808,
  "thwackability": 0.06873692050751834,
  "totalFingers": 10,
  "tragicness": 0.1,
  "unthwackability": 0.681094171955323,
  "watchfulness": 0.5950767503358521
}