{
  "anticapitalism": 0.9786678847371948,
  "armor": "",
  "baseThirst": 1.0033910778892,
  "baserunningRating": 0.45674316654059194,
  "bat": "",
  "blood": 1,
  "buoyancy": 0.4090396149361297,
  "chasiness": 0.9211458912413342,
  "cinnamon": 0.49980451507523543,
  "coffee": 9,
  "coldness": 0.26616329584479764,
  "continuation": 0.9514199534001418,
  "deceased": false,
  "defenseRating": 0.7694725627102034,
  "divinity": 1.1882788505909043,
  "eDensity": 27.82291776736472,
  "evolution": 1,
  "fate": 1,
  "gameAttr": [],
  "groundFriction": 0.6831606936780328,
  "hitStreak": 0,
  "hittingRating": 0.7730867490459713,
  "id": "2268f452-01b9-4e16-98bb-c07e3ce767e3",
  "indulgence": 0.24448215862722075,
  "laserlikeness": 0.3011768664527635,
  "leagueTeamId": "bb4a9de5-c924-4923-a0cb-9d1445f1ee5d",
  "martyrdom": 0.3187479701184902,
  "moxie": 0.4687740156205278,
  "musclitude": 1.2041659778335152,
  "name": "Wanda Schenn",
  "omniscience": 0.30424450819939103,
  "overpowerment": 1.009698368777151,
  "patheticism": 0.0372595409822849,
  "peanutAllergy": false,
  "permAttr": [],
  "pitchingRating": 0.5468286313267644,
  "pressurization": 0.8487639014208277,
  "ritual": "Warding off demons",
  "ruthlessness": 0.5059177189413588,
  "seasAttr": [],
  "shakespearianism": 0.8430796669875232,
  "soul": 5,
  "state": {},
  "suppression": 0.4623696766814998,
  "tenaciousness": 1.0136156175818083,
  "thwackability": 0.507806530907765,
  "totalFingers": 10,
  "tournamentTeamId": null,
  "tragicness": 0.7249414746159393,
  "unthwackability": 0.5685255034836733,
  "watchfulness": 0.8487417156588521,
  "weekAttr": []
}