{
  "anticapitalism": 0.8217851711446047,
  "armor": "",
  "baseThirst": 0.8293652314383475,
  "baserunningRating": 0.20763786910505605,
  "bat": "",
  "blood": 1,
  "buoyancy": 0.24696481004431092,
  "chasiness": 0.6737131915625771,
  "cinnamon": 0.37804139683345594,
  "coffee": 9,
  "coldness": 0.07955985883664773,
  "continuation": 0.7469174669198102,
  "deceased": false,
  "defenseRating": 0.5389469869317713,
  "divinity": 0.9861092538183018,
  "eDensity": 0,
  "evolution": 1,
  "fate": 1,
  "gameAttr": [],
  "groundFriction": 0.4945609262090369,
  "hitStreak": 0,
  "hittingRating": 0.5168379262119093,
  "id": "2268f452-01b9-4e16-98bb-c07e3ce767e3",
  "indulgence": 0.07949147651309474,
  "laserlikeness": 0.09063613245196334,
  "leagueTeamId": "bb4a9de5-c924-4923-a0cb-9d1445f1ee5d",
  "martyrdom": 0.13000554318597768,
  "moxie": 0.26627851037989725,
  "musclitude": 0.9994116162458756,
  "name": "Wanda Schenn",
  "omniscience": 0.09023591106344964,
  "overpowerment": 0.7761252590574261,
  "patheticism": 0.2336976791180723,
  "peanutAllergy": false,
  "permAttr": [],
  "pitchingRating": 0.32169723595371175,
  "pressurization": 0.8487639014208277,
  "ritual": "Warding off demons",
  "ruthlessness": 0.30108616936313837,
  "seasAttr": [],
  "shakespearianism": 0.6526837836795751,
  "soul": 5,
  "state": {},
  "suppression": 0.24981075082828408,
  "tenaciousness": 0.8558551674126911,
  "thwackability": 0.25751014912143555,
  "totalFingers": 10,
  "tournamentTeamId": null,
  "tragicness": 0.9320435354238408,
  "unthwackability": 0.3605680189424716,
  "watchfulness": 0.6261346844455224,
  "weekAttr": []
}