{
  "anticapitalism": 0.9619313888476436,
  "armor": "",
  "baseThirst": 0.9928409796819812,
  "baserunningRating": 0.42084583541432097,
  "bat": "",
  "blood": 1,
  "buoyancy": 0.39706444656506057,
  "chasiness": 0.879073289697889,
  "cinnamon": 0.4801242565613782,
  "coffee": 9,
  "coldness": 0.25563574327596245,
  "continuation": 0.929802828551356,
  "deceased": false,
  "defenseRating": 0.7427977545339693,
  "divinity": 1.1570562411938912,
  "eDensity": 26.87741218375272,
  "evolution": 1,
  "fate": 1,
  "gameAttr": [],
  "groundFriction": 0.6593017321986854,
  "hitStreak": 0,
  "hittingRating": 0.7293653409681867,
  "id": "2268f452-01b9-4e16-98bb-c07e3ce767e3",
  "indulgence": 0.2327031645450036,
  "laserlikeness": 0.2618271358771806,
  "leagueTeamId": "bb4a9de5-c924-4923-a0cb-9d1445f1ee5d",
  "martyrdom": 0.3068356780566161,
  "moxie": 0.4296860463086996,
  "musclitude": 1.1613704440699115,
  "name": "Wanda Schenn",
  "omniscience": 0.2772184663999048,
  "overpowerment": 0.9669914193095076,
  "patheticism": 0.06406304040044025,
  "peanutAllergy": false,
  "permAttr": [],
  "pitchingRating": 0.5180499524767687,
  "pressurization": 0.8487639014208277,
  "ritual": "Warding off demons",
  "ruthlessness": 0.48993589237364976,
  "seasAttr": [],
  "shakespearianism": 0.8276125679497509,
  "soul": 5,
  "state": {},
  "suppression": 0.43592291208221423,
  "tenaciousness": 0.9904279620439652,
  "thwackability": 0.45846477530859026,
  "totalFingers": 10,
  "tournamentTeamId": null,
  "tragicness": 0.7680273147092195,
  "unthwackability": 0.5334068524756278,
  "watchfulness": 0.8021332923130321,
  "weekAttr": []
}