{
  "anticapitalism": 0.11407396446189176,
  "baseThirst": 0.06548258004710483,
  "baserunningRating": 0.28128919283778764,
  "blood": 11,
  "buoyancy": 0.3762160410059346,
  "chasiness": 0.15374360435493384,
  "cinnamon": 0.9537536925994335,
  "coffee": 2,
  "coldness": 0.484436302235824,
  "continuation": 0.3595270944958666,
  "deceased": true,
  "defenseRating": 0.3976792247257569,
  "divinity": 0.7047079356820025,
  "eDensity": 12.54563298413716,
  "evolution": 0,
  "fate": 31,
  "gameAttr": [],
  "groundFriction": 0.751109667463796,
  "hitStreak": 0,
  "hittingRating": 0.25427449115792355,
  "id": "22d4c06d-26c2-4031-ae7f-fd0eeb92f57d",
  "indulgence": 0.17695983548081373,
  "itemAttr": [],
  "items": [],
  "laserlikeness": 0.2507373321508093,
  "leagueTeamId": "9debc64f-74b7-4ae1-a4d6-fce0144b6ea5",
  "martyrdom": 0.4718308493267669,
  "moxie": 0.04691073583735261,
  "musclitude": 0.26975810407642453,
  "name": "Norris Firestar",
  "omniscience": 0.3668124973975162,
  "overpowerment": 0.9956799267733424,
  "patheticism": 0.7555827125993806,
  "peanutAllergy": true,
  "permAttr": [],
  "pitchingRating": 0.2875618032981263,
  "pressurization": 0.03273334449003662,
  "ritual": "Bells",
  "ruthlessness": 0.8868492105542085,
  "seasAttr": [],
  "shakespearianism": 0.5257106441156194,
  "soul": 2,
  "state": {},
  "suppression": 0.3517345940118568,
  "tenaciousness": 0.21224576641181292,
  "thwackability": 0.09417449383902364,
  "totalFingers": 10,
  "tournamentTeamId": null,
  "tragicness": 0.4904221482733104,
  "unthwackability": 0.10748192999062356,
  "watchfulness": 0.9306344415761834,
  "weekAttr": []
}