{
  "anticapitalism": 0.5063305508122689,
  "armor": "",
  "baseThirst": 0.01,
  "baserunningRating": 0.0343118930337247,
  "bat": "",
  "blood": 1,
  "buoyancy": 0.10862515824467917,
  "chasiness": 0.8775727339470321,
  "cinnamon": 0.28134993589106916,
  "coffee": 6,
  "coldness": 0.1570567933147788,
  "continuation": 0.7406219504448484,
  "deceased": false,
  "defenseRating": 0.8505186679115494,
  "divinity": 0.5685834153182414,
  "fate": 97,
  "gameAttr": [],
  "groundFriction": 0.01,
  "hitStreak": 0,
  "hittingRating": 0.07395605849637081,
  "id": "23110c0f-2cf9-4d9c-ab2d-634f2f18867e",
  "indulgence": 0.3053867666950069,
  "laserlikeness": 0.01,
  "leagueTeamId": "57ec08cc-0411-4643-b304-0e80dbc15ac7",
  "martyrdom": 0.14489216817933387,
  "moxie": 0.01,
  "musclitude": 0.01,
  "name": "Kennedy Meh",
  "omniscience": 0.9503737178966782,
  "overpowerment": 0.30339781204891664,
  "patheticism": 0.7241650047431514,
  "peanutAllergy": true,
  "permAttr": [
    "FIRE_EATER"
  ],
  "pitchingRating": 0.1813404987347894,
  "pressurization": 0.9770390517832208,
  "ritual": "Napping",
  "ruthlessness": 0.6797780122911554,
  "seasAttr": [],
  "shakespearianism": 0.5794037614755296,
  "soul": 7,
  "suppression": 0.1951353673890121,
  "tenaciousness": 0.7925778443840852,
  "thwackability": 0.01,
  "totalFingers": 11,
  "tournamentTeamId": null,
  "tragicness": 0.1,
  "unthwackability": 0.07835975861366545,
  "watchfulness": 0.7856851744279933,
  "weekAttr": []
}