{
  "anticapitalism": 0.2525233652128931,
  "armor": "",
  "baseThirst": 0.5517087497946236,
  "baserunningRating": 0.4462866220532663,
  "bat": "",
  "blood": 2,
  "buoyancy": 0.3391827773537428,
  "chasiness": 0.0259302234523886,
  "cinnamon": 0.28148470402614345,
  "coffee": 6,
  "coldness": 0.45217022423009223,
  "continuation": 0.8342771127817183,
  "deceased": false,
  "defenseRating": 0.5079019638795931,
  "divinity": 0.38361011255274247,
  "eDensity": 0,
  "evolution": 0,
  "fate": 67,
  "gameAttr": [],
  "groundFriction": 0.11463939455073824,
  "hitStreak": 0,
  "hittingRating": 0.5739445287387026,
  "id": "23e78d92-ee2d-498a-a99c-f40bc4c5fe99",
  "indulgence": 0.7479053101213966,
  "laserlikeness": 0.3801785384919949,
  "leagueTeamId": "b72f3061-f573-40d7-832a-5ad475bd7909",
  "martyrdom": 0.3449868199907975,
  "moxie": 0.3215608732272577,
  "musclitude": 0.7483541443683543,
  "name": "Annie Williams",
  "omniscience": 0.8774011332315494,
  "overpowerment": 0.8503836715506745,
  "patheticism": 0.708197523338459,
  "peanutAllergy": true,
  "permAttr": [],
  "pitchingRating": 0.24865081076091855,
  "pressurization": 0.36929227065377845,
  "ritual": "Chaos magic",
  "ruthlessness": 0.07602604898778109,
  "seasAttr": [],
  "shakespearianism": 0.05884091936006941,
  "soul": 4,
  "state": {},
  "suppression": 0.3680615938517029,
  "tenaciousness": 0.9763338612871236,
  "thwackability": 0.9201632063954016,
  "totalFingers": 10,
  "tournamentTeamId": null,
  "tragicness": 0.1,
  "unthwackability": 0.9350274496039784,
  "watchfulness": 0.23773767318963124,
  "weekAttr": []
}