{
  "anticapitalism": 0.2773520843410242,
  "baseThirst": 0.8935369320309221,
  "baserunningRating": 0.14232692356816506,
  "blood": 2,
  "buoyancy": 0.9275124938077004,
  "chasiness": 0.3746792277126847,
  "cinnamon": 0.03624724439696997,
  "coffee": 12,
  "coldness": 0.32247507946505727,
  "continuation": 0.5706039309914404,
  "deceased": true,
  "defenseRating": 0.544899575625613,
  "divinity": 0.8777771501623742,
  "eDensity": 0,
  "evolution": 0,
  "fate": 97,
  "gameAttr": [
    "WIRED"
  ],
  "groundFriction": 0.17735931551635264,
  "hitStreak": 0,
  "hittingRating": 0.7020987358323023,
  "id": "248ccf3d-d5f6-4b69-83d9-40230ca909cd",
  "indulgence": 0.1509395362078596,
  "itemAttr": [],
  "items": [],
  "laserlikeness": 0.0478138007830482,
  "leagueTeamId": null,
  "martyrdom": 0.6078881041632599,
  "moxie": 0.8579500534190948,
  "musclitude": 0.12396607548827668,
  "name": "Antonio Wallace",
  "omniscience": 0.5490968371541034,
  "overpowerment": 0.5789081808698695,
  "patheticism": 0.1226999961940117,
  "peanutAllergy": false,
  "permAttr": [],
  "pitchingRating": 0.03491925031457406,
  "pressurization": 0.12328958855793748,
  "ritual": "Signing autographs",
  "ruthlessness": 0.024757236666058,
  "seasAttr": [],
  "shakespearianism": 0.17479186688231518,
  "soul": 5,
  "state": {},
  "suppression": 0.31308288955997665,
  "tenaciousness": 0.6131117447280361,
  "thwackability": 0.7048322901045131,
  "totalFingers": 10,
  "tournamentTeamId": null,
  "tragicness": 0.1,
  "unthwackability": 0.04153900883722672,
  "watchfulness": 0.1959279935347684,
  "weekAttr": [
    "MARKED"
  ]
}