{
  "_id": "24ad200d-a45f-4286-bfa5-48909f98a1f7",
  "anticapitalism": 0.8969639862034318,
  "baseThirst": 0.6009706578625278,
  "bat": "",
  "buoyancy": 0.6737176114006329,
  "chasiness": 0.4281615420480196,
  "cinnamon": 0.02387948536047224,
  "coldness": 0.6721740718654194,
  "continuation": 0.394718360287154,
  "deceased": false,
  "divinity": 0.061509478047662824,
  "fate": 53,
  "groundFriction": 0.6977479926378267,
  "indulgence": 0.7676481097426093,
  "laserlikeness": 0.31194418411632374,
  "martyrdom": 0.5618361450560465,
  "moxie": 0.09660013638872544,
  "musclitude": 0.17461064258281578,
  "name": "Nicholas Summer",
  "omniscience": 0.380684721714783,
  "overpowerment": 0.146550174226304,
  "patheticism": 0.4416749859771056,
  "peanutAllergy": true,
  "pressurization": 0.6923101214923142,
  "ruthlessness": 0.633263131389149,
  "shakespearianism": 0.4978650181730455,
  "soul": 2,
  "suppression": 0.09655622643550488,
  "tenaciousness": 0.4958026099585544,
  "thwackability": 0.942508886126708,
  "totalFingers": 10,
  "tragicness": 0.1,
  "unthwackability": 0.49738372517326135,
  "watchfulness": 0.8682353207200526
}