{
  "_id": "24cb35c1-c24c-45ca-ac0b-f99a2e650d89",
  "anticapitalism": 0.2834880837387097,
  "armor": "",
  "baseThirst": 0.5827120867969171,
  "bat": "",
  "blood": 10,
  "buoyancy": 0.8260886171018387,
  "chasiness": 0.7301287590822507,
  "cinnamon": 0.14408701215174124,
  "coffee": 9,
  "coldness": 0.881498975102633,
  "continuation": 0.8563145740393892,
  "deceased": false,
  "divinity": 0.7365615943382726,
  "fate": 99,
  "groundFriction": 0.11827099663898166,
  "indulgence": 0.7441570143875884,
  "laserlikeness": 0.5477759588634201,
  "martyrdom": 0.33785214451783174,
  "moxie": 0.5475343854805346,
  "musclitude": 0.27261071904958634,
  "name": "Tyreek Peterson",
  "omniscience": 0.8764635514266932,
  "overpowerment": 0.9871213395616458,
  "patheticism": 0.014482018981591294,
  "peanutAllergy": true,
  "pressurization": 0.36807261457629714,
  "ritual": "Astral projection",
  "ruthlessness": 0.2038237048397329,
  "shakespearianism": 0.5031556565506321,
  "soul": 2,
  "suppression": 0.31734771635088155,
  "tenaciousness": 0.1318758678114016,
  "thwackability": 0.2937324946953228,
  "totalFingers": 10,
  "tragicness": 0.1,
  "unthwackability": 0.9153895655871094,
  "watchfulness": 0.005545825214347877
}