{
  "anticapitalism": 0.8078032444227279,
  "armor": "",
  "baseThirst": 0.36141015761369144,
  "bat": "",
  "blood": 5,
  "buoyancy": 0.9592365076033555,
  "chasiness": 0.3678089367230988,
  "cinnamon": 0.6821357459936406,
  "coffee": 13,
  "coldness": 0.6699976855925466,
  "continuation": 0.9106309487895008,
  "deceased": false,
  "divinity": 0.3852316319247363,
  "fate": 45,
  "gameAttr": [],
  "groundFriction": 0.6100724611774495,
  "id": "24f6829e-7bb4-4e1e-8b59-a07514657e72",
  "indulgence": 0.3015650771591092,
  "laserlikeness": 0.4797595509281125,
  "martyrdom": 0.2289657520069132,
  "moxie": 1.0443707106917606,
  "musclitude": 0.09556675299818158,
  "name": "King Weatherman",
  "omniscience": 0.7077897260262902,
  "overpowerment": 0.34119064898968343,
  "patheticism": 0.5435769379958147,
  "peanutAllergy": false,
  "permAttr": [],
  "pressurization": 0.7929548444732764,
  "ritual": "Gaming",
  "ruthlessness": 0.4929925257951213,
  "seasAttr": [],
  "shakespearianism": 0.7254918177585336,
  "soul": 6,
  "suppression": 1.0039673072745736,
  "tenaciousness": 0.3795381363002768,
  "thwackability": 0.1301862031876581,
  "totalFingers": 12,
  "tragicness": 0.1,
  "unthwackability": 0.929219618536116,
  "watchfulness": 0.4290717513341859,
  "weekAttr": []
}