{
  "anticapitalism": 0.7178968698655335,
  "armor": "",
  "baseThirst": 0.6967038615391261,
  "bat": "",
  "blood": 0,
  "buoyancy": 0.43279791574254456,
  "chasiness": 0.8329586953091244,
  "cinnamon": 0.18516327801463903,
  "coffee": 0,
  "coldness": 0.3890170394641097,
  "continuation": 0.9142321253741968,
  "deceased": false,
  "divinity": 0.5054380029892098,
  "fate": 61,
  "gameAttr": [],
  "groundFriction": 0.060739124149747026,
  "hitStreak": 0,
  "id": "25581c43-f8da-4657-9e96-e704df0a8878",
  "indulgence": 0.18517563253474975,
  "laserlikeness": 0.05542192730485551,
  "martyrdom": 0.9143356305961748,
  "moxie": 0.050528109508124475,
  "musclitude": 0.1662333789373074,
  "name": "Freemium Fairwood",
  "omniscience": 0.9398515132044748,
  "overpowerment": 0.30266352664191354,
  "patheticism": 0.291866288225364,
  "peanutAllergy": false,
  "permAttr": [],
  "pressurization": 0.20803862305069787,
  "ritual": "",
  "ruthlessness": 0.3194403048455863,
  "seasAttr": [],
  "shakespearianism": 0.39451794372219906,
  "soul": 4,
  "suppression": 0.5634609585744228,
  "tenaciousness": 0.25150965212096166,
  "thwackability": 0.7966944074252817,
  "totalFingers": 10,
  "tragicness": 0.9299725496175676,
  "unthwackability": 0.5024800842568904,
  "watchfulness": 0.606781383828392,
  "weekAttr": []
}