{
  "anticapitalism": 0.38052937477336934,
  "baseThirst": 1.1349003005194342,
  "baserunningRating": 0.6736209406444393,
  "blood": 6,
  "buoyancy": 0.9653677365238418,
  "chasiness": 0.5209591800003801,
  "cinnamon": 0.21311406353581655,
  "coffee": 10,
  "coldness": 0.5667160994229754,
  "continuation": 0.6130762969037278,
  "deceased": false,
  "defenseRating": 0.5440629535614161,
  "divinity": 0.850851009524255,
  "eDensity": 31.803644677965373,
  "evolution": 0,
  "fate": 59,
  "gameAttr": [],
  "groundFriction": 0.8684320279837964,
  "hitStreak": 0,
  "hittingRating": 0.7939556967353761,
  "id": "26cfccf2-850e-43eb-b085-ff73ad0749b8",
  "indulgence": 0.5438487147109694,
  "items": [],
  "laserlikeness": 0.566883640426299,
  "leagueTeamId": "23e4cbc1-e9cd-47fa-a35b-bfa06f726cb7",
  "martyrdom": 0.6866252886804026,
  "moxie": 0.5019181358097193,
  "musclitude": 0.3005445346256967,
  "name": "Beasley Day",
  "omniscience": 0.28528705093504114,
  "overpowerment": 0.6989387011118212,
  "patheticism": 0.27238418182551205,
  "peanutAllergy": true,
  "permAttr": [
    "MINIMALIST",
    "COFFEE_RALLY"
  ],
  "pitchingRating": 0.5317382201966786,
  "pressurization": 0.28545395980628685,
  "ritual": "Air guitar",
  "ruthlessness": 0.4248566346979305,
  "seasAttr": [],
  "shakespearianism": 1.0658197007941366,
  "soul": 7,
  "state": {},
  "suppression": 0.28938358973578265,
  "tenaciousness": 0.337932693960178,
  "thwackability": 0.974872591297568,
  "totalFingers": 13,
  "tournamentTeamId": "a3ea6358-ce03-4f23-85f9-deb38cb81b20",
  "tragicness": 0.001,
  "unthwackability": 0.6342567218870061,
  "watchfulness": 1.233318157417623,
  "weekAttr": []
}