{
  "anticapitalism": 0.3985117290782997,
  "armor": "",
  "baseThirst": 0.9616688761224026,
  "bat": "",
  "blood": 6,
  "buoyancy": 0.7536715920818513,
  "chasiness": 0.4751822986456432,
  "cinnamon": 0.02002247909817023,
  "coffee": 10,
  "coldness": 0.4177741780587592,
  "continuation": 0.4162210894596961,
  "deceased": false,
  "divinity": 0.6888008268552313,
  "fate": 59,
  "gameAttr": [],
  "groundFriction": 0.6732047932250018,
  "id": "26cfccf2-850e-43eb-b085-ff73ad0749b8",
  "indulgence": 0.33023923654578335,
  "laserlikeness": 0.3960984087240962,
  "martyrdom": 0.5237063906006141,
  "moxie": 0.20847893618360724,
  "musclitude": 0.07766872597987896,
  "name": "Beasley Day",
  "omniscience": 0.31034040121857276,
  "overpowerment": 0.6291487424170927,
  "patheticism": 0.46896373033450733,
  "peanutAllergy": true,
  "permAttr": [],
  "pressurization": 0.28545395980628685,
  "ritual": "Air guitar",
  "ruthlessness": 0.31107122064193526,
  "seasAttr": [],
  "shakespearianism": 0.906547020757832,
  "soul": 7,
  "suppression": 0.03,
  "tenaciousness": 0.3421098481919861,
  "thwackability": 0.6849999691666375,
  "totalFingers": 12,
  "tragicness": 0.08,
  "unthwackability": 0.5482072005100558,
  "watchfulness": 1.1344423319354664,
  "weekAttr": []
}