{
  "anticapitalism": 0.45772240439908674,
  "baseThirst": 1.1898916075612755,
  "baserunningRating": 0.7252768638892346,
  "blood": 6,
  "buoyancy": 1.0099912606405013,
  "chasiness": 0.5935738973346583,
  "cinnamon": 0.26983147996215817,
  "coffee": 10,
  "coldness": 0.6264980527496187,
  "continuation": 0.6690220157620059,
  "deceased": false,
  "defenseRating": 0.6097574880850279,
  "divinity": 0.9048895280982144,
  "eDensity": 33.590223605849815,
  "evolution": 0,
  "fate": 59,
  "gameAttr": [],
  "groundFriction": 0.9349666742749624,
  "hitStreak": 0,
  "hittingRating": 0.8549064914995781,
  "id": "26cfccf2-850e-43eb-b085-ff73ad0749b8",
  "indulgence": 0.5926459023591307,
  "itemAttr": [],
  "items": [
    {
      "baserunningRating": 0,
      "defenseRating": 0,
      "durability": 1,
      "forger": null,
      "forgerName": null,
      "health": 1,
      "hittingRating": 0.05355784953865439,
      "id": "b8e6f495-5c49-431f-b3b7-aaf79a0f6c99",
      "name": "Bat",
      "pitchingRating": 0,
      "postPrefix": null,
      "prePrefix": null,
      "prefixes": null,
      "root": {
        "adjustments": [
          {
            "stat": 2,
            "type": 1,
            "value": 0.19815361204436105
          }
        ],
        "name": "Bat"
      },
      "suffix": null
    }
  ],
  "laserlikeness": 0.6195834406234222,
  "leagueTeamId": "23e4cbc1-e9cd-47fa-a35b-bfa06f726cb7",
  "martyrdom": 0.7337842518534547,
  "moxie": 0.547377287053404,
  "musclitude": 0.3729527468302561,
  "name": "Beasley Day",
  "omniscience": 0.3553858116382884,
  "overpowerment": 0.7726112974754409,
  "patheticism": 0.21137075950024192,
  "peanutAllergy": false,
  "permAttr": [
    "MINIMALIST"
  ],
  "pitchingRating": 0.6086625287904187,
  "pressurization": 0.28545395980628685,
  "ritual": "Air guitar",
  "ruthlessness": 0.4871065248072735,
  "seasAttr": [],
  "shakespearianism": 1.1244593858168477,
  "soul": 7,
  "state": {},
  "suppression": 0.3637927386634112,
  "tenaciousness": 0.3983637427219093,
  "thwackability": 1.0451598953590868,
  "totalFingers": 13,
  "tournamentTeamId": "a3ea6358-ce03-4f23-85f9-deb38cb81b20",
  "tragicness": 0.001,
  "unthwackability": 0.7115917709043789,
  "watchfulness": 1.304772155714693,
  "weekAttr": []
}