{
  "anticapitalism": 0.8212237711644246,
  "armor": "",
  "baseThirst": 0.6542708645095026,
  "baserunningRating": 0.7771627095727389,
  "bat": "",
  "blood": 12,
  "buoyancy": 0.1014732792800499,
  "chasiness": 0.4755839997636593,
  "cinnamon": 0.11204432309906864,
  "coffee": 10,
  "coldness": 0.17128346162807584,
  "continuation": 0.8778433342110126,
  "deceased": false,
  "defenseRating": 0.5639399558980441,
  "divinity": 0.942299213607293,
  "fate": 24,
  "gameAttr": [],
  "groundFriction": 0.552950007137706,
  "hitStreak": 0,
  "hittingRating": 0.48279055105099966,
  "id": "26f01324-9d1c-470b-8eaa-1b9bfbcd8b65",
  "indulgence": 0.34547855950410344,
  "laserlikeness": 0.9396531945261546,
  "leagueTeamId": "b72f3061-f573-40d7-832a-5ad475bd7909",
  "martyrdom": 0.612617390287123,
  "moxie": 0.05644933154932863,
  "musclitude": 0.9001145479931301,
  "name": "Nerd James",
  "omniscience": 0.575754740654691,
  "overpowerment": 0.00208352597951289,
  "patheticism": 0.43899493255342814,
  "peanutAllergy": true,
  "permAttr": [],
  "pitchingRating": 0.1731695943400028,
  "pressurization": 0.3386040912791073,
  "ritual": "Maniacal laughter",
  "ruthlessness": 0.254829217879611,
  "seasAttr": [],
  "shakespearianism": 0.30229755203691955,
  "soul": 3,
  "suppression": 0.1892850424419712,
  "tenaciousness": 0.5504983477558436,
  "thwackability": 0.28111864371860906,
  "totalFingers": 10,
  "tournamentTeamId": null,
  "tragicness": 0.1,
  "unthwackability": 0.7916469237511783,
  "watchfulness": 0.08291876563948186,
  "weekAttr": []
}