{
  "anticapitalism": 0.5119227587060775,
  "armor": "",
  "baseThirst": 0.5166961351202788,
  "baserunningRating": 0.21806007206032885,
  "bat": "",
  "blood": 4,
  "buoyancy": 0.5023325907391223,
  "chasiness": 0.4789110534870715,
  "cinnamon": 0.8193659422142104,
  "coffee": 8,
  "coldness": 0.8268264044317687,
  "continuation": 0.7721746381510302,
  "deceased": false,
  "defenseRating": 0.5431213030519086,
  "divinity": 0.0018441821929744415,
  "eDensity": 20.197366329772237,
  "evolution": 0,
  "fate": 66,
  "gameAttr": [],
  "groundFriction": 0.5377012608795222,
  "hitStreak": 0,
  "hittingRating": 0.0515735693807059,
  "id": "2720559e-9173-4042-aaa0-d3852b72ab2e",
  "indulgence": 0.3143359555169989,
  "laserlikeness": 0.08154083043554738,
  "leagueTeamId": "747b8e4a-7e50-4638-a973-ea7950a3e739",
  "martyrdom": 0.17418035550907263,
  "moxie": 0.17873352529759567,
  "musclitude": 0.8792967557095006,
  "name": "Hiroto Wilcox",
  "omniscience": 0.43422169256121146,
  "overpowerment": 0.4889230055780861,
  "patheticism": 0.32021053908177266,
  "peanutAllergy": false,
  "permAttr": [
    "FRIEND_OF_CROWS"
  ],
  "pitchingRating": 0.9297259597602332,
  "pressurization": 0.012960550734828937,
  "ritual": "Cookies",
  "ruthlessness": 1.1089262813278693,
  "seasAttr": [],
  "shakespearianism": 0.7710520499037187,
  "soul": 4,
  "state": {},
  "suppression": 0.3378824303115333,
  "tenaciousness": 0.234134150575378,
  "thwackability": 0.19781289476747377,
  "totalFingers": 13,
  "tournamentTeamId": "e8f7ffee-ec53-4fe0-8e87-ea8ff1d0b4a9",
  "tragicness": 0.1,
  "unthwackability": 1.0488857277543648,
  "watchfulness": 0.881366456611439,
  "weekAttr": []
}