{
  "anticapitalism": 0.40192041525950817,
  "armor": "",
  "baseThirst": 0.4131934780162176,
  "baserunningRating": 0.6896328501395689,
  "bat": "",
  "blood": 12,
  "buoyancy": 0.4736835889006974,
  "chasiness": 0.9025271882881568,
  "cinnamon": 0.38905266340669487,
  "coffee": 1,
  "coldness": 0.11305762168311027,
  "continuation": 0.988617771582935,
  "deceased": false,
  "defenseRating": 0.6759399341864846,
  "divinity": 0.0611042978774754,
  "fate": 39,
  "gameAttr": [],
  "groundFriction": 0.6837207555251232,
  "hitStreak": 0,
  "hittingRating": 0.08511824222007029,
  "id": "2727215d-3714-438d-b1ba-2ed15ec481c0",
  "indulgence": 0.8986217622048502,
  "laserlikeness": 0.6270589456011697,
  "leagueTeamId": "747b8e4a-7e50-4638-a973-ea7950a3e739",
  "martyrdom": 0.9094284716018056,
  "moxie": 0.002488367991995588,
  "musclitude": 0.5204169201853648,
  "name": "Dominic Woman",
  "omniscience": 0.4889608025119243,
  "overpowerment": 0.007687594693272848,
  "patheticism": 0.05084807034773631,
  "peanutAllergy": false,
  "permAttr": [],
  "pitchingRating": 0.03170136280568277,
  "pressurization": 0.16599865797416813,
  "ritual": "Communing with the ancestors",
  "ruthlessness": 0.012498631239587166,
  "seasAttr": [],
  "shakespearianism": 0.814195353142509,
  "soul": 6,
  "suppression": 0.1554278620696965,
  "tenaciousness": 0.8833628428323756,
  "thwackability": 0.060610995976403625,
  "totalFingers": 10,
  "tournamentTeamId": null,
  "tragicness": 0.1,
  "unthwackability": 0.16753981880650293,
  "watchfulness": 0.2942079102392925,
  "weekAttr": []
}