{
  "anticapitalism": 0.4057815826941415,
  "armor": "",
  "baseThirst": 0.8052565540553667,
  "baserunningRating": 0.8603480493739466,
  "bat": "",
  "blood": 9,
  "buoyancy": 0.15867311341895568,
  "chasiness": 0.5474837596417719,
  "cinnamon": 0.2947188061890721,
  "coffee": 2,
  "coldness": 0.4742578328117326,
  "continuation": 0.7473240847840992,
  "deceased": false,
  "defenseRating": 0.5618202530126705,
  "divinity": 0.4771272560285731,
  "eDensity": 29.46369767852083,
  "evolution": 0,
  "fate": 99,
  "gameAttr": [],
  "groundFriction": 0.800996140168837,
  "hitStreak": 0,
  "hittingRating": 0.6115500683514029,
  "id": "27839754-c351-43ec-9bff-ca662a2385b9",
  "indulgence": 0.6092551890200524,
  "laserlikeness": 0.945744393289719,
  "leagueTeamId": "bb4a9de5-c924-4923-a0cb-9d1445f1ee5d",
  "martyrdom": 0.35121481065623145,
  "moxie": 0.09135980275018447,
  "musclitude": 0.9652714697265572,
  "name": "Loubert Ji-Eun",
  "omniscience": 0.6297866100525767,
  "overpowerment": 1.0673997758303404,
  "patheticism": 0.13112347233042224,
  "peanutAllergy": true,
  "permAttr": [],
  "pitchingRating": 0.5064202284019974,
  "pressurization": 0.7008876300965381,
  "ritual": "Fishing for compliments",
  "ruthlessness": 0.38318103420334915,
  "seasAttr": [],
  "shakespearianism": 0.561955654830906,
  "soul": 7,
  "state": {},
  "suppression": 0.8233803946073633,
  "tenaciousness": 0.4898620448574722,
  "thwackability": 0.9405961047017174,
  "totalFingers": 10,
  "tournamentTeamId": null,
  "tragicness": 0.118094238994849,
  "unthwackability": 0.6310439659963383,
  "watchfulness": 0.1481753321732258,
  "weekAttr": []
}