{
  "anticapitalism": 0.6118615623078265,
  "armor": "",
  "baseThirst": 0.9823781655217094,
  "baserunningRating": 1.0370426324110358,
  "bat": "",
  "blood": 9,
  "buoyancy": 0.354692769808596,
  "chasiness": 0.7607588657767541,
  "cinnamon": 0.43736949261786073,
  "coffee": 2,
  "coldness": 0.5979522394546933,
  "continuation": 0.9637249737844156,
  "deceased": false,
  "defenseRating": 0.738563342225419,
  "divinity": 0.6624599700540375,
  "eDensity": 35.11135569131218,
  "evolution": 0,
  "fate": 99,
  "gameAttr": [],
  "groundFriction": 0.9952588323340776,
  "hitStreak": 0,
  "hittingRating": 0.8171939301592919,
  "id": "27839754-c351-43ec-9bff-ca662a2385b9",
  "indulgence": 0.7568069561413455,
  "laserlikeness": 1.150701361188405,
  "leagueTeamId": "bb4a9de5-c924-4923-a0cb-9d1445f1ee5d",
  "martyrdom": 0.5314568161624059,
  "moxie": 0.2925484863460177,
  "musclitude": 1.151710490591662,
  "name": "Loubert Ji-Eun",
  "omniscience": 0.813034159628198,
  "overpowerment": 1.212070978844814,
  "patheticism": 0.001,
  "peanutAllergy": true,
  "permAttr": [],
  "pitchingRating": 0.6497116276223152,
  "pressurization": 0.7008876300965381,
  "ritual": "Fishing for compliments",
  "ruthlessness": 0.508991930579556,
  "seasAttr": [],
  "shakespearianism": 0.6888328205410008,
  "soul": 7,
  "state": {},
  "suppression": 0.9656489946972392,
  "tenaciousness": 0.6699884755148974,
  "thwackability": 1.110053587667645,
  "totalFingers": 10,
  "tournamentTeamId": null,
  "tragicness": 0.001,
  "unthwackability": 0.7560631192097759,
  "watchfulness": 0.3496431603308665,
  "weekAttr": []
}