{
  "anticapitalism": 0.3540501762974595,
  "armor": "",
  "baseThirst": 0.7547559653664233,
  "baserunningRating": 0.8039376504056479,
  "bat": "",
  "blood": 9,
  "buoyancy": 0.11740670340022864,
  "chasiness": 0.49013545597448105,
  "cinnamon": 0.2279484217550556,
  "coffee": 2,
  "coldness": 0.3997060299742661,
  "continuation": 0.6943261106057577,
  "deceased": false,
  "defenseRating": 0.4848530117129542,
  "divinity": 0.405434338534056,
  "eDensity": 0,
  "evolution": 0,
  "fate": 99,
  "gameAttr": [],
  "groundFriction": 0.7546806188460589,
  "hitStreak": 0,
  "hittingRating": 0.4861915369149019,
  "id": "27839754-c351-43ec-9bff-ca662a2385b9",
  "indulgence": 0.5508481252650017,
  "laserlikeness": 0.8766206797802991,
  "leagueTeamId": "bb4a9de5-c924-4923-a0cb-9d1445f1ee5d",
  "martyrdom": 0.28664773230157636,
  "moxie": 0.015811610391843534,
  "musclitude": 0.8881028297404703,
  "name": "Loubert Ji-Eun",
  "omniscience": 0.5603233726912316,
  "overpowerment": 0.9943140782882448,
  "patheticism": 0.1987793103095283,
  "peanutAllergy": true,
  "permAttr": [],
  "pitchingRating": 0.43411746932661455,
  "pressurization": 0.7008876300965381,
  "ritual": "Fishing for compliments",
  "ruthlessness": 0.3184817774748985,
  "seasAttr": [],
  "shakespearianism": 0.5070199826311701,
  "soul": 7,
  "state": {},
  "suppression": 0.7732368025388228,
  "tenaciousness": 0.4231049654366352,
  "thwackability": 0.8732940364281747,
  "totalFingers": 10,
  "tournamentTeamId": null,
  "tragicness": 0.16121493891271332,
  "unthwackability": 0.5654545822168628,
  "watchfulness": 0.07361161055727394,
  "weekAttr": []
}