{
  "anticapitalism": 1.1528119372118075,
  "baseThirst": 1.0359764826781084,
  "baserunningRating": 0.8680097179468226,
  "blood": 6,
  "buoyancy": 1.2684973618565782,
  "chasiness": 1.1169321359966848,
  "cinnamon": 0.3840100485654358,
  "coffee": 5,
  "coldness": 0.959143253305916,
  "continuation": 1.212466390385457,
  "deceased": false,
  "defenseRating": 0.749326959007951,
  "divinity": 0.5944231436091011,
  "eDensity": 36.39371969077236,
  "evolution": 0,
  "fate": 43,
  "gameAttr": [],
  "groundFriction": 0.6278847424750009,
  "hitStreak": 0,
  "hittingRating": 0.7420720731202249,
  "id": "27c68d7f-5e40-4afa-8b6f-9df47b79e7dd",
  "indulgence": 1.1313013549685242,
  "items": [],
  "laserlikeness": 0.7708211213547703,
  "leagueTeamId": "878c1bf6-0d21-4659-bfee-916c8314d69c",
  "martyrdom": 0.9275859287621416,
  "moxie": 1.25979806795042,
  "musclitude": 0.8845186275821824,
  "name": "Basilio Mason",
  "omniscience": 0.7129734738069785,
  "overpowerment": 0.2508588799672564,
  "patheticism": 0.5215678719384499,
  "peanutAllergy": true,
  "permAttr": [],
  "pitchingRating": 0.5539797771781951,
  "pressurization": 0.7155318584625154,
  "ritual": "Questioning everything",
  "ruthlessness": 0.9930498596218648,
  "seasAttr": [],
  "shakespearianism": 0.4507202510855136,
  "soul": 8,
  "state": {},
  "suppression": 0.7717668992812586,
  "tenaciousness": 0.39493108363478263,
  "thwackability": 0.786042461562947,
  "totalFingers": 14,
  "tournamentTeamId": null,
  "tragicness": 0.16,
  "unthwackability": 0.5491696745439952,
  "watchfulness": 0.5466872535586588,
  "weekAttr": []
}