{
  "anticapitalism": 1.0544319950194567,
  "armor": "",
  "baseThirst": 0.7389823147071467,
  "bat": "",
  "blood": 6,
  "buoyancy": 0.9446072347817344,
  "chasiness": 0.986533067533588,
  "cinnamon": 0.16673264577108324,
  "coffee": 5,
  "coldness": 0.7660308811439487,
  "continuation": 0.8896797076367106,
  "deceased": false,
  "divinity": 0.26040095658098655,
  "fate": 43,
  "gameAttr": [],
  "groundFriction": 0.31950241621149067,
  "hitStreak": 0,
  "id": "27c68d7f-5e40-4afa-8b6f-9df47b79e7dd",
  "indulgence": 0.8632314978955837,
  "laserlikeness": 0.4890698308658434,
  "martyrdom": 0.5810656181777654,
  "moxie": 0.9138834643905708,
  "musclitude": 0.5218634091459031,
  "name": "Basilio Mason",
  "omniscience": 0.6155920248658062,
  "overpowerment": 0.06246399949508139,
  "patheticism": 0.8672558701197569,
  "peanutAllergy": true,
  "permAttr": [],
  "pressurization": 0.7155318584625154,
  "ritual": "Questioning everything",
  "ruthlessness": 0.7834026109924634,
  "seasAttr": [],
  "shakespearianism": 0.26149950648162323,
  "soul": 8,
  "suppression": 0.6078994509989745,
  "tenaciousness": 0.24451376653912785,
  "thwackability": 0.4254576832395675,
  "totalFingers": 13,
  "tragicness": 0.037305695966752234,
  "unthwackability": 0.33427831338140035,
  "watchfulness": 0.4042632765044899,
  "weekAttr": []
}