{
  "anticapitalism": 1,
  "armor": "",
  "baseThirst": 0.6883366836787466,
  "bat": "",
  "blood": 6,
  "buoyancy": 0.8838327732294508,
  "chasiness": 0.9079947079639912,
  "cinnamon": 0.1025193848581285,
  "coffee": 5,
  "coldness": 0.7925507875811776,
  "continuation": 0.835097193344621,
  "deceased": false,
  "divinity": 0.20067823243039856,
  "fate": 43,
  "gameAttr": [],
  "groundFriction": 0.27435131128824586,
  "id": "27c68d7f-5e40-4afa-8b6f-9df47b79e7dd",
  "indulgence": 0.8110099269199489,
  "laserlikeness": 0.4248329445275456,
  "martyrdom": 0.5326847770155111,
  "moxie": 0.8523713806648735,
  "musclitude": 0.46063612834462225,
  "name": "Basilio Mason",
  "omniscience": 0.5538840632446891,
  "overpowerment": 0.11,
  "patheticism": 0.9256482496333728,
  "peanutAllergy": true,
  "permAttr": [],
  "pressurization": 0.7155318584625154,
  "ritual": "Questioning everything",
  "ruthlessness": 0.81715045953465,
  "seasAttr": [],
  "shakespearianism": 0.29722525171185366,
  "soul": 8,
  "suppression": 0.6306900664857026,
  "tenaciousness": 0.1834965233304355,
  "thwackability": 0.3458119689185372,
  "totalFingers": 12,
  "tragicness": 0.1,
  "unthwackability": 0.3648868062963002,
  "watchfulness": 0.34894036985962074,
  "weekAttr": []
}