{
  "anticapitalism": 1.1023883592404478,
  "armor": "",
  "baseThirst": 0.7963837830380721,
  "bat": "",
  "blood": 6,
  "buoyancy": 1.0015099581576026,
  "chasiness": 1.038155802692638,
  "cinnamon": 0.23450288723929796,
  "coffee": 5,
  "coldness": 0.8070928390900401,
  "continuation": 0.9673357668646844,
  "deceased": false,
  "divinity": 0.30274411148802216,
  "fate": 43,
  "gameAttr": [],
  "groundFriction": 0.3940063643342454,
  "hitStreak": 0,
  "id": "27c68d7f-5e40-4afa-8b6f-9df47b79e7dd",
  "indulgence": 0.9252523224612876,
  "laserlikeness": 0.5619102959014642,
  "martyrdom": 0.648450289209197,
  "moxie": 0.9567974893151664,
  "musclitude": 0.593859300788144,
  "name": "Basilio Mason",
  "omniscience": 0.6615720620414235,
  "overpowerment": 0.10403431322406,
  "patheticism": 0.8021580165299873,
  "peanutAllergy": true,
  "permAttr": [],
  "pressurization": 0.7155318584625154,
  "ritual": "Questioning everything",
  "ruthlessness": 0.8252931845102502,
  "seasAttr": [],
  "shakespearianism": 0.3031513154383937,
  "soul": 8,
  "suppression": 0.652191244619729,
  "tenaciousness": 0.3209189036142179,
  "thwackability": 0.4728660476721894,
  "totalFingers": 13,
  "tragicness": 0.01,
  "unthwackability": 0.40000474478964626,
  "watchfulness": 0.45472411147865904,
  "weekAttr": []
}