{
  "anticapitalism": 0.2361623276844977,
  "armor": "",
  "baseThirst": 0.6166174586191282,
  "baserunningRating": 0.38102639084509954,
  "bat": "",
  "blood": 11,
  "buoyancy": 0.21329797260417505,
  "chasiness": 0.9442190997535788,
  "cinnamon": 0.979208712640382,
  "coffee": 13,
  "coldness": 0.27665582407010314,
  "continuation": 0.6074137110209787,
  "deceased": false,
  "defenseRating": 0.5598412641437712,
  "divinity": 0.6533658423042623,
  "eDensity": 0,
  "evolution": 0,
  "fate": 9,
  "gameAttr": [],
  "groundFriction": 1.023879468852732,
  "hitStreak": 0,
  "hittingRating": 0.2682922414782609,
  "id": "27faa5a7-d3a8-4d2d-8e62-47cfeba74ff0",
  "indulgence": 0.5422642436109086,
  "laserlikeness": 0.19875500416023992,
  "leagueTeamId": "eb67ae5e-c4bf-46ca-bbbc-425cd34182ff",
  "martyrdom": 0.09936669405116214,
  "moxie": 0.18575055496123505,
  "musclitude": 0.6893300181014423,
  "name": "Spears Nolan",
  "omniscience": 0.2112113542045477,
  "overpowerment": 0.35047934499624,
  "patheticism": 0.28549434717653943,
  "peanutAllergy": true,
  "permAttr": [],
  "pitchingRating": 0.6139300133171807,
  "pressurization": 0.4052414876415922,
  "ritual": "Blood sacrifice",
  "ruthlessness": 0.528372086664628,
  "seasAttr": [],
  "shakespearianism": 0.6816497550555833,
  "soul": 7,
  "state": {},
  "suppression": 0.8354806621618913,
  "tenaciousness": 0.7757848708680148,
  "thwackability": 0.06653346126641588,
  "totalFingers": 10,
  "tournamentTeamId": null,
  "tragicness": 0.1,
  "unthwackability": 0.990097266902528,
  "watchfulness": 0.5051827610557795,
  "weekAttr": []
}