{
  "anticapitalism": 0.6401493396615796,
  "baseThirst": 0.5006933561858525,
  "baserunningRating": 0.6373438665210931,
  "blood": 4,
  "buoyancy": 0.5104305544353376,
  "chasiness": 0.4283505540032349,
  "cinnamon": 0.30134018888051195,
  "coffee": 2,
  "coldness": 0.1561400085849915,
  "continuation": 0.4571981202619325,
  "deceased": false,
  "defenseRating": 0.46598785473249904,
  "divinity": 0.09880842296925138,
  "eDensity": 26.139817060922688,
  "evolution": 0,
  "fate": 69,
  "gameAttr": [],
  "groundFriction": 0.1900380182599335,
  "hitStreak": 0,
  "hittingRating": 0.25973540253764127,
  "id": "28162da7-eafa-4eb1-8bc1-5a625f03ae57",
  "indulgence": 0.344518363792396,
  "itemAttr": [],
  "items": [
    {
      "baserunningRating": 0.031242917163610384,
      "defenseRating": 0.07911084866300877,
      "durability": 2,
      "forger": null,
      "forgerName": null,
      "health": 2,
      "hittingRating": 0.005281562700310993,
      "id": "afe68016-fc07-4adb-a62a-a8da006842cc",
      "name": "Jersey of Stamina",
      "pitchingRating": 0,
      "postPrefix": null,
      "prePrefix": null,
      "prefixes": null,
      "root": {
        "adjustments": [
          {
            "stat": 5,
            "type": 1,
            "value": 0.1723589573914618
          }
        ],
        "name": "Jersey"
      },
      "suffix": {
        "adjustments": [
          {
            "stat": 22,
            "type": 1,
            "value": 0.17221936843315938
          },
          {
            "stat": 25,
            "type": 1,
            "value": 0.10620644816200524
          },
          {
            "stat": 11,
            "type": 1,
            "value": 0.1164828612092072
          },
          {
            "stat": 9,
            "type": 1,
            "value": 0.14324690454652148
          }
        ],
        "name": "Stamina"
      }
    }
  ],
  "laserlikeness": 0.9410263723132072,
  "leagueTeamId": "c73b705c-40ad-4633-a6ed-d357ee2e2bcf",
  "martyrdom": 0.5193131484113341,
  "moxie": 0.20834856048508824,
  "musclitude": 0.5598298587601338,
  "name": "Mags Banananana",
  "omniscience": 0.6335847952388015,
  "overpowerment": 0.2293403730489324,
  "patheticism": 0.2276986995343549,
  "peanutAllergy": true,
  "permAttr": [
    "WANDERER"
  ],
  "pitchingRating": 0.656906742054865,
  "pressurization": 0.5546398704474358,
  "ritual": "Swearing an oath",
  "ruthlessness": 0.8738929226923784,
  "seasAttr": [],
  "shakespearianism": 0.43062658343071025,
  "soul": 6,
  "state": {},
  "suppression": 0.5176343556157613,
  "tenaciousness": 0.17926929476381404,
  "thwackability": 0.36735807761351646,
  "totalFingers": 10,
  "tournamentTeamId": null,
  "tragicness": 0.03161386398799432,
  "unthwackability": 0.9709588601432568,
  "watchfulness": 0.1364721483617671,
  "weekAttr": []
}