{
  "anticapitalism": 0.5985180925268603,
  "armor": "",
  "baseThirst": 0.4440527280370401,
  "baserunningRating": 0.5634253905782227,
  "bat": "",
  "blood": 4,
  "buoyancy": 0.45060316139325773,
  "chasiness": 0.3772654432705207,
  "cinnamon": 0.25395246428507035,
  "coffee": 2,
  "coldness": 0.09264642289928182,
  "continuation": 0.3777429587903222,
  "deceased": false,
  "defenseRating": 0.40129017533464606,
  "divinity": 0.03994732125036338,
  "eDensity": 23.951425413015933,
  "evolution": 0,
  "fate": 69,
  "gameAttr": [],
  "groundFriction": 0.11349541424847542,
  "hitStreak": 0,
  "hittingRating": 0.16942387596387865,
  "id": "28162da7-eafa-4eb1-8bc1-5a625f03ae57",
  "indulgence": 0.2854871995082571,
  "laserlikeness": 0.9008109441133504,
  "leagueTeamId": "ca3f1c8c-c025-4d8e-8eef-5be6accbeb16",
  "martyrdom": 0.4696854732959055,
  "moxie": 0.16570792335729756,
  "musclitude": 0.4891056257260959,
  "name": "Mags Banananana",
  "omniscience": 0.5875419914616782,
  "overpowerment": 0.1804307545644959,
  "patheticism": 0.2762584917784463,
  "peanutAllergy": true,
  "permAttr": [],
  "pitchingRating": 0.5732070456969577,
  "pressurization": 0.5546398704474358,
  "ritual": "Swearing an oath",
  "ruthlessness": 0.7947467504773271,
  "seasAttr": [],
  "shakespearianism": 0.3835487636921539,
  "soul": 6,
  "state": {},
  "suppression": 0.4650619277060679,
  "tenaciousness": 0.13401645390589545,
  "thwackability": 0.29481091314700913,
  "totalFingers": 10,
  "tournamentTeamId": null,
  "tragicness": 0.1,
  "unthwackability": 0.9004120769666419,
  "watchfulness": 0.07735117148481607,
  "weekAttr": []
}