{
  "anticapitalism": 0.7908805297987773,
  "baseThirst": 0.9526701988336792,
  "baserunningRating": 0.4344964809992272,
  "blood": 6,
  "buoyancy": 0.0628108172869295,
  "chasiness": 0.886624700593108,
  "cinnamon": 0.9700268776513544,
  "coffee": 9,
  "coldness": 0.9054114468144354,
  "continuation": 0.16328491272278867,
  "deceased": false,
  "defenseRating": 0.5844663530031349,
  "divinity": 0.19317853559872433,
  "eDensity": 29.913370532568827,
  "evolution": 0,
  "fate": 92,
  "gameAttr": [],
  "groundFriction": 0.3310129615254338,
  "hitStreak": 0,
  "hittingRating": 0.34746564892610066,
  "id": "2859166d-6aed-4262-b05b-db85c49b3391",
  "indulgence": 0.7175254574390846,
  "itemAttr": [],
  "items": [],
  "laserlikeness": 0.3651390963057086,
  "leagueTeamId": "bfd38797-8404-4b38-8b82-341da28b1f83",
  "martyrdom": 0.4458959010748989,
  "moxie": 0.35582813525552726,
  "musclitude": 0.47275019595274426,
  "name": "Donna Milicic",
  "omniscience": 0.6537731497231236,
  "overpowerment": 0.8217891091290455,
  "patheticism": 0.22694187723930437,
  "peanutAllergy": false,
  "permAttr": [],
  "pitchingRating": 0.6211958788670838,
  "pressurization": 0.1378543431720447,
  "ritual": "Photography",
  "ruthlessness": 0.8504222538841844,
  "seasAttr": [],
  "shakespearianism": 0.6092443111730119,
  "soul": 8,
  "state": {},
  "suppression": 0.8405102598124805,
  "tenaciousness": 0.3196704607639411,
  "thwackability": 0.4070505027869007,
  "totalFingers": 10,
  "tournamentTeamId": null,
  "tragicness": 0.3523071555995021,
  "unthwackability": 0.5170359353079483,
  "watchfulness": 0.1518746392857504,
  "weekAttr": []
}