{
  "anticapitalism": 0.5805934934919433,
  "armor": "",
  "baseThirst": 0.331329496438427,
  "baserunningRating": 0.4930466375892178,
  "bat": "",
  "blood": 11,
  "buoyancy": 0.5355551022169752,
  "chasiness": 0.669204455339062,
  "cinnamon": 0.01805634168619874,
  "coffee": 6,
  "coldness": 0.7163653233177426,
  "continuation": 0.4855828925685872,
  "deceased": false,
  "defenseRating": 0.3690594991299469,
  "divinity": 0.8469249269341905,
  "eDensity": 0,
  "evolution": 0,
  "fate": 54,
  "gameAttr": [],
  "groundFriction": 0.4209943418631181,
  "hitStreak": 0,
  "hittingRating": 0.6045790458447965,
  "id": "285ce77d-e5cd-4daa-9784-801347140d48",
  "indulgence": 0.598958573578871,
  "laserlikeness": 0.4614628013727444,
  "leagueTeamId": "9debc64f-74b7-4ae1-a4d6-fce0144b6ea5",
  "martyrdom": 0.3383460213791503,
  "moxie": 0.3048280073481931,
  "musclitude": 0.30077696352453726,
  "name": "Son Scotch",
  "omniscience": 0.3766661108325307,
  "overpowerment": 0.4620839016127667,
  "patheticism": 0.001,
  "peanutAllergy": true,
  "permAttr": [],
  "pitchingRating": 0.5848187932332621,
  "pressurization": 0.7084504501504632,
  "ritual": "Comics",
  "ruthlessness": 0.4272026017762889,
  "seasAttr": [],
  "shakespearianism": 0.5652162377159216,
  "soul": 5,
  "state": {},
  "suppression": 0.13814209657206428,
  "tenaciousness": 0.29161502598274625,
  "thwackability": 0.49930145698362705,
  "totalFingers": 13,
  "tournamentTeamId": null,
  "tragicness": 0.1,
  "unthwackability": 0.9703303692652882,
  "watchfulness": 0.01,
  "weekAttr": []
}