{
  "anticapitalism": 0.5717576868743346,
  "armor": "",
  "baseThirst": 0.5884778200645857,
  "bat": "",
  "blood": 10,
  "buoyancy": 0.919309410053236,
  "chasiness": 0.7312696959624558,
  "cinnamon": 0.07049457567542783,
  "coffee": 8,
  "coldness": 0.948268895859982,
  "continuation": 0.6441663850647814,
  "deceased": false,
  "divinity": 0.4985445217455879,
  "fate": 15,
  "gameAttr": [],
  "groundFriction": 0.2199840171433456,
  "id": "28964497-0efe-420c-9c1d-8574f224a4e9",
  "indulgence": 0.1996231000967572,
  "laserlikeness": 0.47184077899259047,
  "martyrdom": 0.7949529251623216,
  "moxie": 0.27830957430700737,
  "musclitude": 0.6599029576927443,
  "name": "Inez Owens",
  "omniscience": 0.22763495323496483,
  "overpowerment": 0.11,
  "patheticism": 0.15225773621876254,
  "peanutAllergy": true,
  "permAttr": [
    "ALTERNATE"
  ],
  "pressurization": 0.9992833150775507,
  "ritual": "Clasping the amulet",
  "ruthlessness": 0.3964929743130279,
  "seasAttr": [],
  "shakespearianism": 0.31833328036624775,
  "soul": 6,
  "suppression": 0.8705755138839607,
  "tenaciousness": 0.4463064748354022,
  "thwackability": 0.4307485727816224,
  "totalFingers": 12,
  "tragicness": 0.060000000000000005,
  "unthwackability": 0.6231225032798381,
  "watchfulness": 0.9812245011395332,
  "weekAttr": []
}