{
  "anticapitalism": 0.5612033566553841,
  "baseThirst": 0.5907256890368087,
  "baserunningRating": 0.46399087531422406,
  "blood": 12,
  "buoyancy": 1.0099193784730591,
  "chasiness": 0.7193002821902643,
  "cinnamon": 0.20015280032861427,
  "coffee": 8,
  "coldness": 0.9429079577829758,
  "continuation": 0.666426751468702,
  "deceased": false,
  "defenseRating": 0.5774701556133124,
  "divinity": 0.6173276152124404,
  "eDensity": 25.663173842295336,
  "evolution": 0,
  "fate": 15,
  "gameAttr": [],
  "groundFriction": 0.23185114656026545,
  "hitStreak": 0,
  "hittingRating": 0.6125665336863991,
  "id": "28964497-0efe-420c-9c1d-8574f224a4e9",
  "indulgence": 0.2247552832234965,
  "items": [],
  "laserlikeness": 0.4683897606930526,
  "leagueTeamId": "3f8bbb15-61c0-4e3f-8e4a-907a5fb1565e",
  "martyrdom": 0.8990180534512071,
  "moxie": 0.34187148902216696,
  "musclitude": 0.7601113921506673,
  "name": "Inez Owens",
  "omniscience": 0.221932349705849,
  "overpowerment": 0.07992498641115446,
  "patheticism": 0.029143346680808556,
  "peanutAllergy": true,
  "permAttr": [
    "ALTERNATE"
  ],
  "pitchingRating": 0.29785441285682684,
  "pressurization": 0.9992833150775507,
  "ritual": "Clasping the amulet",
  "ruthlessness": 0.3348579287793561,
  "seasAttr": [],
  "shakespearianism": 0.274333840430848,
  "soul": 6,
  "state": {},
  "suppression": 0.7946086084455415,
  "tenaciousness": 0.4593807203311185,
  "thwackability": 0.5387294467659763,
  "totalFingers": 14,
  "tournamentTeamId": "e8f7ffee-ec53-4fe0-8e87-ea8ff1d0b4a9",
  "tragicness": 0.010447977320844772,
  "unthwackability": 0.5901134253960103,
  "watchfulness": 0.9828295386076163,
  "weekAttr": []
}