{
  "anticapitalism": 0.6988336166423588,
  "baseThirst": 0.769770291180151,
  "baserunningRating": 0.6318489979290038,
  "blood": 12,
  "buoyancy": 1.1927030527644464,
  "chasiness": 0.9064975236988432,
  "cinnamon": 0.3963590675654787,
  "coffee": 8,
  "coldness": 1.1272736659271323,
  "continuation": 0.8116227414330973,
  "deceased": false,
  "defenseRating": 0.7542762393810759,
  "divinity": 0.7726392208118209,
  "eDensity": 29.171369181559072,
  "evolution": 0,
  "fate": 15,
  "gameAttr": [],
  "groundFriction": 0.37437619151404145,
  "hitStreak": 0,
  "hittingRating": 0.7712546895101153,
  "id": "28964497-0efe-420c-9c1d-8574f224a4e9",
  "indulgence": 0.4207409094787457,
  "items": [],
  "laserlikeness": 0.6347737206316235,
  "leagueTeamId": "3f8bbb15-61c0-4e3f-8e4a-907a5fb1565e",
  "martyrdom": 1.0661535190543057,
  "moxie": 0.5222408941330743,
  "musclitude": 0.9630675765983452,
  "name": "Inez Owens",
  "omniscience": 0.4248589254912892,
  "overpowerment": 0.24811003863660896,
  "patheticism": 0.001,
  "peanutAllergy": true,
  "permAttr": [
    "ALTERNATE"
  ],
  "pitchingRating": 0.5174066315859707,
  "pressurization": 0.9992833150775507,
  "ritual": "Clasping the amulet",
  "ruthlessness": 0.5162494398753883,
  "seasAttr": [],
  "shakespearianism": 0.44888044587185105,
  "soul": 6,
  "state": {},
  "suppression": 0.9414932536080692,
  "tenaciousness": 0.664746665819601,
  "thwackability": 0.711499258545294,
  "totalFingers": 14,
  "tournamentTeamId": "e8f7ffee-ec53-4fe0-8e87-ea8ff1d0b4a9",
  "tragicness": 0.001,
  "unthwackability": 0.8052957374940725,
  "watchfulness": 1.1796740685228255,
  "weekAttr": []
}