{
  "anticapitalism": 0.4405390463808571,
  "armor": "",
  "baseThirst": 0.4828062001147027,
  "bat": "",
  "blood": 12,
  "buoyancy": 0.7884123487137598,
  "chasiness": 0.6116021594679999,
  "cinnamon": 0.15670451808738903,
  "coffee": 8,
  "coldness": 0.8442021571470721,
  "continuation": 0.5318577264724298,
  "deceased": false,
  "divinity": 0.3917925396379019,
  "fate": 15,
  "gameAttr": [],
  "groundFriction": 0.11974065065351364,
  "hitStreak": 0,
  "id": "28964497-0efe-420c-9c1d-8574f224a4e9",
  "indulgence": 0.0959029103069225,
  "laserlikeness": 0.3513440796898332,
  "martyrdom": 0.66755490898572,
  "moxie": 0.13935082614286448,
  "musclitude": 0.5389578601043039,
  "name": "Inez Owens",
  "omniscience": 0.09901662770601076,
  "overpowerment": 0.01,
  "patheticism": 0.2660815504108162,
  "peanutAllergy": true,
  "permAttr": [
    "ALTERNATE"
  ],
  "pressurization": 0.9992833150775507,
  "ritual": "Clasping the amulet",
  "ruthlessness": 0.2659230402169929,
  "seasAttr": [],
  "shakespearianism": 0.2068391065952213,
  "soul": 6,
  "suppression": 0.7337215573117406,
  "tenaciousness": 0.3344350223051556,
  "thwackability": 0.30741699784567905,
  "totalFingers": 13,
  "tragicness": 0.30000000000000004,
  "unthwackability": 0.5184437496703276,
  "watchfulness": 0.8456930083156851,
  "weekAttr": []
}