{
  "anticapitalism": 0.038148588062989486,
  "baseThirst": 0.6255904593396551,
  "baserunningRating": 0.6845846948774141,
  "blood": 12,
  "buoyancy": 0.36656863579256943,
  "chasiness": 0.2270336680911196,
  "cinnamon": 0.2353546982986052,
  "coffee": 11,
  "coldness": 0.48795013470086446,
  "continuation": 0.9587788821808748,
  "deceased": false,
  "defenseRating": 0.3449586474318242,
  "divinity": 0.670587814837734,
  "eDensity": 31.939514738995182,
  "evolution": 0,
  "fate": 46,
  "gameAttr": [],
  "groundFriction": 0.37978546639285926,
  "hitStreak": 0,
  "hittingRating": 0.5139037450976104,
  "id": "2918be01-e1aa-4de6-8239-fe62f37769de",
  "indulgence": 0.8203093614378281,
  "itemAttr": [],
  "items": [],
  "laserlikeness": 0.6554649204642957,
  "leagueTeamId": "bb4a9de5-c924-4923-a0cb-9d1445f1ee5d",
  "martyrdom": 0.4212614092535837,
  "moxie": 0.2095638326346028,
  "musclitude": 0.3015171302238717,
  "name": "Avi Jones",
  "omniscience": 0.1329678901061777,
  "overpowerment": 0.9017035628737003,
  "patheticism": 0.7117129605513846,
  "peanutAllergy": false,
  "permAttr": [],
  "pitchingRating": 0.4479121610210348,
  "pressurization": 0.28243154082074473,
  "ritual": "Sudoku",
  "ruthlessness": 0.5215237417141128,
  "seasAttr": [],
  "shakespearianism": 0.8232373111853462,
  "soul": 9,
  "state": {},
  "suppression": 0.3446231632699747,
  "tenaciousness": 0.7766848245091242,
  "thwackability": 0.5295071187203512,
  "totalFingers": 10,
  "tournamentTeamId": null,
  "tragicness": 0.8121653258081789,
  "unthwackability": 0.37542528898455424,
  "watchfulness": 0.2582964481575445,
  "weekAttr": []
}