{
  "anticapitalism": 0.038148588062989486,
  "armor": "",
  "baseThirst": 0.6255904593396551,
  "baserunningRating": 0.6845846948774141,
  "bat": "",
  "blood": 12,
  "buoyancy": 0.25541207743156535,
  "chasiness": 0.2270336680911196,
  "cinnamon": 0.2353546982986052,
  "coffee": 11,
  "coldness": 0.3919165681082222,
  "continuation": 0.9587788821808748,
  "deceased": false,
  "defenseRating": 0.3449586474318242,
  "divinity": 0.5626729532222288,
  "eDensity": 30.9574637937879,
  "evolution": 0,
  "fate": 46,
  "gameAttr": [],
  "groundFriction": 0.37978546639285926,
  "hitStreak": 0,
  "hittingRating": 0.449042406127568,
  "id": "2918be01-e1aa-4de6-8239-fe62f37769de",
  "indulgence": 0.8203093614378281,
  "laserlikeness": 0.6554649204642957,
  "leagueTeamId": "bb4a9de5-c924-4923-a0cb-9d1445f1ee5d",
  "martyrdom": 0.3639101801687161,
  "moxie": 0.18994048096980487,
  "musclitude": 0.2896933456606974,
  "name": "Avi Jones",
  "omniscience": 0.1329678901061777,
  "overpowerment": 0.8092435565953737,
  "patheticism": 0.7519918804189649,
  "peanutAllergy": false,
  "permAttr": [],
  "pitchingRating": 0.37248050781860786,
  "pressurization": 0.28243154082074473,
  "ritual": "Sudoku",
  "ruthlessness": 0.4241734481925412,
  "seasAttr": [],
  "shakespearianism": 0.7947595659247209,
  "soul": 9,
  "state": {},
  "suppression": 0.262812903858501,
  "tenaciousness": 0.7766848245091242,
  "thwackability": 0.463439328221165,
  "totalFingers": 10,
  "tournamentTeamId": null,
  "tragicness": 0.8973083986797568,
  "unthwackability": 0.32213781507234884,
  "watchfulness": 0.2582964481575445,
  "weekAttr": []
}