{
  "anticapitalism": 0.8394141353419584,
  "armor": "",
  "baseThirst": 0.9477482327952668,
  "bat": "",
  "blood": 5,
  "buoyancy": 0.48925336790043605,
  "chasiness": 0.6335676258947425,
  "cinnamon": 0.28850932724274303,
  "coffee": 5,
  "coldness": 0.6677608781837749,
  "continuation": 0.3720373756503734,
  "deceased": false,
  "divinity": 0.8666415908761333,
  "fate": 50,
  "gameAttr": [],
  "groundFriction": 0.8186545601597164,
  "id": "2ae8cbfc-2155-4647-9996-3f2591091baf",
  "indulgence": 0.27509328175741543,
  "laserlikeness": 0.27351045125757745,
  "martyrdom": 0.9062296794385534,
  "moxie": 0.0921047498233816,
  "musclitude": 0.6388304329000629,
  "name": "Forrest Bookbaby",
  "omniscience": 0.013906293922295617,
  "overpowerment": 0.7140850892403829,
  "patheticism": 0.8870819598893092,
  "peanutAllergy": true,
  "permAttr": [],
  "pressurization": 0.8924481362214283,
  "ritual": "Getting struck by lightning",
  "ruthlessness": 0.01,
  "seasAttr": [],
  "shakespearianism": 0.6079365365177247,
  "soul": 9,
  "suppression": 0.8595884178104543,
  "tenaciousness": 0.24661173386687588,
  "thwackability": 0.12743872509308576,
  "totalFingers": 11,
  "tragicness": 0.1,
  "unthwackability": 0.14579858654582736,
  "watchfulness": 0.7463221265436273,
  "weekAttr": []
}