{
  "anticapitalism": 0.14775710068531983,
  "baseThirst": 0.9454750403709068,
  "baserunningRating": 0.5408825823467786,
  "blood": 9,
  "buoyancy": 0.9449373398593208,
  "chasiness": 0.4478969886445723,
  "cinnamon": 0.9658895041621712,
  "coffee": 5,
  "coldness": 0.5725561147047018,
  "continuation": 1.1705745854446554,
  "deceased": false,
  "defenseRating": 0.5642627414443355,
  "divinity": 0.6574243955887311,
  "eDensity": 34.908480405467955,
  "evolution": 0,
  "fate": 38,
  "gameAttr": [],
  "groundFriction": 0.3887482518770942,
  "hitStreak": 0,
  "hittingRating": 0.5639385149512698,
  "id": "2b157c5c-9a6a-45a6-858f-bf4cf4cbc0bd",
  "indulgence": 1.1382128819095794,
  "itemAttr": [],
  "items": [],
  "laserlikeness": 0.3374564797966216,
  "leagueTeamId": "b72f3061-f573-40d7-832a-5ad475bd7909",
  "martyrdom": 0.22416058746562545,
  "moxie": 0.9290179264305216,
  "musclitude": 0.4682205466667396,
  "name": "Ortiz Lopez",
  "omniscience": 0.3505324017134813,
  "overpowerment": 0.7312557844209503,
  "patheticism": 0.28645063218754513,
  "peanutAllergy": false,
  "permAttr": [
    "FIRE_EATER"
  ],
  "pitchingRating": 0.7464133620387522,
  "pressurization": 0.8427501339313199,
  "ritual": "Yoga",
  "ruthlessness": 0.588347802715821,
  "seasAttr": [],
  "shakespearianism": 0.940772801829998,
  "soul": 9,
  "state": {},
  "suppression": 0.8924186626568469,
  "tenaciousness": 0.9808664472050458,
  "thwackability": 0.4051177678122666,
  "totalFingers": 11,
  "tournamentTeamId": null,
  "tragicness": 0.052827589418632186,
  "unthwackability": 0.9737396494021768,
  "watchfulness": 0.4182261149227939,
  "weekAttr": []
}