{
  "_id": "2b157c5c-9a6a-45a6-858f-bf4cf4cbc0bd",
  "anticapitalism": 0.12168936368316743,
  "baseThirst": 0.8293749284770143,
  "bat": "",
  "buoyancy": 0.8294532181215531,
  "chasiness": 0.4506945196601359,
  "cinnamon": 0.8528694411770597,
  "coldness": 0.5626567269943958,
  "continuation": 1.0282783063876206,
  "deceased": false,
  "divinity": 0.5387230654445424,
  "fate": 38,
  "groundFriction": 0.26613465953496535,
  "indulgence": 1.0351069931573171,
  "laserlikeness": 0.2122733321422467,
  "martyrdom": 0.09771235596145492,
  "moxie": 0.8033842857350938,
  "musclitude": 0.31955177565639653,
  "name": "Ortiz Lopez",
  "omniscience": 0.33091450022676366,
  "overpowerment": 0.7132191439011304,
  "patheticism": 0.4401889447628421,
  "peanutAllergy": false,
  "pressurization": 0.8427501339313199,
  "ruthlessness": 0.5816354390587919,
  "shakespearianism": 0.893373843807914,
  "soul": 9,
  "suppression": 0.8702718184254119,
  "tenaciousness": 0.9841161777743392,
  "thwackability": 0.2919374081932959,
  "totalFingers": 10,
  "tragicness": 0.1,
  "unthwackability": 0.9625272509114576,
  "watchfulness": 0.4201839660252708
}