{
  "anticapitalism": 0.5633782378823315,
  "baseThirst": 1.2055769717037317,
  "baserunningRating": 0.6177736917417329,
  "blood": 4,
  "buoyancy": 1.5351101837152217,
  "chasiness": 1.2367937441166426,
  "cinnamon": 0.562036612886537,
  "coffee": 12,
  "coldness": 0.92568576935342,
  "continuation": 0.7165377876462999,
  "deceased": false,
  "defenseRating": 0.8476180402649269,
  "divinity": 0.6465659662992129,
  "eDensity": 32.60283161271279,
  "evolution": 0,
  "fate": 24,
  "gameAttr": [],
  "groundFriction": 0.4633509681366236,
  "hitStreak": 0,
  "hittingRating": 0.9349018166976814,
  "id": "2b5f5dd7-e31f-4829-bec5-546652103bc0",
  "indulgence": 0.4300092259360382,
  "itemAttr": [],
  "items": [
    {
      "baserunningRating": 0,
      "defenseRating": 0,
      "durability": 1,
      "forger": null,
      "forgerName": null,
      "health": 1,
      "hittingRating": 0.029591388894941503,
      "id": "625c820c-57b4-4129-94ff-d9977ed296b6",
      "name": "Bat",
      "pitchingRating": 0,
      "postPrefix": null,
      "prePrefix": null,
      "prefixes": null,
      "root": {
        "adjustments": [
          {
            "stat": 2,
            "type": 1,
            "value": 0.14051753266653658
          }
        ],
        "name": "Bat"
      },
      "suffix": null
    }
  ],
  "laserlikeness": 0.5426183060260499,
  "leagueTeamId": "f02aeae2-5e6a-4098-9842-02d2273f25c7",
  "martyrdom": 0.8656279989932938,
  "moxie": 0.8656185795719171,
  "musclitude": 0.8356145257162114,
  "name": "Dudley Mueller",
  "omniscience": 0.5093854453756572,
  "overpowerment": 0.3182013999498221,
  "patheticism": 0.35866150375239064,
  "peanutAllergy": false,
  "permAttr": [
    "SIPHON",
    "ELSEWHERE"
  ],
  "pitchingRating": 0.5429681102546283,
  "pressurization": 0.5250074255062014,
  "ritual": "Entering the tesseract",
  "ruthlessness": 0.9814651037067954,
  "seasAttr": [],
  "shakespearianism": 0.6863841561902716,
  "soul": 6,
  "state": {
    "elsewhere": {
      "day": 66,
      "season": 15
    }
  },
  "suppression": 0.49193012053801294,
  "tenaciousness": 0.8664391035998389,
  "thwackability": 1.4751126495655813,
  "totalFingers": 15,
  "tournamentTeamId": "9a5ab308-41f2-4889-a3c3-733b9aab806e",
  "tragicness": 0.12667452278401556,
  "unthwackability": 0.4566689680724256,
  "watchfulness": 1.4103776435756223,
  "weekAttr": []
}