{
  "anticapitalism": 0.5691709316737636,
  "baseThirst": 0.8900704979250957,
  "baserunningRating": 0.343342036907962,
  "blood": 5,
  "buoyancy": 0.429022278949835,
  "chasiness": 0.2510519276966203,
  "cinnamon": 0.29933503144889895,
  "coffee": 0,
  "coldness": 0.06753388515026781,
  "continuation": 0.10634687592892766,
  "deceased": false,
  "defenseRating": 0.5043843414946247,
  "divinity": 0.1461094460634755,
  "eDensity": 13.28732522632,
  "evolution": 0,
  "fate": 83,
  "gameAttr": [],
  "groundFriction": 0.39687427596191815,
  "hitStreak": 0,
  "hittingRating": 0.12192045469842236,
  "id": "2b9d6b50-3ce2-4cb1-8cd1-2a0fc05733e3",
  "indulgence": 0.6353417467435001,
  "itemAttr": [],
  "items": [],
  "laserlikeness": 0.24882388203293604,
  "leagueTeamId": "b63be8c2-576a-4d6e-8daf-814f8bcea96f",
  "martyrdom": 0.17700011507975644,
  "moxie": 0.9953841982208482,
  "musclitude": 0.6137249798838078,
  "name": "Atma Blueberry",
  "omniscience": 0.14497375825521108,
  "overpowerment": 0.5465457280153283,
  "patheticism": 0.2827949449985765,
  "peanutAllergy": false,
  "permAttr": [],
  "pitchingRating": 0.357113913516134,
  "pressurization": 0.1940089316834055,
  "ritual": "Motivational speech",
  "ruthlessness": 0.6632464171439396,
  "seasAttr": [],
  "shakespearianism": 0.5002083234818198,
  "soul": 2,
  "state": {},
  "suppression": 0.11007234181903458,
  "tenaciousness": 0.630559584932771,
  "thwackability": 0.0216554573549137,
  "totalFingers": 10,
  "tournamentTeamId": null,
  "tragicness": 0.14854522511706292,
  "unthwackability": 0.2790483065472227,
  "watchfulness": 0.8924391716863944,
  "weekAttr": []
}