{
  "_id": "2b9f9c25-43ec-4f0b-9937-a5aa23be0d9e",
  "anticapitalism": 0.4972161177262686,
  "baseThirst": 0.5545158295805808,
  "buoyancy": 0.3395981166322928,
  "chasiness": 0.8141622495653396,
  "coldness": 0.662579080245596,
  "continuation": 0.34556038482974794,
  "deceased": false,
  "divinity": 0.9307724234206428,
  "groundFriction": 0.61998168301139,
  "indulgence": 0.9771523759253612,
  "laserlikeness": 0.36353093667169056,
  "martyrdom": 0.9196496350895472,
  "moxie": 0.2103692407850064,
  "musclitude": 0.10638853937042624,
  "name": "Lawrence Horne",
  "omniscience": 0.2445823327533927,
  "overpowerment": 0.43797814102698673,
  "patheticism": 0.21703645724590537,
  "pressurization": 0.6041916858111454,
  "ruthlessness": 0.11985633111742476,
  "shakespearianism": 0.6592851223558223,
  "soul": 8,
  "suppression": 0.6729079729652945,
  "tenaciousness": 0.249888673327753,
  "thwackability": 0.143856789004426,
  "totalFingers": 10,
  "tragicness": 0,
  "unthwackability": 0.162241718291545,
  "watchfulness": 0.3551005551191264
}