{
  "anticapitalism": 0.03784974360339258,
  "baseThirst": 0.6106765483923523,
  "baserunningRating": 0.5358055469855502,
  "blood": 12,
  "buoyancy": 0.3853358746734449,
  "chasiness": 0.37947609389441306,
  "cinnamon": 0.3754011286508095,
  "coffee": 2,
  "coldness": 0.6193561157002324,
  "continuation": 0.4018070949482665,
  "deceased": true,
  "defenseRating": 0.06542213853505148,
  "divinity": 0.9827957685846628,
  "eDensity": 24.070681346725483,
  "evolution": 0,
  "fate": 41,
  "gameAttr": [],
  "groundFriction": 0.681360605758063,
  "hitStreak": 0,
  "hittingRating": 0.4353469743502564,
  "id": "2b9f9c25-43ec-4f0b-9937-a5aa23be0d9e",
  "indulgence": 1.023108181875318,
  "itemAttr": [],
  "items": [],
  "laserlikeness": 0.4086852149398383,
  "leagueTeamId": "57ec08cc-0411-4643-b304-0e80dbc15ac7",
  "martyrdom": 0.9515818143180051,
  "moxie": 0.27325738064518657,
  "musclitude": 0.16433740489477727,
  "name": "Lawrence Horne",
  "omniscience": 0.01,
  "overpowerment": 0.3878584702850364,
  "patheticism": 0.15126429645383782,
  "peanutAllergy": false,
  "permAttr": [
    "INHABITING"
  ],
  "pitchingRating": 0.11637981823278228,
  "pressurization": 0.6041916858111454,
  "ritual": "Spaghetti",
  "ruthlessness": 0.09888837539636716,
  "seasAttr": [],
  "shakespearianism": 0.6139936090055931,
  "soul": 8,
  "state": {},
  "suppression": 0.6076406360456212,
  "tenaciousness": 0.01,
  "thwackability": 0.1892969769046605,
  "totalFingers": 13,
  "tournamentTeamId": null,
  "tragicness": 0.1,
  "unthwackability": 0.12936219610905547,
  "watchfulness": 0.01,
  "weekAttr": []
}