{
  "anticapitalism": 0.1454856640343977,
  "armor": "",
  "baseThirst": 0.325478451787299,
  "bat": "",
  "blood": 5,
  "buoyancy": 0.6890501669125428,
  "chasiness": 1.089110458599694,
  "cinnamon": 0.8772501246104335,
  "coffee": 8,
  "coldness": 0.9379397872140156,
  "continuation": 0.4251122660528492,
  "deceased": false,
  "divinity": 0.10727913024552008,
  "fate": 10,
  "gameAttr": [],
  "groundFriction": 0.28962829634825055,
  "id": "2c4b2a6d-9961-4e40-882c-a338f4e72117",
  "indulgence": 0.05417865903486599,
  "laserlikeness": 0.3762089028586601,
  "martyrdom": 0.3691951427047236,
  "moxie": 0.01,
  "musclitude": 0.096654365115501,
  "name": "Evelton McBlase II",
  "omniscience": 0.511158682969367,
  "overpowerment": 0.7952486929117535,
  "patheticism": 0.7441269349292687,
  "peanutAllergy": true,
  "permAttr": [
    "ALTERNATE"
  ],
  "pressurization": 0.8115882671698996,
  "ritual": "Crystals",
  "ruthlessness": 0.6031384549146781,
  "seasAttr": [],
  "shakespearianism": 0.11968573989900926,
  "soul": 4,
  "suppression": 0.39035578433294554,
  "tenaciousness": 0.5883014750809022,
  "thwackability": 0.11079477248400442,
  "totalFingers": 13,
  "tragicness": 0.1,
  "unthwackability": 0.07490825716156607,
  "watchfulness": 0.14301667462330248,
  "weekAttr": []
}