{
  "_id": "2ca0c790-e1d5-4a14-ab3c-e9241c87fc23",
  "anticapitalism": 0.2900552764732385,
  "armor": "",
  "baseThirst": 0.24351194659092937,
  "bat": "",
  "blood": 9,
  "buoyancy": 0.11565079455915785,
  "chasiness": 0.039340342682769425,
  "cinnamon": 0.487090224160134,
  "coffee": 11,
  "coldness": 0.9186841141069026,
  "continuation": 0.8750412613636492,
  "deceased": false,
  "divinity": 0.3254766475449262,
  "fate": 92,
  "groundFriction": 0.8208718888462551,
  "indulgence": 0.1314378100127073,
  "laserlikeness": 0.27846096518401564,
  "martyrdom": 0.4801789170745825,
  "moxie": 0.4621917330361325,
  "musclitude": 0.4846814093548677,
  "name": "Murray Pony",
  "omniscience": 0.6415412173276009,
  "overpowerment": 0.20361652878374856,
  "patheticism": 0.3115071509830456,
  "peanutAllergy": false,
  "pressurization": 0.13098411348466854,
  "ritual": "Eating fans",
  "ruthlessness": 0.3501992852690219,
  "shakespearianism": 0.826305253889142,
  "soul": 2,
  "suppression": 0.885229857887623,
  "tenaciousness": 0.7488165209809734,
  "thwackability": 0.15394516523129398,
  "totalFingers": 10,
  "tragicness": 0.1,
  "unthwackability": 0.8790339008529893,
  "watchfulness": 0.9640699537762822
}