{
  "anticapitalism": 0.2900552764732385,
  "baseThirst": 0.39351194659092936,
  "baserunningRating": 0.5250250134451254,
  "blood": 9,
  "buoyancy": 0.26565079455915785,
  "chasiness": 0.039340342682769425,
  "cinnamon": 0.487090224160134,
  "coffee": 11,
  "coldness": 0.9686841141069026,
  "continuation": 1.0250412613636493,
  "deceased": true,
  "defenseRating": 0.550126723224169,
  "divinity": 0.47547664754492625,
  "eDensity": 0,
  "evolution": 0,
  "fate": 92,
  "gameAttr": [],
  "groundFriction": 0.9708718888462552,
  "hitStreak": 0,
  "hittingRating": 0.46439599377404167,
  "id": "2ca0c790-e1d5-4a14-ab3c-e9241c87fc23",
  "indulgence": 0.2814378100127073,
  "itemAttr": [],
  "items": [],
  "laserlikeness": 0.42846096518401566,
  "leagueTeamId": null,
  "martyrdom": 0.6301789170745824,
  "moxie": 0.6121917330361324,
  "musclitude": 0.6346814093548676,
  "name": "Murray Pony",
  "omniscience": 0.6415412173276009,
  "overpowerment": 0.25361652878374863,
  "patheticism": 0.1615071509830456,
  "peanutAllergy": false,
  "permAttr": [],
  "pitchingRating": 0.5363805651344135,
  "pressurization": 0.20098411348466855,
  "ritual": "Eating fans",
  "ruthlessness": 0.40019928526902193,
  "seasAttr": [],
  "shakespearianism": 0.8763052538891419,
  "soul": 2,
  "state": {},
  "suppression": 0.9352298578876228,
  "tenaciousness": 0.7488165209809734,
  "thwackability": 0.303945165231294,
  "totalFingers": 12,
  "tournamentTeamId": null,
  "tragicness": 0.1,
  "unthwackability": 0.9290339008529892,
  "watchfulness": 0.9640699537762822,
  "weekAttr": [
    "MARKED"
  ]
}