{
  "anticapitalism": 0.9462853801173916,
  "baseThirst": 1.1936008235113051,
  "baserunningRating": 1.070319211223799,
  "blood": 8,
  "buoyancy": 0.7279906969107638,
  "chasiness": 0.364053162986947,
  "cinnamon": 1.1214101357980808,
  "coffee": 8,
  "coldness": 0.8537725021603602,
  "continuation": 0.46441698493455086,
  "deceased": false,
  "defenseRating": 0.8180232785170184,
  "divinity": 0.3942724021638573,
  "eDensity": 28.772412959705655,
  "evolution": 0,
  "fate": 80,
  "gameAttr": [],
  "groundFriction": 1.2924442238549676,
  "hitStreak": 0,
  "hittingRating": 0.7026730132220605,
  "id": "2d07ccd0-cac7-4ccd-bab6-a078bb983174",
  "indulgence": 1.175821803143697,
  "itemAttr": [],
  "items": [
    {
      "baserunningRating": 0,
      "defenseRating": 0,
      "durability": 1,
      "forger": null,
      "forgerName": null,
      "health": 1,
      "hittingRating": 0.023645026045358453,
      "id": "4fdf8dde-f4e5-4f5a-a22f-03fb69d0e9a9",
      "name": "Bat",
      "pitchingRating": 0,
      "postPrefix": null,
      "prePrefix": null,
      "prefixes": null,
      "root": {
        "adjustments": [
          {
            "stat": 2,
            "type": 1,
            "value": 0.10061363166202408
          }
        ],
        "name": "Bat"
      },
      "suffix": null
    }
  ],
  "laserlikeness": 1.185557266327525,
  "leagueTeamId": "c73b705c-40ad-4633-a6ed-d357ee2e2bcf",
  "martyrdom": 0.4998932027399722,
  "moxie": 0.7243903375662549,
  "musclitude": 1.197659719977405,
  "name": "Engine Eberhardt",
  "omniscience": 1.352235305445043,
  "overpowerment": 0.673169097111801,
  "patheticism": 0.001,
  "peanutAllergy": false,
  "permAttr": [],
  "pitchingRating": 0.9479006341379294,
  "pressurization": 0.0038283472010332,
  "ritual": "Narcolepsy",
  "ruthlessness": 0.8225360425106668,
  "seasAttr": [],
  "shakespearianism": 0.8974479121632402,
  "soul": 2,
  "state": {},
  "suppression": 0.8440072066145166,
  "tenaciousness": 0.55344923398137,
  "thwackability": 0.9927901504474266,
  "totalFingers": 10,
  "tournamentTeamId": null,
  "tragicness": 0.001,
  "unthwackability": 1.2184156483167246,
  "watchfulness": 0.6953597747069382,
  "weekAttr": []
}