{
  "anticapitalism": 0.35706968103118175,
  "armor": "",
  "baseThirst": 0.0701272240458959,
  "bat": "",
  "blood": 3,
  "buoyancy": 0.17373621105831494,
  "chasiness": 0.5318809197952128,
  "cinnamon": 0.6580950176446718,
  "coffee": 6,
  "coldness": 0.8258076832441676,
  "continuation": 0.7570726907970751,
  "deceased": false,
  "divinity": 0.03,
  "fate": 79,
  "gameAttr": [],
  "groundFriction": 0.6030385159303056,
  "id": "2da49de2-34e5-49d0-b752-af2a2ee061be",
  "indulgence": 0.5057264306480902,
  "laserlikeness": 0.25951581214325836,
  "martyrdom": 0.7599171925217918,
  "moxie": 0.8598102674920167,
  "musclitude": 0.7680416088192099,
  "name": "Cory Twelve",
  "omniscience": 0.3821775578077453,
  "overpowerment": 0.6392844591202982,
  "patheticism": 0.9042864137411002,
  "peanutAllergy": true,
  "permAttr": [],
  "pressurization": 0.7085489491654411,
  "ritual": "Setting fires",
  "ruthlessness": 0.04791276557210257,
  "seasAttr": [],
  "shakespearianism": 0.04163144190459024,
  "soul": 4,
  "suppression": 0.4129871353158326,
  "tenaciousness": 0.7298114017315971,
  "thwackability": 0.3264983345346,
  "totalFingers": 12,
  "tragicness": 0.08,
  "unthwackability": 0.7287128902540516,
  "watchfulness": 0.2758370021804839,
  "weekAttr": []
}