{
  "anticapitalism": 0.33706968103118173,
  "armor": "",
  "baseThirst": 0.050127224045895896,
  "bat": "",
  "blood": 3,
  "buoyancy": 0.15373621105831495,
  "chasiness": 0.5118809197952128,
  "cinnamon": 0.6580950176446718,
  "coffee": 6,
  "coldness": 0.8058076832441676,
  "continuation": 0.737072690797075,
  "deceased": false,
  "divinity": 0.01,
  "fate": 79,
  "gameAttr": [],
  "groundFriction": 0.5830385159303055,
  "id": "2da49de2-34e5-49d0-b752-af2a2ee061be",
  "indulgence": 0.4857264306480902,
  "laserlikeness": 0.23951581214325837,
  "martyrdom": 0.7399171925217918,
  "moxie": 0.8398102674920167,
  "musclitude": 0.7480416088192099,
  "name": "Cory Twelve",
  "omniscience": 0.3621775578077453,
  "overpowerment": 0.6192844591202982,
  "patheticism": 0.9242864137411002,
  "peanutAllergy": true,
  "permAttr": [],
  "pressurization": 0.7085489491654411,
  "ritual": "Setting fires",
  "ruthlessness": 0.02791276557210257,
  "seasAttr": [],
  "shakespearianism": 0.021631441904590237,
  "soul": 4,
  "suppression": 0.3929871353158325,
  "tenaciousness": 0.7098114017315971,
  "thwackability": 0.30649833453459996,
  "totalFingers": 11,
  "tragicness": 0.1,
  "unthwackability": 0.7087128902540516,
  "watchfulness": 0.2558370021804839,
  "weekAttr": []
}