{
  "anticapitalism": 0.09514946540406807,
  "baseThirst": 1.0270002579371078,
  "baserunningRating": 0.7533289905284796,
  "blood": 1,
  "buoyancy": 0.3168134037641906,
  "chasiness": 0.23754017770654415,
  "cinnamon": 0.3667990831935637,
  "coffee": 11,
  "coldness": 0.9169280152947548,
  "continuation": 0.4332946101449979,
  "deceased": false,
  "defenseRating": 0.47759333197493414,
  "divinity": 1.2207438656120468,
  "eDensity": 26.64104732377143,
  "evolution": 0,
  "fate": 70,
  "gameAttr": [],
  "groundFriction": 0.9943934571381706,
  "hitStreak": 0,
  "hittingRating": 0.7364725142264498,
  "id": "2e13249e-38ff-46a2-a55e-d15fa692468a",
  "indulgence": 0.3121892435664734,
  "itemAttr": [],
  "items": [],
  "laserlikeness": 0.8431471085805645,
  "leagueTeamId": "878c1bf6-0d21-4659-bfee-916c8314d69c",
  "martyrdom": 1.0194589140731862,
  "moxie": 0.7472875688919736,
  "musclitude": 1.0409719134435391,
  "name": "Vito Kravitz",
  "omniscience": 0.5530001128720535,
  "overpowerment": 0.7551057184486023,
  "patheticism": 0.5447863771900592,
  "peanutAllergy": false,
  "permAttr": [
    "ALTERNATE"
  ],
  "pitchingRating": 0.6956119238089123,
  "pressurization": 0.38734872551630906,
  "ritual": "Blood transfusion",
  "ruthlessness": 1.1932823009570352,
  "seasAttr": [],
  "shakespearianism": 1.1441691247899437,
  "soul": 4,
  "state": {},
  "suppression": 1.119079899838862,
  "tenaciousness": 0.41980924655288093,
  "thwackability": 0.4039071195436675,
  "totalFingers": 13,
  "tournamentTeamId": "a7592bd7-1d3c-4ffb-8b3a-0b1e4bc321fd",
  "tragicness": 0.05772909887723949,
  "unthwackability": 0.44680944158715585,
  "watchfulness": 0.5068560996258099,
  "weekAttr": []
}