{
  "anticapitalism": 0.1429727883417536,
  "armor": "",
  "baseThirst": 0.842096043536197,
  "bat": "",
  "blood": 1,
  "buoyancy": 0.17545311919928325,
  "chasiness": 0.2716932374685497,
  "cinnamon": 0.33023313352001016,
  "coffee": 11,
  "coldness": 0.8674194109887133,
  "continuation": 0.23667011508976735,
  "deceased": false,
  "divinity": 1.0851229860462608,
  "fate": 70,
  "gameAttr": [],
  "groundFriction": 0.801926143223382,
  "id": "2e13249e-38ff-46a2-a55e-d15fa692468a",
  "indulgence": 0.09730497203924254,
  "laserlikeness": 0.6463497301220238,
  "martyrdom": 0.8523969794006095,
  "moxie": 0.5795754023856785,
  "musclitude": 0.8781366110807682,
  "name": "Vito Kravitz",
  "omniscience": 0.6023821885385017,
  "overpowerment": 0.6970639493790367,
  "patheticism": 0.6831895485674797,
  "peanutAllergy": false,
  "permAttr": [
    "ALTERNATE"
  ],
  "pressurization": 0.38734872551630906,
  "ritual": "Blood transfusion",
  "ruthlessness": 1.1279925309188272,
  "seasAttr": [],
  "shakespearianism": 1.1084273745602553,
  "soul": 4,
  "suppression": 1.074613391859092,
  "tenaciousness": 0.46553989709717297,
  "thwackability": 0.26586168598407034,
  "totalFingers": 12,
  "tragicness": 0.018553261508744066,
  "unthwackability": 0.3776105637205788,
  "watchfulness": 0.5635297679892203,
  "weekAttr": []
}