{
  "anticapitalism": 0.06541278337583711,
  "armor": "",
  "baseThirst": 0.7680052402884943,
  "bat": "",
  "blood": 1,
  "buoyancy": 0.08277995540905621,
  "chasiness": 0.20013455979914777,
  "cinnamon": 0.23277383478396765,
  "coffee": 11,
  "coldness": 0.7741009985798516,
  "continuation": 0.14534454838884248,
  "deceased": false,
  "divinity": 1.0205805378973878,
  "fate": 70,
  "gameAttr": [],
  "groundFriction": 0.7113581399035314,
  "id": "2e13249e-38ff-46a2-a55e-d15fa692468a",
  "indulgence": 0.02536448188849816,
  "laserlikeness": 0.5676752808297489,
  "martyrdom": 0.7546975764150933,
  "moxie": 0.5126453342501528,
  "musclitude": 0.8014969475928856,
  "name": "Vito Kravitz",
  "omniscience": 0.5257571825528882,
  "overpowerment": 0.6285007405986222,
  "patheticism": 0.7552965356948228,
  "peanutAllergy": false,
  "permAttr": [
    "ALTERNATE"
  ],
  "pressurization": 0.38734872551630906,
  "ritual": "Blood transfusion",
  "ruthlessness": 1.0298811824668406,
  "seasAttr": [],
  "shakespearianism": 1.015608313661541,
  "soul": 4,
  "suppression": 0.9856010869136108,
  "tenaciousness": 0.37118782255754335,
  "thwackability": 0.19128990473047963,
  "totalFingers": 12,
  "tragicness": 0.060000000000000005,
  "unthwackability": 0.2811730550712994,
  "watchfulness": 0.48858125719910106,
  "weekAttr": []
}