{
  "anticapitalism": 0.1635204661153426,
  "armor": "",
  "baseThirst": 0.1206032181323692,
  "bat": "SAWED_OFF_BAT",
  "blood": 8,
  "buoyancy": 0.16201013520267982,
  "chasiness": 0.1400699784159933,
  "cinnamon": 0.6009144480978533,
  "coffee": 6,
  "coldness": 0.16248233372118914,
  "continuation": 0.5090061352721258,
  "deceased": false,
  "divinity": 0.1474895993747658,
  "fate": 96,
  "gameAttr": [],
  "groundFriction": 0.18029344510220813,
  "hitStreak": 0,
  "id": "2e6d4fa9-f930-47bd-971a-dd54a3cf7db1",
  "indulgence": 0.5705566937799224,
  "laserlikeness": 0.12997124845252955,
  "martyrdom": 0.12863311941780908,
  "moxie": 0.18111659478538372,
  "musclitude": 0.16544648056788414,
  "name": "Raúl Leal",
  "omniscience": 0.16183148114905543,
  "overpowerment": 0.12207701362872968,
  "patheticism": 0.8667298413754236,
  "peanutAllergy": true,
  "permAttr": [],
  "pressurization": 0.6780629745439994,
  "ritual": "Spaghetti",
  "ruthlessness": 0.16865122719970085,
  "seasAttr": [],
  "shakespearianism": 0.15376005387112113,
  "soul": 6,
  "suppression": 0.13766419349149617,
  "tenaciousness": 0.15687560686746663,
  "thwackability": 0.16087721773052482,
  "totalFingers": 64,
  "tragicness": 0.01,
  "unthwackability": 0.21622255977028473,
  "watchfulness": 0.12656119274864375,
  "weekAttr": []
}