{
  "anticapitalism": 0.5485772552468877,
  "armor": "",
  "baseThirst": 0.4575293895271839,
  "baserunningRating": 0.7548052667542895,
  "bat": "",
  "blood": 2,
  "buoyancy": 0.38711954130891046,
  "chasiness": 0.5748986032534493,
  "cinnamon": 1.0201273637843034,
  "coffee": 9,
  "coldness": 0.12222121477696037,
  "continuation": 0.920975525282169,
  "deceased": false,
  "defenseRating": 0.45316218758607185,
  "divinity": 0.15482674509802885,
  "fate": 18,
  "gameAttr": [],
  "groundFriction": 0.9635061277759058,
  "hitStreak": 0,
  "hittingRating": 0.4004587258244692,
  "id": "2e86de11-a2dd-4b28-b5fe-f4d0c38cd20b",
  "indulgence": 0.8213683139336194,
  "laserlikeness": 0.7096724426217023,
  "leagueTeamId": "747b8e4a-7e50-4638-a973-ea7950a3e739",
  "martyrdom": 0.15045604235871368,
  "moxie": 0.5877010989549839,
  "musclitude": 0.49388666260149094,
  "name": "Zion Aliciakeyes",
  "omniscience": 0.13559584178448908,
  "overpowerment": 0.056625369509144985,
  "patheticism": 0.3448326984890283,
  "peanutAllergy": false,
  "permAttr": [],
  "pitchingRating": 0.15470286500881364,
  "pressurization": 0.2231236998406787,
  "ritual": "Seizures",
  "ruthlessness": 0.6758939904130465,
  "seasAttr": [],
  "shakespearianism": 0.9760781845710608,
  "soul": 4,
  "suppression": 0.8331035959224848,
  "tenaciousness": 0.299750796241983,
  "thwackability": 0.731594510396809,
  "totalFingers": 10,
  "tournamentTeamId": "49181b72-7f1c-4f1c-929f-928d763ad7fb",
  "tragicness": 0.1,
  "unthwackability": 0.0864841018442375,
  "watchfulness": 0.7009614943703097,
  "weekAttr": []
}