{
  "anticapitalism": 1.0383675184419188,
  "armor": "",
  "baseThirst": 0.21437026015418095,
  "bat": "",
  "blood": 5,
  "buoyancy": 0.3635991739465876,
  "chasiness": 0.11918947669633546,
  "cinnamon": 0.6238957138358793,
  "coffee": 7,
  "coldness": 0.2586171933163204,
  "continuation": 0.3528390128356834,
  "deceased": false,
  "divinity": 0.06669163397958557,
  "fate": 39,
  "gameAttr": [],
  "groundFriction": 0.7007206561163027,
  "id": "2f3d7bc7-6ffb-40c3-a94f-5e626be413c9",
  "indulgence": 0.13,
  "laserlikeness": 0.7660214480984057,
  "martyrdom": 0.8209952712680824,
  "moxie": 0.7977170291846221,
  "musclitude": 0.2433087272825192,
  "name": "Elijah Valenzuela",
  "omniscience": 0.6566775901535595,
  "overpowerment": 0.16912563614845233,
  "patheticism": 0.11754660188605737,
  "peanutAllergy": true,
  "permAttr": [],
  "pressurization": 0.01,
  "ritual": "Gossip",
  "ruthlessness": 0.118736649603324,
  "seasAttr": [],
  "shakespearianism": 0.8948424143643761,
  "soul": 9,
  "suppression": 0.7614308803501328,
  "tenaciousness": 0.7217171665300999,
  "thwackability": 0.8046408261929536,
  "totalFingers": 12,
  "tragicness": 0.1,
  "unthwackability": 0.8320336196726095,
  "watchfulness": 0.6087938494519483,
  "weekAttr": []
}