{
  "anticapitalism": 0.8114873017558857,
  "baseThirst": 0.9011519929441149,
  "baserunningRating": 0.356697777281231,
  "blood": 5,
  "buoyancy": 0.2526845158198985,
  "chasiness": 0.1623755702600358,
  "cinnamon": 0.49094116423161926,
  "coffee": 7,
  "coldness": 0.3966144092264401,
  "continuation": 0.27230487173282136,
  "deceased": false,
  "defenseRating": 0.4120155247070757,
  "divinity": 0.030749607936744416,
  "eDensity": 53.94472344047285,
  "evolution": 0,
  "fate": 39,
  "gameAttr": [
    "OVERPERFORMING"
  ],
  "groundFriction": 0.7255168484210419,
  "hitStreak": 0,
  "hittingRating": 0.1458989838168265,
  "id": "2f3d7bc7-6ffb-40c3-a94f-5e626be413c9",
  "indulgence": 0.8629551087003837,
  "itemAttr": [],
  "items": [
    {
      "baserunningRating": 0,
      "defenseRating": 0,
      "durability": 1,
      "forger": null,
      "forgerName": null,
      "health": 1,
      "hittingRating": 0.015008233792382253,
      "id": "62c268d7-60c2-4b53-aee8-de1f975bf192",
      "name": "Bat",
      "pitchingRating": 0,
      "postPrefix": null,
      "prePrefix": null,
      "prefixes": null,
      "root": {
        "adjustments": [
          {
            "stat": 2,
            "type": 1,
            "value": 0.10113155483209817
          }
        ],
        "name": "Bat"
      },
      "suffix": null
    }
  ],
  "laserlikeness": 0.18505591585116,
  "leagueTeamId": "a37f9158-7f82-46bc-908c-c9e2dda7c33b",
  "martyrdom": 0.8383543862752125,
  "moxie": 0.16020499612957306,
  "musclitude": 0.4310195746572767,
  "name": "Elijah Valenzuela",
  "omniscience": 0.035557992676559014,
  "overpowerment": 0.7868195538156328,
  "patheticism": 0.46551276680034936,
  "peanutAllergy": false,
  "permAttr": [
    "PERK",
    "ALTERNATE",
    "CAREFUL"
  ],
  "pitchingRating": 0.5060624914052736,
  "pressurization": 0.6813682654219959,
  "ritual": "Gossip",
  "ruthlessness": 0.8110880121942365,
  "seasAttr": [],
  "shakespearianism": 0.5777303759578727,
  "soul": 9,
  "state": {
    "gameModSources": {
      "OVERPERFORMING": [
        "PERK"
      ]
    }
  },
  "suppression": 0.7912027515713984,
  "tenaciousness": 0.9665860169542376,
  "thwackability": 0.2769500319376441,
  "totalFingers": 13,
  "tournamentTeamId": "d8f82163-2e74-496b-8e4b-2ab35b2d3ff1",
  "tragicness": 0.8834662327391669,
  "unthwackability": 0.3803013824820225,
  "watchfulness": 0.90568650965559,
  "weekAttr": []
}