{
  "anticapitalism": 0.8151407988017347,
  "armor": "",
  "baseThirst": 0.06722812322454126,
  "baserunningRating": 0,
  "bat": "",
  "blood": 5,
  "buoyancy": 0.2082089626020097,
  "chasiness": 0.01,
  "cinnamon": 0.6746855813869149,
  "coffee": 7,
  "coldness": 0.13553970812057847,
  "continuation": 0.2327857984050203,
  "deceased": false,
  "defenseRating": 0,
  "divinity": 0.07272436523124011,
  "fate": 39,
  "gameAttr": [],
  "groundFriction": 0.5495753769672952,
  "hitStreak": 0,
  "hittingRating": 0,
  "id": "2f3d7bc7-6ffb-40c3-a94f-5e626be413c9",
  "indulgence": 0.08358899150007935,
  "laserlikeness": 0.6421159158330411,
  "martyrdom": 0.6878111352867952,
  "moxie": 0.6647876289847472,
  "musclitude": 0.0919196674707347,
  "name": "Elijah Valenzuela",
  "omniscience": 0.4352466195592378,
  "overpowerment": 0.05771424094039655,
  "patheticism": 0.2441587480128271,
  "peanutAllergy": true,
  "permAttr": [],
  "pitchingRating": 0,
  "pressurization": 0.01,
  "ritual": "Gossip",
  "ruthlessness": 0.05755796874497188,
  "seasAttr": [],
  "shakespearianism": 0.7606339932910008,
  "soul": 9,
  "suppression": 0.60988402536378,
  "tenaciousness": 0.4855165728117279,
  "thwackability": 0.6822277850765012,
  "totalFingers": 13,
  "tragicness": 0.1,
  "unthwackability": 0.6835896673764192,
  "watchfulness": 0.37558046660263467,
  "weekAttr": []
}