{
  "anticapitalism": 1.1183675184419188,
  "armor": "",
  "baseThirst": 0.09437026015418096,
  "bat": "",
  "blood": 5,
  "buoyancy": 0.34359917394658757,
  "chasiness": 0.1991894766963355,
  "cinnamon": 0.6238957138358793,
  "coffee": 7,
  "coldness": 0.2386171933163204,
  "continuation": 0.23283901283568345,
  "deceased": false,
  "divinity": 0.04669163397958556,
  "fate": 39,
  "gameAttr": [],
  "groundFriction": 0.5807206561163027,
  "id": "2f3d7bc7-6ffb-40c3-a94f-5e626be413c9",
  "indulgence": 0.01,
  "laserlikeness": 0.6460214480984057,
  "martyrdom": 0.8009952712680823,
  "moxie": 0.777717029184622,
  "musclitude": 0.2233087272825192,
  "name": "Elijah Valenzuela",
  "omniscience": 0.7366775901535595,
  "overpowerment": 0.14912563614845234,
  "patheticism": 0.13754660188605736,
  "peanutAllergy": true,
  "permAttr": [],
  "pressurization": 0.01,
  "ritual": "Gossip",
  "ruthlessness": 0.09873664960332398,
  "seasAttr": [],
  "shakespearianism": 0.874842414364376,
  "soul": 9,
  "suppression": 0.7414308803501328,
  "tenaciousness": 0.8017171665300998,
  "thwackability": 0.7846408261929536,
  "totalFingers": 11,
  "tragicness": 0.13,
  "unthwackability": 0.8120336196726095,
  "watchfulness": 0.6887938494519482,
  "weekAttr": []
}