{
  "anticapitalism": 0.9162351525665446,
  "armor": "",
  "baseThirst": 0.6737284824137024,
  "baserunningRating": 0.32140744811047733,
  "bat": "",
  "blood": 11,
  "buoyancy": 0.7175441400482856,
  "chasiness": 0.11803187800256708,
  "cinnamon": 0.02182718254213767,
  "coffee": 7,
  "coldness": 0.15250801874687117,
  "continuation": 0.2058867816926524,
  "deceased": false,
  "defenseRating": 0.568863096521608,
  "divinity": 0.9615306286799784,
  "eDensity": 16.75222841390976,
  "evolution": 1,
  "fate": 36,
  "gameAttr": [],
  "groundFriction": 0.6069839120821516,
  "hitStreak": 0,
  "hittingRating": 0.4376236275374328,
  "id": "2f85d731-81ed-4a07-9e01-e93f1786a366",
  "indulgence": 0.6828585868210468,
  "laserlikeness": 0.18288900940453967,
  "leagueTeamId": "46358869-dce9-4a01-bfba-ac24fc56f57e",
  "martyrdom": 0.8048334514950335,
  "moxie": 0.21648341897747292,
  "musclitude": 0.04756484058634025,
  "name": "Bees Taswell",
  "omniscience": 0.26847854975725594,
  "overpowerment": 0.2830063024536731,
  "patheticism": 0.22224578397900577,
  "peanutAllergy": false,
  "permAttr": [],
  "pitchingRating": 0.2081384583890188,
  "pressurization": 0.7117634129525612,
  "ritual": "Comics",
  "ruthlessness": 0.31904385430379945,
  "seasAttr": [],
  "shakespearianism": 0.8254331152571388,
  "soul": 3,
  "state": {},
  "suppression": 0.3524920085316141,
  "tenaciousness": 0.7426681220656248,
  "thwackability": 0.27895556239902564,
  "totalFingers": 10,
  "tournamentTeamId": null,
  "tragicness": 0.4354701115454054,
  "unthwackability": 0.18012936446604683,
  "watchfulness": 0.8253964380877377,
  "weekAttr": []
}