{
  "anticapitalism": 1.160444435890777,
  "baseThirst": 0.9262202844805062,
  "baserunningRating": 0.5700254277833114,
  "blood": 11,
  "buoyancy": 0.967250668276566,
  "chasiness": 0.33944560299172744,
  "cinnamon": 0.264796850200869,
  "coffee": 7,
  "coldness": 0.3695476297594215,
  "continuation": 0.4526425944862061,
  "deceased": false,
  "defenseRating": 0.8078654989900023,
  "divinity": 1.1615588131535326,
  "eDensity": 22.188240297170037,
  "evolution": 1,
  "fate": 36,
  "gameAttr": [],
  "groundFriction": 0.849564209123332,
  "hitStreak": 0,
  "hittingRating": 0.7051135682146081,
  "id": "2f85d731-81ed-4a07-9e01-e93f1786a366",
  "indulgence": 0.9150469017850934,
  "itemAttr": [],
  "items": [
    {
      "baserunningRating": 0,
      "defenseRating": 0,
      "durability": 1,
      "forger": null,
      "forgerName": null,
      "health": 0,
      "hittingRating": 0.056115077219828335,
      "id": "1d2878af-9eec-451e-a7a4-0c2f2e7e1399",
      "name": "Bat",
      "pitchingRating": 0,
      "postPrefix": null,
      "prePrefix": null,
      "prefixes": null,
      "root": {
        "adjustments": [
          {
            "stat": 2,
            "type": 1,
            "value": 0.12071498551944385
          }
        ],
        "name": "Bat"
      },
      "suffix": null
    }
  ],
  "laserlikeness": 0.40659927911842153,
  "leagueTeamId": "46358869-dce9-4a01-bfba-ac24fc56f57e",
  "martyrdom": 1.047923253541664,
  "moxie": 0.43761950047004894,
  "musclitude": 0.28760220652442553,
  "name": "Bees Taswell",
  "omniscience": 0.5243138841119973,
  "overpowerment": 0.4776582185472546,
  "patheticism": 0.01209539909144123,
  "peanutAllergy": false,
  "permAttr": [],
  "pitchingRating": 0.450988217539204,
  "pressurization": 0.7117634129525612,
  "ritual": "Comics",
  "ruthlessness": 0.5418345792910134,
  "seasAttr": [],
  "shakespearianism": 1.061514322868339,
  "soul": 3,
  "state": {},
  "suppression": 0.6023702824430551,
  "tenaciousness": 1.0254632556976662,
  "thwackability": 0.4975230845157233,
  "totalFingers": 10,
  "tournamentTeamId": null,
  "tragicness": 0.21004717706088685,
  "unthwackability": 0.43046034365894,
  "watchfulness": 1.039855881831974,
  "weekAttr": []
}