{
  "anticapitalism": 0.7378423026142329,
  "armor": "",
  "baseThirst": 0.9033590856789784,
  "baserunningRating": 0.7013426456728398,
  "bat": "",
  "blood": 10,
  "buoyancy": 0.33919899000664816,
  "chasiness": 0.30585582674509926,
  "cinnamon": 0.48311792959926825,
  "coffee": 9,
  "coldness": 0.8990215636192187,
  "continuation": 0.9748017199002824,
  "deceased": false,
  "defenseRating": 0.6635558745452698,
  "divinity": 1.128079327445763,
  "eDensity": 37.23529944455145,
  "evolution": 0,
  "fate": 5,
  "gameAttr": [],
  "groundFriction": 0.538102263168483,
  "hitStreak": 0,
  "hittingRating": 0.8938799599022975,
  "id": "30218684-7fa1-41a5-a3b3-5d9cd97dd36b",
  "indulgence": 0.3629031350361186,
  "laserlikeness": 0.6994779783525613,
  "leagueTeamId": "9debc64f-74b7-4ae1-a4d6-fce0144b6ea5",
  "martyrdom": 0.5763171871476395,
  "moxie": 0.4779835026600292,
  "musclitude": 0.6642174257546132,
  "name": "Jordan Hildebert",
  "omniscience": 0.6600210445384033,
  "overpowerment": 0.9253502823245756,
  "patheticism": 0.5498227056380747,
  "peanutAllergy": true,
  "permAttr": [
    "FRIEND_OF_CROWS",
    "SIPHON"
  ],
  "pitchingRating": 0.5883127187016337,
  "pressurization": 0.14854720613269462,
  "ritual": "Intermittent fasting",
  "ruthlessness": 0.3023068447243799,
  "seasAttr": [],
  "shakespearianism": 1.0499991409297582,
  "soul": 9,
  "state": {},
  "suppression": 0.16177014816711222,
  "tenaciousness": 0.526676118253519,
  "thwackability": 0.9544037803506676,
  "totalFingers": 12,
  "tournamentTeamId": null,
  "tragicness": 0.1,
  "unthwackability": 0.9184170717321952,
  "watchfulness": 0.6068646719902602,
  "weekAttr": []
}