{
  "anticapitalism": 0.8431008095177814,
  "baseThirst": 0.9604884749350252,
  "baserunningRating": 0.7536627409674107,
  "blood": 10,
  "buoyancy": 0.40470909899072705,
  "chasiness": 0.3936012782971603,
  "cinnamon": 0.5509909311199088,
  "coffee": 9,
  "coldness": 1.010219174393064,
  "continuation": 1.0517499860743933,
  "deceased": false,
  "defenseRating": 0.7390418348635435,
  "divinity": 1.168712870451467,
  "eDensity": 39.92939376593503,
  "evolution": 0,
  "fate": 5,
  "gameAttr": [],
  "groundFriction": 0.60440932400095,
  "hitStreak": 0,
  "hittingRating": 0.9396103584293732,
  "id": "30218684-7fa1-41a5-a3b3-5d9cd97dd36b",
  "indulgence": 0.4078362937116156,
  "itemAttr": [],
  "items": [
    {
      "baserunningRating": 0,
      "defenseRating": 0,
      "durability": 1,
      "forger": null,
      "forgerName": null,
      "health": 0,
      "hittingRating": 0.041532163990521176,
      "id": "67538165-55db-4c31-871a-62198ed38857",
      "name": "Bat",
      "pitchingRating": 0,
      "postPrefix": null,
      "prePrefix": null,
      "prefixes": null,
      "root": {
        "adjustments": [
          {
            "stat": 2,
            "type": 1,
            "value": 0.1322366184662733
          }
        ],
        "name": "Bat"
      },
      "suffix": null
    }
  ],
  "laserlikeness": 0.7500837397522074,
  "leagueTeamId": "bfd38797-8404-4b38-8b82-341da28b1f83",
  "martyrdom": 0.6340922318418941,
  "moxie": 0.5414896493002036,
  "musclitude": 0.7109397125725816,
  "name": "Jordan Hildebert",
  "omniscience": 0.748744350081233,
  "overpowerment": 1.0383856574778916,
  "patheticism": 0.49617832282683294,
  "peanutAllergy": false,
  "permAttr": [
    "FRIEND_OF_CROWS",
    "SIPHON",
    "ELSEWHERE"
  ],
  "pitchingRating": 0.7004556037303914,
  "pressurization": 0.14854720613269462,
  "ritual": "Intermittent fasting",
  "ruthlessness": 0.38414082301008445,
  "seasAttr": [],
  "shakespearianism": 1.156464746051221,
  "soul": 9,
  "state": {
    "elsewhere": {
      "day": 71,
      "season": 15
    }
  },
  "suppression": 0.26975221314271364,
  "tenaciousness": 0.6082354193046056,
  "thwackability": 0.996179639263826,
  "totalFingers": 13,
  "tournamentTeamId": null,
  "tragicness": 0.05196056880738892,
  "unthwackability": 1.0125442082031937,
  "watchfulness": 0.706225988063527,
  "weekAttr": []
}