{
  "anticapitalism": 0.9095678313907964,
  "baseThirst": 1.039965426586472,
  "baserunningRating": 0.8171577135195092,
  "blood": 10,
  "buoyancy": 0.4605270613839077,
  "chasiness": 0.46853514034194454,
  "cinnamon": 0.6088149706701509,
  "coffee": 9,
  "coldness": 1.0756491513325197,
  "continuation": 1.1232931201287453,
  "deceased": false,
  "defenseRating": 0.792604334213782,
  "divinity": 1.2246043718749486,
  "eDensity": 41.561707439483385,
  "evolution": 0,
  "fate": 5,
  "gameAttr": [],
  "groundFriction": 0.6822288746334338,
  "hitStreak": 0,
  "hittingRating": 0.989711202791235,
  "id": "30218684-7fa1-41a5-a3b3-5d9cd97dd36b",
  "indulgence": 0.4695748346637905,
  "itemAttr": [],
  "items": [
    {
      "baserunningRating": 0,
      "defenseRating": 0,
      "durability": 1,
      "forger": null,
      "forgerName": null,
      "health": 1,
      "hittingRating": 0.041532163990521176,
      "id": "67538165-55db-4c31-871a-62198ed38857",
      "name": "Bat",
      "pitchingRating": 0,
      "postPrefix": null,
      "prePrefix": null,
      "prefixes": null,
      "root": {
        "adjustments": [
          {
            "stat": 2,
            "type": 1,
            "value": 0.1322366184662733
          }
        ],
        "name": "Bat"
      },
      "suffix": null
    }
  ],
  "laserlikeness": 0.8127975519046053,
  "leagueTeamId": "bfd38797-8404-4b38-8b82-341da28b1f83",
  "martyrdom": 0.704951526028453,
  "moxie": 0.5851644015411556,
  "musclitude": 0.7606858172807677,
  "name": "--r--n Hi---b-r-",
  "omniscience": 0.8015213760335168,
  "overpowerment": 1.0839819824194312,
  "patheticism": 0.4176997877559565,
  "peanutAllergy": false,
  "permAttr": [
    "FRIEND_OF_CROWS",
    "SIPHON",
    "SCATTERED"
  ],
  "pitchingRating": 0.7664849551159566,
  "pressurization": 0.14854720613269462,
  "ritual": "Intermittent fasting",
  "ruthlessness": 0.4243838645370076,
  "seasAttr": [],
  "shakespearianism": 1.2281857248930803,
  "soul": 9,
  "state": {
    "unscatteredName": "Jordan Hildebert"
  },
  "suppression": 0.3484227410588372,
  "tenaciousness": 0.6799666007835589,
  "thwackability": 1.0393108199696446,
  "totalFingers": 13,
  "tournamentTeamId": null,
  "tragicness": 0.0017775282433270811,
  "unthwackability": 1.088572149216238,
  "watchfulness": 0.773004081373424,
  "weekAttr": []
}