{
  "anticapitalism": 0.4661950284641701,
  "armor": "",
  "baseThirst": 0.06802676083495607,
  "baserunningRating": 0.29197176023284055,
  "bat": "",
  "blood": 9,
  "buoyancy": 0.38630140599856744,
  "chasiness": 0.26559362847364376,
  "cinnamon": 0.2041911743045175,
  "coffee": 9,
  "coldness": 0.0597427884629016,
  "continuation": 0.6653039028391443,
  "deceased": false,
  "defenseRating": 0.7195550023899134,
  "divinity": 0.8639560910749078,
  "eDensity": 30.802988970575107,
  "evolution": 1,
  "fate": 30,
  "gameAttr": [],
  "groundFriction": 0.37250830208266184,
  "hitStreak": 0,
  "hittingRating": 0.22296742104732825,
  "id": "305921e8-3f4d-4c91-a280-d7bf1a449b08",
  "indulgence": 0.08288238953231608,
  "laserlikeness": 0.31741107772789023,
  "leagueTeamId": "46358869-dce9-4a01-bfba-ac24fc56f57e",
  "martyrdom": 0.677179854472306,
  "moxie": 0.4388036292724091,
  "musclitude": 0.11903165677456724,
  "name": "Torus McGhee",
  "omniscience": 0.7252248873114404,
  "overpowerment": 0.38296146679977694,
  "patheticism": 0.5904870182204962,
  "peanutAllergy": false,
  "permAttr": [],
  "pitchingRating": 0.5945042406977905,
  "pressurization": 0.7513872333794089,
  "ritual": "Humble-bragging",
  "ruthlessness": 0.5673575384952287,
  "seasAttr": [],
  "shakespearianism": 0.5952856242033477,
  "soul": 9,
  "state": {},
  "suppression": 0.158245825650698,
  "tenaciousness": 0.8035055273878466,
  "thwackability": 0.03541633351235782,
  "totalFingers": 10,
  "tournamentTeamId": null,
  "tragicness": 0.47812675922966785,
  "unthwackability": 0.9473676990610888,
  "watchfulness": 0.8849760995202465,
  "weekAttr": []
}