{
  "anticapitalism": 0.7353339874718299,
  "armor": "",
  "baseThirst": 0.8807353931289075,
  "baserunningRating": 0.8062831822642733,
  "bat": "",
  "blood": 0,
  "buoyancy": 0.4387173529692754,
  "chasiness": 0.4604403975613365,
  "cinnamon": 0.05750354303161909,
  "coffee": 0,
  "coldness": 0.6313512833864334,
  "continuation": 0.45457998257663546,
  "deceased": false,
  "defenseRating": 0.6143741960917695,
  "divinity": 1.1628756335539765,
  "fate": 66,
  "gameAttr": [],
  "groundFriction": 1.1319679863262726,
  "hitStreak": 0,
  "hittingRating": 0.7050754848563532,
  "id": "30dc0652-2608-49ba-8929-36494fc2bd29",
  "indulgence": 0.9050808420752166,
  "laserlikeness": 0.7769261650697199,
  "leagueTeamId": null,
  "martyrdom": 0.7967512596808521,
  "moxie": 0.46650697129294527,
  "musclitude": 0.5735596923017077,
  "name": "Watson Ward",
  "omniscience": 0.25501350411124724,
  "overpowerment": 1.096767360868338,
  "patheticism": 0.375847008560664,
  "peanutAllergy": true,
  "permAttr": [],
  "pitchingRating": 0.6221766720438144,
  "pressurization": 0.5958690485749791,
  "ritual": "Spinning Plates",
  "ruthlessness": 0.9824502379360948,
  "seasAttr": [],
  "shakespearianism": 0.4705910635147623,
  "soul": 5,
  "suppression": 1.0661356762366312,
  "tenaciousness": 0.7832951705659994,
  "thwackability": 0.46479350762975313,
  "totalFingers": 34,
  "tournamentTeamId": "3b0a289b-aebd-493c-bc11-96793e7216d5",
  "tragicness": 0.5091840846185596,
  "unthwackability": 0.4543623673284982,
  "watchfulness": 0.5671453210564299,
  "weekAttr": []
}