{
  "anticapitalism": 0.9416175050731894,
  "armor": "",
  "baseThirst": 0.43674006384754827,
  "baserunningRating": 0.10873815033347783,
  "bat": "",
  "blood": 5,
  "buoyancy": 0.0863998230936307,
  "chasiness": 0.6932139251931395,
  "cinnamon": 0.42436865715093175,
  "coffee": 7,
  "coldness": 0.9640210710936036,
  "continuation": 0.4089003990012467,
  "deceased": false,
  "defenseRating": 0.5626285874139234,
  "divinity": 0.451540153713249,
  "eDensity": 0,
  "evolution": 0,
  "fate": 77,
  "gameAttr": [],
  "groundFriction": 0.2751615270528449,
  "hitStreak": 0,
  "hittingRating": 0.2636483878442994,
  "id": "30fa4bf1-8f3b-45dc-9aa3-6511e998040a",
  "indulgence": 0.5012076713946678,
  "laserlikeness": 0.024801313660888,
  "leagueTeamId": "46358869-dce9-4a01-bfba-ac24fc56f57e",
  "martyrdom": 0.8271199741225328,
  "moxie": 0.03133380886961645,
  "musclitude": 0.37909830853817006,
  "name": "Kaj Murphy",
  "omniscience": 0.19562886606048455,
  "overpowerment": 0.18042421447068668,
  "patheticism": 0.28262810167312136,
  "peanutAllergy": true,
  "permAttr": [],
  "pitchingRating": 0.5999373154730675,
  "pressurization": 0.5708253171070807,
  "ritual": "Inventing secret handshakes",
  "ruthlessness": 0.8850279986853034,
  "seasAttr": [],
  "shakespearianism": 0.28466700340587825,
  "soul": 6,
  "state": {},
  "suppression": 0.9490830636223156,
  "tenaciousness": 0.45040185925685217,
  "thwackability": 0.13719107302124933,
  "totalFingers": 10,
  "tournamentTeamId": null,
  "tragicness": 0.4905079819159306,
  "unthwackability": 0.854448601875544,
  "watchfulness": 0.6272055962064764,
  "weekAttr": []
}