{
  "anticapitalism": 0.8359329704481304,
  "armor": "",
  "baseThirst": 0.8463118171784367,
  "bat": "",
  "blood": 10,
  "buoyancy": 0.0930830706900685,
  "chasiness": 0.8110339578055679,
  "cinnamon": 0.34145377768804286,
  "coffee": 9,
  "coldness": 0.3193189927900155,
  "continuation": 0.11473030023424435,
  "deceased": false,
  "divinity": 0.7432775255255708,
  "fate": 86,
  "gameAttr": [],
  "groundFriction": 0.629124317532908,
  "id": "316abea7-9890-4fb8-aaea-86b35e24d9be",
  "indulgence": 0.16834300633018473,
  "laserlikeness": 0.13200519260877752,
  "martyrdom": 0.5867421133786843,
  "moxie": 0.27058439094744946,
  "musclitude": 0.5348700247769871,
  "name": "Kennedy Rodgers",
  "omniscience": 0.03,
  "overpowerment": 0.03,
  "patheticism": 0.922815527066779,
  "peanutAllergy": true,
  "permAttr": [],
  "pressurization": 0.266324437480846,
  "ritual": "Updating",
  "ruthlessness": 0.5245150078579417,
  "seasAttr": [],
  "shakespearianism": 0.9693685110870378,
  "soul": 3,
  "suppression": 0.7681481561769339,
  "tenaciousness": 0.7465797937383487,
  "thwackability": 0.3942111778756332,
  "totalFingers": 12,
  "tragicness": 0.08,
  "unthwackability": 0.4764020650412952,
  "watchfulness": 0.03869315579558942,
  "weekAttr": []
}