{
  "anticapitalism": 0.8459329704481304,
  "armor": "",
  "baseThirst": 0.8563118171784367,
  "bat": "",
  "blood": 10,
  "buoyancy": 0.1030830706900685,
  "chasiness": 0.8210339578055679,
  "cinnamon": 0.34145377768804286,
  "coffee": 9,
  "coldness": 0.32931899279001553,
  "continuation": 0.12473030023424436,
  "deceased": false,
  "divinity": 0.7532775255255708,
  "fate": 86,
  "gameAttr": [],
  "groundFriction": 0.639124317532908,
  "id": "316abea7-9890-4fb8-aaea-86b35e24d9be",
  "indulgence": 0.17834300633018474,
  "laserlikeness": 0.14200519260877753,
  "martyrdom": 0.5967421133786843,
  "moxie": 0.28058439094744947,
  "musclitude": 0.5448700247769871,
  "name": "Kennedy Rodgers",
  "omniscience": 0.023672050209409656,
  "overpowerment": 0.00939406951753674,
  "patheticism": 0.912815527066779,
  "peanutAllergy": true,
  "permAttr": [],
  "pressurization": 0.266324437480846,
  "ritual": "Updating",
  "ruthlessness": 0.5345150078579417,
  "seasAttr": [],
  "shakespearianism": 0.9793685110870378,
  "soul": 3,
  "suppression": 0.7781481561769339,
  "tenaciousness": 0.7565797937383487,
  "thwackability": 0.4042111778756332,
  "totalFingers": 10,
  "tragicness": 0.1,
  "unthwackability": 0.4864020650412952,
  "watchfulness": 0.048693155795589416,
  "weekAttr": []
}