{
  "anticapitalism": 0.8359329704481304,
  "baseThirst": 0.8463118171784367,
  "baserunningRating": 0.22988440805093371,
  "blood": 10,
  "buoyancy": 0.0930830706900685,
  "chasiness": 0.8110339578055679,
  "cinnamon": 0.34145377768804286,
  "coffee": 9,
  "coldness": 0.5583546606259776,
  "continuation": 0.11473030023424435,
  "deceased": false,
  "defenseRating": 0.3250303846226135,
  "divinity": 0.7432775255255708,
  "eDensity": 17.011920545577965,
  "evolution": 0,
  "fate": 86,
  "gameAttr": [],
  "groundFriction": 0.629124317532908,
  "hitStreak": 0,
  "hittingRating": 0.4894825005345738,
  "id": "316abea7-9890-4fb8-aaea-86b35e24d9be",
  "indulgence": 0.16834300633018473,
  "itemAttr": [],
  "items": [
    {
      "baserunningRating": 0.017713925096929317,
      "defenseRating": 0.18642152188661715,
      "durability": 2,
      "forger": null,
      "forgerName": null,
      "health": 2,
      "hittingRating": 0,
      "id": "8938818d-6cad-441b-b528-acb3f9c2daa9",
      "name": "Ring of Wisdom",
      "pitchingRating": 0.04992898760593012,
      "postPrefix": null,
      "prePrefix": null,
      "prefixes": null,
      "root": {
        "adjustments": [
          {
            "stat": 19,
            "type": 1,
            "value": 0.19347671145630063
          }
        ],
        "name": "Ring"
      },
      "suffix": {
        "adjustments": [
          {
            "stat": 21,
            "type": 1,
            "value": 0.11159471888308337
          },
          {
            "stat": 23,
            "type": 1,
            "value": 0.122962517586898
          },
          {
            "stat": 12,
            "type": 1,
            "value": 0.18530977950477903
          }
        ],
        "name": "Wisdom"
      }
    }
  ],
  "laserlikeness": 0.13200519260877752,
  "leagueTeamId": "ca3f1c8c-c025-4d8e-8eef-5be6accbeb16",
  "martyrdom": 0.5867421133786843,
  "moxie": 0.27058439094744946,
  "musclitude": 0.5348700247769871,
  "name": "Kennedy Rodgers",
  "omniscience": 0.03,
  "overpowerment": 0.8744562540340829,
  "patheticism": 0.922815527066779,
  "peanutAllergy": true,
  "permAttr": [
    "UNDEROVER",
    "OVERPERFORMING"
  ],
  "pitchingRating": 0.5287342133030167,
  "pressurization": 0.266324437480846,
  "ritual": "Updating",
  "ruthlessness": 0.7645552037305964,
  "seasAttr": [],
  "shakespearianism": 0.3084108642419964,
  "soul": 3,
  "state": {
    "permModSources": {
      "OVERPERFORMING": [
        "UNDEROVER"
      ]
    }
  },
  "suppression": 0.8238507101095759,
  "tenaciousness": 0.7465797937383487,
  "thwackability": 0.3942111778756332,
  "totalFingers": 13,
  "tournamentTeamId": null,
  "tragicness": 0.1,
  "unthwackability": 0.46995349201821257,
  "watchfulness": 0.03869315579558942,
  "weekAttr": []
}