{
  "anticapitalism": 0.8159329704481304,
  "armor": "",
  "baseThirst": 0.8263118171784367,
  "bat": "",
  "blood": 10,
  "buoyancy": 0.0730830706900685,
  "chasiness": 0.7910339578055678,
  "cinnamon": 0.34145377768804286,
  "coffee": 9,
  "coldness": 0.2993189927900155,
  "continuation": 0.09473030023424436,
  "deceased": false,
  "divinity": 0.7232775255255708,
  "fate": 86,
  "gameAttr": [],
  "groundFriction": 0.609124317532908,
  "id": "316abea7-9890-4fb8-aaea-86b35e24d9be",
  "indulgence": 0.14834300633018474,
  "laserlikeness": 0.11200519260877752,
  "martyrdom": 0.5667421133786843,
  "moxie": 0.25058439094744944,
  "musclitude": 0.5148700247769871,
  "name": "Kennedy Rodgers",
  "omniscience": 0.01,
  "overpowerment": 0.01,
  "patheticism": 0.9428155270667792,
  "peanutAllergy": true,
  "permAttr": [],
  "pressurization": 0.266324437480846,
  "ritual": "Updating",
  "ruthlessness": 0.5045150078579417,
  "seasAttr": [],
  "shakespearianism": 0.9493685110870378,
  "soul": 3,
  "suppression": 0.7481481561769339,
  "tenaciousness": 0.7265797937383487,
  "thwackability": 0.3742111778756332,
  "totalFingers": 11,
  "tragicness": 0.1,
  "unthwackability": 0.4564020650412952,
  "watchfulness": 0.018693155795589417,
  "weekAttr": []
}