{
  "anticapitalism": 0.7132719593885204,
  "baseThirst": 0.9542001705408344,
  "baserunningRating": 0.5526095462279026,
  "blood": 9,
  "buoyancy": 0.5548888834386979,
  "chasiness": 0.4052218104628608,
  "cinnamon": 0.9691735210000668,
  "coffee": 9,
  "coldness": 1.07311346545707,
  "continuation": 0.17593407588570772,
  "deceased": false,
  "defenseRating": 0.59984830159598,
  "divinity": 0.6740324835408293,
  "eDensity": 21.497505452529587,
  "evolution": 0,
  "fate": 2,
  "gameAttr": [],
  "groundFriction": 0.12552537675982683,
  "hitStreak": 0,
  "hittingRating": 0.6438397586129562,
  "id": "3188d641-4fcc-4d5e-887d-5f454b4c4ff8",
  "indulgence": 0.17214949024731752,
  "itemAttr": [],
  "items": [
    {
      "baserunningRating": 0.018354320646164157,
      "defenseRating": 0.055098243620105514,
      "durability": 2,
      "forger": null,
      "forgerName": null,
      "health": 1,
      "hittingRating": 0,
      "id": "b7bc4a8f-eb81-4513-842e-227cd4235323",
      "name": "Leg Glove",
      "pitchingRating": 0,
      "postPrefix": {
        "adjustments": [
          {
            "stat": 10,
            "type": 1,
            "value": 0.07255864623134224
          },
          {
            "stat": 25,
            "type": 1,
            "value": 0.08329973984802269
          }
        ],
        "name": "Leg"
      },
      "prePrefix": null,
      "prefixes": null,
      "root": {
        "adjustments": [
          {
            "stat": 21,
            "type": 1,
            "value": 0.13752891486979443
          }
        ],
        "name": "Glove"
      },
      "suffix": null
    }
  ],
  "laserlikeness": 0.9395316619408848,
  "leagueTeamId": "c73b705c-40ad-4633-a6ed-d357ee2e2bcf",
  "martyrdom": 1.0350093872199062,
  "moxie": 0.38009693755512497,
  "musclitude": 0.44072400045393045,
  "name": "Silvaire Semiquaver",
  "omniscience": 0.3649258173355348,
  "overpowerment": 0.8037248241007091,
  "patheticism": 0.8160834018458657,
  "peanutAllergy": false,
  "permAttr": [],
  "pitchingRating": 0.7033460296388164,
  "pressurization": 0.0841127347604409,
  "ritual": "Painting",
  "ruthlessness": 0.7447962492728576,
  "seasAttr": [],
  "shakespearianism": 0.9792057536459244,
  "soul": 2,
  "state": {},
  "suppression": 0.5067667201532281,
  "tenaciousness": 0.42603336694383703,
  "thwackability": 0.7860591786615132,
  "totalFingers": 10,
  "tournamentTeamId": null,
  "tragicness": 0.001,
  "unthwackability": 0.6690657637262915,
  "watchfulness": 0.8633163463962608,
  "weekAttr": []
}