{
  "anticapitalism": 0.6646140400128185,
  "armor": "",
  "baseThirst": 0.9799884505681566,
  "baserunningRating": 0,
  "bat": "",
  "blood": 10,
  "buoyancy": 0.5428625046343168,
  "chasiness": 0.42201377098812454,
  "cinnamon": 0.6651350348877865,
  "coffee": 12,
  "coldness": 1.2907213686989412,
  "continuation": 0.7219891354334833,
  "deceased": false,
  "defenseRating": 0,
  "divinity": 0.9276387043151894,
  "fate": 65,
  "gameAttr": [],
  "groundFriction": 0.1923820167265584,
  "hitStreak": 0,
  "hittingRating": 0,
  "id": "32551e28-3a40-47ae-aed1-ff5bc66be879",
  "indulgence": 0.7298026187717732,
  "laserlikeness": 0.938434693646356,
  "martyrdom": 0.4828339948564106,
  "moxie": 1.006342988125712,
  "musclitude": 0.5695863790953192,
  "name": "Math Velazquez",
  "omniscience": 0.5161821317410998,
  "overpowerment": 1.0253407020793317,
  "patheticism": 0.5354840383212865,
  "peanutAllergy": false,
  "permAttr": [
    "ALTERNATE"
  ],
  "pitchingRating": 0,
  "pressurization": 0.9820833903751228,
  "ritual": "Hallucinations",
  "ruthlessness": 0.6167466920750804,
  "seasAttr": [],
  "shakespearianism": 1.3022600970154945,
  "soul": 8,
  "suppression": 0.64276266057787,
  "tenaciousness": 0.38180341169876464,
  "thwackability": 0.8876672221305252,
  "totalFingers": 15,
  "tragicness": 0.1,
  "unthwackability": 0.6300452446365787,
  "watchfulness": 0.4291618807050678,
  "weekAttr": []
}