{
  "anticapitalism": 0.5177569653585603,
  "baseThirst": 1.019988450568157,
  "baserunningRating": 0.8120420431059479,
  "blood": 11,
  "buoyancy": 0.6828625046343169,
  "chasiness": 0.3000694500467225,
  "cinnamon": 0.6651350348877865,
  "coffee": 12,
  "coldness": 1.2907213686989412,
  "continuation": 0.7619891354334833,
  "deceased": false,
  "defenseRating": 0.4527639464309614,
  "divinity": 1.0676387043151894,
  "eDensity": 36.47686889204783,
  "evolution": 0,
  "fate": 65,
  "gameAttr": [],
  "groundFriction": 0.2323820167265584,
  "hitStreak": 0,
  "hittingRating": 0.9818835565667252,
  "id": "32551e28-3a40-47ae-aed1-ff5bc66be879",
  "indulgence": 0.7698026187717733,
  "itemAttr": [],
  "items": [
    {
      "baserunningRating": 0,
      "defenseRating": 0,
      "durability": 1,
      "forger": null,
      "forgerName": null,
      "health": 1,
      "hittingRating": 0.04644078485324543,
      "id": "bfff4ca3-71e8-409d-b664-305aea0c94eb",
      "name": "Bat",
      "pitchingRating": 0,
      "postPrefix": null,
      "prePrefix": null,
      "prefixes": null,
      "root": {
        "adjustments": [
          {
            "stat": 2,
            "type": 1,
            "value": 0.14505655501513665
          }
        ],
        "name": "Bat"
      },
      "suffix": null
    }
  ],
  "laserlikeness": 0.9784346936463562,
  "leagueTeamId": "9debc64f-74b7-4ae1-a4d6-fce0144b6ea5",
  "martyrdom": 0.6228339948564107,
  "moxie": 1.146342988125712,
  "musclitude": 0.7095863790953192,
  "name": "Math Velazquez",
  "omniscience": 0.3829079389413276,
  "overpowerment": 1.0253407020793317,
  "patheticism": 0.3954840383212866,
  "peanutAllergy": false,
  "permAttr": [
    "ALTERNATE"
  ],
  "pitchingRating": 0.6785774384746267,
  "pressurization": 0.9820833903751228,
  "ritual": "Hallucinations",
  "ruthlessness": 0.6167466920750804,
  "seasAttr": [],
  "shakespearianism": 1.3022600970154945,
  "soul": 8,
  "state": {},
  "suppression": 0.64276266057787,
  "tenaciousness": 0.2324323212446677,
  "thwackability": 1.0276672221305252,
  "totalFingers": 15,
  "tournamentTeamId": "9a5ab308-41f2-4889-a3c3-733b9aab806e",
  "tragicness": 0.060000000000000005,
  "unthwackability": 0.6300452446365787,
  "watchfulness": 0.29416354741705497,
  "weekAttr": []
}