{
  "anticapitalism": 0.9143106501595324,
  "baseThirst": 0.5260952901849728,
  "baserunningRating": 0.7000679502807786,
  "blood": 6,
  "buoyancy": 0.7058693196184322,
  "chasiness": 0.9208846133359702,
  "cinnamon": 0.3366212343549956,
  "coffee": 5,
  "coldness": 0.7467081912011927,
  "continuation": 1.040481999890596,
  "deceased": false,
  "defenseRating": 0.6194661310821287,
  "divinity": 0.8465397036703168,
  "eDensity": 25.742204194224325,
  "evolution": 0,
  "fate": 39,
  "gameAttr": [],
  "groundFriction": 0.8150971700870742,
  "hitStreak": 0,
  "hittingRating": 0.8330599174257123,
  "id": "32810dca-825c-4dbc-8b65-0702794c424e",
  "indulgence": 0.7076155896840124,
  "itemAttr": [],
  "items": [
    {
      "baserunningRating": 0,
      "defenseRating": 0,
      "durability": 1,
      "forger": null,
      "forgerName": null,
      "health": 1,
      "hittingRating": 0.05311264342116895,
      "id": "7b7520ec-4f0d-44a6-815c-ed100e3ad472",
      "name": "Bat",
      "pitchingRating": 0,
      "postPrefix": null,
      "prePrefix": null,
      "prefixes": null,
      "root": {
        "adjustments": [
          {
            "stat": 2,
            "type": 1,
            "value": 0.19688570161877383
          }
        ],
        "name": "Bat"
      },
      "suffix": null
    }
  ],
  "laserlikeness": 0.6171905088402845,
  "leagueTeamId": "23e4cbc1-e9cd-47fa-a35b-bfa06f726cb7",
  "martyrdom": 0.5745537335320433,
  "moxie": 0.5755191885386582,
  "musclitude": 0.6506664895543877,
  "name": "Eduardo Woodman",
  "omniscience": 0.3396135012679624,
  "overpowerment": 0.975359775072412,
  "patheticism": 0.595517234031509,
  "peanutAllergy": false,
  "permAttr": [],
  "pitchingRating": 0.37820099315658934,
  "pressurization": 0.3110105145626916,
  "ritual": "Bells",
  "ruthlessness": 0.3245141764436636,
  "seasAttr": [],
  "shakespearianism": 1.0836014904192643,
  "soul": 4,
  "state": {},
  "suppression": 0.5309616857730003,
  "tenaciousness": 0.3243102349179403,
  "thwackability": 1.019390910856462,
  "totalFingers": 14,
  "tournamentTeamId": "e3f90fa1-0bbe-40df-88ce-578d0723a23b",
  "tragicness": 0.1,
  "unthwackability": 0.35406049660519445,
  "watchfulness": 0.8146770210038965,
  "weekAttr": []
}