{
  "anticapitalism": 0.8796547400625185,
  "armor": "",
  "baseThirst": 0.1633332740525748,
  "bat": "",
  "blood": 9,
  "buoyancy": 0.43020031334956954,
  "chasiness": 0.32526645535037235,
  "cinnamon": 0.6504994376062749,
  "coffee": 12,
  "coldness": 0.10344369017499888,
  "continuation": 0.7913143180556301,
  "deceased": false,
  "divinity": 0.975979028720009,
  "fate": 46,
  "gameAttr": [],
  "groundFriction": 0.571406661154682,
  "id": "333067fd-c2b4-4045-a9a4-e87a8d0332d0",
  "indulgence": 0.870996776120013,
  "laserlikeness": 0.7759997254877857,
  "martyrdom": 0.12211680932011948,
  "moxie": 0.5321440312065004,
  "musclitude": 0.1744925218097806,
  "name": "Miguel James",
  "omniscience": 0.5513018772994767,
  "overpowerment": 0.27229686205404646,
  "patheticism": 0.5342120368445384,
  "peanutAllergy": true,
  "permAttr": [],
  "pressurization": 0.4917446149466165,
  "ritual": "Holotropic breathwork",
  "ruthlessness": 0.6173637815624322,
  "seasAttr": [],
  "shakespearianism": 0.6361290298537587,
  "soul": 4,
  "suppression": 0.4619006481321244,
  "tenaciousness": 0.3260027469904123,
  "thwackability": 0.05109414746094876,
  "totalFingers": 10,
  "tragicness": 0.1,
  "unthwackability": 0.9898632958093068,
  "watchfulness": 0.4704353391296674,
  "weekAttr": []
}