{
  "anticapitalism": 0.3332073777982434,
  "baseThirst": 0.9711405804303226,
  "baserunningRating": 0.27557049340680523,
  "blood": 1,
  "buoyancy": 1.0158504679690483,
  "chasiness": 0.8804685785106455,
  "cinnamon": 0.8592286729851591,
  "coffee": 8,
  "coldness": 1.8898005186351865,
  "continuation": 0.41477221440186984,
  "deceased": false,
  "defenseRating": 0.785756845247715,
  "divinity": 0.5891103737382299,
  "eDensity": 23.710357196723887,
  "evolution": 0,
  "fate": 67,
  "gameAttr": [],
  "groundFriction": 0.4037996226751291,
  "hitStreak": 0,
  "hittingRating": 0.6547727767402196,
  "id": "338694b7-6256-4724-86b6-3884299a5d9e",
  "indulgence": 0.3083204973271295,
  "itemAttr": [],
  "items": [
    {
      "baserunningRating": 0,
      "defenseRating": 0,
      "durability": 1,
      "forger": null,
      "forgerName": null,
      "health": 1,
      "hittingRating": 0.03671719842115806,
      "id": "82849d63-a455-4955-9011-8fd87c4a210e",
      "name": "Bat",
      "pitchingRating": 0,
      "postPrefix": null,
      "prePrefix": null,
      "prefixes": null,
      "root": {
        "adjustments": [
          {
            "stat": 2,
            "type": 1,
            "value": 0.13699621832398817
          }
        ],
        "name": "Bat"
      },
      "suffix": null
    }
  ],
  "laserlikeness": 0.13816989095918145,
  "leagueTeamId": "b024e975-1c4a-4575-8936-a3754a08806a",
  "martyrdom": 0.22556279904542637,
  "moxie": 0.3059525965235844,
  "musclitude": 0.7080369013455191,
  "name": "PolkaDot Patterson",
  "omniscience": 0.6245522659485274,
  "overpowerment": 1.0202260857794745,
  "patheticism": 0.33489111863235793,
  "peanutAllergy": true,
  "permAttr": [
    "SQUIDDISH",
    "SWIM_BLADDER",
    "TRIPLE_THREAT"
  ],
  "pitchingRating": 1.0996651984229586,
  "pressurization": 0.5899850260911925,
  "ritual": "Powerlifting",
  "ruthlessness": 1.3566205237379738,
  "seasAttr": [],
  "shakespearianism": 1.1137363533940816,
  "soul": 2,
  "state": {},
  "suppression": 1.0614565755286367,
  "tenaciousness": 1.1037729619513057,
  "thwackability": 0.812099357324009,
  "totalFingers": 87,
  "tournamentTeamId": "e8f7ffee-ec53-4fe0-8e87-ea8ff1d0b4a9",
  "tragicness": 0.05150902356905831,
  "unthwackability": 0.8928285126348225,
  "watchfulness": 0.6435113054410798,
  "weekAttr": []
}