{
  "anticapitalism": 0.8847742744110498,
  "baseThirst": 0.3054071567758688,
  "baserunningRating": 0.6550035423391904,
  "blood": 1,
  "buoyancy": 1.0066014808367572,
  "chasiness": 0.08252946390098057,
  "cinnamon": 0.2730564552684479,
  "coffee": 8,
  "coldness": 0.12340633479131034,
  "continuation": 0.9114593640291828,
  "deceased": false,
  "defenseRating": 0.4567164543464421,
  "divinity": 1.1411799268569327,
  "eDensity": 19.921684282285597,
  "evolution": 0,
  "fate": 67,
  "gameAttr": [],
  "groundFriction": 0.1044064907232935,
  "hitStreak": 0,
  "hittingRating": 0.752339825388132,
  "id": "338694b7-6256-4724-86b6-3884299a5d9e",
  "indulgence": 0.9909001360952367,
  "itemAttr": [],
  "items": [
    {
      "baserunningRating": 0,
      "defenseRating": 0,
      "durability": 1,
      "forger": null,
      "forgerName": null,
      "health": 1,
      "hittingRating": 0.03671719842115806,
      "id": "82849d63-a455-4955-9011-8fd87c4a210e",
      "name": "Bat",
      "pitchingRating": 0,
      "postPrefix": null,
      "prePrefix": null,
      "prefixes": null,
      "root": {
        "adjustments": [
          {
            "stat": 2,
            "type": 1,
            "value": 0.13699621832398817
          }
        ],
        "name": "Bat"
      },
      "suffix": null
    }
  ],
  "laserlikeness": 0.8721928374840736,
  "leagueTeamId": "46358869-dce9-4a01-bfba-ac24fc56f57e",
  "martyrdom": 0.5545768184493851,
  "moxie": 1.098093791077264,
  "musclitude": 0.24661073041666928,
  "name": "PolkaDot Patterson",
  "omniscience": 0.4842203263040507,
  "overpowerment": 0.20136051373159747,
  "patheticism": 0.001,
  "peanutAllergy": true,
  "permAttr": [
    "SQUIDDISH",
    "SWIM_BLADDER",
    "ALTERNATE",
    "CAREFUL"
  ],
  "pitchingRating": 0.410466503967035,
  "pressurization": 0.4429248148096845,
  "ritual": "Powerlifting",
  "ruthlessness": 0.2403113969991233,
  "seasAttr": [],
  "shakespearianism": 0.669880128744519,
  "soul": 2,
  "state": {},
  "suppression": 0.17530714447325493,
  "tenaciousness": 0.445723955084216,
  "thwackability": 0.5318915775068164,
  "totalFingers": 87,
  "tournamentTeamId": "e8f7ffee-ec53-4fe0-8e87-ea8ff1d0b4a9",
  "tragicness": 0.001,
  "unthwackability": 1.0255984726239027,
  "watchfulness": 0.11609328238940654,
  "weekAttr": []
}