{
  "anticapitalism": 0.8120564513251308,
  "baseThirst": 0.9614081052805856,
  "baserunningRating": 0.5988416687572493,
  "blood": 9,
  "buoyancy": 0.9056570854294712,
  "chasiness": 0.1999681872195199,
  "cinnamon": 0.7052164024803644,
  "coffee": 1,
  "coldness": 0.9831517456619498,
  "continuation": 0.8890216174256201,
  "deceased": true,
  "defenseRating": 0.5757224608850665,
  "divinity": 0.4834935330056762,
  "eDensity": 0,
  "evolution": 0,
  "fate": 23,
  "gameAttr": [],
  "groundFriction": 0.4438374078222799,
  "hitStreak": 0,
  "hittingRating": 0.4817960569355481,
  "id": "33fbfe23-37bd-4e37-a481-a87eadb8192d",
  "indulgence": 0.7092007009251263,
  "itemAttr": [],
  "items": [],
  "laserlikeness": 0.46629567993787646,
  "leagueTeamId": null,
  "martyrdom": 0.5036539672731659,
  "moxie": 0.12806499980578567,
  "musclitude": 0.06223169941337692,
  "name": "Whit Steakknife",
  "omniscience": 0.3863924834691793,
  "overpowerment": 0.25469811243312,
  "patheticism": 0.6779886305898974,
  "peanutAllergy": false,
  "permAttr": [
    "INHABITING"
  ],
  "pitchingRating": 0.3131768319927887,
  "pressurization": 0.878541978713296,
  "ritual": "Humble-bragging",
  "ruthlessness": 0.6150688118819623,
  "seasAttr": [],
  "shakespearianism": 0.1101683165704328,
  "soul": 8,
  "state": {},
  "suppression": 0.4581085629569812,
  "tenaciousness": 0.7103909709107677,
  "thwackability": 0.8868042493466191,
  "totalFingers": 10,
  "tournamentTeamId": null,
  "tragicness": 0.1,
  "unthwackability": 0.33930495365691504,
  "watchfulness": 0.32698843718741466,
  "weekAttr": []
}