{
  "anticapitalism": 0.039966959842003144,
  "armor": "",
  "baseThirst": 0.7632322274487506,
  "bat": "",
  "blood": 4,
  "buoyancy": 0.2844709842402091,
  "chasiness": 0.42532251822018496,
  "cinnamon": 0.053396155739101,
  "coffee": 12,
  "coldness": 0.2395967818404083,
  "continuation": 0.6378397368821249,
  "deceased": false,
  "divinity": 0.3572938354503652,
  "fate": 76,
  "gameAttr": [],
  "groundFriction": 0.9773101384577728,
  "id": "34267632-8c32-4a8b-b5e6-ce1568bb0639",
  "indulgence": 0.292522471373617,
  "laserlikeness": 0.23559736633426517,
  "martyrdom": 0.07732951558456035,
  "moxie": 0.4985873763070825,
  "musclitude": 0.12690345964804003,
  "name": "Gunther O'Brian",
  "omniscience": 0.5763859508456228,
  "overpowerment": 1.0155170758888283,
  "patheticism": 0.1789279388984897,
  "peanutAllergy": false,
  "permAttr": [],
  "pressurization": 0.5116172880640464,
  "ritual": "Kneeling",
  "ruthlessness": 0.8605134760665532,
  "seasAttr": [],
  "shakespearianism": 0.4423769231182,
  "soul": 7,
  "suppression": 0.19668618618087727,
  "tenaciousness": 0.14516304538856348,
  "thwackability": 0.9299036963139822,
  "totalFingers": 11,
  "tragicness": 0.1,
  "unthwackability": 0.2980131130427044,
  "watchfulness": 0.8748060006890515,
  "weekAttr": []
}