{
  "anticapitalism": 0.24221893976854209,
  "armor": "",
  "baseThirst": 0.250412834886565,
  "baserunningRating": 0.4958501009464081,
  "bat": "",
  "blood": 7,
  "buoyancy": 0.14652836276058925,
  "chasiness": 0.10712964522656504,
  "cinnamon": 0.8098174621654699,
  "coffee": 11,
  "coldness": 0.3570841463935509,
  "continuation": 0.368556485633793,
  "deceased": false,
  "defenseRating": 0.3438872552699683,
  "divinity": 0.5480345265003377,
  "fate": 89,
  "gameAttr": [],
  "groundFriction": 0.20221093297506956,
  "hitStreak": 0,
  "hittingRating": 0.34703489398891385,
  "id": "36786f44-9066-4028-98d9-4fa84465ab9e",
  "indulgence": 0.8190445461439002,
  "laserlikeness": 0.5673437203609593,
  "leagueTeamId": "eb67ae5e-c4bf-46ca-bbbc-425cd34182ff",
  "martyrdom": 0.36374026908390217,
  "moxie": 0.47484131044461536,
  "musclitude": 0.37181831889819533,
  "name": "Beasley Gloom",
  "omniscience": 0.6959206325497374,
  "overpowerment": 0.4057564170077431,
  "patheticism": 0.873210783570685,
  "peanutAllergy": true,
  "permAttr": [],
  "pitchingRating": 0.6847759387060846,
  "pressurization": 0.6504291906408892,
  "ritual": "Painting",
  "ruthlessness": 0.853101106355033,
  "seasAttr": [],
  "shakespearianism": 0.19831789728005356,
  "soul": 3,
  "suppression": 0.30124513274883113,
  "tenaciousness": 0.24768584137415575,
  "thwackability": 0.18360799793942753,
  "totalFingers": 13,
  "tournamentTeamId": null,
  "tragicness": 0.1,
  "unthwackability": 1.0155610837616664,
  "watchfulness": 0.03,
  "weekAttr": []
}