{
  "anticapitalism": 0.2452021576682088,
  "baseThirst": 0.2836174201976737,
  "baserunningRating": 0.5105515306647148,
  "blood": 7,
  "buoyancy": 0.15086087420366992,
  "chasiness": 0.1156722495976572,
  "cinnamon": 0.8225405084988021,
  "coffee": 11,
  "coldness": 0.3723454669146801,
  "continuation": 0.39073728972043614,
  "deceased": false,
  "defenseRating": 0.3886935586604551,
  "divinity": 0.5804877487710408,
  "eDensity": 18.698298442695,
  "evolution": 0,
  "fate": 89,
  "gameAttr": [],
  "groundFriction": 0.2025857537025606,
  "hitStreak": 0,
  "hittingRating": 0.36013397396776475,
  "id": "36786f44-9066-4028-98d9-4fa84465ab9e",
  "indulgence": 0.8216718932419229,
  "itemAttr": [],
  "items": [
    {
      "baserunningRating": 0,
      "defenseRating": 0,
      "durability": 1,
      "forger": null,
      "forgerName": null,
      "health": 1,
      "hittingRating": 0.07096310994980631,
      "id": "4625ad37-b082-45cf-9e8e-c245b06ebb78",
      "name": "Bat",
      "pitchingRating": 0,
      "postPrefix": null,
      "prePrefix": null,
      "prefixes": null,
      "root": {
        "adjustments": [
          {
            "stat": 2,
            "type": 1,
            "value": 0.12882131608127445
          }
        ],
        "name": "Bat"
      },
      "suffix": null
    }
  ],
  "laserlikeness": 0.5792874851220148,
  "leagueTeamId": "eb67ae5e-c4bf-46ca-bbbc-425cd34182ff",
  "martyrdom": 0.38796721163570935,
  "moxie": 0.48264693050041074,
  "musclitude": 0.40949407659216674,
  "name": "Beasley Gloom",
  "omniscience": 0.7267687844474316,
  "overpowerment": 0.4287434041148142,
  "patheticism": 0.8556592455396637,
  "peanutAllergy": true,
  "permAttr": [],
  "pitchingRating": 0.7082196456634984,
  "pressurization": 0.6504291906408892,
  "ritual": "Painting",
  "ruthlessness": 0.8561625529239605,
  "seasAttr": [],
  "shakespearianism": 0.22975063052243405,
  "soul": 3,
  "state": {},
  "suppression": 0.33757377512950254,
  "tenaciousness": 0.28489925858366194,
  "thwackability": 0.18384240905494695,
  "totalFingers": 13,
  "tournamentTeamId": null,
  "tragicness": 0.07861950381894059,
  "unthwackability": 1.0323645309584963,
  "watchfulness": 0.06473584154684792,
  "weekAttr": []
}