{
  "anticapitalism": 0.5861271965374502,
  "baseThirst": 0.8656134068827162,
  "baserunningRating": 0.27519912534691254,
  "blood": 5,
  "buoyancy": 0.7096037513947353,
  "chasiness": 0.4798688004456675,
  "cinnamon": 0.6938037809601048,
  "coffee": 2,
  "coldness": 0.9104027148382784,
  "continuation": 0.6301215993172204,
  "deceased": false,
  "defenseRating": 0.5830302389649407,
  "divinity": 0.44742023092896943,
  "eDensity": 22.927181826168088,
  "evolution": 0,
  "fate": 57,
  "gameAttr": [],
  "groundFriction": 0.67018311196854,
  "hitStreak": 0,
  "hittingRating": 0.4069500532277536,
  "id": "37061380-ac95-4018-854e-c308073945e9",
  "indulgence": 0.42825965931991616,
  "itemAttr": [],
  "items": [],
  "laserlikeness": 0.10973983451478864,
  "leagueTeamId": "bb4a9de5-c924-4923-a0cb-9d1445f1ee5d",
  "martyrdom": 0.8506026366607431,
  "moxie": 0.8613052138525437,
  "musclitude": 0.8981961361208142,
  "name": "Bartleby Zhivago",
  "omniscience": 0.34268752688802673,
  "overpowerment": 0.8740749112355233,
  "patheticism": 0.8943675102473219,
  "peanutAllergy": true,
  "permAttr": [],
  "pitchingRating": 0.6633401256753784,
  "pressurization": 0.2257973948024825,
  "ritual": "Blacking out",
  "ruthlessness": 0.8147642451630731,
  "seasAttr": [],
  "shakespearianism": 0.32050617450080865,
  "soul": 5,
  "state": {},
  "suppression": 0.6629434197239276,
  "tenaciousness": 0.4484099012654561,
  "thwackability": 0.262699241699607,
  "totalFingers": 10,
  "tournamentTeamId": null,
  "tragicness": 0.7732210688172785,
  "unthwackability": 0.6808530916017665,
  "watchfulness": 0.6833598071245521,
  "weekAttr": []
}