{
  "anticapitalism": 0.5342999341888618,
  "baseThirst": 0.29876460261904825,
  "baserunningRating": 0.29170524724982255,
  "blood": 9,
  "buoyancy": 0.43386962326965134,
  "chasiness": 0.8827734643502616,
  "cinnamon": 0.8343150436219493,
  "coffee": 3,
  "coldness": 0.40738095109155015,
  "continuation": 0.44851729906720583,
  "deceased": false,
  "defenseRating": 0.5022220559209208,
  "divinity": 0.32880021286235406,
  "eDensity": 13.663858373312609,
  "evolution": 0,
  "fate": 95,
  "gameAttr": [],
  "groundFriction": 0.16732227380215803,
  "hitStreak": 0,
  "hittingRating": 0.2961809511848338,
  "id": "378c07b0-5645-44b5-869f-497d144c7b35",
  "indulgence": 0.10047567507722656,
  "itemAttr": [],
  "items": [
    {
      "baserunningRating": 0,
      "defenseRating": 0,
      "durability": 1,
      "forger": null,
      "forgerName": null,
      "health": 0,
      "hittingRating": 0.061911824861366815,
      "id": "eacd3890-428f-43dd-983f-ee83e9bcc6e8",
      "name": "Bat",
      "pitchingRating": 0,
      "postPrefix": null,
      "prePrefix": null,
      "prefixes": null,
      "root": {
        "adjustments": [
          {
            "stat": 2,
            "type": 1,
            "value": 0.14608694060939503
          }
        ],
        "name": "Bat"
      },
      "suffix": null
    }
  ],
  "laserlikeness": 0.2879677656533375,
  "leagueTeamId": "adc5b394-8f76-416d-9ce9-813706877b84",
  "martyrdom": 0.3153908636768909,
  "moxie": 0.12208142228539431,
  "musclitude": 1.0467123376535217,
  "name": "Fynn Doyle",
  "omniscience": 0.7253628528818595,
  "overpowerment": 0.8149603305264902,
  "patheticism": 0.6222995666718455,
  "peanutAllergy": true,
  "permAttr": [
    "ALTERNATE",
    "TRIPLE_THREAT"
  ],
  "pitchingRating": 0.4326528106805101,
  "pressurization": 0.5448016025479687,
  "ritual": "Inversion table",
  "ruthlessness": 0.3607843284041784,
  "seasAttr": [],
  "shakespearianism": 0.4610380167070656,
  "soul": 2,
  "state": {},
  "suppression": 0.6377797819907434,
  "tenaciousness": 0.10486879906390172,
  "thwackability": 0.18042335418447067,
  "totalFingers": 10,
  "tournamentTeamId": null,
  "tragicness": 0.185613979996948,
  "unthwackability": 0.5494049940485444,
  "watchfulness": 0.3740418652887521,
  "weekAttr": []
}