{
  "anticapitalism": 0.5004762123338972,
  "baseThirst": 0.28610050847275603,
  "baserunningRating": 0.24788569179867373,
  "blood": 9,
  "buoyancy": 0.4196818474349373,
  "chasiness": 0.8540656470493814,
  "cinnamon": 0.8167945259171336,
  "coffee": 3,
  "coldness": 0.36051501476335673,
  "continuation": 0.4030419856464353,
  "deceased": false,
  "defenseRating": 0.4699410864675827,
  "divinity": 0.2948458959941628,
  "eDensity": 10.689909907397482,
  "evolution": 0,
  "fate": 95,
  "gameAttr": [],
  "groundFriction": 0.11895487599846528,
  "hitStreak": 0,
  "hittingRating": 0.2599186244347357,
  "id": "378c07b0-5645-44b5-869f-497d144c7b35",
  "indulgence": 0.05147102050671181,
  "itemAttr": [],
  "items": [
    {
      "baserunningRating": 0,
      "defenseRating": 0,
      "durability": 1,
      "forger": null,
      "forgerName": null,
      "health": 0,
      "hittingRating": 0.061911824861366815,
      "id": "eacd3890-428f-43dd-983f-ee83e9bcc6e8",
      "name": "Bat",
      "pitchingRating": 0,
      "postPrefix": null,
      "prePrefix": null,
      "prefixes": null,
      "root": {
        "adjustments": [
          {
            "stat": 2,
            "type": 1,
            "value": 0.14608694060939503
          }
        ],
        "name": "Bat"
      },
      "suffix": null
    }
  ],
  "laserlikeness": 0.2622648750786646,
  "leagueTeamId": "adc5b394-8f76-416d-9ce9-813706877b84",
  "martyrdom": 0.27991125892781926,
  "moxie": 0.0852791931149828,
  "musclitude": 1.016781735094028,
  "name": "Fynn Doyle",
  "omniscience": 0.7034105654978612,
  "overpowerment": 0.7707424851793868,
  "patheticism": 0.6615919516114891,
  "peanutAllergy": true,
  "permAttr": [
    "ALTERNATE"
  ],
  "pitchingRating": 0.40280579348652307,
  "pressurization": 0.5448016025479687,
  "ritual": "Inversion table",
  "ruthlessness": 0.335190898250794,
  "seasAttr": [],
  "shakespearianism": 0.4433093522151284,
  "soul": 2,
  "state": {},
  "suppression": 0.6013754486660245,
  "tenaciousness": 0.08395313850348292,
  "thwackability": 0.1540851907851386,
  "totalFingers": 10,
  "tournamentTeamId": null,
  "tragicness": 0.20657636134315485,
  "unthwackability": 0.5208315766954638,
  "watchfulness": 0.3524259058091461,
  "weekAttr": []
}