{
  "anticapitalism": 0.44098083884706846,
  "baseThirst": 0.22192366368600872,
  "baserunningRating": 0.13803883868878675,
  "blood": 9,
  "buoyancy": 0.38867227380213354,
  "chasiness": 0.7970529253778342,
  "cinnamon": 0.7517604232494923,
  "coffee": 3,
  "coldness": 0.29448007950201716,
  "continuation": 0.33389878938446177,
  "deceased": false,
  "defenseRating": 0.30406143592670914,
  "divinity": 0.25699878445857327,
  "eDensity": 18.154655675768915,
  "evolution": 0,
  "fate": 39,
  "gameAttr": [],
  "groundFriction": 0.06623935939262593,
  "hitStreak": 0,
  "hittingRating": 0.20217940187300223,
  "id": "378c07b0-5645-44b5-869f-497d144c7b35",
  "indulgence": 0.001,
  "itemAttr": [],
  "items": [
    {
      "baserunningRating": 0,
      "defenseRating": 0,
      "durability": 1,
      "forger": null,
      "forgerName": null,
      "health": 0,
      "hittingRating": 0.061911824861366815,
      "id": "eacd3890-428f-43dd-983f-ee83e9bcc6e8",
      "name": "Bat",
      "pitchingRating": 0,
      "postPrefix": null,
      "prePrefix": null,
      "prefixes": null,
      "root": {
        "adjustments": [
          {
            "stat": 2,
            "type": 1,
            "value": 0.14608694060939503
          }
        ],
        "name": "Bat"
      },
      "suffix": null
    }
  ],
  "laserlikeness": 0.21969272592605288,
  "leagueTeamId": "36569151-a2fb-43c1-9df7-2df512424c82",
  "martyrdom": 0.23788990027553003,
  "moxie": 0.05513711164397431,
  "musclitude": 0.95958106669996,
  "name": "Fynn Doyle",
  "omniscience": 0.6482422605966932,
  "overpowerment": 0.738190028915177,
  "patheticism": 0.7016957679368796,
  "peanutAllergy": true,
  "permAttr": [
    "ALTERNATE"
  ],
  "pitchingRating": 0.35633356858034143,
  "pressurization": 0.5448016025479687,
  "ritual": "Inversion table",
  "ruthlessness": 0.28396482383322885,
  "seasAttr": [],
  "shakespearianism": 0.3956082639790202,
  "soul": 2,
  "state": {},
  "suppression": 0.5576774574625369,
  "tenaciousness": 0.01211040347908368,
  "thwackability": 0.09869769484149712,
  "totalFingers": 10,
  "tournamentTeamId": null,
  "tragicness": 0.2537810321294115,
  "unthwackability": 0.48724289934729414,
  "watchfulness": 0.3118276600330175,
  "weekAttr": []
}