{
  "anticapitalism": 0.48802911941321103,
  "armor": "",
  "baseThirst": 0.30873843795046185,
  "bat": "",
  "blood": 9,
  "buoyancy": 0.5345389308987191,
  "chasiness": 0.9213122641388628,
  "cinnamon": 0.8239366053365145,
  "coffee": 3,
  "coldness": 0.44112527452038414,
  "continuation": 0.3076411762810292,
  "deceased": false,
  "divinity": 0.3522719495209595,
  "fate": 39,
  "gameAttr": [],
  "groundFriction": 0.1288559684127772,
  "hitStreak": 0,
  "id": "378c07b0-5645-44b5-869f-497d144c7b35",
  "indulgence": 0.07409360034653388,
  "laserlikeness": 0.28783901622705077,
  "martyrdom": 0.3892027359414382,
  "moxie": 0.1398285218301917,
  "musclitude": 0.9719769561687108,
  "name": "Fynn Doyle",
  "omniscience": 0.6669156341536434,
  "overpowerment": 0.8179958536211599,
  "patheticism": 0.5205938172504139,
  "peanutAllergy": true,
  "permAttr": [
    "ALTERNATE"
  ],
  "pressurization": 0.5448016025479687,
  "ritual": "Inversion table",
  "ruthlessness": 0.41434254711165536,
  "seasAttr": [],
  "shakespearianism": 0.4017641432848923,
  "soul": 4,
  "suppression": 0.6651371225475716,
  "tenaciousness": 0.05791556125361151,
  "thwackability": 0.2771243681858069,
  "totalFingers": 10,
  "tragicness": 0.04872545824140638,
  "unthwackability": 0.6360278905804012,
  "watchfulness": 0.5031554722923307,
  "weekAttr": []
}