{
  "anticapitalism": 1.0417317273468862,
  "baseThirst": 0.8282382861590304,
  "baserunningRating": 0.7436799208213661,
  "blood": 8,
  "buoyancy": 0.513253232559629,
  "chasiness": 0.7948995499913444,
  "cinnamon": 0.4485962360257571,
  "coffee": 2,
  "coldness": 0.8576707576643372,
  "continuation": 0.640958268295105,
  "deceased": false,
  "defenseRating": 0.98176908488022,
  "divinity": 1.0405555815739032,
  "eDensity": 39.79520090516939,
  "evolution": 1,
  "fate": 76,
  "gameAttr": [],
  "groundFriction": 0.5974314130520825,
  "hitStreak": 0,
  "hittingRating": 0.6592182735502431,
  "id": "3822990b-5ee0-404a-9e06-846bb29f3faf",
  "indulgence": 0.15163192989663893,
  "itemAttr": [],
  "items": [
    {
      "baserunningRating": 0,
      "defenseRating": 0,
      "durability": 1,
      "forger": null,
      "forgerName": null,
      "health": 0,
      "hittingRating": 0.060956347345812456,
      "id": "0c97a7be-1610-43e3-82e3-35bb5c2ae0d6",
      "name": "Bat",
      "pitchingRating": 0,
      "postPrefix": null,
      "prePrefix": null,
      "prefixes": null,
      "root": {
        "adjustments": [
          {
            "stat": 2,
            "type": 1,
            "value": 0.14135986326611288
          }
        ],
        "name": "Bat"
      },
      "suffix": null
    }
  ],
  "laserlikeness": 1.0147506938630673,
  "leagueTeamId": "bb4a9de5-c924-4923-a0cb-9d1445f1ee5d",
  "martyrdom": 0.5671685668948805,
  "moxie": 0.3570741045034194,
  "musclitude": 0.5214314078354663,
  "name": "Cantus Hojo",
  "omniscience": 1.082497362721649,
  "overpowerment": 0.4911562152347772,
  "patheticism": 0.5905988005892381,
  "peanutAllergy": true,
  "permAttr": [],
  "pitchingRating": 0.7289328500580834,
  "pressurization": 0.7253855405492446,
  "ritual": "Blacking out",
  "ruthlessness": 1.150567748517178,
  "seasAttr": [],
  "shakespearianism": 0.6652126310616849,
  "soul": 9,
  "state": {},
  "suppression": 0.2897782393739883,
  "tenaciousness": 1.1800591511175569,
  "thwackability": 0.4917293340217954,
  "totalFingers": 10,
  "tournamentTeamId": null,
  "tragicness": 0.010562599062134989,
  "unthwackability": 0.6427191905067574,
  "watchfulness": 0.6156928827876251,
  "weekAttr": []
}