{
  "anticapitalism": 0.9529406476888332,
  "baseThirst": 0.7252104150471477,
  "baserunningRating": 0.6217743510288295,
  "blood": 8,
  "buoyancy": 0.4176738855104536,
  "chasiness": 0.7439942658232637,
  "cinnamon": 0.3693770841860576,
  "coffee": 2,
  "coldness": 0.7718241181305554,
  "continuation": 0.5533749617600985,
  "deceased": false,
  "defenseRating": 0.9186499608882998,
  "divinity": 0.945023514236116,
  "eDensity": 37.0023209564274,
  "evolution": 1,
  "fate": 76,
  "gameAttr": [],
  "groundFriction": 0.5070648989741526,
  "hitStreak": 0,
  "hittingRating": 0.5557056778832127,
  "id": "3822990b-5ee0-404a-9e06-846bb29f3faf",
  "indulgence": 0.0683163046708174,
  "items": [],
  "laserlikeness": 0.909183018168394,
  "leagueTeamId": "bb4a9de5-c924-4923-a0cb-9d1445f1ee5d",
  "martyrdom": 0.4660529351730341,
  "moxie": 0.25791603111087,
  "musclitude": 0.4302393336012286,
  "name": "Cantus Hojo",
  "omniscience": 0.993633322560218,
  "overpowerment": 0.38901850442183433,
  "patheticism": 0.7113930618015492,
  "peanutAllergy": true,
  "permAttr": [
    "COFFEE_RALLY"
  ],
  "pitchingRating": 0.6184872896892857,
  "pressurization": 0.7253855405492446,
  "ritual": "Blacking out",
  "ruthlessness": 1.051540156851483,
  "seasAttr": [],
  "shakespearianism": 0.551640093455069,
  "soul": 9,
  "state": {},
  "suppression": 0.19787539369986723,
  "tenaciousness": 1.0857185820546067,
  "thwackability": 0.3957053556456715,
  "totalFingers": 10,
  "tournamentTeamId": null,
  "tragicness": 0.09080569102631378,
  "unthwackability": 0.556548104796911,
  "watchfulness": 0.5187741547056485,
  "weekAttr": []
}