{
  "anticapitalism": 0.2466626984307468,
  "baseThirst": 0.642545916752732,
  "baserunningRating": 0.5737795811683976,
  "blood": 2,
  "buoyancy": 0.34835885226245883,
  "chasiness": 0.6889084510212921,
  "cinnamon": 0.345127170440114,
  "coffee": 5,
  "coldness": 0.5804129720625406,
  "continuation": 0.21225171616371416,
  "deceased": true,
  "defenseRating": 0.18213411884279265,
  "divinity": 0.7852033692959606,
  "eDensity": 20.69018775057161,
  "evolution": 0,
  "fate": 3,
  "gameAttr": [],
  "groundFriction": 0.3286330631567683,
  "hitStreak": 0,
  "hittingRating": 0.7256411907341901,
  "id": "3a8c52d7-4124-4a65-a20d-d51abcbe6540",
  "indulgence": 0.6741718349609279,
  "itemAttr": [],
  "items": [],
  "laserlikeness": 0.6628919279451005,
  "leagueTeamId": "9debc64f-74b7-4ae1-a4d6-fce0144b6ea5",
  "martyrdom": 0.17668555985252196,
  "moxie": 1.147070583578373,
  "musclitude": 0.8708514200396675,
  "name": "Theodore Holloway",
  "omniscience": 0.486210182220871,
  "overpowerment": 0.17811604639439463,
  "patheticism": 0.7068248326969744,
  "peanutAllergy": true,
  "permAttr": [],
  "pitchingRating": 0.6170433593362784,
  "pressurization": 0.24383751085403843,
  "ritual": "Shapeshifting",
  "ruthlessness": 0.8550447082890836,
  "seasAttr": [],
  "shakespearianism": 0.7346776361397681,
  "soul": 3,
  "state": {},
  "suppression": 0.4962973435007343,
  "tenaciousness": 0.01,
  "thwackability": 0.6724026795426312,
  "totalFingers": 13,
  "tournamentTeamId": null,
  "tragicness": 0.1,
  "unthwackability": 0.7914494346281534,
  "watchfulness": 0.01,
  "weekAttr": []
}