{
  "anticapitalism": 0.9319521726975571,
  "armor": "",
  "baseThirst": 0.9439164183055552,
  "baserunningRating": 0.1476952985146232,
  "bat": "ENGLAND_MEMORABILIA",
  "blood": 1,
  "buoyancy": 0.06175643715889385,
  "chasiness": 0.24707781127270825,
  "cinnamon": 0.9590248733694346,
  "coffee": 2,
  "coldness": 0.828581183223886,
  "continuation": 0.06104123798158479,
  "deceased": false,
  "defenseRating": 0.6681691036301448,
  "divinity": 0.5065567425979147,
  "eDensity": 20.87547070183958,
  "evolution": 0,
  "fate": 94,
  "gameAttr": [],
  "groundFriction": 0.8661247156091836,
  "hitStreak": 0,
  "hittingRating": 0.5345637884160873,
  "id": "3a96d76a-c508-45a0-94a0-8f64cd6beeb4",
  "indulgence": 0.13103207532010705,
  "laserlikeness": 0.05965273454152789,
  "leagueTeamId": "b024e975-1c4a-4575-8936-a3754a08806a",
  "martyrdom": 0.18253680320255863,
  "moxie": 0.7233310115808446,
  "musclitude": 0.8654583270039566,
  "name": "Sixpack Dogwalker",
  "omniscience": 0.7495450235659818,
  "overpowerment": 0.85889381590241,
  "patheticism": 0.9476937121631472,
  "peanutAllergy": false,
  "permAttr": [
    "FLICKERING",
    "RECEIVER"
  ],
  "pitchingRating": 0.48892476684479896,
  "pressurization": 0.5991665436375463,
  "ritual": "Have Hope",
  "ruthlessness": 0.5156501842184871,
  "seasAttr": [],
  "shakespearianism": 0.15826474558530457,
  "soul": 4,
  "state": {},
  "suppression": 0.12621328501673035,
  "tenaciousness": 0.47597921140319577,
  "thwackability": 0.6130144872665468,
  "totalFingers": 12,
  "tournamentTeamId": "9e42c12a-7561-42a2-b2d0-7cf81a817a5e",
  "tragicness": 0.030272895759267004,
  "unthwackability": 0.6203324500341667,
  "watchfulness": 0.6051528838354554,
  "weekAttr": []
}