{
  "anticapitalism": 0.8710778761004635,
  "armor": "",
  "baseThirst": 0.9645910098813576,
  "bat": "ENGLAND_MEMORABILIA",
  "blood": 1,
  "buoyancy": 0.01,
  "chasiness": 0.1574866285887081,
  "cinnamon": 0.8868431243803815,
  "coffee": 2,
  "coldness": 0.7623552145782384,
  "continuation": 0.08088942842426586,
  "deceased": false,
  "divinity": 0.5302472288337143,
  "fate": 51,
  "gameAttr": [],
  "groundFriction": 0.9028309375419424,
  "id": "3a96d76a-c508-45a0-94a0-8f64cd6beeb4",
  "indulgence": 0.15531738122272512,
  "laserlikeness": 0.01,
  "martyrdom": 0.2150712982957679,
  "moxie": 0.7251427456510231,
  "musclitude": 0.8661141907399106,
  "name": "Sixpack Dogwalker",
  "omniscience": 0.6716139563915254,
  "overpowerment": 0.7590681696087698,
  "patheticism": 0.918999883839771,
  "peanutAllergy": false,
  "permAttr": [],
  "pressurization": 0.5991665436375463,
  "ritual": "Talking to the Microphone",
  "ruthlessness": 0.4403763093512032,
  "seasAttr": [],
  "shakespearianism": 0.07241051033940418,
  "soul": 4,
  "suppression": 0.031805961340935635,
  "tenaciousness": 0.40609749506327,
  "thwackability": 0.636,
  "totalFingers": 11,
  "tragicness": 0.13,
  "unthwackability": 0.5313377812966251,
  "watchfulness": 0.5271043339729548,
  "weekAttr": []
}