{
  "anticapitalism": 0.96509412167552,
  "baseThirst": 0.9847692862193091,
  "baserunningRating": 0.18108131413601955,
  "blood": 1,
  "buoyancy": 0.07899806448041455,
  "chasiness": 0.2619924373458507,
  "cinnamon": 0.9952137246096062,
  "coffee": 2,
  "coldness": 0.8575053515513326,
  "continuation": 0.08196399255974769,
  "deceased": false,
  "defenseRating": 0.6946786037589638,
  "divinity": 0.5392781478361621,
  "eDensity": 46.875470701839575,
  "evolution": 0,
  "fate": 94,
  "gameAttr": [],
  "groundFriction": 0.9101402050093654,
  "hitStreak": 0,
  "hittingRating": 0.5649632324176371,
  "id": "3a96d76a-c508-45a0-94a0-8f64cd6beeb4",
  "indulgence": 0.17878573565983702,
  "itemAttr": [],
  "items": [
    {
      "baserunningRating": 0,
      "defenseRating": 0,
      "durability": 1,
      "forger": null,
      "forgerName": null,
      "health": 1,
      "hittingRating": 0.035964317596851036,
      "id": "00ab100b-df4f-48a7-a942-4f27935e17c2",
      "name": "Bat",
      "pitchingRating": 0,
      "postPrefix": null,
      "prePrefix": null,
      "prefixes": null,
      "root": {
        "adjustments": [
          {
            "stat": 2,
            "type": 1,
            "value": 0.1253377886439282
          }
        ],
        "name": "Bat"
      },
      "suffix": null
    }
  ],
  "laserlikeness": 0.07799513642123145,
  "leagueTeamId": "eb67ae5e-c4bf-46ca-bbbc-425cd34182ff",
  "martyrdom": 0.2141943265290206,
  "moxie": 0.7667176316408791,
  "musclitude": 0.8876438530700177,
  "name": "Sixpack Dogwalker",
  "omniscience": 0.7961766953157106,
  "overpowerment": 0.8949468051105995,
  "patheticism": 0.9347877244001224,
  "peanutAllergy": false,
  "permAttr": [
    "FLICKERING",
    "RECEIVER"
  ],
  "pitchingRating": 0.5197974500631868,
  "pressurization": 0.5991665436375463,
  "ritual": "Have Hope",
  "ruthlessness": 0.5484449854809137,
  "seasAttr": [],
  "shakespearianism": 0.19437420017437065,
  "soul": 4,
  "state": {
    "permModSources": {}
  },
  "suppression": 0.1687103936957306,
  "tenaciousness": 0.5109918653943741,
  "thwackability": 0.6355058782022208,
  "totalFingers": 12,
  "tournamentTeamId": "9e42c12a-7561-42a2-b2d0-7cf81a817a5e",
  "tragicness": 0.001,
  "unthwackability": 0.6315868816562084,
  "watchfulness": 0.625365481891522,
  "weekAttr": []
}