{
  "anticapitalism": 0.8910778761004635,
  "armor": "",
  "baseThirst": 0.8845910098813575,
  "baserunningRating": 0.04719487438374269,
  "bat": "ENGLAND_MEMORABILIA",
  "blood": 1,
  "buoyancy": 0.01,
  "chasiness": 0.1774866285887081,
  "cinnamon": 0.8868431243803815,
  "coffee": 2,
  "coldness": 0.7823552145782384,
  "continuation": 0.01,
  "deceased": false,
  "defenseRating": 0.6131824149636564,
  "divinity": 0.4502472288337144,
  "eDensity": 18.621378973739525,
  "evolution": 0,
  "fate": 94,
  "gameAttr": [],
  "groundFriction": 0.8228309375419426,
  "hitStreak": 0,
  "hittingRating": 0.44619360310340656,
  "id": "3a96d76a-c508-45a0-94a0-8f64cd6beeb4",
  "indulgence": 0.0753173812227251,
  "laserlikeness": 0.01,
  "leagueTeamId": "b024e975-1c4a-4575-8936-a3754a08806a",
  "martyrdom": 0.1350712982957679,
  "moxie": 0.6451427456510231,
  "musclitude": 0.7861141907399106,
  "name": "Sixpack Dogwalker",
  "omniscience": 0.6916139563915255,
  "overpowerment": 0.7790681696087698,
  "patheticism": 0.99,
  "peanutAllergy": false,
  "permAttr": [
    "FLICKERING",
    "RECEIVER"
  ],
  "pitchingRating": 0.41076896094055465,
  "pressurization": 0.5991665436375463,
  "ritual": "Have Hope",
  "ruthlessness": 0.4603763093512032,
  "seasAttr": [],
  "shakespearianism": 0.0924105103394042,
  "soul": 4,
  "state": {},
  "suppression": 0.05180596134093564,
  "tenaciousness": 0.42609749506327,
  "thwackability": 0.556,
  "totalFingers": 12,
  "tournamentTeamId": "9e42c12a-7561-42a2-b2d0-7cf81a817a5e",
  "tragicness": 0.1,
  "unthwackability": 0.5513377812966251,
  "watchfulness": 0.5471043339729548,
  "weekAttr": []
}