{
  "anticapitalism": 0.3469603430006694,
  "armor": "",
  "baseThirst": 0.8690630598490787,
  "baserunningRating": 0.44097750491701937,
  "bat": "ARM_CANNON",
  "blood": 8,
  "buoyancy": 0.7238111435577803,
  "chasiness": 1.1960269313923606,
  "cinnamon": 0.09111023582618528,
  "coffee": 8,
  "coldness": 1.6193007577226046,
  "continuation": 0.4662266760068119,
  "deceased": false,
  "defenseRating": 0.8682288631869919,
  "divinity": 0.35225361197729477,
  "fate": 12,
  "gameAttr": [],
  "groundFriction": 0.8818945269381331,
  "hitStreak": 0,
  "hittingRating": 0.5189974069440935,
  "id": "3af96a6b-866c-4b03-bc14-090acf6ecee5",
  "indulgence": 0.5716817401125811,
  "laserlikeness": 0.2671708033089475,
  "leagueTeamId": "c6c01051-cdd4-47d6-8a98-bb5b754f937f",
  "martyrdom": 0.439620087639228,
  "moxie": 0.7096743624281436,
  "musclitude": 0.4820265271229261,
  "name": "Axel Trololol",
  "omniscience": 0.8047442441120651,
  "overpowerment": 1.229625071185445,
  "patheticism": 0.19205201434874183,
  "peanutAllergy": true,
  "permAttr": [
    "HONEY_ROASTED",
    "SQUIDDISH",
    "RETIRED"
  ],
  "pitchingRating": 1.188556332333526,
  "pressurization": 0.3729562413771852,
  "ritual": "Remembering past lives",
  "ruthlessness": 0.9518058456763224,
  "seasAttr": [],
  "shakespearianism": 1.160939803685265,
  "soul": 2,
  "suppression": 1.6862234401221348,
  "tenaciousness": 0.9251061606086934,
  "thwackability": 0.5944207199679405,
  "totalFingers": 66,
  "tournamentTeamId": null,
  "tragicness": 0.1,
  "unthwackability": 1.3087018521578744,
  "watchfulness": 1.05833337358486,
  "weekAttr": [
    "LIBERATED"
  ]
}