{
  "_id": "3af96a6b-866c-4b03-bc14-090acf6ecee5",
  "anticapitalism": 0.11696034300066938,
  "armor": "",
  "baseThirst": 0.8690630598490787,
  "bat": "",
  "blood": 8,
  "buoyancy": 0.7238111435577803,
  "chasiness": 0.9660269313923606,
  "cinnamon": 0.09111023582618528,
  "coffee": 8,
  "coldness": 1.4393007577226045,
  "continuation": 0.4662266760068119,
  "deceased": false,
  "divinity": 0.35225361197729477,
  "fate": 20,
  "groundFriction": 0.8818945269381331,
  "indulgence": 0.5716817401125811,
  "laserlikeness": 0.2671708033089475,
  "martyrdom": 0.439620087639228,
  "moxie": 0.7096743624281436,
  "musclitude": 0.4820265271229261,
  "name": "Axel Trololol",
  "omniscience": 0.5747442441120652,
  "overpowerment": 1.049625071185445,
  "patheticism": 0.19205201434874183,
  "peanutAllergy": true,
  "pressurization": 0.3729562413771852,
  "ritual": "Remembering past lives",
  "ruthlessness": 0.7718058456763224,
  "shakespearianism": 0.9809398036852648,
  "soul": 2,
  "suppression": 1.5062234401221346,
  "tenaciousness": 0.6951061606086935,
  "thwackability": 0.5944207199679405,
  "totalFingers": 64,
  "tragicness": 0.1,
  "unthwackability": 1.1287018521578742,
  "watchfulness": 0.8283333735848599
}