{
  "_id": "3af96a6b-866c-4b03-bc14-090acf6ecee5",
  "anticapitalism": 0.11696034300066938,
  "baseThirst": 0.8690630598490787,
  "buoyancy": 0.7238111435577803,
  "chasiness": 0.9660269313923606,
  "coldness": 0.899300757722604,
  "continuation": 0.4662266760068119,
  "deceased": false,
  "divinity": 0.35225361197729477,
  "groundFriction": 0.8818945269381331,
  "indulgence": 0.5716817401125811,
  "laserlikeness": 0.2671708033089475,
  "martyrdom": 0.439620087639228,
  "moxie": 0.7096743624281436,
  "musclitude": 0.4820265271229261,
  "name": "Axel Trololol",
  "omniscience": 0.5747442441120652,
  "overpowerment": 0.5096250711854444,
  "patheticism": 0.19205201434874183,
  "pressurization": 0.3729562413771852,
  "ruthlessness": 0.2318058456763219,
  "shakespearianism": 0.4409398036852643,
  "soul": 2,
  "suppression": 0.966223440122134,
  "tenaciousness": 0.6951061606086935,
  "thwackability": 0.5944207199679405,
  "totalFingers": 10,
  "tragicness": 0,
  "unthwackability": 0.5887018521578737,
  "watchfulness": 0.8283333735848599
}