{
  "_id": "3afb30c1-1b12-466a-968a-5a9a21458c7f",
  "anticapitalism": 0.4963245840189991,
  "baseThirst": 0.24994519983871388,
  "buoyancy": 0.7908309357785261,
  "chasiness": 0.9993590578036596,
  "coldness": 0.2006372794486544,
  "continuation": 0.6553505489809683,
  "deceased": false,
  "divinity": 0.566381066690429,
  "groundFriction": 0.41498926450314166,
  "indulgence": 0.6275520833998429,
  "laserlikeness": 0.08736358760963703,
  "martyrdom": 0.12014330627420657,
  "moxie": 0.5071136758969605,
  "musclitude": 0.7679815095435585,
  "name": "Dickerson Greatness",
  "omniscience": 0.1726478509377933,
  "overpowerment": 0.18888391933484927,
  "patheticism": 0.7187967209157693,
  "pressurization": 0.7493053968226218,
  "ruthlessness": 0.22131743825962724,
  "shakespearianism": 0.5369435528239779,
  "soul": 3,
  "suppression": 0.393390715999131,
  "tenaciousness": 0.9865637906289042,
  "thwackability": 0.6813561721694963,
  "totalFingers": 10,
  "tragicness": 0,
  "unthwackability": 0.16848764144031847,
  "watchfulness": 0.8897649289467437
}