{
  "anticapitalism": 0.995308866750336,
  "baseThirst": 1.0094535149200412,
  "baserunningRating": 0.6198146708120277,
  "blood": 9,
  "buoyancy": 0.4123984039382341,
  "chasiness": 0.6479918135410426,
  "cinnamon": 1.1860671064237112,
  "coffee": 4,
  "coldness": 0.8280124945727381,
  "continuation": 0.28883373651201516,
  "deceased": false,
  "defenseRating": 0.7971276877320879,
  "divinity": 0.7543158796403936,
  "eDensity": 37.91371819197083,
  "evolution": 0,
  "fate": 30,
  "gameAttr": [],
  "groundFriction": 0.6698232893138099,
  "hitStreak": 0,
  "hittingRating": 0.7191289214940475,
  "id": "3c331c87-1634-46c4-87ce-e4b9c59e2969",
  "indulgence": 0.23797063191984524,
  "itemAttr": [],
  "items": [
    {
      "baserunningRating": 0.06863111552793844,
      "defenseRating": 0,
      "durability": 1,
      "forger": null,
      "forgerName": null,
      "health": 1,
      "hittingRating": 0,
      "id": "a7d9ab8c-a614-4312-919e-983664d51368",
      "name": "Paper Shoes",
      "pitchingRating": 0,
      "postPrefix": {
        "adjustments": [
          {
            "type": 3,
            "value": -3
          }
        ],
        "name": "Paper"
      },
      "prePrefix": null,
      "prefixes": null,
      "root": {
        "adjustments": [
          {
            "stat": 10,
            "type": 1,
            "value": 0.16587147348977954
          }
        ],
        "name": "Shoes"
      },
      "suffix": null
    }
  ],
  "laserlikeness": 0.709708706645626,
  "leagueTeamId": "979aee4a-6d80-4863-bf1c-ee1a78e06024",
  "martyrdom": 0.9172876654870784,
  "moxie": 0.307586161145502,
  "musclitude": 0.651342582015972,
  "name": "Yosh Carpenter",
  "omniscience": 0.4666146688483693,
  "overpowerment": 0.7156209571036672,
  "patheticism": 0.030928123995975,
  "peanutAllergy": false,
  "permAttr": [],
  "pitchingRating": 0.9944598902433834,
  "pressurization": 0.3186511553901601,
  "ritual": "Cartoons",
  "ruthlessness": 1.161606012263399,
  "seasAttr": [],
  "shakespearianism": 1.0181871248499874,
  "soul": 8,
  "state": {},
  "suppression": 0.9788834095601108,
  "tenaciousness": 1.11338550496608,
  "thwackability": 0.7362862058063327,
  "totalFingers": 12,
  "tournamentTeamId": "4d921519-410b-41e2-882e-9726a4e54a6a",
  "tragicness": 0.001,
  "unthwackability": 0.9755626884116576,
  "watchfulness": 0.5950365599352954,
  "weekAttr": []
}