{
  "_id": "3c331c87-1634-46c4-87ce-e4b9c59e2969",
  "anticapitalism": 0.7517446069624029,
  "armor": "",
  "baseThirst": 0.7590615305970849,
  "bat": "",
  "blood": 12,
  "buoyancy": 0.15189862592864078,
  "chasiness": 0.43928043406162537,
  "cinnamon": 0.9549484544663231,
  "coffee": 4,
  "coldness": 0.442682029031592,
  "continuation": 0.05354643520417768,
  "deceased": false,
  "divinity": 0.4988454673123228,
  "fate": 30,
  "groundFriction": 0.4320627161774584,
  "indulgence": 0.022051858969581065,
  "laserlikeness": 0.4264665290822065,
  "martyrdom": 0.6344140369782958,
  "moxie": 0.07010379417554158,
  "musclitude": 0.39764953197015585,
  "name": "Yosh Carpenter",
  "omniscience": 0.2650498359115216,
  "overpowerment": 0.29962440633678405,
  "patheticism": 0.26750604715790627,
  "peanutAllergy": false,
  "pressurization": 0.3186511553901601,
  "ritual": "Cartoons",
  "ruthlessness": 0.7041618372311503,
  "shakespearianism": 0.5541671465400396,
  "soul": 8,
  "suppression": 0.5006979983852374,
  "tenaciousness": 0.8841548120294404,
  "thwackability": 0.4908534455993456,
  "totalFingers": 11,
  "tragicness": 0.1,
  "unthwackability": 0.4928221848502993,
  "watchfulness": 0.3661231173107497
}