{
  "anticapitalism": 0.8144719112482496,
  "armor": "",
  "baseThirst": 0.8276194573836204,
  "baserunningRating": 0.3973769138724253,
  "bat": "",
  "blood": 9,
  "buoyancy": 0.22427866581588335,
  "chasiness": 0.5110078199478887,
  "cinnamon": 1.0139784537583232,
  "coffee": 4,
  "coldness": 0.6829548756152195,
  "continuation": 0.1081732397193205,
  "deceased": false,
  "defenseRating": 0.6655742742265919,
  "divinity": 0.5539652063757337,
  "fate": 30,
  "gameAttr": [],
  "groundFriction": 0.5101751601727961,
  "hitStreak": 0,
  "hittingRating": 0.5163575092966772,
  "id": "3c331c87-1634-46c4-87ce-e4b9c59e2969",
  "indulgence": 0.07622634396669577,
  "laserlikeness": 0.4898355256474115,
  "leagueTeamId": "b72f3061-f573-40d7-832a-5ad475bd7909",
  "martyrdom": 0.7117023713181533,
  "moxie": 0.11090341533254504,
  "musclitude": 0.44205036927867336,
  "name": "Yosh Carpenter",
  "omniscience": 0.3256784036660068,
  "overpowerment": 0.5420523736544021,
  "patheticism": 0.2054886448064912,
  "peanutAllergy": false,
  "permAttr": [],
  "pitchingRating": 0.7642493553704165,
  "pressurization": 0.3186511553901601,
  "ritual": "Cartoons",
  "ruthlessness": 0.9808146019956696,
  "seasAttr": [],
  "shakespearianism": 0.8025876112274433,
  "soul": 8,
  "suppression": 0.7697881609898709,
  "tenaciousness": 0.9618890241620096,
  "thwackability": 0.5508329782413124,
  "totalFingers": 12,
  "tournamentTeamId": "4d921519-410b-41e2-882e-9726a4e54a6a",
  "tragicness": 0.1,
  "unthwackability": 0.7592244015378945,
  "watchfulness": 0.41767045501816136,
  "weekAttr": []
}