{
  "anticapitalism": 0.687038390226802,
  "baseThirst": 0.9218711054928092,
  "baserunningRating": 0.5447037800971772,
  "blood": 12,
  "buoyancy": 0.27528414235390586,
  "chasiness": 1.043200610129423,
  "cinnamon": 0.931803112627278,
  "coffee": 12,
  "coldness": 0.3875887668934226,
  "continuation": 0.3749974627533497,
  "deceased": false,
  "defenseRating": 0.6998728181086413,
  "divinity": 0.6474664044158266,
  "eDensity": 29.479794131712666,
  "evolution": 0,
  "fate": 20,
  "gameAttr": [
    "WIRED"
  ],
  "groundFriction": 1.124388281948968,
  "hitStreak": 0,
  "hittingRating": 0.8101484260962039,
  "id": "3d293d6c-3a20-43ab-a895-2b7f1f28779f",
  "indulgence": 0.3717314613500467,
  "itemAttr": [],
  "items": [
    {
      "baserunningRating": 0,
      "defenseRating": 0,
      "durability": 1,
      "forger": null,
      "forgerName": null,
      "health": 1,
      "hittingRating": 0.03623389528147258,
      "id": "1f76c667-27a2-4595-9c8e-1e273a2f5dd0",
      "name": "Bat",
      "pitchingRating": 0,
      "postPrefix": null,
      "prePrefix": null,
      "prefixes": null,
      "root": {
        "adjustments": [
          {
            "stat": 2,
            "type": 1,
            "value": 0.11278704417696062
          }
        ],
        "name": "Bat"
      },
      "suffix": null
    }
  ],
  "laserlikeness": 0.436869721683002,
  "leagueTeamId": "d9f89a8a-c563-493e-9d64-78e4f9a55d4a",
  "martyrdom": 1.0077211221018476,
  "moxie": 0.9482671007280968,
  "musclitude": 1.0011005143912968,
  "name": "Slosh Truk",
  "omniscience": 0.885190700818825,
  "overpowerment": 0.7861593332661109,
  "patheticism": 0.001,
  "peanutAllergy": false,
  "permAttr": [],
  "pitchingRating": 0.7281027087997871,
  "pressurization": 0.18554214161819815,
  "ritual": "Mind reading",
  "ruthlessness": 0.996216161449104,
  "seasAttr": [],
  "shakespearianism": 0.5022327280140421,
  "soul": 5,
  "state": {},
  "suppression": 0.5303693066915375,
  "tenaciousness": 0.4408215315322111,
  "thwackability": 0.8555854966884732,
  "totalFingers": 10,
  "tournamentTeamId": null,
  "tragicness": 0.001,
  "unthwackability": 0.6877802389634149,
  "watchfulness": 0.2583706299910145,
  "weekAttr": []
}