{
  "anticapitalism": 0.5554212756792101,
  "armor": "",
  "baseThirst": 0.8035877553194423,
  "baserunningRating": 0.4227776117728018,
  "bat": "",
  "blood": 12,
  "buoyancy": 0.11729448142446228,
  "chasiness": 0.9459997601930356,
  "cinnamon": 0.8412299444313944,
  "coffee": 12,
  "coldness": 0.2661726908275591,
  "continuation": 0.2676601229474354,
  "deceased": false,
  "defenseRating": 0.580427682177227,
  "divinity": 0.5386748323143589,
  "eDensity": 26.09093314489631,
  "evolution": 0,
  "fate": 20,
  "gameAttr": [],
  "groundFriction": 1.0292514881255064,
  "hitStreak": 0,
  "hittingRating": 0.7080532983442435,
  "id": "3d293d6c-3a20-43ab-a895-2b7f1f28779f",
  "indulgence": 0.2581053631394966,
  "laserlikeness": 0.3168377051710079,
  "leagueTeamId": "d9f89a8a-c563-493e-9d64-78e4f9a55d4a",
  "martyrdom": 0.8752804982395349,
  "moxie": 0.8192941202279931,
  "musclitude": 0.8813150695934351,
  "name": "Slosh Truk",
  "omniscience": 0.7947309568214125,
  "overpowerment": 0.6425824020605418,
  "patheticism": 0.001,
  "peanutAllergy": false,
  "permAttr": [],
  "pitchingRating": 0.5874461426909149,
  "pressurization": 0.18554214161819815,
  "ritual": "Mind reading",
  "ruthlessness": 0.8632275159231207,
  "seasAttr": [],
  "shakespearianism": 0.39177103029304416,
  "soul": 5,
  "state": {},
  "suppression": 0.4358838183222956,
  "tenaciousness": 0.3247320842042543,
  "thwackability": 0.7482435083850079,
  "totalFingers": 10,
  "tournamentTeamId": null,
  "tragicness": 0.006305651096888604,
  "unthwackability": 0.5712057964424233,
  "watchfulness": 0.12401578630581044,
  "weekAttr": []
}