{
  "anticapitalism": 0.28104614596424216,
  "armor": "",
  "baseThirst": 0.5076155127197541,
  "bat": "",
  "blood": 12,
  "buoyancy": 0.15191824762970713,
  "chasiness": 0.4556388251629033,
  "cinnamon": 0.4886845667884898,
  "coffee": 9,
  "coldness": 0.3710727109863931,
  "continuation": 0.8427105803588308,
  "deceased": false,
  "divinity": 0.5852028995478774,
  "fate": 72,
  "gameAttr": [],
  "groundFriction": 0.845336780464834,
  "id": "3d3be7b8-1cbf-450d-8503-fce0daf46cbf",
  "indulgence": 0.12361336521504508,
  "laserlikeness": 0.7209032938864437,
  "martyrdom": 0.343988765851255,
  "moxie": 0.5878480504568543,
  "musclitude": 0.2640784517373386,
  "name": "Zack Sanders",
  "omniscience": 0.9782387882564298,
  "overpowerment": 0.6250483207560299,
  "patheticism": 0.060000000000000005,
  "peanutAllergy": true,
  "permAttr": [],
  "pressurization": 0.9398150163500756,
  "ritual": "Whispering",
  "ruthlessness": 0.8655077778554964,
  "seasAttr": [],
  "shakespearianism": 0.38844985034606183,
  "soul": 7,
  "suppression": 0.5431324916951554,
  "tenaciousness": 0.9687527513059512,
  "thwackability": 0.376524870900783,
  "totalFingers": 12,
  "tragicness": 0.1,
  "unthwackability": 0.2400266521784746,
  "watchfulness": 0.3016433179099727,
  "weekAttr": []
}