{
  "_id": "3d4545ed-6217-4d7a-9c4a-209265eb6404",
  "anticapitalism": 0.2339630281032223,
  "baseThirst": 0.22743149955753528,
  "bat": "",
  "buoyancy": 0.7403540994996214,
  "chasiness": 0.5514676396363198,
  "cinnamon": 0.021306623816545574,
  "coldness": 0.8700811996143536,
  "continuation": 0.9648030470547811,
  "deceased": false,
  "divinity": 0.7066252800232606,
  "fate": 3,
  "groundFriction": 0.9627015906498356,
  "indulgence": 0.9160096547299346,
  "laserlikeness": 0.5609405078696739,
  "martyrdom": 0.26671151480323374,
  "moxie": 0.9330691630594798,
  "musclitude": 0.8516921238466315,
  "name": "Tiana Cash",
  "omniscience": 0.4194539678329481,
  "overpowerment": 0.22457110086908005,
  "patheticism": 0.21057764953962788,
  "peanutAllergy": false,
  "pressurization": 0.384363988727366,
  "ruthlessness": 0.730940146776097,
  "shakespearianism": 0.3776134021418675,
  "soul": 3,
  "suppression": 0.7931187455896413,
  "tenaciousness": 0.4638578476164667,
  "thwackability": 0.7558122269330703,
  "totalFingers": 10,
  "tragicness": 0.1,
  "unthwackability": 0.03586883961628273,
  "watchfulness": 0.42304950280732023
}