{
  "anticapitalism": 0.9463451793173016,
  "armor": "",
  "baseThirst": 0.3244612035452261,
  "bat": "",
  "blood": 11,
  "buoyancy": 0.17679382449318415,
  "chasiness": 0.615263106638132,
  "cinnamon": 0.2001838478012985,
  "coffee": 4,
  "coldness": 0.08820131748630033,
  "continuation": 0.6641175408699853,
  "deceased": false,
  "divinity": 0.5566790516227804,
  "fate": 16,
  "groundFriction": 0.5550202495984489,
  "id": "3ebb5361-3895-4a50-801e-e7a0ee61750c",
  "indulgence": 0.1529439702591291,
  "laserlikeness": 0.5753191621144924,
  "martyrdom": 0.7770277614759022,
  "moxie": 0.538888437243477,
  "musclitude": 0.6138182405068282,
  "name": "Augusto Reddick",
  "omniscience": 0.1395592341073284,
  "overpowerment": 0.3907558755102869,
  "patheticism": 0.6535024293304097,
  "peanutAllergy": false,
  "pressurization": 0.7982122467762731,
  "ritual": "Bug-catching",
  "ruthlessness": 0.9477346539539112,
  "shakespearianism": 0.04320564157720996,
  "soul": 2,
  "suppression": 0.992262248019183,
  "tenaciousness": 0.1437075091215625,
  "thwackability": 0.37495709897109,
  "totalFingers": 10,
  "tragicness": 0.1,
  "unthwackability": 0.6859168236026425,
  "watchfulness": 0.4198470618780441
}