{
  "anticapitalism": 0.89782500359775,
  "baseThirst": 0.8487975799870104,
  "baserunningRating": 0.5357769966015674,
  "blood": 12,
  "buoyancy": 0.45161539241501014,
  "chasiness": 0.2743263765784507,
  "cinnamon": 0.5489391391863518,
  "coffee": 7,
  "coldness": 0.6666529344430687,
  "continuation": 0.7903343573155637,
  "deceased": false,
  "defenseRating": 0.4896500765577139,
  "divinity": 0.9040969978185815,
  "eDensity": 30.061045861450246,
  "evolution": 0,
  "fate": 88,
  "gameAttr": [],
  "groundFriction": 0.7231013848505421,
  "hitStreak": 0,
  "hittingRating": 0.27285576767401154,
  "id": "3f1ac16f-03c4-4a0f-8daf-6e54bbe12c30",
  "indulgence": 0.25601472834456596,
  "items": [],
  "laserlikeness": 0.4356646264500232,
  "leagueTeamId": "878c1bf6-0d21-4659-bfee-916c8314d69c",
  "martyrdom": 0.17618699686800388,
  "moxie": 0.6359829588437118,
  "musclitude": 0.5481592164890867,
  "name": "Drosophila Hojo",
  "omniscience": 0.40480530798839665,
  "overpowerment": 0.9031504611632752,
  "patheticism": 0.5065351624702104,
  "peanutAllergy": false,
  "permAttr": [],
  "pitchingRating": 0.42472371080245686,
  "pressurization": 0.5453375766354853,
  "ritual": "Listening to Them",
  "ruthlessness": 0.5432575673618301,
  "seasAttr": [],
  "shakespearianism": 0.3338922456753093,
  "soul": 9,
  "state": {},
  "suppression": 0.9205217284433866,
  "tenaciousness": 0.1569378099499823,
  "thwackability": 0.04187049368920537,
  "totalFingers": 10,
  "tournamentTeamId": null,
  "tragicness": 0.3190193461410833,
  "unthwackability": 0.38509164578087063,
  "watchfulness": 0.7969873564056464,
  "weekAttr": []
}