{
  "anticapitalism": 0.8975207785879713,
  "armor": "",
  "baseThirst": 1.045214971488416,
  "baserunningRating": 0.825611068595794,
  "bat": "",
  "blood": 0,
  "buoyancy": 0.5329217413833518,
  "chasiness": 0.35905177776945085,
  "cinnamon": 0.6293318163558832,
  "coffee": 0,
  "coldness": 1.2058402412681484,
  "continuation": 0.47964898219715346,
  "deceased": false,
  "defenseRating": 0.7336854525648245,
  "divinity": 0.5326039555599471,
  "fate": 38,
  "gameAttr": [],
  "groundFriction": 1.1991290568861617,
  "hitStreak": 0,
  "hittingRating": 0.6810284639805643,
  "id": "4029ea75-da91-4672-9fa5-ee32ec7fa713",
  "indulgence": 0.6316897385306219,
  "laserlikeness": 0.8272775402566126,
  "leagueTeamId": null,
  "martyrdom": 0.8166705026560779,
  "moxie": 1.0082317720776337,
  "musclitude": 0.8943615058885364,
  "name": "Jay Grayscale",
  "omniscience": 0.7583491156496569,
  "overpowerment": 0.6308120644947552,
  "patheticism": 0.028479783945240977,
  "peanutAllergy": false,
  "permAttr": [],
  "pitchingRating": 0.7258464644661193,
  "pressurization": 0.34246431361409835,
  "ritual": "Visualising",
  "ruthlessness": 0.6518477078802449,
  "seasAttr": [],
  "shakespearianism": 0.761254530333259,
  "soul": 3,
  "suppression": 0.7294056332982197,
  "tenaciousness": 0.9753623293394986,
  "thwackability": 0.6761134105643862,
  "totalFingers": 34,
  "tournamentTeamId": "3b0a289b-aebd-493c-bc11-96793e7216d5",
  "tragicness": 0.7386126675959179,
  "unthwackability": 0.891316925194972,
  "watchfulness": 0.25634636375349606,
  "weekAttr": []
}