{
  "anticapitalism": 0.8687014534526264,
  "baseThirst": 0.6617099079580403,
  "baserunningRating": 0.8357146184680808,
  "blood": 7,
  "buoyancy": 1.3270989541423348,
  "chasiness": 0.34786600182187943,
  "cinnamon": 0.6952573897475598,
  "coffee": 1,
  "coldness": 0.9198375952538348,
  "continuation": 1.3225727352179568,
  "deceased": false,
  "defenseRating": 0.5982570173765787,
  "divinity": 0.987448741972622,
  "eDensity": 37.60509155011693,
  "evolution": 0,
  "fate": 77,
  "gameAttr": [],
  "groundFriction": 0.6852170033218791,
  "hitStreak": 0,
  "hittingRating": 1.2636633556727683,
  "id": "405dfadf-d435-4307-82f6-8eba2287e87a",
  "indulgence": 0.653193154162619,
  "items": [],
  "laserlikeness": 0.8424121194531936,
  "leagueTeamId": "23e4cbc1-e9cd-47fa-a35b-bfa06f726cb7",
  "martyrdom": 1.9326401489045313,
  "moxie": 1.852606101849595,
  "musclitude": 1.6760919236795764,
  "name": "J-xo- B-c--ey",
  "omniscience": 0.5840733155250587,
  "overpowerment": 0.5812915666101756,
  "patheticism": 0.001,
  "peanutAllergy": true,
  "permAttr": [
    "FIRE_EATER",
    "SCATTERED"
  ],
  "pitchingRating": 0.6745209442135607,
  "pressurization": 0.5237241381954538,
  "ritual": "Lucid dreaming",
  "ruthlessness": 0.8449900042927585,
  "seasAttr": [],
  "shakespearianism": 0.5075029930900375,
  "soul": 7,
  "state": {
    "unscatteredName": "Jaxon Buckley"
  },
  "suppression": 1.1847845502553165,
  "tenaciousness": 0.39552053869301296,
  "thwackability": 1.4932686043361465,
  "totalFingers": 11,
  "tournamentTeamId": "70eab4ab-6cb1-41e7-ac8b-1050ee12eecc",
  "tragicness": 0.001,
  "unthwackability": 0.7045602464780645,
  "watchfulness": 0.3641855158624728,
  "weekAttr": []
}