{
  "anticapitalism": 0.8019411266304158,
  "armor": "",
  "baseThirst": 0.5852566126486083,
  "baserunningRating": 0.7691962125078197,
  "bat": "",
  "blood": 7,
  "buoyancy": 1.2471575877217769,
  "chasiness": 0.3047357293556098,
  "cinnamon": 0.6270366015191101,
  "coffee": 1,
  "coldness": 0.8429680806776847,
  "continuation": 1.2611885780137269,
  "deceased": false,
  "defenseRating": 0.546249195718462,
  "divinity": 0.9469937530479742,
  "eDensity": 36.01687817989003,
  "evolution": 0,
  "fate": 77,
  "gameAttr": [],
  "groundFriction": 0.6248902569251346,
  "hitStreak": 0,
  "hittingRating": 1.217246244839964,
  "id": "405dfadf-d435-4307-82f6-8eba2287e87a",
  "indulgence": 0.5744996594135996,
  "laserlikeness": 0.7716676548987822,
  "leagueTeamId": "23e4cbc1-e9cd-47fa-a35b-bfa06f726cb7",
  "martyrdom": 1.8572488067268516,
  "moxie": 1.784355965873272,
  "musclitude": 1.5990745574862966,
  "name": "Jaxon Buckley",
  "omniscience": 0.542757524422001,
  "overpowerment": 0.5285577787196262,
  "patheticism": 0.001,
  "peanutAllergy": true,
  "permAttr": [
    "FIRE_EATER"
  ],
  "pitchingRating": 0.612576658346615,
  "pressurization": 0.5237241381954538,
  "ritual": "Lucid dreaming",
  "ruthlessness": 0.7790701688346677,
  "seasAttr": [],
  "shakespearianism": 0.46606846324935947,
  "soul": 7,
  "state": {},
  "suppression": 1.1389711031659877,
  "tenaciousness": 0.318988881960423,
  "thwackability": 1.4279951527580983,
  "totalFingers": 11,
  "tournamentTeamId": "70eab4ab-6cb1-41e7-ac8b-1050ee12eecc",
  "tragicness": 0.001,
  "unthwackability": 0.6518555808668415,
  "watchfulness": 0.3229084748455622,
  "weekAttr": []
}