{
  "anticapitalism": 0.9887512380916216,
  "armor": "",
  "baseThirst": 0.2645950664838246,
  "baserunningRating": 0.6254649432056406,
  "bat": "",
  "blood": 7,
  "buoyancy": 0.4164224302061572,
  "chasiness": 0.8187214594823953,
  "cinnamon": 0.8362885399809838,
  "coffee": 10,
  "coldness": 0.8708535610110453,
  "continuation": 0.7069330255306616,
  "deceased": false,
  "defenseRating": 0.4423546008091387,
  "divinity": 0.14200273438379618,
  "eDensity": 20.717482536684223,
  "evolution": 1,
  "fate": 49,
  "gameAttr": [],
  "groundFriction": 0.32723879804679856,
  "hitStreak": 0,
  "hittingRating": 0.39873598388251497,
  "id": "409d1c96-760b-4a96-9a3c-481112ddf37b",
  "indulgence": 0.20800719504039455,
  "laserlikeness": 0.9363221854818176,
  "leagueTeamId": "d9f89a8a-c563-493e-9d64-78e4f9a55d4a",
  "martyrdom": 0.7671829786272597,
  "moxie": 0.6803092237460764,
  "musclitude": 0.5572256143848993,
  "name": "Niq Nyong'o",
  "omniscience": 0.15403276172002345,
  "overpowerment": 0.9186991601545612,
  "patheticism": 0.3895834429567075,
  "peanutAllergy": false,
  "permAttr": [],
  "pitchingRating": 0.35022769162902395,
  "pressurization": 0.7309416046329924,
  "ritual": "Paleontology",
  "ruthlessness": 0.7238393484477663,
  "seasAttr": [],
  "shakespearianism": 0.998891709876691,
  "soul": 4,
  "state": {},
  "suppression": 0.8237575197472236,
  "tenaciousness": 0.22136469489519772,
  "thwackability": 0.7126324266305126,
  "totalFingers": 10,
  "tournamentTeamId": null,
  "tragicness": 0.7764355203215547,
  "unthwackability": 0.16410971029397614,
  "watchfulness": 0.3048171185902995,
  "weekAttr": []
}