{
  "anticapitalism": 1.0652981918017097,
  "armor": "",
  "baseThirst": 0.3305339159846732,
  "baserunningRating": 0.6906057262936881,
  "bat": "",
  "blood": 7,
  "buoyancy": 0.4961916443615058,
  "chasiness": 0.8974887935387281,
  "cinnamon": 0.8982794960197543,
  "coffee": 10,
  "coldness": 0.9404354028788644,
  "continuation": 0.7532884061606253,
  "deceased": false,
  "defenseRating": 0.5053015589416644,
  "divinity": 0.21464907959526108,
  "eDensity": 20.717482536684223,
  "evolution": 1,
  "fate": 49,
  "gameAttr": [],
  "groundFriction": 0.381796852960102,
  "hitStreak": 0,
  "hittingRating": 0.4813169585297116,
  "id": "409d1c96-760b-4a96-9a3c-481112ddf37b",
  "indulgence": 0.2580883584805528,
  "laserlikeness": 1.0011628726350486,
  "leagueTeamId": "d9f89a8a-c563-493e-9d64-78e4f9a55d4a",
  "martyrdom": 0.8340879304071972,
  "moxie": 0.7284531589284324,
  "musclitude": 0.613026889195154,
  "name": "Niq Nyong'o",
  "omniscience": 0.20259702752801356,
  "overpowerment": 0.9662909166964972,
  "patheticism": 0.3247584318527326,
  "peanutAllergy": false,
  "permAttr": [],
  "pitchingRating": 0.41822896893148814,
  "pressurization": 0.7309416046329924,
  "ritual": "Paleontology",
  "ruthlessness": 0.7870146218659805,
  "seasAttr": [],
  "shakespearianism": 1.075053256408492,
  "soul": 4,
  "state": {},
  "suppression": 0.8811765262742914,
  "tenaciousness": 0.28072407512571307,
  "thwackability": 0.7608002646294268,
  "totalFingers": 10,
  "tournamentTeamId": null,
  "tragicness": 0.7343565036547121,
  "unthwackability": 0.2116202232125836,
  "watchfulness": 0.3508978434063807,
  "weekAttr": []
}