{
  "anticapitalism": 1.1698013822292717,
  "baseThirst": 0.4575782644685792,
  "baserunningRating": 0.8168253461521597,
  "blood": 7,
  "buoyancy": 0.6137274642122055,
  "chasiness": 0.9979439737371246,
  "cinnamon": 1.0384141026273543,
  "coffee": 10,
  "coldness": 1.093607852182681,
  "continuation": 0.8457084587110912,
  "deceased": false,
  "defenseRating": 0.6374447698989947,
  "divinity": 0.33420519691964745,
  "eDensity": 26.50909023399769,
  "evolution": 1,
  "fate": 49,
  "gameAttr": [],
  "groundFriction": 0.48671955499124886,
  "hitStreak": 0,
  "hittingRating": 0.6126275232407704,
  "id": "409d1c96-760b-4a96-9a3c-481112ddf37b",
  "indulgence": 0.37825430518628506,
  "items": [],
  "laserlikeness": 1.13164097371571,
  "leagueTeamId": "d9f89a8a-c563-493e-9d64-78e4f9a55d4a",
  "martyrdom": 0.9642957887418052,
  "moxie": 0.8444519843315,
  "musclitude": 0.7180529363648905,
  "name": "Niq Nyong'o",
  "omniscience": 0.3485739469185111,
  "overpowerment": 1.087268913942356,
  "patheticism": 0.23050947298736543,
  "peanutAllergy": false,
  "permAttr": [],
  "pitchingRating": 0.57725810842203,
  "pressurization": 0.7309416046329924,
  "ritual": "Paleontology",
  "ruthlessness": 0.9069100684129302,
  "seasAttr": [],
  "shakespearianism": 1.195589775071691,
  "soul": 4,
  "state": {},
  "suppression": 1.0044748456393506,
  "tenaciousness": 0.4078418428986867,
  "thwackability": 0.8781010369951974,
  "totalFingers": 10,
  "tournamentTeamId": null,
  "tragicness": 0.615223348790864,
  "unthwackability": 0.3375422136964951,
  "watchfulness": 0.469498190238715,
  "weekAttr": []
}