{
  "anticapitalism": 0.9424106990220424,
  "baseThirst": 0.4493548090224617,
  "baserunningRating": 0.6381442137176253,
  "blood": 0,
  "buoyancy": 0.0382352633397407,
  "chasiness": 0.024604110489190537,
  "cinnamon": 0.709433316661541,
  "coffee": 9,
  "coldness": 0.5470406742259386,
  "continuation": 0.8640764997037425,
  "deceased": false,
  "defenseRating": 0.5970193745579142,
  "divinity": 0.11011824257469029,
  "eDensity": 24.436796254733515,
  "evolution": 0,
  "fate": 47,
  "gameAttr": [],
  "groundFriction": 0.1279351299180964,
  "hitStreak": 0,
  "hittingRating": 0.25400911393227926,
  "id": "40a51b7f-0005-4577-8bef-859fc36f06d9",
  "indulgence": 0.284973228816362,
  "itemAttr": [],
  "items": [],
  "laserlikeness": 0.954224533650756,
  "leagueTeamId": "b63be8c2-576a-4d6e-8daf-814f8bcea96f",
  "martyrdom": 0.3129795519038794,
  "moxie": 0.5648096210472595,
  "musclitude": 0.5361712006363946,
  "name": "Wyatt Mason V",
  "omniscience": 0.6631558888965314,
  "overpowerment": 0.8917112348752945,
  "patheticism": 0.1339049000342558,
  "peanutAllergy": true,
  "permAttr": [
    "STATIC"
  ],
  "pitchingRating": 0.5732267627541122,
  "pressurization": 0.3015402230601105,
  "ritual": "OFFLINE",
  "ruthlessness": 0.5272430100970218,
  "seasAttr": [],
  "shakespearianism": 0.9299856380907496,
  "soul": 5,
  "state": {},
  "suppression": 0.8645952000351316,
  "tenaciousness": 0.8414155209227803,
  "thwackability": 0.2885907142270445,
  "totalFingers": 10,
  "tournamentTeamId": null,
  "tragicness": 0.9867544045856624,
  "unthwackability": 0.593445377732716,
  "watchfulness": 0.796863759571184,
  "weekAttr": []
}