{
  "_id": "40db1b0b-6d04-4851-adab-dd6320ad2ed9",
  "anticapitalism": 0.21002315106098624,
  "baseThirst": 0.26502490412271884,
  "buoyancy": 0.7316300552349944,
  "chasiness": 0.7201989170219494,
  "coldness": 0.8502771237734317,
  "continuation": 0.7302355080626568,
  "deceased": false,
  "divinity": 0.17657690683622085,
  "groundFriction": 0.8452167016961314,
  "indulgence": 0.306918879975717,
  "laserlikeness": 0.055910463803106936,
  "martyrdom": 0.9605042941428552,
  "moxie": 0.05337908345142406,
  "musclitude": 0.9695242460234784,
  "name": "Scrap Murphy",
  "omniscience": 0.1103274845748088,
  "overpowerment": 0.706752000039242,
  "patheticism": 0.9980167348275422,
  "pressurization": 0.7861551367020025,
  "ruthlessness": 0.6791907253668159,
  "shakespearianism": 0.6190060497488077,
  "soul": 2,
  "suppression": 0.704000871634997,
  "tenaciousness": 0.24744433850314615,
  "thwackability": 0.3304115760880797,
  "totalFingers": 10,
  "tragicness": 0,
  "unthwackability": 0.08594682640752138,
  "watchfulness": 0.9063435547884582
}