{
  "anticapitalism": 0.21002315106098624,
  "armor": "",
  "baseThirst": 0.26502490412271884,
  "baserunningRating": 0.1753156467829564,
  "bat": "",
  "blood": 10,
  "buoyancy": 0.7316300552349944,
  "chasiness": 0.7201989170219494,
  "cinnamon": 0.4140708899047203,
  "coffee": 9,
  "coldness": 0.8502771237734317,
  "continuation": 0.7302355080626568,
  "deceased": false,
  "defenseRating": 0.3989638040194192,
  "divinity": 0.17657690683622085,
  "eDensity": 0,
  "evolution": 0,
  "fate": 39,
  "gameAttr": [],
  "groundFriction": 0.8452167016961314,
  "hitStreak": 0,
  "hittingRating": 0.234873138516498,
  "id": "40db1b0b-6d04-4851-adab-dd6320ad2ed9",
  "indulgence": 0.306918879975717,
  "laserlikeness": 0.055910463803106936,
  "leagueTeamId": "c6c01051-cdd4-47d6-8a98-bb5b754f937f",
  "martyrdom": 0.9605042941428552,
  "moxie": 0.05337908345142406,
  "musclitude": 0.9695242460234784,
  "name": "Scrap Murphy",
  "omniscience": 0.1103274845748088,
  "overpowerment": 0.706752000039242,
  "patheticism": 0.99,
  "peanutAllergy": null,
  "permAttr": [
    "RETIRED"
  ],
  "pitchingRating": 0.22631335340977177,
  "pressurization": 0.7861551367020025,
  "ritual": null,
  "ruthlessness": 0.6791907253668159,
  "seasAttr": [],
  "shakespearianism": 0.6190060497488077,
  "soul": 2,
  "state": {},
  "suppression": 0.704000871634997,
  "tenaciousness": 0.24744433850314615,
  "thwackability": 0.3304115760880797,
  "totalFingers": 10,
  "tournamentTeamId": null,
  "tragicness": 0.1,
  "unthwackability": 0.08594682640752138,
  "watchfulness": 0.9063435547884582,
  "weekAttr": []
}