{
  "anticapitalism": 0.1806761777376403,
  "armor": "",
  "baseThirst": 0.43504420066831617,
  "baserunningRating": 0.5992725750662169,
  "bat": "",
  "blood": 11,
  "buoyancy": 0.899203578005858,
  "chasiness": 0.7260899365499712,
  "cinnamon": 0.05364920467718198,
  "coffee": 6,
  "coldness": 0.315098755383002,
  "continuation": 0.22036645205667593,
  "deceased": false,
  "defenseRating": 0.10231884940308318,
  "divinity": 0.5112170326989666,
  "eDensity": 32.18700366518673,
  "evolution": 0,
  "fate": 1,
  "gameAttr": [],
  "groundFriction": 0.1698155430226868,
  "hitStreak": 0,
  "hittingRating": 0.6174106908311566,
  "id": "413b3ddb-d933-4567-a60e-6d157480239d",
  "indulgence": 0.5217144057584484,
  "laserlikeness": 0.9320323367694748,
  "leagueTeamId": "36569151-a2fb-43c1-9df7-2df512424c82",
  "martyrdom": 0.025323644777969223,
  "moxie": 0.8824858604779486,
  "musclitude": 0.9395576915974624,
  "name": "Winnie Mccall",
  "omniscience": 0.01,
  "overpowerment": 0.6592533843263078,
  "patheticism": 0.9434706336757104,
  "peanutAllergy": true,
  "permAttr": [],
  "pitchingRating": 0.7077126940119335,
  "pressurization": 0.7607069416503645,
  "ritual": "Wearing lucky socks",
  "ruthlessness": 0.7195366920739805,
  "seasAttr": [],
  "shakespearianism": 0.8517299662506768,
  "soul": 9,
  "state": {},
  "suppression": 0.43284396486239296,
  "tenaciousness": 0.01,
  "thwackability": 0.9577502074685652,
  "totalFingers": 10,
  "tournamentTeamId": null,
  "tragicness": 0.1,
  "unthwackability": 0.8079289766320814,
  "watchfulness": 0.09586612336802476,
  "weekAttr": []
}