{
  "_id": "41949d4d-b151-4f46-8bf7-73119a48fac8",
  "anticapitalism": 0.4792417438598056,
  "baseThirst": 0.14786095098233476,
  "bat": "",
  "buoyancy": 0.7678101525547658,
  "chasiness": 0.28562353283574615,
  "cinnamon": 0.33524806409899455,
  "coldness": 1.0369826970951264,
  "continuation": 0.76237772510095,
  "deceased": false,
  "divinity": 0.7087813332493029,
  "fate": 5,
  "groundFriction": 0.2652755997585219,
  "indulgence": 0.8282869256962129,
  "laserlikeness": 0.3848086017381041,
  "martyrdom": 0.05243326458364783,
  "moxie": 0.5192355681141743,
  "musclitude": 0.7844626872333564,
  "name": "Ron Monstera",
  "omniscience": 0.35329252339564743,
  "overpowerment": 0.5983149386514891,
  "patheticism": 0.4345222798235589,
  "peanutAllergy": true,
  "pressurization": 0.10161413703908127,
  "ruthlessness": 0.4479467375960461,
  "shakespearianism": 0.9173657755663026,
  "soul": 7,
  "suppression": 0.46583975224698915,
  "tenaciousness": 0.7002194747983428,
  "thwackability": 0.9481050034073172,
  "totalFingers": 11,
  "tragicness": 0.1,
  "unthwackability": 0.3422030803719337,
  "watchfulness": 0.9123371842987292
}