{
  "anticapitalism": 0.6102430101916896,
  "baseThirst": 0.4033058951022514,
  "baserunningRating": 0.49958807772588,
  "blood": 11,
  "buoyancy": 0.8372825647096531,
  "chasiness": 0.7470021993315022,
  "cinnamon": 0.7588504085045449,
  "coffee": 7,
  "coldness": 0.4506135987487652,
  "continuation": 0.6291978390759894,
  "deceased": false,
  "defenseRating": 0.726382325823641,
  "divinity": 0.555626836827265,
  "eDensity": 26.96857883670336,
  "evolution": 0,
  "fate": 77,
  "gameAttr": [],
  "groundFriction": 0.3454611082452181,
  "hitStreak": 0,
  "hittingRating": 0.5215700539037067,
  "id": "41ad8060-2bbe-4872-a879-22cb102bb64c",
  "indulgence": 0.5203361455273781,
  "itemAttr": [],
  "items": [
    {
      "baserunningRating": 0,
      "defenseRating": 0,
      "durability": 1,
      "forger": null,
      "forgerName": null,
      "health": 0,
      "hittingRating": 0.020279775537404787,
      "id": "9e7bc3af-6507-4324-822f-82b75b0249df",
      "name": "Bat",
      "pitchingRating": 0,
      "postPrefix": null,
      "prePrefix": null,
      "prefixes": null,
      "root": {
        "adjustments": [
          {
            "stat": 2,
            "type": 1,
            "value": 0.10997328024445165
          }
        ],
        "name": "Bat"
      },
      "suffix": null
    }
  ],
  "laserlikeness": 0.4628104339675682,
  "leagueTeamId": "9debc64f-74b7-4ae1-a4d6-fce0144b6ea5",
  "martyrdom": 0.771858055794181,
  "moxie": 0.06660585088052626,
  "musclitude": 0.0691965630432749,
  "name": "Yrjö Kerfuffle",
  "omniscience": 1.0120123558336642,
  "overpowerment": 0.38033664619659824,
  "patheticism": 0.1394342615582225,
  "peanutAllergy": false,
  "permAttr": [],
  "pitchingRating": 0.10511366207582395,
  "pressurization": 0.9615341223584476,
  "ritual": "Jumping in mud",
  "ruthlessness": 0.155519391335025,
  "seasAttr": [],
  "shakespearianism": 0.12397269934579812,
  "soul": 7,
  "state": {},
  "suppression": 0.749233650134826,
  "tenaciousness": 0.6196581210389681,
  "thwackability": 0.9550654891950788,
  "totalFingers": 10,
  "tournamentTeamId": null,
  "tragicness": 0.7266493681881625,
  "unthwackability": 0.1033914955458457,
  "watchfulness": 0.22811406792914227,
  "weekAttr": []
}