{
  "anticapitalism": 0.5509767808310879,
  "armor": "",
  "baseThirst": 0.3633058951022514,
  "baserunningRating": 0.4600195896920255,
  "bat": "",
  "blood": 11,
  "buoyancy": 0.7972825647096531,
  "chasiness": 0.6871581097954409,
  "cinnamon": 0.7588504085045449,
  "coffee": 7,
  "coldness": 0.4506135987487652,
  "continuation": 0.5891978390759893,
  "deceased": false,
  "defenseRating": 0.6626315608435592,
  "divinity": 0.515626836827265,
  "eDensity": 25.644854841825044,
  "evolution": 0,
  "fate": 77,
  "gameAttr": [],
  "groundFriction": 0.3054611082452181,
  "hitStreak": 0,
  "hittingRating": 0.4357858790778832,
  "id": "41ad8060-2bbe-4872-a879-22cb102bb64c",
  "indulgence": 0.480336145527378,
  "laserlikeness": 0.42281043396756823,
  "leagueTeamId": "9debc64f-74b7-4ae1-a4d6-fce0144b6ea5",
  "martyrdom": 0.731858055794181,
  "moxie": 0.02660585088052625,
  "musclitude": 0.029196563043274892,
  "name": "Yrjö Kerfuffle",
  "omniscience": 0.9463073857126598,
  "overpowerment": 0.38033664619659824,
  "patheticism": 0.1794342615582225,
  "peanutAllergy": true,
  "permAttr": [],
  "pitchingRating": 0.10511366207582395,
  "pressurization": 0.9615341223584476,
  "ritual": "Jumping in mud",
  "ruthlessness": 0.155519391335025,
  "seasAttr": [],
  "shakespearianism": 0.12397269934579812,
  "soul": 7,
  "state": {},
  "suppression": 0.749233650134826,
  "tenaciousness": 0.5655963743841672,
  "thwackability": 0.9150654891950788,
  "totalFingers": 10,
  "tournamentTeamId": null,
  "tragicness": 0.7666493681881625,
  "unthwackability": 0.1033914955458457,
  "watchfulness": 0.15047124217134944,
  "weekAttr": []
}