{
  "anticapitalism": 0.4112862876164577,
  "baseThirst": 0.4985342990756842,
  "baserunningRating": 0.4946258551892298,
  "blood": 1,
  "buoyancy": 0.7914593936878758,
  "chasiness": 0.22636676007714795,
  "cinnamon": 0.6053448229541227,
  "coffee": 11,
  "coldness": 0.9653224978768056,
  "continuation": 0.41471186646462954,
  "deceased": false,
  "defenseRating": 0.6996969904099307,
  "divinity": 1.0365891367013944,
  "eDensity": 31.692568722967184,
  "evolution": 0,
  "fate": 75,
  "gameAttr": [],
  "groundFriction": 0.49459211256448254,
  "hitStreak": 0,
  "hittingRating": 0.9924000205663932,
  "id": "41bdb527-1fb2-487d-8237-093958e737e4",
  "indulgence": 0.9679031699312962,
  "itemAttr": [],
  "items": [
    {
      "baserunningRating": 0,
      "defenseRating": 0,
      "durability": 1,
      "forger": null,
      "forgerName": null,
      "health": 0,
      "hittingRating": 0.03383140853045896,
      "id": "32ed134c-c3e5-48c5-9c12-212a01d87f0a",
      "name": "Bat",
      "pitchingRating": 0,
      "postPrefix": null,
      "prePrefix": null,
      "prefixes": null,
      "root": {
        "adjustments": [
          {
            "stat": 2,
            "type": 1,
            "value": 0.10017977206598644
          }
        ],
        "name": "Bat"
      },
      "suffix": null
    }
  ],
  "laserlikeness": 0.388552320998009,
  "leagueTeamId": "b024e975-1c4a-4575-8936-a3754a08806a",
  "martyrdom": 0.9910691075345128,
  "moxie": 0.7705532923619426,
  "musclitude": 1.0233195763220335,
  "name": "Zephyr McCl--d",
  "omniscience": 0.6678480642756564,
  "overpowerment": 0.09908817728884232,
  "patheticism": 0.001,
  "peanutAllergy": false,
  "permAttr": [
    "SCATTERED"
  ],
  "pitchingRating": 0.3407869514011873,
  "pressurization": 0.8426444119712566,
  "ritual": "Discourse",
  "ruthlessness": 0.38279096433315607,
  "seasAttr": [],
  "shakespearianism": 0.6183463204733144,
  "soul": 7,
  "state": {
    "unscatteredName": "Zephyr McCloud"
  },
  "suppression": 1.0059617019480311,
  "tenaciousness": 0.9751969956693686,
  "thwackability": 0.996667890948318,
  "totalFingers": 10,
  "tournamentTeamId": null,
  "tragicness": 0.09418979163150798,
  "unthwackability": 0.552471708489687,
  "watchfulness": 0.7122018891770404,
  "weekAttr": []
}