{
  "anticapitalism": 0.4298848077855902,
  "baseThirst": 0.759632282765168,
  "baserunningRating": 0.31830891630784824,
  "blood": 12,
  "buoyancy": 0.7511693858810812,
  "chasiness": 0.9417560171116388,
  "cinnamon": 0.31628774365482065,
  "coffee": 11,
  "coldness": 0.13425101626609248,
  "continuation": 0.31068730636846986,
  "deceased": false,
  "defenseRating": 0.49669037165501334,
  "divinity": 0.3067236735229904,
  "eDensity": 23.535186874340628,
  "evolution": 0,
  "fate": 35,
  "gameAttr": [],
  "groundFriction": 0.25140889264743776,
  "hitStreak": 0,
  "hittingRating": 0.375356480545243,
  "id": "4204c2d1-ca48-4af7-b827-e99907f12d61",
  "indulgence": 0.7116665693005121,
  "itemAttr": [],
  "items": [],
  "laserlikeness": 0.19080106013036904,
  "leagueTeamId": "57ec08cc-0411-4643-b304-0e80dbc15ac7",
  "martyrdom": 0.3363270208697027,
  "moxie": 0.15420231839134335,
  "musclitude": 0.778421047665701,
  "name": "Axel Cardenas",
  "omniscience": 0.10245891664488128,
  "overpowerment": 0.23794760062457632,
  "patheticism": 0.5220831759577312,
  "peanutAllergy": true,
  "permAttr": [],
  "pitchingRating": 0.171813784969128,
  "pressurization": 0.13926191857500392,
  "ritual": "Playing pranks",
  "ruthlessness": 0.4001345584765872,
  "seasAttr": [],
  "shakespearianism": 0.17969964070643224,
  "soul": 7,
  "state": {},
  "suppression": 0.04486237379922517,
  "tenaciousness": 0.6736698417773345,
  "thwackability": 0.3702743617882017,
  "totalFingers": 12,
  "tournamentTeamId": null,
  "tragicness": 0.07778367854846358,
  "unthwackability": 0.147265644095425,
  "watchfulness": 0.4737761356289394,
  "weekAttr": []
}