{
  "anticapitalism": 0.607913002968727,
  "armor": "",
  "baseThirst": 0.33739081603870014,
  "baserunningRating": 0.6276878109767823,
  "bat": "",
  "blood": 1,
  "buoyancy": 0.6868325904112986,
  "chasiness": 0.39996617623049713,
  "cinnamon": 0.881540879685154,
  "coffee": 8,
  "coldness": 0.7774124888627569,
  "continuation": 0.6332206671626727,
  "deceased": false,
  "defenseRating": 0.8053225046482438,
  "divinity": 0.17746980367593146,
  "eDensity": 0,
  "evolution": 1,
  "fate": 67,
  "gameAttr": [],
  "groundFriction": 0.20859269824410925,
  "hitStreak": 0,
  "hittingRating": 0.2976575091323545,
  "id": "425f3f84-bab0-4cf2-91c1-96e78cf5cd02",
  "indulgence": 0.6253578523116768,
  "laserlikeness": 0.8062397029256781,
  "leagueTeamId": "8d87c468-699a-47a8-b40d-cfb73a5660ad",
  "martyrdom": 0.5741651702927348,
  "moxie": 0.8492250070737182,
  "musclitude": 0.2111148517575725,
  "name": "Luis Acevedo",
  "omniscience": 0.9941867408220676,
  "overpowerment": 0.2464138545162533,
  "patheticism": 0.6745795951727351,
  "peanutAllergy": false,
  "permAttr": [
    "FLINCH"
  ],
  "pitchingRating": 0.2696683661661037,
  "pressurization": 0.6939529114666245,
  "ritual": "Bells",
  "ruthlessness": 0.09934471617203068,
  "seasAttr": [],
  "shakespearianism": 0.7061657668830492,
  "soul": 2,
  "state": {},
  "suppression": 0.6082682787233777,
  "tenaciousness": 0.937888395020576,
  "thwackability": 0.31037888894061383,
  "totalFingers": 10,
  "tournamentTeamId": null,
  "tragicness": 0.1,
  "unthwackability": 0.7623084691996209,
  "watchfulness": 0.5427444597794127,
  "weekAttr": []
}