{
  "anticapitalism": 0.0984396066649528,
  "baseThirst": 0.8528039460381532,
  "baserunningRating": 0.7352310216634694,
  "blood": 1,
  "buoyancy": 0.7898086758758708,
  "chasiness": 0.937122624728352,
  "cinnamon": 0.6732533291497882,
  "coffee": 10,
  "coldness": 0.5004884953043349,
  "continuation": 0.4443475451948828,
  "deceased": true,
  "defenseRating": 0.4401252611888249,
  "divinity": 0.9175024391696674,
  "eDensity": 0,
  "evolution": 0,
  "fate": 77,
  "gameAttr": [],
  "groundFriction": 0.16717967752686985,
  "hitStreak": 0,
  "hittingRating": 0.5227634817445131,
  "id": "43bf6a6d-cc03-4bcf-938d-620e185433e1",
  "indulgence": 0.662752808106115,
  "itemAttr": [],
  "items": [],
  "laserlikeness": 1.0191221404258144,
  "leagueTeamId": null,
  "martyrdom": 0.5436308843515708,
  "moxie": 0.3466190034923066,
  "musclitude": 0.2217659178499058,
  "name": "Miguel Javier",
  "omniscience": 0.08690689963907754,
  "overpowerment": 0.05137544356599277,
  "patheticism": 0.09715667163077309,
  "peanutAllergy": true,
  "permAttr": [
    "INHABITING"
  ],
  "pitchingRating": 0.37205471398061135,
  "pressurization": 0.27976698814511813,
  "ritual": null,
  "ruthlessness": 0.2926475740610388,
  "seasAttr": [],
  "shakespearianism": 0.7974276295662059,
  "soul": 5,
  "state": {},
  "suppression": 0.697205430930145,
  "tenaciousness": 0.885824341901723,
  "thwackability": 0.3119557477212879,
  "totalFingers": 10,
  "tournamentTeamId": null,
  "tragicness": 0.1,
  "unthwackability": 0.9763444101730804,
  "watchfulness": 0.4988763670194591,
  "weekAttr": []
}