{
  "anticapitalism": 0.3912599165695024,
  "baseThirst": 0.43512332243231194,
  "baserunningRating": 0.3810846368251479,
  "blood": 11,
  "buoyancy": 0.7475119646516661,
  "chasiness": 0.5869778527606273,
  "cinnamon": 0.2373043273918027,
  "coffee": 1,
  "coldness": 0.01,
  "continuation": 0.01,
  "deceased": false,
  "defenseRating": 0.4200378408358611,
  "divinity": 0.8842188152854993,
  "eDensity": 28.862512909796752,
  "evolution": 0,
  "fate": 24,
  "gameAttr": [
    "WIRED"
  ],
  "groundFriction": 0.6209651397674067,
  "hitStreak": 0,
  "hittingRating": 0.7039115498964356,
  "id": "43d5da5f-c6a1-42f1-ab7f-50ea956b6cd5",
  "indulgence": 0.1425783893857014,
  "itemAttr": [],
  "items": [
    {
      "baserunningRating": 0,
      "defenseRating": 0,
      "durability": 1,
      "forger": null,
      "forgerName": null,
      "health": 0,
      "hittingRating": 0.03970373785011261,
      "id": "228a2cab-ba94-4258-944e-d395d9427363",
      "name": "Bat",
      "pitchingRating": 0,
      "postPrefix": null,
      "prePrefix": null,
      "prefixes": null,
      "root": {
        "adjustments": [
          {
            "stat": 2,
            "type": 1,
            "value": 0.13811399636902888
          }
        ],
        "name": "Bat"
      },
      "suffix": null
    }
  ],
  "laserlikeness": 0.6996747871741924,
  "leagueTeamId": "ca3f1c8c-c025-4d8e-8eef-5be6accbeb16",
  "martyrdom": 0.2205815868588838,
  "moxie": 0.20715133570185368,
  "musclitude": 0.3691415236600066,
  "name": "Justice Spoon",
  "omniscience": 0.07857801916636104,
  "overpowerment": 0.5066087489660211,
  "patheticism": 0.21,
  "peanutAllergy": false,
  "permAttr": [
    "ALTERNATE",
    "FIRE_EATER"
  ],
  "pitchingRating": 0.04675353098494877,
  "pressurization": 0.0320638002948348,
  "ritual": "Hyperventilating",
  "ruthlessness": 0.01,
  "seasAttr": [],
  "shakespearianism": 0.35546123084483877,
  "soul": 9,
  "state": {},
  "suppression": 0.535871530739088,
  "tenaciousness": 0.5414565856010596,
  "thwackability": 0.8137184941549409,
  "totalFingers": 12,
  "tournamentTeamId": "70eab4ab-6cb1-41e7-ac8b-1050ee12eecc",
  "tragicness": 0.1,
  "unthwackability": 0.16522226742735086,
  "watchfulness": 0.4112137864131143,
  "weekAttr": []
}