{
  "_id": "43d5da5f-c6a1-42f1-ab7f-50ea956b6cd5",
  "anticapitalism": 0.24384175025482596,
  "armor": "",
  "baseThirst": 0.736539775892687,
  "bat": "",
  "blood": 11,
  "buoyancy": 0.4120583523975747,
  "chasiness": 0.6077085056520016,
  "cinnamon": 0.2373043273918027,
  "coffee": 1,
  "coldness": 0.4818536804686277,
  "continuation": 0.760792570775179,
  "deceased": false,
  "divinity": 0.4846552788149958,
  "fate": 22,
  "groundFriction": 0.8621405191021299,
  "indulgence": 0.001106753128566007,
  "laserlikeness": 0.7312651196355311,
  "martyrdom": 0.19171130079548823,
  "moxie": 0.8116164813321702,
  "musclitude": 0.2092681556360367,
  "name": "Justice Spoon",
  "omniscience": 0.5926257106024105,
  "overpowerment": 1.0300839297171311,
  "patheticism": 0.6294838081325504,
  "peanutAllergy": true,
  "pressurization": 0.0320638002948348,
  "ritual": "Hyperventilating",
  "ruthlessness": 0.40451960768355505,
  "shakespearianism": 0.39616513979122975,
  "soul": 9,
  "suppression": 0.7509396769684745,
  "tenaciousness": 0.557839787714591,
  "thwackability": 0.5858216193375665,
  "totalFingers": 11,
  "tragicness": 0.1,
  "unthwackability": 0.2779516491374587,
  "watchfulness": 0.47126773051002674
}