{
  "_id": "446a3366-3fe3-41bb-bfdd-d8717f2152a9",
  "anticapitalism": 0.7900584390116281,
  "armor": "",
  "baseThirst": 0.999829518525033,
  "bat": "",
  "blood": 4,
  "buoyancy": 0.2402437509485413,
  "chasiness": 0.3033407168690281,
  "cinnamon": 0.7185472907665653,
  "coffee": 10,
  "coldness": 0.4606092864672331,
  "continuation": 0.3588535097069552,
  "deceased": false,
  "divinity": 0.3198775433045953,
  "fate": 4,
  "groundFriction": 0.23771843696684217,
  "indulgence": 0.8586169168278106,
  "laserlikeness": 0.04335543952305487,
  "martyrdom": 0.7782326076003518,
  "moxie": 0.12471959148226652,
  "musclitude": 0.7366839584894351,
  "name": "Marco Escobar",
  "omniscience": 0.4400984046835104,
  "overpowerment": 0.1638399520675462,
  "patheticism": 0.1548725118952934,
  "peanutAllergy": true,
  "pressurization": 0.5296558143768115,
  "ritual": "Glossolalia",
  "ruthlessness": 0.6515343165115921,
  "shakespearianism": 0.7457229392558686,
  "soul": 9,
  "suppression": 0.7140408866336094,
  "tenaciousness": 0.602139270058826,
  "thwackability": 0.12336781361992276,
  "totalFingers": 10,
  "tragicness": 0.1,
  "unthwackability": 0.49193292379553233,
  "watchfulness": 0.85487761364256
}