{
  "anticapitalism": 0.8429554005325335,
  "baseThirst": 1.0310392573403615,
  "baserunningRating": 0.2236681789781616,
  "blood": 4,
  "buoyancy": 0.2384198980762869,
  "chasiness": 0.3704528799441708,
  "cinnamon": 0.7301295891385435,
  "coffee": 10,
  "coldness": 0.4915294655908784,
  "continuation": 0.41059614318357074,
  "deceased": false,
  "defenseRating": 0.6976419463257459,
  "divinity": 0.7362146066892843,
  "eDensity": 32.60694686926202,
  "evolution": 0,
  "fate": 4,
  "gameAttr": [],
  "groundFriction": 0.27030212768049733,
  "hitStreak": 0,
  "hittingRating": 0.683336791621343,
  "id": "446a3366-3fe3-41bb-bfdd-d8717f2152a9",
  "indulgence": 0.9106942821758962,
  "items": [],
  "laserlikeness": 0.07863682594329856,
  "leagueTeamId": "9debc64f-74b7-4ae1-a4d6-fce0144b6ea5",
  "martyrdom": 0.35032426078357987,
  "moxie": 0.3349461095892871,
  "musclitude": 0.47339722060542394,
  "name": "Marco Escobar",
  "omniscience": 0.47322200511586504,
  "overpowerment": 0.2234798349468993,
  "patheticism": 0.7841554650229349,
  "peanutAllergy": true,
  "permAttr": [],
  "pitchingRating": 0.4820597786836092,
  "pressurization": 0.5996558143768116,
  "ritual": "Glossolalia",
  "ruthlessness": 0.687172089121569,
  "seasAttr": [],
  "shakespearianism": 0.7890294004216081,
  "soul": 9,
  "state": {},
  "suppression": 0.7750495235635962,
  "tenaciousness": 0.6526472802898755,
  "thwackability": 0.8988780497242449,
  "totalFingers": 12,
  "tournamentTeamId": null,
  "tragicness": 0.05016596807889081,
  "unthwackability": 0.5342958086050007,
  "watchfulness": 0.91685646095422,
  "weekAttr": []
}