{
  "_id": "44c92d97-bb39-469d-a13b-f2dd9ae644d1",
  "anticapitalism": 0.9548261150824005,
  "armor": "",
  "baseThirst": 0.6004330158801034,
  "bat": "",
  "blood": 7,
  "buoyancy": 0.19911815131744823,
  "chasiness": 0.3595038674718689,
  "cinnamon": 0.14620499034676993,
  "coffee": 4,
  "coldness": 0.9443426210398916,
  "continuation": 0.06553222990727492,
  "deceased": false,
  "divinity": 0.9777552523528412,
  "fate": 31,
  "groundFriction": 0.7660898833273468,
  "indulgence": 0.8228416473091715,
  "laserlikeness": 0.8944749011144015,
  "martyrdom": 0.09899614528119716,
  "moxie": 0.7455775804583571,
  "musclitude": 0.7153125943416156,
  "name": "Francisco Preston",
  "omniscience": 0.0939301318558452,
  "overpowerment": 0.28717617268904294,
  "patheticism": 0.5942175189522334,
  "peanutAllergy": true,
  "pressurization": 0.01022930954285428,
  "ritual": "Fishing for compliments",
  "ruthlessness": 0.37391101195849386,
  "shakespearianism": 0.5338930977186027,
  "soul": 2,
  "suppression": 0.06150925149619946,
  "tenaciousness": 0.6409168111282766,
  "thwackability": 0.7997550288454611,
  "totalFingers": 10,
  "tragicness": 0.1,
  "unthwackability": 0.932464171971542,
  "watchfulness": 0.6745417195894265
}