{
  "anticapitalism": 0.7909592900810505,
  "armor": "",
  "baseThirst": 0.45820315383945753,
  "baserunningRating": 0.5476843536260673,
  "bat": "",
  "blood": 7,
  "buoyancy": 0.06717075074772379,
  "chasiness": 0.21800004724944153,
  "cinnamon": 0.1259351014195224,
  "coffee": 4,
  "coldness": 0.8101066571119602,
  "continuation": 0.05141553393398229,
  "deceased": false,
  "defenseRating": 0.3939385918733714,
  "divinity": 0.8105695997282073,
  "fate": 31,
  "gameAttr": [],
  "groundFriction": 0.6006870525601432,
  "hitStreak": 0,
  "hittingRating": 0.6593545595453773,
  "id": "44c92d97-bb39-469d-a13b-f2dd9ae644d1",
  "indulgence": 0.6686927512905247,
  "laserlikeness": 0.7618249748379025,
  "martyrdom": 0.08554788896091133,
  "moxie": 0.6139657997072727,
  "musclitude": 0.571927490660981,
  "name": "Francisco Preston",
  "omniscience": 0.06284514839768443,
  "overpowerment": 0.14844252813761427,
  "patheticism": 0.7271417403129354,
  "peanutAllergy": true,
  "permAttr": [],
  "pitchingRating": 0.33196152021372494,
  "pressurization": 0.01022930954285428,
  "ritual": "Fishing for compliments",
  "ruthlessness": 0.22154934413373747,
  "seasAttr": [],
  "shakespearianism": 0.3913364458602703,
  "soul": 2,
  "suppression": 0.08221230909080163,
  "tenaciousness": 0.49990980152605646,
  "thwackability": 0.6515676419250023,
  "totalFingers": 13,
  "tragicness": 0.04409458619148634,
  "unthwackability": 0.7950500011890484,
  "watchfulness": 0.5288685563549675,
  "weekAttr": []
}