{
  "anticapitalism": 0.9344940330028476,
  "armor": "",
  "baseThirst": 0.5862777818706644,
  "baserunningRating": 0.7014556384386584,
  "bat": "",
  "blood": 6,
  "buoyancy": 0.21446827106554064,
  "chasiness": 0.31597937148197747,
  "cinnamon": 0.24633322325430437,
  "coffee": 4,
  "coldness": 0.9419368390440724,
  "continuation": 0.16880152007257984,
  "deceased": false,
  "defenseRating": 0.5561883844842801,
  "divinity": 0.918432788328239,
  "fate": 31,
  "gameAttr": [],
  "groundFriction": 0.7132454619366826,
  "hitStreak": 0,
  "hittingRating": 0.7784246990655214,
  "id": "44c92d97-bb39-469d-a13b-f2dd9ae644d1",
  "indulgence": 0.8225070049459211,
  "laserlikeness": 0.8694182228715551,
  "leagueTeamId": "7966eb04-efcc-499b-8f03-d13916330531",
  "martyrdom": 0.18244096031756224,
  "moxie": 0.7124750360668295,
  "musclitude": 0.6898733857192336,
  "name": "Francisco Preston",
  "omniscience": 0.19383617230366557,
  "overpowerment": 0.2978586662843144,
  "patheticism": 0.5956043564602751,
  "peanutAllergy": true,
  "permAttr": [],
  "pitchingRating": 0.4785600005184428,
  "pressurization": 0.01022930954285428,
  "ritual": "Fishing for compliments",
  "ruthlessness": 0.3376129346211899,
  "seasAttr": [],
  "shakespearianism": 0.5003445615419714,
  "soul": 2,
  "suppression": 0.19453898104909376,
  "tenaciousness": 0.638251515431977,
  "thwackability": 0.7797244364614662,
  "totalFingers": 13,
  "tournamentTeamId": "4d921519-410b-41e2-882e-9726a4e54a6a",
  "tragicness": 0.1,
  "unthwackability": 0.9044395239792896,
  "watchfulness": 0.6268022177234711,
  "weekAttr": []
}