{
  "anticapitalism": 0.9248261150824004,
  "armor": "",
  "baseThirst": 0.5704330158801034,
  "bat": "",
  "blood": 7,
  "buoyancy": 0.16911815131744826,
  "chasiness": 0.3295038674718689,
  "cinnamon": 0.07620499034676992,
  "coffee": 4,
  "coldness": 0.9143426210398916,
  "continuation": 0.03553222990727492,
  "deceased": false,
  "divinity": 0.9477552523528412,
  "fate": 31,
  "gameAttr": [],
  "groundFriction": 0.7360898833273468,
  "id": "44c92d97-bb39-469d-a13b-f2dd9ae644d1",
  "indulgence": 0.7928416473091715,
  "laserlikeness": 0.8644749011144015,
  "martyrdom": 0.06899614528119716,
  "moxie": 0.7155775804583571,
  "musclitude": 0.6853125943416156,
  "name": "Francisco Preston",
  "omniscience": 0.0639301318558452,
  "overpowerment": 0.2571761726890429,
  "patheticism": 0.6242175189522334,
  "peanutAllergy": true,
  "permAttr": [],
  "pressurization": 0.01022930954285428,
  "ritual": "Fishing for compliments",
  "ruthlessness": 0.34391101195849383,
  "seasAttr": [],
  "shakespearianism": 0.5038930977186027,
  "soul": 2,
  "suppression": 0.03150925149619946,
  "tenaciousness": 0.6109168111282766,
  "thwackability": 0.7697550288454611,
  "totalFingers": 11,
  "tragicness": 0.13,
  "unthwackability": 0.9024641719715418,
  "watchfulness": 0.6445417195894265,
  "weekAttr": []
}