{
  "anticapitalism": 0.9448261150824004,
  "armor": "",
  "baseThirst": 0.5904330158801034,
  "bat": "",
  "blood": 7,
  "buoyancy": 0.18911815131744825,
  "chasiness": 0.3495038674718689,
  "cinnamon": 0.07620499034676992,
  "coffee": 4,
  "coldness": 0.9343426210398916,
  "continuation": 0.05553222990727493,
  "deceased": false,
  "divinity": 0.9677552523528412,
  "fate": 31,
  "gameAttr": [],
  "groundFriction": 0.7560898833273468,
  "id": "44c92d97-bb39-469d-a13b-f2dd9ae644d1",
  "indulgence": 0.8128416473091715,
  "laserlikeness": 0.8844749011144015,
  "martyrdom": 0.08899614528119716,
  "moxie": 0.7355775804583571,
  "musclitude": 0.7053125943416156,
  "name": "Francisco Preston",
  "omniscience": 0.0839301318558452,
  "overpowerment": 0.27717617268904293,
  "patheticism": 0.6042175189522334,
  "peanutAllergy": true,
  "permAttr": [],
  "pressurization": 0.01022930954285428,
  "ritual": "Fishing for compliments",
  "ruthlessness": 0.36391101195849385,
  "seasAttr": [],
  "shakespearianism": 0.5238930977186027,
  "soul": 2,
  "suppression": 0.05150925149619946,
  "tenaciousness": 0.6309168111282766,
  "thwackability": 0.7897550288454611,
  "totalFingers": 12,
  "tragicness": 0.1,
  "unthwackability": 0.9224641719715418,
  "watchfulness": 0.6645417195894265,
  "weekAttr": []
}