{
  "anticapitalism": 1.013480734434763,
  "baseThirst": 0.6826504310851094,
  "baserunningRating": 0.7822787602923381,
  "blood": 6,
  "buoyancy": 0.2704964432186032,
  "chasiness": 0.424049493037615,
  "cinnamon": 0.3236079545463077,
  "coffee": 4,
  "coldness": 1.001845818424025,
  "continuation": 0.23856342858783353,
  "deceased": false,
  "defenseRating": 0.6417766182925398,
  "divinity": 0.9966568937382128,
  "eDensity": 24.27471618360967,
  "evolution": 0,
  "fate": 31,
  "gameAttr": [],
  "groundFriction": 0.7881205833232853,
  "hitStreak": 0,
  "hittingRating": 0.873524916685921,
  "id": "44c92d97-bb39-469d-a13b-f2dd9ae644d1",
  "indulgence": 0.9188771346346613,
  "itemAttr": [],
  "items": [
    {
      "baserunningRating": 0,
      "defenseRating": 0,
      "durability": 1,
      "forger": null,
      "forgerName": null,
      "health": 1,
      "hittingRating": 0.03732130535988243,
      "id": "0d64d7fa-d7eb-4a14-93ce-59bc4f0565a1",
      "name": "Bat",
      "pitchingRating": 0,
      "postPrefix": null,
      "prePrefix": null,
      "prefixes": null,
      "root": {
        "adjustments": [
          {
            "stat": 2,
            "type": 1,
            "value": 0.11384861788377788
          }
        ],
        "name": "Bat"
      },
      "suffix": null
    }
  ],
  "laserlikeness": 0.9384099574494338,
  "leagueTeamId": "7966eb04-efcc-499b-8f03-d13916330531",
  "martyrdom": 0.29210077726470857,
  "moxie": 0.7890437155672602,
  "musclitude": 0.7810199220383531,
  "name": "Francisco Presto-",
  "omniscience": 0.2795402063850539,
  "overpowerment": 0.41215235957079377,
  "patheticism": 0.5067516206395142,
  "peanutAllergy": false,
  "permAttr": [
    "SCATTERED"
  ],
  "pitchingRating": 0.5988077309591536,
  "pressurization": 0.01022930954285428,
  "ritual": "Fishing for compliments",
  "ruthlessness": 0.4399370482523479,
  "seasAttr": [],
  "shakespearianism": 0.607907449218698,
  "soul": 2,
  "state": {
    "unscatteredName": "Francisco Preston"
  },
  "suppression": 0.2736816119637542,
  "tenaciousness": 0.6981179379531753,
  "thwackability": 0.8979333776896447,
  "totalFingers": 13,
  "tournamentTeamId": "4d921519-410b-41e2-882e-9726a4e54a6a",
  "tragicness": 0.010833287955169114,
  "unthwackability": 0.9966381180270026,
  "watchfulness": 0.7242036372714861,
  "weekAttr": []
}