{
  "anticapitalism": 0.3321145099028779,
  "armor": "",
  "baseThirst": 0.8555870527228341,
  "baserunningRating": 0.5282641544407952,
  "bat": "",
  "blood": 3,
  "buoyancy": 0.9019004762380208,
  "chasiness": 0.4775235372143784,
  "cinnamon": 0.5113543720344277,
  "coffee": 2,
  "coldness": 0.2108219858512541,
  "continuation": 0.361782447763104,
  "deceased": false,
  "defenseRating": 0.5535037114469091,
  "divinity": 1.0106549718120157,
  "fate": 64,
  "gameAttr": [],
  "groundFriction": 0.23786882854027705,
  "hitStreak": 0,
  "hittingRating": 0.5645102712708296,
  "id": "4542f0b0-3409-4a4a-a9e1-e8e8e5d73fcf",
  "indulgence": 0.4258907053397549,
  "laserlikeness": 0.5577413023337671,
  "martyrdom": 0.4987876419160033,
  "moxie": 1.0176990368290386,
  "musclitude": 0.974430438392394,
  "name": "Brock Watson",
  "omniscience": 0.14418299245735428,
  "overpowerment": 0.6367644507086723,
  "patheticism": 0.41159269010822863,
  "peanutAllergy": true,
  "permAttr": [],
  "pitchingRating": 0.2659299281646428,
  "pressurization": 0.8073007979917786,
  "ritual": "Unknown",
  "ruthlessness": 0.18955581805907845,
  "seasAttr": [],
  "shakespearianism": 0.46207330507254873,
  "soul": 9,
  "suppression": 0.34703728593086125,
  "tenaciousness": 1.0452687336728113,
  "thwackability": 0.21748236094305903,
  "totalFingers": 10,
  "tragicness": 0.04667018449559618,
  "unthwackability": 0.3863786526751535,
  "watchfulness": 0.7492707014108433,
  "weekAttr": []
}