{
  "anticapitalism": 0.22077487404496288,
  "armor": "",
  "baseThirst": 0.3552869104106493,
  "baserunningRating": 0.3001078620857534,
  "bat": "",
  "blood": 7,
  "buoyancy": 0.35171437270186123,
  "chasiness": 0.5208497160588761,
  "cinnamon": 0.01989405801623501,
  "coffee": 5,
  "coldness": 0.8002528682051615,
  "continuation": 0.9307279959995058,
  "deceased": false,
  "defenseRating": 0.5356454473284703,
  "divinity": 0.17213895484293484,
  "eDensity": 26.30752273813401,
  "evolution": 0,
  "fate": 91,
  "gameAttr": [],
  "groundFriction": 0.6100050083283071,
  "hitStreak": 0,
  "hittingRating": 0.33258115721377235,
  "id": "4562ac1f-026c-472c-b4e9-ee6ff800d701",
  "indulgence": 0.6822067335167066,
  "laserlikeness": 0.1339135331614405,
  "leagueTeamId": "f02aeae2-5e6a-4098-9842-02d2273f25c7",
  "martyrdom": 0.8428524244302793,
  "moxie": 0.5413748328382837,
  "musclitude": 0.08442553277288845,
  "name": "Chris Koch",
  "omniscience": 0.6177909633880654,
  "overpowerment": 0.8809805511334665,
  "patheticism": 0.6192786883282362,
  "peanutAllergy": false,
  "permAttr": [],
  "pitchingRating": 0.30416878167686306,
  "pressurization": 0.4550288662690094,
  "ritual": "Astrology",
  "ruthlessness": 0.28274767343941387,
  "seasAttr": [],
  "shakespearianism": 0.3878421239034151,
  "soul": 8,
  "state": {},
  "suppression": 0.011598750097216117,
  "tenaciousness": 0.2616811491175819,
  "thwackability": 0.5632826376335034,
  "totalFingers": 10,
  "tournamentTeamId": null,
  "tragicness": 0.1,
  "unthwackability": 0.32264711854905004,
  "watchfulness": 0.6469699709081864,
  "weekAttr": []
}