{
  "anticapitalism": 0.2588954997085925,
  "baseThirst": 0.7339809589886563,
  "baserunningRating": 0.41531700593046583,
  "blood": 3,
  "buoyancy": 0.6404620753604466,
  "chasiness": 0.05,
  "cinnamon": 0.9972630339925648,
  "coffee": 4,
  "coldness": 0.01,
  "continuation": 0.538368995431408,
  "deceased": false,
  "defenseRating": 0.18587016710124415,
  "divinity": 0.3656748977628006,
  "eDensity": 22.734893160124997,
  "evolution": 0,
  "fate": 98,
  "gameAttr": [],
  "groundFriction": 0.041,
  "hitStreak": 0,
  "hittingRating": 0.32199512766040195,
  "id": "46721a07-7cd2-4839-982e-7046df6e8b66",
  "indulgence": 0.13201934470296442,
  "itemAttr": [],
  "items": [],
  "laserlikeness": 0.58982364156664,
  "leagueTeamId": "9debc64f-74b7-4ae1-a4d6-fce0144b6ea5",
  "martyrdom": 0.041,
  "moxie": 0.041,
  "musclitude": 0.17530422349446953,
  "name": "Stew Briggs",
  "omniscience": 0.1094455682501653,
  "overpowerment": 0.6183885591895397,
  "patheticism": 0.95,
  "peanutAllergy": false,
  "permAttr": [
    "REPEATING",
    "WANDERER"
  ],
  "pitchingRating": 0.038945293611459306,
  "pressurization": 0.13619251185564565,
  "ritual": "Grooming",
  "ruthlessness": 0.24087739993413665,
  "seasAttr": [],
  "shakespearianism": 0.15505059449374942,
  "soul": 8,
  "state": {},
  "suppression": 0.2548809654046355,
  "tenaciousness": 0.05,
  "thwackability": 0.5740269006803904,
  "totalFingers": 10,
  "tournamentTeamId": null,
  "tragicness": 0.26000000000000006,
  "unthwackability": 0.01,
  "watchfulness": 0.1269597382850262,
  "weekAttr": []
}