{
  "anticapitalism": 0.2981198096742552,
  "baseThirst": 0.7339809589886563,
  "baserunningRating": 0.41531700593046583,
  "blood": 3,
  "buoyancy": 0.6404620753604466,
  "chasiness": 0.06924603661191854,
  "cinnamon": 0.9972630339925648,
  "coffee": 4,
  "coldness": 0.01,
  "continuation": 0.538368995431408,
  "deceased": false,
  "defenseRating": 0.21831466954835,
  "divinity": 0.3656748977628006,
  "eDensity": 22.96200467725474,
  "evolution": 0,
  "fate": 98,
  "gameAttr": [],
  "groundFriction": 0.041,
  "hitStreak": 0,
  "hittingRating": 0.32199512766040195,
  "id": "46721a07-7cd2-4839-982e-7046df6e8b66",
  "indulgence": 0.13201934470296442,
  "itemAttr": [],
  "items": [
    {
      "baserunningRating": 0,
      "defenseRating": 0,
      "durability": 1,
      "forger": null,
      "forgerName": null,
      "health": 0,
      "hittingRating": 0.020454519306440377,
      "id": "ad4b368e-2db1-4c5f-bfb2-b12434150cb0",
      "name": "Bat",
      "pitchingRating": 0,
      "postPrefix": null,
      "prePrefix": null,
      "prefixes": null,
      "root": {
        "adjustments": [
          {
            "stat": 2,
            "type": 1,
            "value": 0.1104415784782734
          }
        ],
        "name": "Bat"
      },
      "suffix": null
    }
  ],
  "laserlikeness": 0.58982364156664,
  "leagueTeamId": "bfd38797-8404-4b38-8b82-341da28b1f83",
  "martyrdom": 0.041,
  "moxie": 0.041,
  "musclitude": 0.17530422349446953,
  "name": "Stew Briggs",
  "omniscience": 0.1342928303834559,
  "overpowerment": 0.6183885591895397,
  "patheticism": 0.95,
  "peanutAllergy": false,
  "permAttr": [
    "REPEATING",
    "WANDERER"
  ],
  "pitchingRating": 0.038945293611459306,
  "pressurization": 0.13619251185564565,
  "ritual": "Grooming",
  "ruthlessness": 0.24087739993413665,
  "seasAttr": [],
  "shakespearianism": 0.15505059449374942,
  "soul": 8,
  "state": {},
  "suppression": 0.2548809654046355,
  "tenaciousness": 0.06556459315784857,
  "thwackability": 0.5740269006803904,
  "totalFingers": 10,
  "tournamentTeamId": null,
  "tragicness": 0.26000000000000006,
  "unthwackability": 0.01,
  "watchfulness": 0.15367351918529315,
  "weekAttr": []
}