{
  "anticapitalism": 0.2188954997085925,
  "armor": "",
  "baseThirst": 0.6939809589886563,
  "baserunningRating": 0.2632627876449904,
  "bat": "",
  "blood": 3,
  "buoyancy": 0.6004620753604466,
  "chasiness": 0.01,
  "cinnamon": 0.9972630339925648,
  "coffee": 4,
  "coldness": 0.01,
  "continuation": 0.49836899543140806,
  "deceased": false,
  "defenseRating": 0.09914810382667824,
  "divinity": 0.3256748977628006,
  "eDensity": 20.15077181331337,
  "evolution": 0,
  "fate": 98,
  "gameAttr": [],
  "groundFriction": 0.001,
  "hitStreak": 0,
  "hittingRating": 0.1916112168187819,
  "id": "46721a07-7cd2-4839-982e-7046df6e8b66",
  "indulgence": 0.0920193447029644,
  "laserlikeness": 0.54982364156664,
  "leagueTeamId": "adc5b394-8f76-416d-9ce9-813706877b84",
  "martyrdom": 0.001,
  "moxie": 0.001,
  "musclitude": 0.13530422349446952,
  "name": "Stew Briggs",
  "omniscience": 0.06944556825016529,
  "overpowerment": 0.6183885591895397,
  "patheticism": 0.99,
  "peanutAllergy": true,
  "permAttr": [
    "REPEATING"
  ],
  "pitchingRating": 0.038945293611459306,
  "pressurization": 0.13619251185564565,
  "ritual": "Grooming",
  "ruthlessness": 0.24087739993413665,
  "seasAttr": [],
  "shakespearianism": 0.15505059449374942,
  "soul": 8,
  "state": {},
  "suppression": 0.2548809654046355,
  "tenaciousness": 0.01,
  "thwackability": 0.5340269006803904,
  "totalFingers": 10,
  "tournamentTeamId": null,
  "tragicness": 0.30000000000000004,
  "unthwackability": 0.01,
  "watchfulness": 0.08695973828502618,
  "weekAttr": []
}