{
  "anticapitalism": 0.5188954997085925,
  "armor": "",
  "baseThirst": 0.8939809589886563,
  "baserunningRating": 0,
  "bat": "",
  "blood": 3,
  "buoyancy": 0.8004620753604467,
  "chasiness": 0.010589861188425947,
  "cinnamon": 0.9972630339925648,
  "coffee": 4,
  "coldness": 0.05659943324848671,
  "continuation": 0.6983689954314081,
  "deceased": false,
  "defenseRating": 0,
  "divinity": 0.5256748977628006,
  "fate": 98,
  "gameAttr": [],
  "groundFriction": 0.18026554243822163,
  "hitStreak": 0,
  "hittingRating": 0,
  "id": "46721a07-7cd2-4839-982e-7046df6e8b66",
  "indulgence": 0.2920193447029644,
  "laserlikeness": 0.74982364156664,
  "martyrdom": 0.0852773401094836,
  "moxie": 0.01,
  "musclitude": 0.33530422349446953,
  "name": "Stew Briggs",
  "omniscience": 0.3694455682501653,
  "overpowerment": 0.8183885591895397,
  "patheticism": 0.9176643964027588,
  "peanutAllergy": true,
  "permAttr": [],
  "pitchingRating": 0,
  "pressurization": 0.13619251185564565,
  "ritual": "Grooming",
  "ruthlessness": 0.44087739993413666,
  "seasAttr": [],
  "shakespearianism": 0.3550505944937494,
  "soul": 8,
  "suppression": 0.4548809654046355,
  "tenaciousness": 0.2738928247616267,
  "thwackability": 0.7340269006803904,
  "totalFingers": 10,
  "tragicness": 0.1,
  "unthwackability": 0.06026424559764809,
  "watchfulness": 0.38695973828502617,
  "weekAttr": []
}