{
  "anticapitalism": 1.0950822656323331,
  "armor": "",
  "baseThirst": 0.7008251470997118,
  "baserunningRating": 0.8548598934962862,
  "bat": "",
  "blood": 0,
  "buoyancy": 0.44504479918361994,
  "chasiness": 0.3606855280765016,
  "cinnamon": 0.9689021449396842,
  "coffee": 0,
  "coldness": 0.8746344379568782,
  "continuation": 0.415121936307995,
  "deceased": false,
  "defenseRating": 0.8182749028340985,
  "divinity": 1.0474460756462256,
  "fate": 75,
  "gameAttr": [
    "WIRED"
  ],
  "groundFriction": 0.779550319104269,
  "hitStreak": 0,
  "hittingRating": 0.5880452822186008,
  "id": "478d91ef-1a6d-4bb3-9965-87cdcc4ad8db",
  "indulgence": 0.5293577724902914,
  "laserlikeness": 1.1166424217882367,
  "leagueTeamId": null,
  "martyrdom": 0.4084207086695917,
  "moxie": 0.5042814214127953,
  "musclitude": 0.7687103700883189,
  "name": "Road Kill",
  "omniscience": 1.2071723785011514,
  "overpowerment": 0.4632914014359413,
  "patheticism": 0.5197476893928308,
  "peanutAllergy": true,
  "permAttr": [],
  "pitchingRating": 0.5732825442433744,
  "pressurization": 0.6803242462525256,
  "ritual": "Spinning in circles",
  "ruthlessness": 0.478553839880012,
  "seasAttr": [],
  "shakespearianism": 0.6854277292171989,
  "soul": 6,
  "suppression": 0.9490362320937058,
  "tenaciousness": 0.6457421299359345,
  "thwackability": 0.3064767001836074,
  "totalFingers": 34,
  "tournamentTeamId": "3b0a289b-aebd-493c-bc11-96793e7216d5",
  "tragicness": 0.5325592426877943,
  "unthwackability": 0.8104996984146398,
  "watchfulness": 0.5607380484628219,
  "weekAttr": []
}