{
  "anticapitalism": 0.9142968447038808,
  "armor": "",
  "baseThirst": 1.0604586964107097,
  "baserunningRating": 0.9153592867425232,
  "bat": "",
  "blood": 0,
  "buoyancy": 1.202933950249393,
  "chasiness": 0.2506576626175242,
  "cinnamon": 0.7953007267054502,
  "coffee": 0,
  "coldness": 0.829235041111531,
  "continuation": 0.6632810418848136,
  "deceased": false,
  "defenseRating": 0.6135221906972859,
  "divinity": 0.7223164635145329,
  "fate": 74,
  "gameAttr": [],
  "groundFriction": 0.3922594716542824,
  "hitStreak": 0,
  "hittingRating": 0.8635541984113035,
  "id": "48a10ad6-6759-4661-80bf-9f9fe393162c",
  "indulgence": 0.6469056671805986,
  "laserlikeness": 1.182665795726242,
  "leagueTeamId": null,
  "martyrdom": 1.0173128461761205,
  "moxie": 0.7224639788604994,
  "musclitude": 0.9906859008411126,
  "name": "Roxetta Compass",
  "omniscience": 0.7660687756208031,
  "overpowerment": 0.4648918830077169,
  "patheticism": 0.03706694496807371,
  "peanutAllergy": true,
  "permAttr": [],
  "pitchingRating": 0.3990979958631862,
  "pressurization": 0.7537448922266343,
  "ritual": "Getting lost",
  "ruthlessness": 0.24928624587387216,
  "seasAttr": [],
  "shakespearianism": 0.5172607558547053,
  "soul": 4,
  "suppression": 0.3937621220619971,
  "tenaciousness": 0.3080857401507019,
  "thwackability": 0.9839682752919784,
  "totalFingers": 34,
  "tournamentTeamId": "3b0a289b-aebd-493c-bc11-96793e7216d5",
  "tragicness": 0.054573533229576136,
  "unthwackability": 0.7013245836209587,
  "watchfulness": 0.5919102101361269,
  "weekAttr": []
}