{
  "anticapitalism": 0.7660349111879727,
  "baseThirst": 0.5756161287433212,
  "baserunningRating": 0.5159994687831387,
  "blood": 11,
  "buoyancy": 0.6168367609383341,
  "chasiness": 0.029136255995068527,
  "cinnamon": 0.25513600156150584,
  "coffee": 4,
  "coldness": 0.9779407859297048,
  "continuation": 0.25243389188873033,
  "deceased": false,
  "defenseRating": 0.2898425265924381,
  "divinity": 0.9685795865385394,
  "eDensity": 28.947754503662445,
  "evolution": 0,
  "fate": 54,
  "gameAttr": [],
  "groundFriction": 0.435038464515626,
  "hitStreak": 0,
  "hittingRating": 0.5080815613073152,
  "id": "48d07a64-9ea2-4b9e-8046-6901ad398490",
  "indulgence": 0.04861010782870823,
  "itemAttr": [],
  "items": [],
  "laserlikeness": 0.8468208397454287,
  "leagueTeamId": "bb4a9de5-c924-4923-a0cb-9d1445f1ee5d",
  "martyrdom": 0.3076357435236466,
  "moxie": 0.3033158799420495,
  "musclitude": 0.21782220111092387,
  "name": "Dulce Schofield",
  "omniscience": 0.10940043299804604,
  "overpowerment": 0.96049066693347,
  "patheticism": 0.6281063933808418,
  "peanutAllergy": false,
  "permAttr": [],
  "pitchingRating": 0.6093374462644829,
  "pressurization": 0.6307858685412036,
  "ritual": "Knitting",
  "ruthlessness": 0.6633144615589208,
  "seasAttr": [],
  "shakespearianism": 0.12822363353052932,
  "soul": 8,
  "state": {},
  "suppression": 0.6013466266804162,
  "tenaciousness": 0.20202549565960704,
  "thwackability": 0.3321012640822573,
  "totalFingers": 10,
  "tournamentTeamId": null,
  "tragicness": 0.28221862132646736,
  "unthwackability": 0.787921542941213,
  "watchfulness": 0.383785283908854,
  "weekAttr": []
}