{
  "anticapitalism": 0.4273089325674563,
  "armor": "",
  "baseThirst": 0.9963490564110628,
  "bat": "",
  "blood": 8,
  "buoyancy": 0.5647967078680627,
  "chasiness": 0.4803739447535905,
  "cinnamon": 0.423816472847075,
  "coffee": 13,
  "coldness": 0.885546103028737,
  "continuation": 0.2449888489662629,
  "deceased": false,
  "divinity": 0.2807021373805849,
  "fate": 65,
  "gameAttr": [],
  "groundFriction": 1.0842706162110816,
  "id": "493a83de-6bcf-41a1-97dd-cc5e150548a3",
  "indulgence": 0.5438526602843744,
  "laserlikeness": 0.902331201285781,
  "martyrdom": 0.6787348768031669,
  "moxie": 0.9879067708201228,
  "musclitude": 0.14545006958183815,
  "name": "Boyfriend Monreal",
  "omniscience": 1.1170541197967532,
  "overpowerment": 0.1782018013225244,
  "patheticism": 0.24646172533180025,
  "peanutAllergy": false,
  "permAttr": [],
  "pressurization": 0.4172155226706238,
  "ritual": "Getting organized",
  "ruthlessness": 0.214613911632201,
  "seasAttr": [],
  "shakespearianism": 0.6733931178297228,
  "soul": 4,
  "suppression": 0.23513000681104157,
  "tenaciousness": 0.3946929215300695,
  "thwackability": 0.5420011136369189,
  "totalFingers": 10,
  "tragicness": 0.1,
  "unthwackability": 0.7551237722464466,
  "watchfulness": 0.7378273692493681,
  "weekAttr": []
}