{
  "_id": "4941976e-31fc-49b5-801a-18abe072178b",
  "anticapitalism": 0.9479515826247508,
  "baseThirst": 0.16767307567689316,
  "bat": "",
  "buoyancy": 0.0675675982002153,
  "chasiness": 0.74539677152454,
  "cinnamon": 0.949865841875804,
  "coldness": 0.7869255934411592,
  "continuation": 0.5810692168902463,
  "deceased": false,
  "divinity": 0.4680872954436093,
  "fate": 38,
  "groundFriction": 0.9753718821098653,
  "indulgence": 0.07446473761435679,
  "laserlikeness": 0.5500785966604405,
  "martyrdom": 0.6386141947816,
  "moxie": 0.8788316867811434,
  "musclitude": 0.5256353699365734,
  "name": "Sebastian Sunshine",
  "omniscience": 0.534274822822997,
  "overpowerment": 0.45995428588353815,
  "patheticism": 0.5609297151058139,
  "peanutAllergy": false,
  "pressurization": 0.8987735111304969,
  "ruthlessness": 0.9412385580239412,
  "shakespearianism": 0.6624951099396303,
  "soul": 5,
  "suppression": 0.07188957481919322,
  "tenaciousness": 0.8360137558629352,
  "thwackability": 0.26518099789633065,
  "totalFingers": 10,
  "tragicness": 0.1,
  "unthwackability": 0.5588289745813522,
  "watchfulness": 0.11865463882493944
}