{
  "_id": "495a6bdc-174d-4ad6-8d51-9ee88b1c2e4a",
  "anticapitalism": 0.808166728825807,
  "baseThirst": 0.10694558708843573,
  "bat": "",
  "buoyancy": 0.6451035814472448,
  "chasiness": 0.48942948022304855,
  "cinnamon": 0.9285907422216512,
  "coldness": 0.06804808801882811,
  "continuation": 0.9321651593592796,
  "deceased": false,
  "divinity": 0.07862779835371558,
  "fate": 90,
  "groundFriction": 0.6947566164733805,
  "indulgence": 0.7726929908220324,
  "laserlikeness": 0.26385605232103004,
  "martyrdom": 0.4380754657485555,
  "moxie": 0.3892247006208556,
  "musclitude": 0.5642664320606723,
  "name": "Shaquille Torres",
  "omniscience": 0.801807485750339,
  "overpowerment": 0.4517341882191519,
  "patheticism": 0.14542408353361955,
  "peanutAllergy": true,
  "pressurization": 0.04403969315391531,
  "ruthlessness": 0.057030609035769064,
  "shakespearianism": 0.3488750027845302,
  "soul": 2,
  "suppression": 0.7874995591424525,
  "tenaciousness": 0.5777811110143323,
  "thwackability": 0.690346473358024,
  "totalFingers": 10,
  "tragicness": 0.1,
  "unthwackability": 0.3935249989882035,
  "watchfulness": 0.7424272341627114
}