{
  "anticapitalism": 0.9381434000677544,
  "baseThirst": 0.61485193319413,
  "baserunningRating": 0.426199277081202,
  "blood": 10,
  "buoyancy": 0.5995978259367746,
  "chasiness": 0.5525394340084501,
  "cinnamon": 0.1438178462815914,
  "coffee": 2,
  "coldness": 0.8604645162707473,
  "continuation": 1.01242291680698,
  "deceased": false,
  "defenseRating": 0.7187131077367354,
  "divinity": 0.7814323542622998,
  "eDensity": 25.806086579011563,
  "evolution": 1,
  "fate": 37,
  "gameAttr": [],
  "groundFriction": 0.8261007687747192,
  "hitStreak": 0,
  "hittingRating": 0.6846852647805368,
  "id": "4a95d9d8-3dcc-488d-b1cb-19690271ae4c",
  "indulgence": 0.09331691792254096,
  "items": [],
  "laserlikeness": 0.3334265915759586,
  "leagueTeamId": "d9f89a8a-c563-493e-9d64-78e4f9a55d4a",
  "martyrdom": 0.8546955833885346,
  "moxie": 0.31338622689794376,
  "musclitude": 0.39710583646939446,
  "name": "Frankie Hambone",
  "omniscience": 0.7170649574235584,
  "overpowerment": 0.9162730399720858,
  "patheticism": 0.001,
  "peanutAllergy": false,
  "permAttr": [],
  "pitchingRating": 0.7141290045460342,
  "pressurization": 0.19778139305400289,
  "ritual": "Chanting",
  "ruthlessness": 0.7273595479133529,
  "seasAttr": [],
  "shakespearianism": 0.8342864250561743,
  "soul": 4,
  "state": {},
  "suppression": 0.974187235479289,
  "tenaciousness": 0.7703533267749643,
  "thwackability": 0.726481753054741,
  "totalFingers": 10,
  "tournamentTeamId": null,
  "tragicness": 0.8794442335676904,
  "unthwackability": 0.7055809932562446,
  "watchfulness": 0.23250174968503193,
  "weekAttr": []
}