{
  "anticapitalism": 0.3063351547936324,
  "armor": "",
  "baseThirst": 0.9263504829182558,
  "baserunningRating": 0.7535984164067322,
  "bat": "",
  "blood": 7,
  "buoyancy": 0.4451734174439501,
  "chasiness": 0.22848994627148045,
  "cinnamon": 0.13152394606521622,
  "coffee": 2,
  "coldness": 0.46593051401116536,
  "continuation": 0.2845966075720774,
  "deceased": false,
  "defenseRating": 0.47722529351753007,
  "divinity": 0.9913164429251676,
  "eDensity": 0,
  "evolution": 0,
  "fate": 96,
  "gameAttr": [],
  "groundFriction": 0.9567270004037955,
  "hitStreak": 0,
  "hittingRating": 0.1827679894429677,
  "id": "4aa843a4-baa1-4f35-8748-63aa82bd0e03",
  "indulgence": 0.4857774676873614,
  "laserlikeness": 0.8642390081316078,
  "leagueTeamId": "b63be8c2-576a-4d6e-8daf-814f8bcea96f",
  "martyrdom": 0.48700312160620407,
  "moxie": 0.9550086624806324,
  "musclitude": 0.7079369707621983,
  "name": "Aureliano Dollie",
  "omniscience": 0.5964473984787102,
  "overpowerment": 0.774851871401788,
  "patheticism": 0.557397338699976,
  "peanutAllergy": true,
  "permAttr": [],
  "pitchingRating": 0.14931942926261318,
  "pressurization": 0.9948837210634108,
  "ritual": "Fixating on their impending death",
  "ruthlessness": 0.21014434324721057,
  "seasAttr": [],
  "shakespearianism": 0.04008020959126712,
  "soul": 3,
  "state": {},
  "suppression": 0.19862012786396943,
  "tenaciousness": 0.1664697564580584,
  "thwackability": 0.010025157536496687,
  "totalFingers": 10,
  "tournamentTeamId": null,
  "tragicness": 0.1,
  "unthwackability": 0.16574896264669525,
  "watchfulness": 0.8878827473983248,
  "weekAttr": []
}