{
  "anticapitalism": 0.7711109224526203,
  "armor": "",
  "baseThirst": 0.30854314693090323,
  "baserunningRating": 0.27335212402417464,
  "bat": "",
  "blood": 6,
  "buoyancy": 0.8695079909999013,
  "chasiness": 0.513808952267512,
  "cinnamon": 0.9933450561886792,
  "coffee": 6,
  "coldness": 0.4354487468932957,
  "continuation": 0.1084144552134496,
  "deceased": false,
  "defenseRating": 0.4137249897016073,
  "divinity": 0.4534017217265216,
  "eDensity": 23.12927668324729,
  "evolution": 1,
  "fate": 30,
  "gameAttr": [],
  "groundFriction": 0.0566989225237331,
  "hitStreak": 0,
  "hittingRating": 0.5508695105548371,
  "id": "4b01cc3f-c59f-486d-9c00-b8a82624e620",
  "indulgence": 0.673079815249604,
  "laserlikeness": 0.2832931097965594,
  "leagueTeamId": "d9f89a8a-c563-493e-9d64-78e4f9a55d4a",
  "martyrdom": 0.9176414447814424,
  "moxie": 0.718752631916806,
  "musclitude": 0.4852625951903333,
  "name": "Siobhan Chark",
  "omniscience": 0.1885696193704709,
  "overpowerment": 0.7689976544130337,
  "patheticism": 0.07361282172547412,
  "peanutAllergy": false,
  "permAttr": [
    "SWIM_BLADDER"
  ],
  "pitchingRating": 0.35195004475470787,
  "pressurization": 0.2080057206631163,
  "ritual": "Listening to Them",
  "ruthlessness": 0.4160285895415685,
  "seasAttr": [],
  "shakespearianism": 0.7916740206521939,
  "soul": 6,
  "state": {},
  "suppression": 0.9514207973250935,
  "tenaciousness": 0.12687021248800878,
  "thwackability": 0.5134877658539314,
  "totalFingers": 10,
  "tournamentTeamId": null,
  "tragicness": 0.14704017480873954,
  "unthwackability": 0.29527717208135895,
  "watchfulness": 0.6479421508902923,
  "weekAttr": []
}