{
  "anticapitalism": 0.43476098773778127,
  "baseThirst": 1.0085199879731386,
  "baserunningRating": 0.30764605466278433,
  "blood": 1,
  "buoyancy": 0.44544332250825613,
  "chasiness": 0.5606827423149483,
  "cinnamon": 0.361914892751969,
  "coffee": 5,
  "coldness": 0.001,
  "continuation": 0.8524138916718511,
  "deceased": false,
  "defenseRating": 0.6360977732720915,
  "divinity": 1.0742767337536034,
  "eDensity": 35.53448487083628,
  "evolution": 0,
  "fate": 7,
  "gameAttr": [],
  "groundFriction": 0.23361660804295373,
  "hitStreak": 0,
  "hittingRating": 0.8509128301176015,
  "id": "4b3e8e9b-6de1-4840-8751-b1fb45dc5605",
  "indulgence": 0.5164833699330229,
  "items": [],
  "laserlikeness": 0.14890993802673202,
  "leagueTeamId": "36569151-a2fb-43c1-9df7-2df512424c82",
  "martyrdom": 0.08983913615939274,
  "moxie": 0.4067875539460366,
  "musclitude": 0.5634463943045961,
  "name": "Thomas Dracaena",
  "omniscience": 0.493794268793665,
  "overpowerment": 0.6612732342621184,
  "patheticism": 0.13339205493686976,
  "peanutAllergy": false,
  "permAttr": [
    "MAXIMALIST"
  ],
  "pitchingRating": 0.1273177874092043,
  "pressurization": 0.8461832410281835,
  "ritual": "Healing",
  "ruthlessness": 0.8762512708275401,
  "seasAttr": [],
  "shakespearianism": 0.001,
  "soul": 8,
  "state": {},
  "suppression": 0.7540418123886461,
  "tenaciousness": 0.7617848256258359,
  "thwackability": 0.9507315090738794,
  "totalFingers": 10,
  "tournamentTeamId": "e3f90fa1-0bbe-40df-88ce-578d0723a23b",
  "tragicness": 0.25916965132208714,
  "unthwackability": 0.11469934906890232,
  "watchfulness": 0.314422974800154,
  "weekAttr": []
}