{
  "anticapitalism": 0.5862425562040094,
  "armor": "",
  "baseThirst": 0.9892174632016112,
  "bat": "",
  "blood": 1,
  "buoyancy": 0.5406200699178362,
  "chasiness": 0.8119728335639256,
  "cinnamon": 0.5453956914094988,
  "coffee": 5,
  "coldness": 0.14446542274228902,
  "continuation": 0.9849154430566738,
  "deceased": false,
  "divinity": 1.1807991219342948,
  "fate": 7,
  "gameAttr": [],
  "groundFriction": 0.4302120172149823,
  "hitStreak": 0,
  "id": "4b3e8e9b-6de1-4840-8751-b1fb45dc5605",
  "indulgence": 0.6255266951997311,
  "laserlikeness": 0.05405741937251807,
  "martyrdom": 0.16858471667332756,
  "moxie": 0.4711454210714642,
  "musclitude": 0.6398015534975723,
  "name": "Thomas Dracaena",
  "omniscience": 0.7755894552199392,
  "overpowerment": 0.8606109346596857,
  "patheticism": 0.01,
  "peanutAllergy": true,
  "permAttr": [],
  "pressurization": 0.8461832410281835,
  "ritual": "Healing",
  "ruthlessness": 0.9471519043793276,
  "seasAttr": [],
  "shakespearianism": 0.06895154667779457,
  "soul": 9,
  "suppression": 0.8286498149503889,
  "tenaciousness": 0.9935618390727547,
  "thwackability": 1.069803353480533,
  "totalFingers": 10,
  "tragicness": 0.01,
  "unthwackability": 0.24151444078446405,
  "watchfulness": 0.5917424781571674,
  "weekAttr": []
}