{
  "anticapitalism": 0.43476098773778127,
  "baseThirst": 1.2630349588575485,
  "baserunningRating": 0.5421594370860388,
  "blood": 1,
  "buoyancy": 0.44544332250825613,
  "chasiness": 0.5606827423149483,
  "cinnamon": 0.361914892751969,
  "coffee": 5,
  "coldness": 0.001,
  "continuation": 1.06251474522008,
  "deceased": false,
  "defenseRating": 0.6360977732720915,
  "divinity": 1.0742767337536034,
  "eDensity": 30.90153117910754,
  "evolution": 0,
  "fate": 7,
  "gameAttr": [],
  "groundFriction": 0.443436369108673,
  "hitStreak": 0,
  "hittingRating": 0.8509128301176015,
  "id": "4b3e8e9b-6de1-4840-8751-b1fb45dc5605",
  "indulgence": 0.7071326994676731,
  "itemAttr": [],
  "items": [
    {
      "baserunningRating": 0,
      "defenseRating": 0,
      "durability": 1,
      "forger": null,
      "forgerName": null,
      "health": 0,
      "hittingRating": 0.03587767226474059,
      "id": "06d8dcb0-8d28-49a1-b650-ec143dc71b52",
      "name": "Bat",
      "pitchingRating": 0,
      "postPrefix": null,
      "prePrefix": null,
      "prefixes": null,
      "root": {
        "adjustments": [
          {
            "stat": 2,
            "type": 1,
            "value": 0.11907070075052874
          }
        ],
        "name": "Bat"
      },
      "suffix": null
    }
  ],
  "laserlikeness": 0.34949223414675856,
  "leagueTeamId": "36569151-a2fb-43c1-9df7-2df512424c82",
  "martyrdom": 0.08983913615939274,
  "moxie": 0.4067875539460366,
  "musclitude": 0.5634463943045961,
  "name": "Thomas Dracaena",
  "omniscience": 0.493794268793665,
  "overpowerment": 0.6157372999346609,
  "patheticism": 0.13339205493686976,
  "peanutAllergy": false,
  "permAttr": [
    "MAXIMALIST"
  ],
  "pitchingRating": 0.09962012796820252,
  "pressurization": 0.8461832410281835,
  "ritual": "Healing",
  "ruthlessness": 0.8118530522235972,
  "seasAttr": [],
  "shakespearianism": 0.001,
  "soul": 8,
  "state": {},
  "suppression": 0.6850694716296541,
  "tenaciousness": 0.7617848256258359,
  "thwackability": 0.9507315090738794,
  "totalFingers": 10,
  "tournamentTeamId": "e3f90fa1-0bbe-40df-88ce-578d0723a23b",
  "tragicness": 0.25916965132208714,
  "unthwackability": 0.07625943959080497,
  "watchfulness": 0.314422974800154,
  "weekAttr": []
}