{
  "anticapitalism": 0.5357978106975456,
  "baseThirst": 1.4023936760605171,
  "baserunningRating": 0.679413739082656,
  "blood": 1,
  "buoyancy": 0.5616377508875761,
  "chasiness": 0.6654266580765547,
  "cinnamon": 0.4774709096884701,
  "coffee": 5,
  "coldness": 0.12488615781050524,
  "continuation": 1.1709996108518548,
  "deceased": false,
  "defenseRating": 0.7384591676627992,
  "divinity": 1.2057317796931166,
  "eDensity": 35.12323558340037,
  "evolution": 0,
  "fate": 7,
  "gameAttr": [],
  "groundFriction": 0.5565143385915625,
  "hitStreak": 0,
  "hittingRating": 0.9900599364898256,
  "id": "4b3e8e9b-6de1-4840-8751-b1fb45dc5605",
  "indulgence": 0.8324054951458518,
  "itemAttr": [],
  "items": [
    {
      "baserunningRating": 0,
      "defenseRating": 0,
      "durability": 1,
      "forger": null,
      "forgerName": null,
      "health": 1,
      "hittingRating": 0.03587767226474059,
      "id": "06d8dcb0-8d28-49a1-b650-ec143dc71b52",
      "name": "Bat",
      "pitchingRating": 0,
      "postPrefix": null,
      "prePrefix": null,
      "prefixes": null,
      "root": {
        "adjustments": [
          {
            "stat": 2,
            "type": 1,
            "value": 0.11907070075052874
          }
        ],
        "name": "Bat"
      },
      "suffix": null
    }
  ],
  "laserlikeness": 0.4875521224054205,
  "leagueTeamId": "36569151-a2fb-43c1-9df7-2df512424c82",
  "martyrdom": 0.2193058730909488,
  "moxie": 0.5171662988480517,
  "musclitude": 0.6879826545725678,
  "name": "Thomas Dracaena",
  "omniscience": 0.6264493512894543,
  "overpowerment": 0.7355403646216396,
  "patheticism": 0.013459723721526208,
  "peanutAllergy": false,
  "permAttr": [
    "MAXIMALIST"
  ],
  "pitchingRating": 0.32395795439334424,
  "pressurization": 0.8461832410281835,
  "ritual": "Healing",
  "ruthlessness": 0.9091293072825654,
  "seasAttr": [],
  "shakespearianism": 0.12628776549090762,
  "soul": 8,
  "state": {},
  "suppression": 0.8023286086507717,
  "tenaciousness": 0.8963087279428978,
  "thwackability": 1.1047797182699652,
  "totalFingers": 10,
  "tournamentTeamId": "e3f90fa1-0bbe-40df-88ce-578d0723a23b",
  "tragicness": 0.16633370460039054,
  "unthwackability": 0.20844757408939268,
  "watchfulness": 0.42901902911910395,
  "weekAttr": []
}