{
  "anticapitalism": 0.8668837347852287,
  "baseThirst": 0.4015644664039648,
  "baserunningRating": 0.3110542039617996,
  "blood": 9,
  "buoyancy": 0.5694131023762257,
  "chasiness": 0.05031329148314168,
  "cinnamon": 0.5056901019567316,
  "coffee": 12,
  "coldness": 0.9815672026850948,
  "continuation": 0.8860122672766473,
  "deceased": false,
  "defenseRating": 0.4320677826251495,
  "divinity": 0.3265140301578524,
  "eDensity": 28.79045365225995,
  "evolution": 0,
  "fate": 29,
  "gameAttr": [],
  "groundFriction": 0.41009460889637434,
  "hitStreak": 0,
  "hittingRating": 0.6131662071586902,
  "id": "4b6f0a4e-de18-44ad-b497-03b1f470c43c",
  "indulgence": 0.20206661988961755,
  "itemAttr": [],
  "items": [
    {
      "baserunningRating": 0,
      "defenseRating": 0,
      "durability": 1,
      "forger": null,
      "forgerName": null,
      "health": 1,
      "hittingRating": 0.01500095572606358,
      "id": "ad8ffb19-9208-440e-9934-898676fdfaed",
      "name": "Bat",
      "pitchingRating": 0,
      "postPrefix": null,
      "prePrefix": null,
      "prefixes": null,
      "root": {
        "adjustments": [
          {
            "stat": 2,
            "type": 1,
            "value": 0.13907214306472265
          }
        ],
        "name": "Bat"
      },
      "suffix": null
    }
  ],
  "laserlikeness": 0.19577508492280168,
  "leagueTeamId": "adc5b394-8f76-416d-9ce9-813706877b84",
  "martyrdom": 1.079638257608171,
  "moxie": 0.5268062270513101,
  "musclitude": 0.3021098713950006,
  "name": "Rodriguez Internet",
  "omniscience": 0.9008435785972776,
  "overpowerment": 0.9444159718465815,
  "patheticism": 0.04306346748734627,
  "peanutAllergy": true,
  "permAttr": [
    "ALTERNATE",
    "FIRE_EATER",
    "REPEATING",
    "SUPERALLERGIC"
  ],
  "pitchingRating": 0.18520518514863907,
  "pressurization": 0.09845690110078112,
  "ritual": "Crystals",
  "ruthlessness": 0.04328531998858651,
  "seasAttr": [],
  "shakespearianism": 0.5598440606518387,
  "soul": 9,
  "state": {},
  "suppression": 0.7502706513763875,
  "tenaciousness": 0.6315456931312184,
  "thwackability": 1.124760371328206,
  "totalFingers": 11,
  "tournamentTeamId": "9a5ab308-41f2-4889-a3c3-733b9aab806e",
  "tragicness": 0.001,
  "unthwackability": 0.4835878300237198,
  "watchfulness": 0.016060790869247,
  "weekAttr": []
}