{
  "anticapitalism": 0.2900156785544632,
  "baseThirst": 0.816617656057459,
  "baserunningRating": 0.28735553479939185,
  "blood": null,
  "buoyancy": 0.425820977369284,
  "chasiness": 0.6766705144744842,
  "cinnamon": null,
  "coffee": null,
  "coldness": 0.33674366973150693,
  "continuation": 0.4252883019733346,
  "deceased": true,
  "defenseRating": 0.6884975158351186,
  "divinity": 0.4609791015347535,
  "eDensity": 0,
  "evolution": 0,
  "fate": null,
  "gameAttr": [],
  "groundFriction": 0.658670712259116,
  "hitStreak": 0,
  "hittingRating": 0.3912389830522782,
  "id": "4bda6584-6c21-4185-8895-47d07e8ad0c0",
  "indulgence": 0.7075695327406608,
  "itemAttr": [],
  "items": [],
  "laserlikeness": 0.11885328701866071,
  "leagueTeamId": null,
  "martyrdom": 0.6290821400309414,
  "moxie": 0.7343566312937075,
  "musclitude": 0.9682697328327284,
  "name": "Aldon Anthony",
  "omniscience": 0.7531456752620744,
  "overpowerment": 0.4253016471485811,
  "patheticism": 0.8555025285464379,
  "peanutAllergy": null,
  "permAttr": [
    "INHABITING"
  ],
  "pitchingRating": 0.5136911460001797,
  "pressurization": 0.054245104502589125,
  "ritual": null,
  "ruthlessness": 0.4765825573504765,
  "seasAttr": [],
  "shakespearianism": 0.14203660335575052,
  "soul": 7,
  "state": {},
  "suppression": 0.01575157330846122,
  "tenaciousness": 0.7911847160507832,
  "thwackability": 0.21633414580206023,
  "totalFingers": 10,
  "tournamentTeamId": null,
  "tragicness": 0,
  "unthwackability": 0.9625859066015804,
  "watchfulness": 0.34348778318217565,
  "weekAttr": []
}