{
  "anticapitalism": 0.6810324704243217,
  "armor": "",
  "baseThirst": 0.8033027838090635,
  "bat": "",
  "blood": 1,
  "buoyancy": 0.7289212932214816,
  "chasiness": 0.5941677041796246,
  "cinnamon": 0.1969921022309624,
  "coffee": 5,
  "coldness": 0.20474781402467632,
  "continuation": 0.919922913246971,
  "deceased": false,
  "divinity": 0.5535261585646548,
  "fate": 10,
  "gameAttr": [],
  "groundFriction": 0.5012518333956909,
  "id": "4bf352d2-6a57-420a-9d45-b23b2b947375",
  "indulgence": 0.9379754119091396,
  "laserlikeness": 0.7561054630057643,
  "martyrdom": 0.10120769480221864,
  "moxie": 0.587482604188336,
  "musclitude": 0.4859208180869025,
  "name": "Rivers Rosa",
  "omniscience": 0.7356462865206229,
  "overpowerment": 0.9898075682405724,
  "patheticism": 0.5293385839758261,
  "peanutAllergy": true,
  "permAttr": [],
  "pressurization": 0.7054744581196917,
  "ritual": "Whispering",
  "ruthlessness": 0.9592384382242458,
  "seasAttr": [],
  "shakespearianism": 0.5799350753699826,
  "soul": 3,
  "suppression": 0.4551746187098422,
  "tenaciousness": 0.17584346914529875,
  "thwackability": 0.746893853853306,
  "totalFingers": 10,
  "tragicness": 0.1,
  "unthwackability": 0.4002826840304545,
  "watchfulness": 0.3747295848906004,
  "weekAttr": []
}