{
  "anticapitalism": 0.7157740326807607,
  "armor": "",
  "baseThirst": 0.7975149858594208,
  "baserunningRating": 0.5734290805383148,
  "bat": "",
  "blood": 9,
  "buoyancy": 0.7646395404040203,
  "chasiness": 0.6710924112052594,
  "cinnamon": 0.8525849809639194,
  "coffee": 9,
  "coldness": 0.3564791619060874,
  "continuation": 0.42818292300708194,
  "deceased": false,
  "defenseRating": 0.45292742060054936,
  "divinity": 0.3988077629219422,
  "eDensity": 22.871563384790186,
  "evolution": 0,
  "fate": 24,
  "gameAttr": [],
  "groundFriction": 0.6262477711826602,
  "hitStreak": 0,
  "hittingRating": 0.43896624255405986,
  "id": "4c53fcd8-df02-4a80-99c9-51710863bc7f",
  "indulgence": 0.6659033781404662,
  "laserlikeness": 0.4855727496776761,
  "leagueTeamId": "f02aeae2-5e6a-4098-9842-02d2273f25c7",
  "martyrdom": 0.29793507402220154,
  "moxie": 0.27457445308258377,
  "musclitude": 0.025929707541801905,
  "name": "Harriet Groverhaus",
  "omniscience": 0.2148059296974827,
  "overpowerment": 0.35869918405892176,
  "patheticism": 0.596644636255548,
  "peanutAllergy": false,
  "permAttr": [],
  "pitchingRating": 0.6591863112771026,
  "pressurization": 0.25258259305166453,
  "ritual": "Pondering",
  "ruthlessness": 0.815105177569831,
  "seasAttr": [],
  "shakespearianism": 0.48585529311371545,
  "soul": 4,
  "state": {},
  "suppression": 0.4395931537979611,
  "tenaciousness": 0.27454693621252146,
  "thwackability": 0.8662193729482788,
  "totalFingers": 10,
  "tournamentTeamId": null,
  "tragicness": 0.6617058885024127,
  "unthwackability": 0.8466876541072972,
  "watchfulness": 0.2174713942681377,
  "weekAttr": []
}