{
  "anticapitalism": 0.17342767431273298,
  "baseThirst": 0.07642071816068174,
  "baserunningRating": 0.4820734337132265,
  "blood": 5,
  "buoyancy": 0.932042210900053,
  "chasiness": 0.290822676982055,
  "cinnamon": 0.33344980065694774,
  "coffee": 0,
  "coldness": 0.34191199585317444,
  "continuation": 0.8474337540271066,
  "deceased": false,
  "defenseRating": 0.48237855887567527,
  "divinity": 0.6268396480727081,
  "eDensity": 22.22020156447333,
  "evolution": 0,
  "fate": 3,
  "gameAttr": [],
  "groundFriction": 0.8165238326911413,
  "hitStreak": 0,
  "hittingRating": 0.7012131755627303,
  "id": "4c86a500-d538-4b83-b321-d762533d7660",
  "indulgence": 0.17088915514204284,
  "itemAttr": [],
  "items": [],
  "laserlikeness": 0.5956982846652168,
  "leagueTeamId": "3f8bbb15-61c0-4e3f-8e4a-907a5fb1565e",
  "martyrdom": 0.9891816444968868,
  "moxie": 0.49437662354046674,
  "musclitude": 0.8678182367564069,
  "name": "Allan Kranch",
  "omniscience": 0.6837781563537275,
  "overpowerment": 0.7996308144973605,
  "patheticism": 0.5608594351315532,
  "peanutAllergy": true,
  "permAttr": [],
  "pitchingRating": 0.6515064839159866,
  "pressurization": 0.963378023848829,
  "ritual": "Hydration",
  "ruthlessness": 0.5394549449754606,
  "seasAttr": [],
  "shakespearianism": 0.4699601690537043,
  "soul": 3,
  "state": {},
  "suppression": 0.03910891221543733,
  "tenaciousness": 0.8887954683116763,
  "thwackability": 0.7844356788346374,
  "totalFingers": 10,
  "tournamentTeamId": null,
  "tragicness": 0.15315532018055045,
  "unthwackability": 0.912638021601836,
  "watchfulness": 0.036618384467094645,
  "weekAttr": []
}