{
  "_id": "4ca52626-58cd-449d-88bb-f6d631588640",
  "anticapitalism": 0.7628289283604719,
  "armor": "",
  "baseThirst": 0.07181160049723401,
  "bat": "",
  "blood": 10,
  "buoyancy": 0.8276817059760079,
  "chasiness": 0.6176205924439397,
  "cinnamon": 0.549360209938982,
  "coffee": 6,
  "coldness": 0.4962920154386625,
  "continuation": 0.960627044613956,
  "deceased": false,
  "divinity": 0.486163681368638,
  "fate": 79,
  "groundFriction": 0.09492162692740956,
  "indulgence": 0.3713909027653717,
  "laserlikeness": 0.35751151465032915,
  "martyrdom": 0.22225803253527113,
  "moxie": 0.2207025995445037,
  "musclitude": 0.9560756030969516,
  "name": "Velasquez Alstott",
  "omniscience": 0.03884146630648888,
  "overpowerment": 0.32353350862987185,
  "patheticism": 0.8605515357592536,
  "peanutAllergy": false,
  "pressurization": 0.9384923224961412,
  "ritual": "Shouting 'GAMETIME!'",
  "ruthlessness": 0.5581526324329529,
  "shakespearianism": 0.3425907048222352,
  "soul": 6,
  "suppression": 0.7432587750270081,
  "tenaciousness": 0.3009831654488617,
  "thwackability": 0.8619229156643303,
  "totalFingers": 10,
  "tragicness": 0.1,
  "unthwackability": 0.916068555527542,
  "watchfulness": 0.34237528748316803
}