{
  "anticapitalism": 0.8671522252873575,
  "baseThirst": 0.26296163640861464,
  "baserunningRating": 0.5573967122662772,
  "blood": 10,
  "buoyancy": 1.00014211635565,
  "chasiness": 0.7343782313221499,
  "cinnamon": 0.6498514892198708,
  "coffee": 6,
  "coldness": 0.6158879919455349,
  "continuation": 1.175933780640802,
  "deceased": false,
  "defenseRating": 0.4934805861815265,
  "divinity": 0.6711662330937311,
  "eDensity": 29.56639234630104,
  "evolution": 0,
  "fate": 79,
  "gameAttr": [],
  "groundFriction": 0.29797853714855255,
  "hitStreak": 0,
  "hittingRating": 0.7762068860200545,
  "id": "4ca52626-58cd-449d-88bb-f6d631588640",
  "indulgence": 0.5729748608699876,
  "itemAttr": [],
  "items": [
    {
      "baserunningRating": 0,
      "defenseRating": 0,
      "durability": 1,
      "forger": null,
      "forgerName": null,
      "health": 1,
      "hittingRating": 0.026830304761946477,
      "id": "c1dfc986-7ebe-4c6e-9b55-8e5d2b727c95",
      "name": "Bat",
      "pitchingRating": 0,
      "postPrefix": null,
      "prePrefix": null,
      "prefixes": null,
      "root": {
        "adjustments": [
          {
            "stat": 2,
            "type": 1,
            "value": 0.10536011831966176
          }
        ],
        "name": "Bat"
      },
      "suffix": null
    }
  ],
  "laserlikeness": 0.559512306345868,
  "leagueTeamId": "bfd38797-8404-4b38-8b82-341da28b1f83",
  "martyrdom": 0.4128836349662621,
  "moxie": 0.41506161659616014,
  "musclitude": 1.180927748773188,
  "name": "Velasquez Alstott",
  "omniscience": 0.1357074988495777,
  "overpowerment": 0.4057062287254301,
  "patheticism": 0.6609266479983684,
  "peanutAllergy": false,
  "permAttr": [
    "FLINCH",
    "FIRE_EATER"
  ],
  "pitchingRating": 0.6824004364322906,
  "pressurization": 0.9384923224961412,
  "ritual": "Shouting 'GAMETIME!'",
  "ruthlessness": 0.6651993258283225,
  "seasAttr": [],
  "shakespearianism": 0.4174802181504499,
  "soul": 6,
  "state": {},
  "suppression": 0.8680648571975674,
  "tenaciousness": 0.3916598162009175,
  "thwackability": 1.0333382223519552,
  "totalFingers": 12,
  "tournamentTeamId": "4e5d0063-73b4-440a-b2d1-214a7345cf16",
  "tragicness": 0.001,
  "unthwackability": 1.0319327168025785,
  "watchfulness": 0.4760579886691193,
  "weekAttr": []
}