{
  "anticapitalism": 0.9112820769736016,
  "baseThirst": 0.3414676929603168,
  "baserunningRating": 0.6160824801060961,
  "blood": 10,
  "buoyancy": 1.0485523778929338,
  "chasiness": 0.7794330273862818,
  "cinnamon": 0.7152465707230133,
  "coffee": 6,
  "coldness": 0.6856212598084255,
  "continuation": 1.2549132523145197,
  "deceased": false,
  "defenseRating": 0.5571442927446235,
  "divinity": 0.7270258182571314,
  "eDensity": 31.358404009020216,
  "evolution": 0,
  "fate": 79,
  "gameAttr": [],
  "groundFriction": 0.33966281058651226,
  "hitStreak": 0,
  "hittingRating": 0.8405139843741672,
  "id": "4ca52626-58cd-449d-88bb-f6d631588640",
  "indulgence": 0.6424590151355695,
  "itemAttr": [],
  "items": [
    {
      "baserunningRating": 0,
      "defenseRating": 0,
      "durability": 1,
      "forger": null,
      "forgerName": null,
      "health": 1,
      "hittingRating": 0.026830304761946477,
      "id": "c1dfc986-7ebe-4c6e-9b55-8e5d2b727c95",
      "name": "Bat",
      "pitchingRating": 0,
      "postPrefix": null,
      "prePrefix": null,
      "prefixes": null,
      "root": {
        "adjustments": [
          {
            "stat": 2,
            "type": 1,
            "value": 0.10536011831966176
          }
        ],
        "name": "Bat"
      },
      "suffix": null
    }
  ],
  "laserlikeness": 0.6096862025461605,
  "leagueTeamId": "bfd38797-8404-4b38-8b82-341da28b1f83",
  "martyrdom": 0.4569893691452312,
  "moxie": 0.47935873063242707,
  "musclitude": 1.2388823059556433,
  "name": "V-las-u-z Alstott",
  "omniscience": 0.19819710279689867,
  "overpowerment": 0.4602308372802086,
  "patheticism": 0.5925079800386068,
  "peanutAllergy": false,
  "permAttr": [
    "FIRE_EATER",
    "HAUNTED",
    "SCATTERED"
  ],
  "pitchingRating": 0.751745529778001,
  "pressurization": 0.9384923224961412,
  "ritual": "Shouting 'GAMETIME!'",
  "ruthlessness": 0.7151641536764698,
  "seasAttr": [],
  "shakespearianism": 0.4710836787009309,
  "soul": 6,
  "state": {
    "unscatteredName": "Velasquez Alstott"
  },
  "suppression": 0.9223662005451,
  "tenaciousness": 0.4361984866497415,
  "thwackability": 1.1130194777986302,
  "totalFingers": 12,
  "tournamentTeamId": "4e5d0063-73b4-440a-b2d1-214a7345cf16",
  "tragicness": 0.001,
  "unthwackability": 1.104843025010117,
  "watchfulness": 0.5428530909082079,
  "weekAttr": []
}