{
  "anticapitalism": 0.7935842398385374,
  "baseThirst": 0.2220877649561187,
  "baserunningRating": 0.49820424227087745,
  "blood": 10,
  "buoyancy": 0.9584741877160504,
  "chasiness": 0.6726601825356928,
  "cinnamon": 0.5789837667076352,
  "coffee": 6,
  "coldness": 0.5474878396005892,
  "continuation": 1.0971510567168727,
  "deceased": false,
  "defenseRating": 0.41208172926785697,
  "divinity": 0.6188581819828928,
  "eDensity": 27.776310121167736,
  "evolution": 0,
  "fate": 79,
  "gameAttr": [],
  "groundFriction": 0.25004799950153944,
  "hitStreak": 0,
  "hittingRating": 0.7270967715652815,
  "id": "4ca52626-58cd-449d-88bb-f6d631588640",
  "indulgence": 0.49621749119903935,
  "items": [],
  "laserlikeness": 0.4997094243067796,
  "leagueTeamId": "bfd38797-8404-4b38-8b82-341da28b1f83",
  "martyrdom": 0.3670798211666374,
  "moxie": 0.3682215681252155,
  "musclitude": 1.1063885178592363,
  "name": "Velasquez Alstott",
  "omniscience": 0.07858099350095296,
  "overpowerment": 0.35272791192653885,
  "patheticism": 0.701071394658594,
  "peanutAllergy": false,
  "permAttr": [
    "FLINCH",
    "FIRE_EATER"
  ],
  "pitchingRating": 0.6163758456342318,
  "pressurization": 0.9384923224961412,
  "ritual": "Shouting 'GAMETIME!'",
  "ruthlessness": 0.6128313445673715,
  "seasAttr": [],
  "shakespearianism": 0.3718272831312035,
  "soul": 6,
  "state": {},
  "suppression": 0.7981258422573252,
  "tenaciousness": 0.3236639379373513,
  "thwackability": 0.9927959550771864,
  "totalFingers": 12,
  "tournamentTeamId": "4e5d0063-73b4-440a-b2d1-214a7345cf16",
  "tragicness": 0.04292309517864738,
  "unthwackability": 0.9651604647626087,
  "watchfulness": 0.408903831740723,
  "weekAttr": []
}