{
  "anticapitalism": 0.7828289283604719,
  "armor": "",
  "baseThirst": 0.091811600497234,
  "bat": "",
  "blood": 10,
  "buoyancy": 0.8476817059760079,
  "chasiness": 0.6376205924439398,
  "cinnamon": 0.4793602099389821,
  "coffee": 6,
  "coldness": 0.5162920154386625,
  "continuation": 0.980627044613956,
  "deceased": false,
  "divinity": 0.506163681368638,
  "fate": 79,
  "gameAttr": [],
  "groundFriction": 0.11492162692740958,
  "id": "4ca52626-58cd-449d-88bb-f6d631588640",
  "indulgence": 0.3913909027653717,
  "laserlikeness": 0.3775115146503292,
  "martyrdom": 0.24225803253527112,
  "moxie": 0.24070259954450368,
  "musclitude": 0.9760756030969516,
  "name": "Velasquez Alstott",
  "omniscience": 0.058841466306488885,
  "overpowerment": 0.34353350862987186,
  "patheticism": 0.8405515357592536,
  "peanutAllergy": false,
  "permAttr": [],
  "pressurization": 0.9384923224961412,
  "ritual": "Shouting 'GAMETIME!'",
  "ruthlessness": 0.5781526324329529,
  "seasAttr": [],
  "shakespearianism": 0.3625907048222352,
  "soul": 6,
  "suppression": 0.7632587750270081,
  "tenaciousness": 0.32098316544886174,
  "thwackability": 0.8819229156643303,
  "totalFingers": 11,
  "tragicness": 0.08,
  "unthwackability": 0.936068555527542,
  "watchfulness": 0.3623752874831681,
  "weekAttr": []
}