{
  "anticapitalism": 0.9996771136425128,
  "armor": "",
  "baseThirst": 0.5703074176852336,
  "baserunningRating": 0,
  "bat": "",
  "blood": 5,
  "buoyancy": 0.8589440491689477,
  "chasiness": 0.8552014532274437,
  "cinnamon": 0.7675157194335425,
  "coffee": 11,
  "coldness": 0.7563330300945483,
  "continuation": 0.23265457161555592,
  "deceased": false,
  "defenseRating": 0,
  "divinity": 0.9496991942585842,
  "fate": 28,
  "gameAttr": [],
  "groundFriction": 0.15357561892227345,
  "hitStreak": 0,
  "hittingRating": 0,
  "id": "4cd0ac8f-6c2e-4bf1-a232-a5ac6fd4a677",
  "indulgence": 0.7828236616784678,
  "laserlikeness": 0.11307720417777656,
  "martyrdom": 0.4044526314286063,
  "moxie": 0.5110031726862392,
  "musclitude": 0.1252917432525491,
  "name": "Pug Meatbrick",
  "omniscience": 0.7590066488353169,
  "overpowerment": 0.6384641101830377,
  "patheticism": 0.09307703602813522,
  "peanutAllergy": true,
  "permAttr": [],
  "pitchingRating": 0,
  "pressurization": 0.6231187258382149,
  "ritual": "Fighting",
  "ruthlessness": 0.36774459331692766,
  "seasAttr": [],
  "shakespearianism": 0.17464353995033477,
  "soul": 6,
  "suppression": 0.7874080670811601,
  "tenaciousness": 0.4558220993973223,
  "thwackability": 0.20309980532265023,
  "totalFingers": 10,
  "tragicness": 0.1,
  "unthwackability": 0.27586169714105835,
  "watchfulness": 0.8966350944087396,
  "weekAttr": []
}