{
  "anticapitalism": 0.530708460817372,
  "armor": "",
  "baseThirst": 0.5386657198091197,
  "bat": "",
  "blood": 11,
  "buoyancy": 0.9500779953615256,
  "chasiness": 0.17438108530580315,
  "cinnamon": 0.9578707478004012,
  "coffee": 13,
  "coldness": 0.18781016208644088,
  "continuation": 0.2612096516303083,
  "deceased": false,
  "divinity": 0.199449253426342,
  "fate": 83,
  "gameAttr": [],
  "groundFriction": 0.8059347792537045,
  "hitStreak": 0,
  "id": "4e6ad1a1-7c71-49de-8bd5-c286712faf9e",
  "indulgence": 0.30599059932911266,
  "laserlikeness": 0.8405678801849424,
  "martyrdom": 0.47052282313002475,
  "moxie": 0.7134069744228005,
  "musclitude": 0.815604868121378,
  "name": "Sutton Picklestein",
  "omniscience": 0.25777919635739943,
  "overpowerment": 0.09800152022603538,
  "patheticism": 0.2361601981970085,
  "peanutAllergy": true,
  "permAttr": [],
  "pressurization": 0.04476617328396637,
  "ritual": "Reassembling",
  "ruthlessness": 0.15154158357496217,
  "seasAttr": [],
  "shakespearianism": 0.08988646695377285,
  "soul": 3,
  "suppression": 0.09064480290803668,
  "tenaciousness": 0.12706999053063117,
  "thwackability": 0.23048183816236195,
  "totalFingers": 13,
  "tragicness": 0.1,
  "unthwackability": 0.09954925668370836,
  "watchfulness": 0.5144889354261923,
  "weekAttr": []
}