{
  "anticapitalism": 0.5786862298198518,
  "armor": "",
  "baseThirst": 0.6022710119164165,
  "bat": "",
  "blood": 11,
  "buoyancy": 1.0264289477041464,
  "chasiness": 0.2166983828191606,
  "cinnamon": 1.0088352738793458,
  "coffee": 13,
  "coldness": 0.25784484765779575,
  "continuation": 0.3236469798911908,
  "deceased": false,
  "divinity": 0.2570629841879105,
  "fate": 83,
  "gameAttr": [],
  "groundFriction": 0.8849788676801468,
  "hitStreak": 0,
  "id": "4e6ad1a1-7c71-49de-8bd5-c286712faf9e",
  "indulgence": 0.3808826084014445,
  "laserlikeness": 0.9103877886023144,
  "martyrdom": 0.5359631633583738,
  "moxie": 0.7841313784646236,
  "musclitude": 0.8719654698423234,
  "name": "Sutton Picklestein",
  "omniscience": 0.2992469135150503,
  "overpowerment": 0.14772140715709825,
  "patheticism": 0.1906243973355276,
  "peanutAllergy": true,
  "permAttr": [],
  "pressurization": 0.04476617328396637,
  "ritual": "Reassembling",
  "ruthlessness": 0.197643391396543,
  "seasAttr": [],
  "shakespearianism": 0.16175794294325824,
  "soul": 3,
  "suppression": 0.13584288054975951,
  "tenaciousness": 0.2021048225085829,
  "thwackability": 0.29639765770300164,
  "totalFingers": 13,
  "tragicness": 0.1,
  "unthwackability": 0.17799833959235042,
  "watchfulness": 0.5843654934321233,
  "weekAttr": []
}