{
  "anticapitalism": 0.6669036275884286,
  "armor": "",
  "baseThirst": 0.6684103302239639,
  "bat": "",
  "blood": 11,
  "buoyancy": 0.9587564273312146,
  "chasiness": 0.31377435018580213,
  "cinnamon": 0.8925444908021476,
  "coffee": 13,
  "coldness": 0.31215251131333477,
  "continuation": 0.3977509924953815,
  "deceased": false,
  "divinity": 0.15054230661556825,
  "fate": 83,
  "gameAttr": [],
  "groundFriction": 0.9368500099915202,
  "id": "4e6ad1a1-7c71-49de-8bd5-c286712faf9e",
  "indulgence": 0.428329908242799,
  "laserlikeness": 0.9692501363646826,
  "martyrdom": 0.5002688625737512,
  "moxie": 0.7240446611512419,
  "musclitude": 0.8236290180455708,
  "name": "Sutton Picklestein",
  "omniscience": 0.381404271272449,
  "overpowerment": 0.01,
  "patheticism": 0.23343467624362255,
  "peanutAllergy": true,
  "permAttr": [],
  "pressurization": 0.04476617328396637,
  "ritual": "Reassembling",
  "ruthlessness": 0.2563237967265577,
  "seasAttr": [],
  "shakespearianism": 0.18624489461813923,
  "soul": 3,
  "suppression": 0.1582468539569322,
  "tenaciousness": 0.2350713193123171,
  "thwackability": 0.26705770622312985,
  "totalFingers": 11,
  "tragicness": 0.1,
  "unthwackability": 0.14403127807201102,
  "watchfulness": 0.6332369175850723,
  "weekAttr": []
}