{
  "anticapitalism": 0.6581482825342798,
  "armor": "",
  "baseThirst": 0.6710176533860814,
  "baserunningRating": 0.7830241512757996,
  "bat": "",
  "blood": 11,
  "buoyancy": 1.0664331229731634,
  "chasiness": 0.2718917781312449,
  "cinnamon": 1.0725373612027036,
  "coffee": 13,
  "coldness": 0.3064306599842517,
  "continuation": 0.3817311181157226,
  "deceased": false,
  "defenseRating": 0.5093098897022281,
  "divinity": 0.30688119622817206,
  "fate": 83,
  "gameAttr": [],
  "groundFriction": 0.9455702860953652,
  "hitStreak": 0,
  "hittingRating": 0.45242578205870465,
  "id": "4e6ad1a1-7c71-49de-8bd5-c286712faf9e",
  "indulgence": 0.4285942037203601,
  "laserlikeness": 0.9645039063576442,
  "martyrdom": 0.6034876944038225,
  "moxie": 0.847722102707686,
  "musclitude": 0.9475967988898724,
  "name": "Sutton Picklestein",
  "omniscience": 0.36938733080272423,
  "overpowerment": 0.20854373808625648,
  "patheticism": 0.11619380753803868,
  "peanutAllergy": true,
  "permAttr": [],
  "pitchingRating": 0.18823508116550103,
  "pressurization": 0.04476617328396637,
  "ritual": "Reassembling",
  "ruthlessness": 0.2615494534510786,
  "seasAttr": [],
  "shakespearianism": 0.21176263438218249,
  "soul": 3,
  "suppression": 0.2114491826258243,
  "tenaciousness": 0.27366359394214335,
  "thwackability": 0.3721916549434175,
  "totalFingers": 13,
  "tragicness": 0.1,
  "unthwackability": 0.23994541441478504,
  "watchfulness": 0.6422486820713849,
  "weekAttr": []
}