{
  "anticapitalism": 0.05114039131000705,
  "baseThirst": 0.6076366911837462,
  "baserunningRating": 0.4342672727928896,
  "blood": 4,
  "buoyancy": 0.04509356165276007,
  "chasiness": 0.5322400720783426,
  "cinnamon": 0.7109518989296325,
  "coffee": 3,
  "coldness": 0.6612247841945793,
  "continuation": 0.4830839640529352,
  "deceased": false,
  "defenseRating": 0.379862845161361,
  "divinity": 0.3340917112523505,
  "eDensity": 15.174803065376755,
  "evolution": 0,
  "fate": 41,
  "gameAttr": [],
  "groundFriction": 0.08193387769844339,
  "hitStreak": 0,
  "hittingRating": 0.37836937078558214,
  "id": "4ed61b18-c1f6-4d71-aea3-caac01470b5c",
  "indulgence": 0.5199008694098789,
  "itemAttr": [],
  "items": [
    {
      "baserunningRating": 0,
      "defenseRating": 0,
      "durability": 1,
      "forger": null,
      "forgerName": null,
      "health": 0,
      "hittingRating": 0.0281155877404643,
      "id": "8fb757de-805d-4d73-92f6-e92bdbebf967",
      "name": "Bat",
      "pitchingRating": 0,
      "postPrefix": null,
      "prePrefix": null,
      "prefixes": null,
      "root": {
        "adjustments": [
          {
            "stat": 2,
            "type": 1,
            "value": 0.13195632554189948
          }
        ],
        "name": "Bat"
      },
      "suffix": null
    }
  ],
  "laserlikeness": 0.4530061205399928,
  "leagueTeamId": "105bc3ff-1320-4e37-8ef0-8d595cb95dd0",
  "martyrdom": 0.2655662796186834,
  "moxie": 0.07912387846046753,
  "musclitude": 0.7710678237660188,
  "name": "Lenny Marijuana",
  "omniscience": 0.7585409264754559,
  "overpowerment": 0.8513673817665156,
  "patheticism": 0.9574327902579548,
  "peanutAllergy": true,
  "permAttr": [],
  "pitchingRating": 0.11818666345684652,
  "pressurization": 0.5591308458543041,
  "ritual": "Obsessing over past mistakes",
  "ruthlessness": 0.3775241817401447,
  "seasAttr": [],
  "shakespearianism": 0.07230319473824537,
  "soul": 3,
  "state": {},
  "suppression": 0.7274615471506368,
  "tenaciousness": 0.07200598888583414,
  "thwackability": 0.5806258241043049,
  "totalFingers": 10,
  "tournamentTeamId": "b3b9636a-f88a-47dc-a91d-86ecc79f9934",
  "tragicness": 0.31498089189550427,
  "unthwackability": 0.055169248568623847,
  "watchfulness": 0.77037339854775,
  "weekAttr": []
}