{
  "anticapitalism": 0.1554203728373035,
  "baseThirst": 0.7763508370654764,
  "baserunningRating": 0.5899169904961727,
  "blood": 10,
  "buoyancy": 0.18081428250738524,
  "chasiness": 0.6614636765599831,
  "cinnamon": 0.8209895766735257,
  "coffee": 3,
  "coldness": 0.8040763459103947,
  "continuation": 0.5937700883043373,
  "deceased": false,
  "defenseRating": 0.5582810018525233,
  "divinity": 0.4605471784054927,
  "eDensity": 19.839927136966587,
  "evolution": 0,
  "fate": 41,
  "gameAttr": [],
  "groundFriction": 0.24226982926729185,
  "hitStreak": 0,
  "hittingRating": 0.542839072840949,
  "id": "4ed61b18-c1f6-4d71-aea3-caac01470b5c",
  "indulgence": 0.6472917841593676,
  "itemAttr": [],
  "items": [
    {
      "baserunningRating": 0,
      "defenseRating": 0,
      "durability": 1,
      "forger": null,
      "forgerName": null,
      "health": 0,
      "hittingRating": 0.0281155877404643,
      "id": "8fb757de-805d-4d73-92f6-e92bdbebf967",
      "name": "Bat",
      "pitchingRating": 0,
      "postPrefix": null,
      "prePrefix": null,
      "prefixes": null,
      "root": {
        "adjustments": [
          {
            "stat": 2,
            "type": 1,
            "value": 0.13195632554189948
          }
        ],
        "name": "Bat"
      },
      "suffix": null
    }
  ],
  "laserlikeness": 0.588527357231315,
  "leagueTeamId": "747b8e4a-7e50-4638-a973-ea7950a3e739",
  "martyrdom": 0.3920009910191514,
  "moxie": 0.2444613827495537,
  "musclitude": 0.9004347108552971,
  "name": "Lenny Marijuana",
  "omniscience": 0.886325031384291,
  "overpowerment": 0.9838418986584668,
  "patheticism": 0.8303585737090827,
  "peanutAllergy": false,
  "permAttr": [],
  "pitchingRating": 0.2860953829484392,
  "pressurization": 0.5591308458543041,
  "ritual": "Obsessing over past mistakes",
  "ruthlessness": 0.5065492175930107,
  "seasAttr": [],
  "shakespearianism": 0.18080407989493644,
  "soul": 3,
  "state": {},
  "suppression": 0.8569231281681786,
  "tenaciousness": 0.20085802172384265,
  "thwackability": 0.716303833563564,
  "totalFingers": 10,
  "tournamentTeamId": "b3b9636a-f88a-47dc-a91d-86ecc79f9934",
  "tragicness": 0.16841171782085212,
  "unthwackability": 0.20171596651513177,
  "watchfulness": 0.9027139494207022,
  "weekAttr": []
}