{
  "anticapitalism": 0.08928250083616163,
  "baseThirst": 0.6833492317033851,
  "baserunningRating": 0.5191171947449633,
  "blood": 4,
  "buoyancy": 0.17590961584743514,
  "chasiness": 0.665098528547104,
  "cinnamon": 0.7060800943389921,
  "coffee": 3,
  "coldness": 0.6440800184857333,
  "continuation": 0.5178652113704678,
  "deceased": false,
  "defenseRating": 0.17725925334529205,
  "divinity": 0.386494508607552,
  "eDensity": 15.475707043968905,
  "evolution": 0,
  "fate": 41,
  "gameAttr": [],
  "groundFriction": 0.15055634564237994,
  "hitStreak": 0,
  "hittingRating": 0.2835472366185293,
  "id": "4ed61b18-c1f6-4d71-aea3-caac01470b5c",
  "indulgence": 0.5674747044873659,
  "items": [],
  "laserlikeness": 0.5425375783158938,
  "leagueTeamId": "105bc3ff-1320-4e37-8ef0-8d595cb95dd0",
  "martyrdom": 0.3084981813740901,
  "moxie": 0.001,
  "musclitude": 0.8231847124481302,
  "name": "Lenny Marijuana",
  "omniscience": 0.7927324740464168,
  "overpowerment": 0.8643255495535211,
  "patheticism": 0.99,
  "peanutAllergy": true,
  "permAttr": [],
  "pitchingRating": 0.08803446442963024,
  "pressurization": 0.5591308458543041,
  "ritual": "Obsessing over past mistakes",
  "ruthlessness": 0.4120587726774603,
  "seasAttr": [],
  "shakespearianism": 0.001,
  "soul": 4,
  "state": {},
  "suppression": 0.7468289095014511,
  "tenaciousness": 0.001,
  "thwackability": 0.6733649531581428,
  "totalFingers": 10,
  "tournamentTeamId": "b3b9636a-f88a-47dc-a91d-86ecc79f9934",
  "tragicness": 0.24312755691783627,
  "unthwackability": 0.06697117592704416,
  "watchfulness": 0.8206982817479347,
  "weekAttr": []
}