{
  "anticapitalism": 0.17104775787027687,
  "baseThirst": 0.32285016730006283,
  "baserunningRating": 0.5130195446018714,
  "blood": 11,
  "buoyancy": 0.37596583014721985,
  "chasiness": 0.4760653710377597,
  "cinnamon": 0.623065275848357,
  "coffee": 1,
  "coldness": 0.23632118808509472,
  "continuation": 0.47041988462317175,
  "deceased": false,
  "defenseRating": 0.35967670212763025,
  "divinity": 0.3721574133192739,
  "eDensity": 23.44695016818188,
  "evolution": 0,
  "fate": 53,
  "gameAttr": [],
  "groundFriction": 0.21935771567739923,
  "hitStreak": 0,
  "hittingRating": 0.3509726310877421,
  "id": "4f328502-d347-4d2c-8fad-6ae59431d781",
  "indulgence": 0.997496710320052,
  "items": [],
  "laserlikeness": 0.5199452402559263,
  "leagueTeamId": "a37f9158-7f82-46bc-908c-c9e2dda7c33b",
  "martyrdom": 0.6544818609437425,
  "moxie": 0.07231300436514602,
  "musclitude": 0.6096098603047351,
  "name": "Stephens Lightner",
  "omniscience": 0.3369541195366253,
  "overpowerment": 0.10205573464836716,
  "patheticism": 0.9024873577135262,
  "peanutAllergy": true,
  "permAttr": [],
  "pitchingRating": 0.12589543192302508,
  "pressurization": 0.8537126873104568,
  "ritual": "Chaos magic",
  "ruthlessness": 0.1274972883054507,
  "seasAttr": [],
  "shakespearianism": 0.09247084853222082,
  "soul": 7,
  "state": {},
  "suppression": 0.43535654771345,
  "tenaciousness": 0.08514872548544086,
  "thwackability": 0.3788369123722464,
  "totalFingers": 11,
  "tournamentTeamId": null,
  "tragicness": 0.21123309916055935,
  "unthwackability": 0.2825477545630332,
  "watchfulness": 0.540556698250394,
  "weekAttr": []
}