{
  "anticapitalism": 0.27020942237692586,
  "armor": "",
  "baseThirst": 0.4146745190441065,
  "baserunningRating": 0.6295511229919438,
  "bat": "",
  "blood": 11,
  "buoyancy": 0.4727917666846707,
  "chasiness": 0.5826177920905622,
  "cinnamon": 0.5432417857251454,
  "coffee": 1,
  "coldness": 0.36438834368640494,
  "continuation": 0.5821390704166881,
  "deceased": false,
  "defenseRating": 0.3979089588879377,
  "divinity": 0.5018007398105797,
  "eDensity": 0,
  "evolution": 0,
  "fate": 53,
  "gameAttr": [],
  "groundFriction": 0.33219578379328984,
  "hitStreak": 0,
  "hittingRating": 0.4553293451634533,
  "id": "4f328502-d347-4d2c-8fad-6ae59431d781",
  "indulgence": 1.0966100091766435,
  "laserlikeness": 0.6445044526117817,
  "leagueTeamId": "a37f9158-7f82-46bc-908c-c9e2dda7c33b",
  "martyrdom": 0.760434193739627,
  "moxie": 0.1459989848916785,
  "musclitude": 0.7180434600697801,
  "name": "Stephens Lightner",
  "omniscience": 0.42811141435094463,
  "overpowerment": 0.12287233845839204,
  "patheticism": 0.8961284429173463,
  "peanutAllergy": true,
  "permAttr": [],
  "pitchingRating": 0.15879692692995526,
  "pressurization": 0.8537126873104568,
  "ritual": "Chaos magic",
  "ruthlessness": 0.1473179237941473,
  "seasAttr": [],
  "shakespearianism": 0.07651282409130554,
  "soul": 7,
  "state": {},
  "suppression": 0.5406771047256826,
  "tenaciousness": 0.0737267998206081,
  "thwackability": 0.4805662837636203,
  "totalFingers": 11,
  "tournamentTeamId": null,
  "tragicness": 0.1,
  "unthwackability": 0.3849624842538797,
  "watchfulness": 0.6344370840197506,
  "weekAttr": []
}