{
  "_id": "4f328502-d347-4d2c-8fad-6ae59431d781",
  "anticapitalism": 0.315306969417292,
  "baseThirst": 0.11946230446553024,
  "bat": "",
  "buoyancy": 0.4204790479497142,
  "chasiness": 0.6122690539049225,
  "cinnamon": 0.4644241555424069,
  "coldness": 0.3114366565063222,
  "continuation": 0.2635371871659779,
  "deceased": false,
  "divinity": 0.4346850966736841,
  "fate": 53,
  "groundFriction": 0.01,
  "indulgence": 0.7945650968218394,
  "laserlikeness": 0.3214463818740149,
  "martyrdom": 0.7203595387178046,
  "moxie": 0.06950180969535164,
  "musclitude": 0.6528381869387256,
  "name": "Stephens Lightner",
  "omniscience": 0.46913815179862656,
  "overpowerment": 0.05687304619535455,
  "patheticism": 0.9729822088935508,
  "peanutAllergy": true,
  "pressurization": 0.7837126873104567,
  "ruthlessness": 0.10351800406941208,
  "shakespearianism": 0.01,
  "soul": 7,
  "suppression": 0.4690476203931459,
  "tenaciousness": 0.091001877050024,
  "thwackability": 0.4102396417672924,
  "totalFingers": 11,
  "tragicness": 0.30000000000000004,
  "unthwackability": 0.33709294824112107,
  "watchfulness": 0.6869979391484335
}