{
  "anticapitalism": 0.58293916937142,
  "armor": "",
  "baseThirst": 0.7264303471384013,
  "bat": "",
  "blood": 6,
  "buoyancy": 0.7264053392635064,
  "chasiness": 0.7628853419964191,
  "cinnamon": 0.21738159854487837,
  "coffee": 9,
  "coldness": 0.4795947250353329,
  "continuation": 0.22517098968049343,
  "deceased": false,
  "divinity": 0.3169206971945039,
  "fate": 24,
  "gameAttr": [],
  "groundFriction": 0.17227117165820482,
  "hitStreak": 0,
  "id": "4f69e8c2-b2a1-4e98-996a-ccf35ac844c5",
  "indulgence": 0.256185629502762,
  "laserlikeness": 0.6641286286791315,
  "martyrdom": 0.9833240560557146,
  "moxie": 0.6851166662457799,
  "musclitude": 0.2274809948992272,
  "name": "Igneus Delacruz",
  "omniscience": 0.14241557602591506,
  "overpowerment": 0.28474615060018016,
  "patheticism": 0.01,
  "peanutAllergy": true,
  "permAttr": [
    "ALTERNATE"
  ],
  "pressurization": 0.6097617160304536,
  "ritual": "Hyperventilating",
  "ruthlessness": 0.9364139774138056,
  "seasAttr": [],
  "shakespearianism": 0.14332840535717625,
  "soul": 9,
  "suppression": 0.8445366065607887,
  "tenaciousness": 0.11728975130298104,
  "thwackability": 1.0639850983983048,
  "totalFingers": 13,
  "tragicness": 0.1,
  "unthwackability": 0.8817521131497823,
  "watchfulness": 0.7034683016231814,
  "weekAttr": []
}