{
  "anticapitalism": 0.5087628150158817,
  "baseThirst": 0.6692066010225708,
  "baserunningRating": 0.4338424229695472,
  "blood": 4,
  "buoyancy": 0.7515646559498164,
  "chasiness": 0.6753914316536204,
  "cinnamon": 0.27957459400508483,
  "coffee": 9,
  "coldness": 0.27924114282966944,
  "continuation": 0.14878491114989556,
  "deceased": false,
  "defenseRating": 0.4517761919186984,
  "divinity": 0.35133931659475903,
  "eDensity": 31.077739013201644,
  "evolution": 0,
  "fate": 83,
  "gameAttr": [],
  "groundFriction": 0.15848673835673674,
  "hitStreak": 0,
  "hittingRating": 0.6311473433570018,
  "id": "4f69e8c2-b2a1-4e98-996a-ccf35ac844c5",
  "indulgence": 0.2059440856831652,
  "itemAttr": [
    "PARASITE"
  ],
  "items": [
    {
      "baserunningRating": 0,
      "defenseRating": 0,
      "durability": 2,
      "forger": null,
      "forgerName": null,
      "health": 1,
      "hittingRating": 0,
      "id": "9ecde26c-6f70-427c-bb86-cfc08b9fabae",
      "name": "Parasitic Ring",
      "pitchingRating": 0.016131669569926343,
      "postPrefix": null,
      "prePrefix": null,
      "prefixes": [
        {
          "adjustments": [
            {
              "mod": "PARASITE",
              "type": 0
            }
          ],
          "name": "Parasitic"
        }
      ],
      "root": {
        "adjustments": [
          {
            "stat": 19,
            "type": 1,
            "value": 0.1411449522077044
          }
        ],
        "name": "Ring"
      },
      "suffix": null
    }
  ],
  "laserlikeness": 0.5919591831225941,
  "leagueTeamId": "bb4a9de5-c924-4923-a0cb-9d1445f1ee5d",
  "martyrdom": 0.9863176723731828,
  "moxie": 0.7153900792329672,
  "musclitude": 0.26459918156053797,
  "name": "Igneus Delacruz",
  "omniscience": 0.20002916607365337,
  "overpowerment": 0.05793282595679563,
  "patheticism": 0.003921956584143724,
  "peanutAllergy": false,
  "permAttr": [
    "ALTERNATE",
    "CHUNKY"
  ],
  "pitchingRating": 0.3514824722121301,
  "pressurization": 0.6097617160304536,
  "ritual": "Hyperventilating",
  "ruthlessness": 0.70513613475561,
  "seasAttr": [],
  "shakespearianism": 0.08071726851099452,
  "soul": 9,
  "state": {
    "itemModSources": {
      "PARASITE": [
        "9ecde26c-6f70-427c-bb86-cfc08b9fabae"
      ]
    }
  },
  "suppression": 0.6226177226091146,
  "tenaciousness": 0.20080468458426137,
  "thwackability": 1.0932432383866169,
  "totalFingers": 15,
  "tournamentTeamId": "49181b72-7f1c-4f1c-929f-928d763ad7fb",
  "tragicness": 0.001,
  "unthwackability": 0.6770477394994135,
  "watchfulness": 0.6388930534067773,
  "weekAttr": []
}