{
  "anticapitalism": 0.48293916937142,
  "armor": "",
  "baseThirst": 0.7264303471384013,
  "bat": "",
  "blood": 6,
  "buoyancy": 0.6264053392635064,
  "chasiness": 0.6628853419964191,
  "cinnamon": 0.21738159854487837,
  "coffee": 9,
  "coldness": 0.5795947250353328,
  "continuation": 0.22517098968049343,
  "deceased": false,
  "divinity": 0.21692069719450385,
  "fate": 24,
  "gameAttr": [],
  "groundFriction": 0.17227117165820482,
  "id": "4f69e8c2-b2a1-4e98-996a-ccf35ac844c5",
  "indulgence": 0.256185629502762,
  "laserlikeness": 0.6641286286791315,
  "martyrdom": 0.8833240560557146,
  "moxie": 0.58511666624578,
  "musclitude": 0.1274809948992272,
  "name": "Igneus Delacruz",
  "omniscience": 0.04241557602591506,
  "overpowerment": 0.38474615060018014,
  "patheticism": 0.060000000000000005,
  "peanutAllergy": true,
  "permAttr": [
    "ALTERNATE"
  ],
  "pressurization": 0.6097617160304536,
  "ritual": "Hyperventilating",
  "ruthlessness": 1.0364139774138057,
  "seasAttr": [],
  "shakespearianism": 0.24332840535717623,
  "soul": 9,
  "suppression": 0.9445366065607886,
  "tenaciousness": 0.01728975130298105,
  "thwackability": 0.9639850983983048,
  "totalFingers": 12,
  "tragicness": 0.1,
  "unthwackability": 0.9817521131497824,
  "watchfulness": 0.6034683016231814,
  "weekAttr": []
}