{
  "anticapitalism": 0.38293916937142,
  "armor": "",
  "baseThirst": 0.5264303471384013,
  "bat": "",
  "blood": 4,
  "buoyancy": 0.5264053392635064,
  "chasiness": 0.562885341996419,
  "cinnamon": 0.21738159854487837,
  "coffee": 9,
  "coldness": 0.27959472503533284,
  "continuation": 0.025170989680493416,
  "deceased": false,
  "divinity": 0.11692069719450388,
  "fate": 24,
  "gameAttr": [],
  "groundFriction": 0.01,
  "hitStreak": 0,
  "id": "4f69e8c2-b2a1-4e98-996a-ccf35ac844c5",
  "indulgence": 0.05618562950276201,
  "laserlikeness": 0.46412862867913146,
  "martyrdom": 0.7833240560557146,
  "moxie": 0.4851166662457799,
  "musclitude": 0.0274809948992272,
  "name": "Igneus Delacruz",
  "omniscience": 0.01,
  "overpowerment": 0.08474615060018015,
  "patheticism": 0.21,
  "peanutAllergy": true,
  "permAttr": [
    "ALTERNATE"
  ],
  "pressurization": 0.6097617160304536,
  "ritual": "Hyperventilating",
  "ruthlessness": 0.7364139774138054,
  "seasAttr": [],
  "shakespearianism": 0.01,
  "soul": 9,
  "suppression": 0.6445366065607887,
  "tenaciousness": 0.01,
  "thwackability": 0.8639850983983048,
  "totalFingers": 14,
  "tragicness": 0.1,
  "unthwackability": 0.6817521131497823,
  "watchfulness": 0.5034683016231813,
  "weekAttr": []
}