{
  "anticapitalism": 0.40293916937141994,
  "armor": "",
  "baseThirst": 0.5464303471384013,
  "baserunningRating": 0.2615888663486125,
  "bat": "",
  "blood": 4,
  "buoyancy": 0.6464053392635064,
  "chasiness": 0.5828853419964191,
  "cinnamon": 0.21738159854487837,
  "coffee": 9,
  "coldness": 0.29959472503533285,
  "continuation": 0.04517098968049342,
  "deceased": false,
  "defenseRating": 0.3353732156214959,
  "divinity": 0.23692069719450387,
  "fate": 24,
  "gameAttr": [],
  "groundFriction": 0.03,
  "hitStreak": 0,
  "hittingRating": 0.4972348245020158,
  "id": "4f69e8c2-b2a1-4e98-996a-ccf35ac844c5",
  "indulgence": 0.07618562950276202,
  "laserlikeness": 0.4841286286791315,
  "leagueTeamId": "f02aeae2-5e6a-4098-9842-02d2273f25c7",
  "martyrdom": 0.9033240560557146,
  "moxie": 0.6051166662457799,
  "musclitude": 0.14748099489922722,
  "name": "Igneus Delacruz",
  "omniscience": 0.11,
  "overpowerment": 0.10474615060018017,
  "patheticism": 0.09000000000000002,
  "peanutAllergy": false,
  "permAttr": [
    "ALTERNATE"
  ],
  "pitchingRating": 0.3649571470528275,
  "pressurization": 0.6097617160304536,
  "ritual": "Hyperventilating",
  "ruthlessness": 0.7564139774138054,
  "seasAttr": [],
  "shakespearianism": 0.03,
  "soul": 9,
  "suppression": 0.6645366065607887,
  "tenaciousness": 0.11,
  "thwackability": 0.9839850983983048,
  "totalFingers": 15,
  "tournamentTeamId": "49181b72-7f1c-4f1c-929f-928d763ad7fb",
  "tragicness": 0.1,
  "unthwackability": 0.7017521131497824,
  "watchfulness": 0.5234683016231814,
  "weekAttr": []
}