{
  "anticapitalism": 0.34754735545507964,
  "armor": "",
  "baseThirst": 0.9146118072207589,
  "baserunningRating": 0.7329889844472228,
  "bat": "",
  "blood": 5,
  "buoyancy": 0.29707319766431484,
  "chasiness": 0.2670781192193248,
  "cinnamon": 0.9436650851356893,
  "coffee": 3,
  "coldness": 0.2668058739020729,
  "continuation": 0.7816025262771591,
  "deceased": false,
  "defenseRating": 0.6020647140229614,
  "divinity": 0.7120028064734618,
  "fate": 47,
  "gameAttr": [],
  "groundFriction": 0.195898543284579,
  "hitStreak": 0,
  "hittingRating": 0.5619442636036713,
  "id": "4fe28bc1-f690-4ad6-ad09-1b2e984bf30b",
  "indulgence": 0.9393423843606674,
  "laserlikeness": 0.8060821781186225,
  "leagueTeamId": "b024e975-1c4a-4575-8936-a3754a08806a",
  "martyrdom": 0.9851747473509388,
  "moxie": 0.610404471390932,
  "musclitude": 0.6107778206303254,
  "name": "Cell Longarms",
  "omniscience": 0.7573409674231886,
  "overpowerment": 0.18594490136181177,
  "patheticism": 0.2906680556317438,
  "peanutAllergy": false,
  "permAttr": [],
  "pitchingRating": 0.4270914058718088,
  "pressurization": 0.317806399420381,
  "ritual": "Extra-gravity workout",
  "ruthlessness": 0.5702385875272573,
  "seasAttr": [],
  "shakespearianism": 0.7604790341494383,
  "soul": 4,
  "suppression": 0.187095560909468,
  "tenaciousness": 0.4028764028207614,
  "thwackability": 0.35250281553456553,
  "totalFingers": 10,
  "tournamentTeamId": null,
  "tragicness": 0.1,
  "unthwackability": 0.5343845363361606,
  "watchfulness": 0.7241906075054048,
  "weekAttr": []
}