{
  "anticapitalism": 0.9747087580194536,
  "baseThirst": 0.4698400786317526,
  "baserunningRating": 0.927731218960656,
  "blood": 10,
  "buoyancy": 0.4210825385081707,
  "chasiness": 0.11979668561237344,
  "cinnamon": 0.08824738183927351,
  "coffee": 9,
  "coldness": 0.7999624350997291,
  "continuation": 0.9349560576595262,
  "deceased": false,
  "defenseRating": 0.4771997671879355,
  "divinity": 1.3464455747133908,
  "eDensity": 29.58829310191274,
  "evolution": 0,
  "fate": 42,
  "gameAttr": [],
  "groundFriction": 1.275318196500566,
  "hitStreak": 0,
  "hittingRating": 0.7342883033802067,
  "id": "4ffd2e50-bb5b-45d0-b7c4-e24d41b2ff5d",
  "indulgence": 1.1074093517070505,
  "itemAttr": [],
  "items": [
    {
      "baserunningRating": 0,
      "defenseRating": 0,
      "durability": 2,
      "forger": null,
      "forgerName": null,
      "health": 2,
      "hittingRating": 0.07293178876372763,
      "id": "0abe2b83-c476-4fa0-940e-6254dbe94329",
      "name": "Necklace of Charisma",
      "pitchingRating": 0,
      "postPrefix": null,
      "prePrefix": null,
      "prefixes": null,
      "root": {
        "adjustments": [
          {
            "stat": 3,
            "type": 1,
            "value": 0.12310562408961326
          }
        ],
        "name": "Necklace"
      },
      "suffix": {
        "adjustments": [
          {
            "stat": 3,
            "type": 1,
            "value": 0.1489408056669017
          },
          {
            "stat": 8,
            "type": 1,
            "value": 0.19516720361244888
          },
          {
            "stat": 4,
            "type": 1,
            "value": 0.191936974492734
          }
        ],
        "name": "Charisma"
      }
    }
  ],
  "laserlikeness": 0.9469144452530012,
  "leagueTeamId": "36569151-a2fb-43c1-9df7-2df512424c82",
  "martyrdom": 0.9094794235145296,
  "moxie": 0.3030119529458229,
  "musclitude": 0.8211454239260919,
  "name": "Schneider Bendie",
  "omniscience": 0.15803509969296675,
  "overpowerment": 0.9791222010382824,
  "patheticism": 0.6605270682182964,
  "peanutAllergy": false,
  "permAttr": [],
  "pitchingRating": 0.944822582173022,
  "pressurization": 0.06942770423370281,
  "ritual": "Face contortions",
  "ruthlessness": 1.093810275299588,
  "seasAttr": [],
  "shakespearianism": 0.5756521891336078,
  "soul": 4,
  "state": {
    "itemModSources": {}
  },
  "suppression": 0.6434852223842624,
  "tenaciousness": 0.5240996938198681,
  "thwackability": 0.4864224398331869,
  "totalFingers": 11,
  "tournamentTeamId": "49181b72-7f1c-4f1c-929f-928d763ad7fb",
  "tragicness": 0.04749654245396641,
  "unthwackability": 0.9443007818900198,
  "watchfulness": 0.7644474542294525,
  "weekAttr": [
    "COFFEE_PERIL"
  ]
}