{
  "_id": "4ffd2e50-bb5b-45d0-b7c4-e24d41b2ff5d",
  "anticapitalism": 1.1998318708188955,
  "armor": "",
  "baseThirst": 0.4182697009345662,
  "bat": "",
  "blood": 10,
  "buoyancy": 0.3663597502769849,
  "chasiness": 0.34742720673357136,
  "cinnamon": 0.04683654936723802,
  "coffee": 9,
  "coldness": 0.7234392053642644,
  "continuation": 0.885295809499689,
  "deceased": false,
  "divinity": 1.1890546502328003,
  "fate": 42,
  "groundFriction": 1.15022731297449,
  "indulgence": 1.0492452526800065,
  "laserlikeness": 0.906485350460294,
  "martyrdom": 0.8452214509093343,
  "moxie": 0.2371276154122755,
  "musclitude": 0.6730725948041862,
  "name": "Schneider Bendie",
  "omniscience": 0.3787786833398797,
  "overpowerment": 0.9135959399366524,
  "patheticism": 0.7098238259386043,
  "peanutAllergy": false,
  "pressurization": 0.06942770423370281,
  "ritual": "Face contortions",
  "ruthlessness": 1.014440593503719,
  "shakespearianism": 0.5082898527846622,
  "soul": 4,
  "suppression": 0.5939309680261935,
  "tenaciousness": 0.7598723231394826,
  "thwackability": 0.4066947808965995,
  "totalFingers": 11,
  "tragicness": 0.1,
  "unthwackability": 0.875372782544539,
  "watchfulness": 1.0201014340843495
}