{
  "anticapitalism": 0.20815999575121305,
  "armor": "",
  "baseThirst": 0.7883480937436154,
  "baserunningRating": 0.3915618440577443,
  "bat": "",
  "blood": 8,
  "buoyancy": 0.8563305061744094,
  "chasiness": 0.6173054963707638,
  "cinnamon": 1.081307184090076,
  "coffee": 3,
  "coldness": 0.6758048889256558,
  "continuation": 0.47514535092169086,
  "deceased": false,
  "defenseRating": 0.7441998935405317,
  "divinity": 0.7859216689315514,
  "eDensity": 32.038760358212926,
  "evolution": 0,
  "fate": 18,
  "gameAttr": [],
  "groundFriction": 0.37758854384661794,
  "hitStreak": 0,
  "hittingRating": 0.8282001887323908,
  "id": "503a235f-9fa6-41b5-8514-9475c944273f",
  "indulgence": 0.3756097753289325,
  "laserlikeness": 0.2757659811235696,
  "leagueTeamId": "9debc64f-74b7-4ae1-a4d6-fce0144b6ea5",
  "martyrdom": 0.991754473322356,
  "moxie": 0.988210145478232,
  "musclitude": 0.7366041657894368,
  "name": "Reese Clark",
  "omniscience": 1.062151399367308,
  "overpowerment": 0.9412245084982096,
  "patheticism": 0.3981064480786912,
  "peanutAllergy": true,
  "permAttr": [
    "FIRE_EATER"
  ],
  "pitchingRating": 0.613003839128323,
  "pressurization": 0.6160131099737187,
  "ritual": "Lucid dreaming",
  "ruthlessness": 0.5456168158066642,
  "seasAttr": [],
  "shakespearianism": 0.7162983459399863,
  "soul": 7,
  "state": {},
  "suppression": 0.3254211728293077,
  "tenaciousness": 0.6576748352900097,
  "thwackability": 0.8576008961824069,
  "totalFingers": 13,
  "tournamentTeamId": "b3b9636a-f88a-47dc-a91d-86ecc79f9934",
  "tragicness": 0.1,
  "unthwackability": 0.6773269674735916,
  "watchfulness": 0.8310043951008672,
  "weekAttr": []
}