{
  "anticapitalism": 0.610337585488199,
  "baseThirst": 0.7217653568489448,
  "baserunningRating": 0.7056260193352873,
  "blood": 0,
  "buoyancy": 0.5530391922083375,
  "chasiness": 0.4459274311304026,
  "cinnamon": 0.6372684220281399,
  "coffee": 9,
  "coldness": 0.4305606018681195,
  "continuation": 0.34959727625489506,
  "deceased": false,
  "defenseRating": 0.6868125030403327,
  "divinity": 0.5579149605743099,
  "eDensity": 14.914409128903989,
  "evolution": 0,
  "fate": 91,
  "gameAttr": [],
  "groundFriction": 0.6177870724178542,
  "hitStreak": 0,
  "hittingRating": 0.29224680399582925,
  "id": "5116921f-7642-441a-9a85-40c93a1e61bd",
  "indulgence": 0.3855556404436701,
  "itemAttr": [],
  "items": [
    {
      "baserunningRating": 0,
      "defenseRating": 0,
      "durability": 1,
      "forger": null,
      "forgerName": null,
      "health": 1,
      "hittingRating": 0.022227400545902276,
      "id": "c06141af-98c4-41ee-b13d-0edfda2cc243",
      "name": "Bat",
      "pitchingRating": 0,
      "postPrefix": null,
      "prePrefix": null,
      "prefixes": null,
      "root": {
        "adjustments": [
          {
            "stat": 2,
            "type": 1,
            "value": 0.10322664504661812
          }
        ],
        "name": "Bat"
      },
      "suffix": null
    }
  ],
  "laserlikeness": 0.8737177992411693,
  "leagueTeamId": "d9f89a8a-c563-493e-9d64-78e4f9a55d4a",
  "martyrdom": 0.7944706451244414,
  "moxie": 0.1006756802991382,
  "musclitude": 0.001,
  "name": "Mordecai Kingbird",
  "omniscience": 0.3835906536634413,
  "overpowerment": 0.001,
  "patheticism": 0.5516004290449683,
  "peanutAllergy": true,
  "permAttr": [],
  "pitchingRating": 0.16023026347197775,
  "pressurization": 0.33592301139799474,
  "ritual": "Re-inflating",
  "ruthlessness": 0.6598512860385002,
  "seasAttr": [],
  "shakespearianism": 0.015641611928745608,
  "soul": 1,
  "state": {},
  "suppression": 0.6731844318464626,
  "tenaciousness": 0.8809947958947452,
  "thwackability": 0.4430608839246544,
  "totalFingers": 10,
  "tournamentTeamId": null,
  "tragicness": 0.4524024405015777,
  "unthwackability": 0.6813562185027175,
  "watchfulness": 0.7513891208895753,
  "weekAttr": []
}