{
  "anticapitalism": 0.6560231852064085,
  "baseThirst": 0.7855537840653058,
  "baserunningRating": 0.7693551038372733,
  "blood": 0,
  "buoyancy": 0.6209696811560359,
  "chasiness": 0.5170441582948856,
  "cinnamon": 0.7101766956999569,
  "coffee": 9,
  "coldness": 0.5026852264201253,
  "continuation": 0.4023118870774618,
  "deceased": false,
  "defenseRating": 0.7423862112212463,
  "divinity": 0.6061979017745037,
  "eDensity": 18.21498464845273,
  "evolution": 0,
  "fate": 91,
  "gameAttr": [],
  "groundFriction": 0.6900298709190275,
  "hitStreak": 0,
  "hittingRating": 0.44457436007953893,
  "id": "5116921f-7642-441a-9a85-40c93a1e61bd",
  "indulgence": 0.44739095367317855,
  "itemAttr": [],
  "items": [
    {
      "baserunningRating": 0,
      "defenseRating": 0,
      "durability": 1,
      "forger": null,
      "forgerName": null,
      "health": 1,
      "hittingRating": 0.022227400545902276,
      "id": "c06141af-98c4-41ee-b13d-0edfda2cc243",
      "name": "Bat",
      "pitchingRating": 0,
      "postPrefix": null,
      "prePrefix": null,
      "prefixes": null,
      "root": {
        "adjustments": [
          {
            "stat": 2,
            "type": 1,
            "value": 0.10322664504661812
          }
        ],
        "name": "Bat"
      },
      "suffix": null
    }
  ],
  "laserlikeness": 0.9427464430179112,
  "leagueTeamId": "d9f89a8a-c563-493e-9d64-78e4f9a55d4a",
  "martyrdom": 0.8726230829973599,
  "moxie": 0.14553586770236496,
  "musclitude": 0.06081652894605549,
  "name": "Mordecai Kingbird",
  "omniscience": 0.4542997730729426,
  "overpowerment": 0.04582445234117397,
  "patheticism": 0.485129458482632,
  "peanutAllergy": true,
  "permAttr": [],
  "pitchingRating": 0.36011070321233135,
  "pressurization": 0.33592301139799474,
  "ritual": "Re-inflating",
  "ruthlessness": 0.7131643435784929,
  "seasAttr": [],
  "shakespearianism": 0.08347852338091405,
  "soul": 1,
  "state": {},
  "suppression": 0.751017693001452,
  "tenaciousness": 0.9510905903875528,
  "thwackability": 0.5032989915135551,
  "totalFingers": 10,
  "tournamentTeamId": null,
  "tragicness": 0.37418934127399567,
  "unthwackability": 0.7288051274810917,
  "watchfulness": 0.8030144027311276,
  "weekAttr": []
}