{
  "anticapitalism": 0.7134615856162727,
  "armor": "",
  "baseThirst": 0.8149007641793609,
  "baserunningRating": 0.8015704421662406,
  "bat": "",
  "blood": 0,
  "buoyancy": 0.7099578190954674,
  "chasiness": 0.5885720209584215,
  "cinnamon": 0.7831138424406607,
  "coffee": 9,
  "coldness": 0.5583774834079678,
  "continuation": 0.4613454644951236,
  "deceased": false,
  "defenseRating": 0.7851647970217904,
  "divinity": 0.7231950780915917,
  "eDensity": 0,
  "evolution": 0,
  "fate": 91,
  "gameAttr": [],
  "groundFriction": 0.7641372566921443,
  "hitStreak": 0,
  "hittingRating": 0.52270660063023,
  "id": "5116921f-7642-441a-9a85-40c93a1e61bd",
  "indulgence": 0.4789625178560757,
  "laserlikeness": 0.9553502284461076,
  "leagueTeamId": "d9f89a8a-c563-493e-9d64-78e4f9a55d4a",
  "martyrdom": 0.9687247255235768,
  "moxie": 0.15540679319222606,
  "musclitude": 0.08609944995486574,
  "name": "Mordecai Kingbird",
  "omniscience": 0.5351075362416011,
  "overpowerment": 0.005255512379579663,
  "patheticism": 0.45684228644318536,
  "peanutAllergy": true,
  "permAttr": [],
  "pitchingRating": 0.3306611249372899,
  "pressurization": 0.33592301139799474,
  "ritual": "Re-inflating",
  "ruthlessness": 0.8345462503151146,
  "seasAttr": [],
  "shakespearianism": 0.18526477696758148,
  "soul": 2,
  "state": {},
  "suppression": 0.7372203899191547,
  "tenaciousness": 0.9398114298515584,
  "thwackability": 0.6032673375297848,
  "totalFingers": 10,
  "tournamentTeamId": null,
  "tragicness": 0.3106250478418202,
  "unthwackability": 0.8800684747322527,
  "watchfulness": 0.838444671971549,
  "weekAttr": []
}