{
  "_id": "5149c919-48fe-45c6-b7ee-bb8e5828a095",
  "anticapitalism": 0.7787594481602405,
  "baseThirst": 0.5794603767855835,
  "bat": "",
  "buoyancy": 0.9848117995930388,
  "chasiness": 0.5578177232096182,
  "cinnamon": 0.5518553890449938,
  "coldness": 0.7210852035544772,
  "continuation": 0.01879436285207725,
  "deceased": false,
  "divinity": 0.44966319125285503,
  "fate": 31,
  "groundFriction": 0.9018001679766,
  "indulgence": 0.34181352964278666,
  "laserlikeness": 0.41000092064272753,
  "martyrdom": 0.9283471996434592,
  "moxie": 0.15601387299923264,
  "musclitude": 0.26714337642998665,
  "name": "Adkins Davis",
  "omniscience": 0.05026546710096991,
  "overpowerment": 0.6906293958549201,
  "patheticism": 0.6074912161460777,
  "peanutAllergy": false,
  "pressurization": 0.9358373953498448,
  "ruthlessness": 0.940361615706147,
  "shakespearianism": 0.7775533516067821,
  "soul": 8,
  "suppression": 0.9289951643430732,
  "tenaciousness": 0.020557996421392888,
  "thwackability": 0.4169798466271693,
  "totalFingers": 10,
  "tragicness": 0.1,
  "unthwackability": 0.30556230475188495,
  "watchfulness": 0.49502557103643086
}