{
  "_id": "51985516-5033-4ab8-a185-7bda07829bdb",
  "anticapitalism": 0.042986632961553806,
  "baseThirst": 0.9304893369946096,
  "bat": "",
  "buoyancy": 0.640616270018552,
  "chasiness": 0.9445254840675564,
  "cinnamon": 0.944211739685219,
  "coldness": 0.14448000727858568,
  "continuation": 0.9041918336370358,
  "deceased": false,
  "divinity": 0.40584892282708784,
  "fate": 95,
  "groundFriction": 0.44438967861400025,
  "indulgence": 0.3580925227454437,
  "laserlikeness": 0.3119890699549881,
  "martyrdom": 0.6950488152143086,
  "moxie": 0.8037115144468776,
  "musclitude": 0.3803796522650218,
  "name": "Stephanie Schmitt",
  "omniscience": 0.37359314844170033,
  "overpowerment": 0.4002595966238185,
  "patheticism": 0.023897171302648346,
  "peanutAllergy": false,
  "pressurization": 0.5066177227937467,
  "ruthlessness": 0.2523838291378313,
  "shakespearianism": 0.6992166332312235,
  "soul": 8,
  "suppression": 0.600900908221166,
  "tenaciousness": 0.979332315521764,
  "thwackability": 0.18532660485578736,
  "totalFingers": 10,
  "tragicness": 0.1,
  "unthwackability": 0.5947262882629543,
  "watchfulness": 0.94889406486734
}