{
  "anticapitalism": 0.07568781528455872,
  "armor": "",
  "baseThirst": 0.8732405165279093,
  "bat": "",
  "blood": 6,
  "buoyancy": 0.6637236720766394,
  "chasiness": 0.948077274842652,
  "cinnamon": 0.4258124819832748,
  "coffee": 10,
  "coldness": 0.9351060380075776,
  "continuation": 0.7152546224748058,
  "deceased": false,
  "divinity": 0.7822634440695426,
  "fate": 54,
  "gameAttr": [],
  "groundFriction": 0.6722184008031766,
  "id": "51c5473a-7545-4a9a-920d-d9b718d0e8d1",
  "indulgence": 1.0610656254538628,
  "laserlikeness": 0.1294187889414637,
  "martyrdom": 0.2364834364369166,
  "moxie": 1.0590076570751108,
  "musclitude": 0.9419134679671968,
  "name": "Jacob Haynes",
  "omniscience": 0.1779382722843786,
  "overpowerment": 0.49755074953170114,
  "patheticism": 0.01,
  "peanutAllergy": true,
  "permAttr": [],
  "pressurization": 0.7577668696011985,
  "ritual": "Essential oils",
  "ruthlessness": 1.0600248340358809,
  "seasAttr": [],
  "shakespearianism": 0.2508801934146351,
  "soul": 5,
  "suppression": 0.4720801642247104,
  "tenaciousness": 0.9612581220654604,
  "thwackability": 1.1038146283801806,
  "totalFingers": 12,
  "tragicness": 0.03219868324734776,
  "unthwackability": 0.8512316382896893,
  "watchfulness": 0.09241485545681244,
  "weekAttr": []
}