{
  "anticapitalism": 0.01,
  "armor": "",
  "baseThirst": 0.9732405165279092,
  "bat": "",
  "blood": 6,
  "buoyancy": 0.6637236720766394,
  "chasiness": 0.8480772748426522,
  "cinnamon": 0.4258124819832748,
  "coffee": 10,
  "coldness": 0.8351060380075778,
  "continuation": 0.8152546224748057,
  "deceased": false,
  "divinity": 0.7822634440695426,
  "fate": 54,
  "gameAttr": [],
  "groundFriction": 0.7722184008031766,
  "hitStreak": 0,
  "id": "51c5473a-7545-4a9a-920d-d9b718d0e8d1",
  "indulgence": 1.161065625453863,
  "laserlikeness": 0.1294187889414637,
  "martyrdom": 0.2364834364369166,
  "moxie": 1.0590076570751108,
  "musclitude": 0.9419134679671968,
  "name": "Jacob Haynes",
  "omniscience": 0.0779382722843786,
  "overpowerment": 0.3975507495317011,
  "patheticism": 0.01,
  "peanutAllergy": true,
  "permAttr": [],
  "pressurization": 0.7577668696011985,
  "ritual": "Essential oils",
  "ruthlessness": 0.9600248340358808,
  "seasAttr": [],
  "shakespearianism": 0.15088019341463507,
  "soul": 5,
  "suppression": 0.3720801642247103,
  "tenaciousness": 0.8612581220654605,
  "thwackability": 1.1038146283801806,
  "totalFingers": 13,
  "tragicness": 0.1,
  "unthwackability": 0.7512316382896893,
  "watchfulness": 0.01,
  "weekAttr": []
}