{
  "anticapitalism": 0.9475698785978492,
  "armor": "",
  "baseThirst": 0.5033121143404433,
  "baserunningRating": 0.08398804617425114,
  "bat": "",
  "blood": 8,
  "buoyancy": 0.5901502000316659,
  "chasiness": 0.8947008996334154,
  "cinnamon": 0.7111976356078589,
  "coffee": 8,
  "coldness": 0.3479057999918369,
  "continuation": 0.011966528483942309,
  "deceased": false,
  "defenseRating": 0.6375690796442459,
  "divinity": 0.7327385975632164,
  "fate": 63,
  "gameAttr": [],
  "groundFriction": 0.5525795258421444,
  "hitStreak": 0,
  "hittingRating": 0.6471844408275811,
  "id": "51c70634-c50a-47a9-bc11-60fa72329875",
  "indulgence": 0.04838568066521409,
  "laserlikeness": 0.04046238846547512,
  "leagueTeamId": "c73b705c-40ad-4633-a6ed-d357ee2e2bcf",
  "martyrdom": 0.775284622348793,
  "moxie": 0.9671815813790268,
  "musclitude": 0.21809726760131665,
  "name": "Theodore Honeywell",
  "omniscience": 0.8778446240146787,
  "overpowerment": 0.7311956751386943,
  "patheticism": 0.0651806131610495,
  "peanutAllergy": false,
  "permAttr": [],
  "pitchingRating": 0.04014321668143516,
  "pressurization": 0.49970333671884926,
  "ritual": "Eating",
  "ruthlessness": 0.20355115371857543,
  "seasAttr": [],
  "shakespearianism": 0.5842383249140737,
  "soul": 4,
  "suppression": 0.2204599041735511,
  "tenaciousness": 0.724535039558388,
  "thwackability": 0.564624833479543,
  "totalFingers": 10,
  "tournamentTeamId": null,
  "tragicness": 0.1,
  "unthwackability": 0.00742479228650228,
  "watchfulness": 0.03236154538484759,
  "weekAttr": []
}