{
  "anticapitalism": 0.9419462278916276,
  "armor": "",
  "baseThirst": 0.7180672031528135,
  "baserunningRating": 0.6255520042676549,
  "bat": "",
  "blood": 3,
  "buoyancy": 0.5035066456902302,
  "chasiness": 0.6136374102594528,
  "cinnamon": 0.5216252380694861,
  "coffee": 4,
  "coldness": 0.16106250112021067,
  "continuation": 0.5404338577921126,
  "deceased": false,
  "defenseRating": 0.6129578416477922,
  "divinity": 0.7313792651031481,
  "eDensity": 28.227025803506983,
  "evolution": 0,
  "fate": 9,
  "gameAttr": [],
  "groundFriction": 0.772095913942872,
  "hitStreak": 0,
  "hittingRating": 0.3112767777866318,
  "id": "51cba429-13e8-487e-9568-847b7b8b9ac5",
  "indulgence": 0.1383226375797297,
  "laserlikeness": 0.7396604689699933,
  "leagueTeamId": "eb67ae5e-c4bf-46ca-bbbc-425cd34182ff",
  "martyrdom": 0.2581193302306446,
  "moxie": 0.13314501381966037,
  "musclitude": 0.1298111592622093,
  "name": "Collins Mina",
  "omniscience": 0.6641247710643945,
  "overpowerment": 0.0811627267484438,
  "patheticism": 0.7294624051941696,
  "peanutAllergy": false,
  "permAttr": [],
  "pitchingRating": 0.19693134822748964,
  "pressurization": 1.0233368574554682,
  "ritual": "Landscapes",
  "ruthlessness": 0.5921383951439962,
  "seasAttr": [],
  "shakespearianism": 0.3568082990572272,
  "soul": 8,
  "state": {},
  "suppression": 0.9676326185575608,
  "tenaciousness": 0.5761043894522726,
  "thwackability": 0.15183864297185365,
  "totalFingers": 10,
  "tournamentTeamId": null,
  "tragicness": 0.1,
  "unthwackability": 0.16867372280455092,
  "watchfulness": 0.08848433421442434,
  "weekAttr": []
}