{
  "anticapitalism": 0.1085205474169535,
  "baseThirst": 0.2088054034035387,
  "baserunningRating": 0.23906635989370817,
  "blood": 10,
  "buoyancy": 0.5751106358763989,
  "chasiness": 0.018168647891230627,
  "cinnamon": 0.7913330079011789,
  "coffee": 6,
  "coldness": 0.6517847099462899,
  "continuation": 0.1954216786442402,
  "deceased": false,
  "defenseRating": 0.3257965996414633,
  "divinity": 0.46730827890887267,
  "eDensity": 13.90308952781442,
  "evolution": 0,
  "fate": 94,
  "gameAttr": [],
  "groundFriction": 0.8281478714952613,
  "hitStreak": 0,
  "hittingRating": 0.25956615589717746,
  "id": "51dab868-820b-4969-8bba-bde0be8090d7",
  "indulgence": 0.022809849966440865,
  "itemAttr": [],
  "items": [],
  "laserlikeness": 0.23968893157743265,
  "leagueTeamId": "46358869-dce9-4a01-bfba-ac24fc56f57e",
  "martyrdom": 0.3937001922366859,
  "moxie": 0.2173379349837357,
  "musclitude": 0.7641575284926968,
  "name": "Cravel Gesundheit",
  "omniscience": 0.09985318938744214,
  "overpowerment": 0.705909472225527,
  "patheticism": 0.8117123573794576,
  "peanutAllergy": false,
  "permAttr": [],
  "pitchingRating": 0.7664567140285987,
  "pressurization": 0.6587686202468825,
  "ritual": "Reassembling",
  "ruthlessness": 0.9309185725824388,
  "seasAttr": [],
  "shakespearianism": 0.557595747651916,
  "soul": 2,
  "state": {},
  "suppression": 0.009841474608180745,
  "tenaciousness": 0.9840500411621104,
  "thwackability": 0.09258365092074464,
  "totalFingers": 10,
  "tournamentTeamId": null,
  "tragicness": 0.7225685264898545,
  "unthwackability": 0.7929615111891075,
  "watchfulness": 0.7077382017367542,
  "weekAttr": []
}