{
  "anticapitalism": 0.4993678159568935,
  "baseThirst": 0.18207031919788097,
  "baserunningRating": 0.3903615838763751,
  "blood": 1,
  "buoyancy": 0.36269790376312705,
  "chasiness": 0.5239425628352639,
  "cinnamon": 0.5886110573151513,
  "coffee": 4,
  "coldness": 0.8291307390558897,
  "continuation": 0.3437426850121925,
  "deceased": false,
  "defenseRating": 0.6705253922486035,
  "divinity": 0.47737758848404543,
  "eDensity": 23.070085234174233,
  "evolution": 0,
  "fate": 71,
  "gameAttr": [],
  "groundFriction": 0.5392107788012659,
  "hitStreak": 0,
  "hittingRating": 0.3823996814250285,
  "id": "520e6066-b14b-45cf-985c-0a6ee2dc3f7a",
  "indulgence": 0.08151755163278218,
  "itemAttr": [],
  "items": [],
  "laserlikeness": 0.4954931794735642,
  "leagueTeamId": "ca3f1c8c-c025-4d8e-8eef-5be6accbeb16",
  "martyrdom": 0.08393184392025366,
  "moxie": 0.4718442322096885,
  "musclitude": 0.18215455690742943,
  "name": "Zi Sliders",
  "omniscience": 0.8758576572668892,
  "overpowerment": 0.8050969588567691,
  "patheticism": 0.9805720670013588,
  "peanutAllergy": true,
  "permAttr": [
    "ALTERNATE"
  ],
  "pitchingRating": 0.6424410062722072,
  "pressurization": 0.8205319969100984,
  "ritual": "Summoning circle",
  "ruthlessness": 0.636079635727899,
  "seasAttr": [],
  "shakespearianism": 0.2968225675234135,
  "soul": 7,
  "state": {},
  "suppression": 0.7656999804992275,
  "tenaciousness": 0.60579882281974,
  "thwackability": 0.46800673068034593,
  "totalFingers": 10,
  "tournamentTeamId": null,
  "tragicness": 0.4555210421092184,
  "unthwackability": 0.8140898195853112,
  "watchfulness": 0.2494159065901269,
  "weekAttr": []
}