{
  "anticapitalism": 0.13243181682805738,
  "armor": "",
  "baseThirst": 0.7367542834525289,
  "bat": "",
  "blood": 7,
  "buoyancy": 0.405974285489487,
  "chasiness": 0.17632820445374753,
  "cinnamon": 0.6449191997053836,
  "coffee": 3,
  "coldness": 0.05222004183407547,
  "continuation": 0.14236514695896507,
  "deceased": false,
  "divinity": 0.5826003244206779,
  "fate": 36,
  "gameAttr": [],
  "groundFriction": 0.732898467122719,
  "id": "527c1f6e-a7e4-4447-a824-703b662bae4e",
  "indulgence": 0.8516640988743109,
  "laserlikeness": 0.964090487790232,
  "martyrdom": 0.6525954424371596,
  "moxie": 0.6501111412720815,
  "musclitude": 0.4972813483421519,
  "name": "Melton Campbell",
  "omniscience": 0.21390327679166687,
  "overpowerment": 0.8654552802504099,
  "patheticism": 0.23133514137621636,
  "peanutAllergy": true,
  "permAttr": [],
  "pressurization": 0.7922583548745659,
  "ritual": "Shivering",
  "ruthlessness": 0.3374869258656443,
  "seasAttr": [],
  "shakespearianism": 0.4824314879406868,
  "soul": 3,
  "suppression": 0.742314902473129,
  "tenaciousness": 0.6074465490646321,
  "thwackability": 0.5519369074832652,
  "totalFingers": 10,
  "tragicness": 0.1,
  "unthwackability": 0.7762745633689636,
  "watchfulness": 0.13858348793589714,
  "weekAttr": []
}