{
  "anticapitalism": 0.16243181682805738,
  "armor": "",
  "baseThirst": 0.7667542834525289,
  "baserunningRating": 0.7827093385967937,
  "bat": "",
  "blood": 7,
  "buoyancy": 0.435974285489487,
  "chasiness": 0.20632820445374753,
  "cinnamon": 0.6749191997053836,
  "coffee": 3,
  "coldness": 0.08222004183407547,
  "continuation": 0.17236514695896507,
  "deceased": false,
  "defenseRating": 0.4107113979555862,
  "divinity": 0.6126003244206779,
  "eDensity": 22.422279250158585,
  "evolution": 0,
  "fate": 36,
  "gameAttr": [],
  "groundFriction": 0.762898467122719,
  "hitStreak": 0,
  "hittingRating": 0.6326436997841071,
  "id": "527c1f6e-a7e4-4447-a824-703b662bae4e",
  "indulgence": 0.881664098874311,
  "laserlikeness": 0.994090487790232,
  "leagueTeamId": "979aee4a-6d80-4863-bf1c-ee1a78e06024",
  "martyrdom": 0.6825954424371596,
  "moxie": 0.6801111412720815,
  "musclitude": 0.5272813483421519,
  "name": "Melton Campbell",
  "omniscience": 0.24390327679166687,
  "overpowerment": 0.8954552802504099,
  "patheticism": 0.20133514137621636,
  "peanutAllergy": true,
  "permAttr": [],
  "pitchingRating": 0.5199754565433109,
  "pressurization": 0.8222583548745659,
  "ritual": "Shivering",
  "ruthlessness": 0.3674869258656443,
  "seasAttr": [],
  "shakespearianism": 0.5124314879406868,
  "soul": 3,
  "state": {},
  "suppression": 0.7723149024731291,
  "tenaciousness": 0.6374465490646322,
  "thwackability": 0.5819369074832652,
  "totalFingers": 10,
  "tournamentTeamId": null,
  "tragicness": 0.1,
  "unthwackability": 0.8062745633689636,
  "watchfulness": 0.16858348793589714,
  "weekAttr": []
}