{
  "anticapitalism": 0.3953058387638431,
  "armor": "",
  "baseThirst": 0.5456042385848024,
  "baserunningRating": 0.4624814267948024,
  "bat": "",
  "blood": 11,
  "buoyancy": 0.9086575413513668,
  "chasiness": 0.36215536183421426,
  "cinnamon": 0.08497586432990384,
  "coffee": 5,
  "coldness": 1.0553315573521598,
  "continuation": 0.7651788454785315,
  "deceased": false,
  "defenseRating": 0.559452820148848,
  "divinity": 1.031003273618626,
  "eDensity": 21.09065596153456,
  "evolution": 1,
  "fate": 36,
  "gameAttr": [
    "WIRED"
  ],
  "groundFriction": 0.6078768346775564,
  "hitStreak": 0,
  "hittingRating": 0.5939965353593989,
  "id": "5361e381-6658-488b-8236-dde6a264554f",
  "indulgence": 0.19706613381020424,
  "laserlikeness": 0.3893811616295631,
  "leagueTeamId": "d9f89a8a-c563-493e-9d64-78e4f9a55d4a",
  "martyrdom": 1.041767059277111,
  "moxie": 0.30409642640519813,
  "musclitude": 0.8526389443031095,
  "name": "Yurts Buttercup",
  "omniscience": 0.9399553720245236,
  "overpowerment": 0.3406770990339831,
  "patheticism": 0.7453456543473278,
  "peanutAllergy": false,
  "permAttr": [],
  "pitchingRating": 0.5398772122018876,
  "pressurization": 0.4360459404099559,
  "ritual": "Reality TV",
  "ruthlessness": 0.8348596853279651,
  "seasAttr": [],
  "shakespearianism": 0.08680318282826724,
  "soul": 3,
  "state": {},
  "suppression": 0.3820285635764359,
  "tenaciousness": 0.5148618825956399,
  "thwackability": 0.3673228299723006,
  "totalFingers": 10,
  "tournamentTeamId": null,
  "tragicness": 0.7055632150579503,
  "unthwackability": 0.7563446565560189,
  "watchfulness": 0.08957990065498367,
  "weekAttr": []
}