{
  "anticapitalism": 0.6877591159349042,
  "baseThirst": 0.8594366682654104,
  "baserunningRating": 0.736782313486817,
  "blood": 11,
  "buoyancy": 1.21376458720395,
  "chasiness": 0.6053423629960802,
  "cinnamon": 0.3429712378408629,
  "coffee": 5,
  "coldness": 1.28747546065241,
  "continuation": 0.9984634446259192,
  "deceased": false,
  "defenseRating": 0.8254930911631161,
  "divinity": 1.2776782798441904,
  "eDensity": 29.753593844836853,
  "evolution": 1,
  "fate": 36,
  "gameAttr": [],
  "groundFriction": 0.8914855696118791,
  "hitStreak": 0,
  "hittingRating": 0.8951920939671437,
  "id": "5361e381-6658-488b-8236-dde6a264554f",
  "indulgence": 0.5187653086793692,
  "itemAttr": [],
  "items": [
    {
      "baserunningRating": 0,
      "defenseRating": 0,
      "durability": 1,
      "forger": null,
      "forgerName": null,
      "health": 1,
      "hittingRating": 0.006413955771586544,
      "id": "5b199c21-232d-42a3-bbfd-d1f707283bc0",
      "name": "Jersey",
      "pitchingRating": 0,
      "postPrefix": null,
      "prePrefix": null,
      "prefixes": null,
      "root": {
        "adjustments": [
          {
            "stat": 5,
            "type": 1,
            "value": 0.11901554806466796
          }
        ],
        "name": "Jersey"
      },
      "suffix": null
    },
    {
      "baserunningRating": 0,
      "defenseRating": 0,
      "durability": 1,
      "forger": null,
      "forgerName": null,
      "health": 1,
      "hittingRating": 0.056288398422061126,
      "id": "b01d0ec8-d563-49b1-ad87-74061e217b03",
      "name": "Bat",
      "pitchingRating": 0,
      "postPrefix": null,
      "prePrefix": null,
      "prefixes": null,
      "root": {
        "adjustments": [
          {
            "stat": 2,
            "type": 1,
            "value": 0.127132556407344
          }
        ],
        "name": "Bat"
      },
      "suffix": null
    }
  ],
  "laserlikeness": 0.6530585589946555,
  "leagueTeamId": "d9f89a8a-c563-493e-9d64-78e4f9a55d4a",
  "martyrdom": 1.3247843243357262,
  "moxie": 0.5631102199798904,
  "musclitude": 1.191713795445274,
  "name": "Yurts Buttercup",
  "omniscience": 1.193601213378154,
  "overpowerment": 0.7015020987303884,
  "patheticism": 0.519699265251273,
  "peanutAllergy": false,
  "permAttr": [],
  "pitchingRating": 0.935903050645331,
  "pressurization": 0.4360459404099559,
  "ritual": "Reality TV",
  "ruthlessness": 1.1536109720428105,
  "seasAttr": [],
  "shakespearianism": 0.3468395309016732,
  "soul": 3,
  "state": {},
  "suppression": 0.6342019637666295,
  "tenaciousness": 0.7830781721253447,
  "thwackability": 0.6898381972360692,
  "totalFingers": 10,
  "tournamentTeamId": null,
  "tragicness": 0.42704487758327175,
  "unthwackability": 1.0604565159363188,
  "watchfulness": 0.4039878141296115,
  "weekAttr": []
}