{
  "anticapitalism": 0.608994098186914,
  "baseThirst": 0.8053052629518371,
  "baserunningRating": 0.6935837989588545,
  "blood": 11,
  "buoyancy": 1.1552254361462118,
  "chasiness": 0.5520608871762551,
  "cinnamon": 0.26476484483709484,
  "coffee": 5,
  "coldness": 1.2239681859080982,
  "continuation": 0.9389184834150448,
  "deceased": false,
  "defenseRating": 0.7697044567627978,
  "divinity": 1.2122990697574398,
  "eDensity": 28.021146952292348,
  "evolution": 1,
  "fate": 36,
  "gameAttr": [],
  "groundFriction": 0.8471528444225805,
  "hitStreak": 0,
  "hittingRating": 0.8300144047226525,
  "id": "5361e381-6658-488b-8236-dde6a264554f",
  "indulgence": 0.4774808122196309,
  "itemAttr": [],
  "items": [
    {
      "baserunningRating": 0,
      "defenseRating": 0,
      "durability": 1,
      "forger": null,
      "forgerName": null,
      "health": 1,
      "hittingRating": 0.056288398422061126,
      "id": "b01d0ec8-d563-49b1-ad87-74061e217b03",
      "name": "Bat",
      "pitchingRating": 0,
      "postPrefix": null,
      "prePrefix": null,
      "prefixes": null,
      "root": {
        "adjustments": [
          {
            "stat": 2,
            "type": 1,
            "value": 0.127132556407344
          }
        ],
        "name": "Bat"
      },
      "suffix": null
    }
  ],
  "laserlikeness": 0.6096725695257605,
  "leagueTeamId": "d9f89a8a-c563-493e-9d64-78e4f9a55d4a",
  "martyrdom": 1.2756141161782366,
  "moxie": 0.5065582590815902,
  "musclitude": 1.1445220902347435,
  "name": "Yurts Buttercup",
  "omniscience": 1.1289119733104755,
  "overpowerment": 0.6275715128332453,
  "patheticism": 0.5642464252479986,
  "peanutAllergy": false,
  "permAttr": [],
  "pitchingRating": 0.8525754755974596,
  "pressurization": 0.4360459404099559,
  "ritual": "Reality TV",
  "ruthlessness": 1.0958258604045483,
  "seasAttr": [],
  "shakespearianism": 0.2870066520157224,
  "soul": 3,
  "state": {},
  "suppression": 0.5842477628258151,
  "tenaciousness": 0.7234439685949963,
  "thwackability": 0.6165561491059327,
  "totalFingers": 10,
  "tournamentTeamId": null,
  "tragicness": 0.49750298178583546,
  "unthwackability": 0.9872032362049328,
  "watchfulness": 0.32546927049164237,
  "weekAttr": []
}