{
  "anticapitalism": 1.1376668041952462,
  "armor": "",
  "baseThirst": 0.40438936067630976,
  "bat": "",
  "blood": 8,
  "buoyancy": 0.9288910233681716,
  "chasiness": 0.7742656129521507,
  "cinnamon": 0.4857129246870672,
  "coffee": 13,
  "coldness": 0.5665650590499616,
  "continuation": 0.9405681318750811,
  "deceased": false,
  "divinity": 0.2086037378812634,
  "fate": 58,
  "gameAttr": [],
  "groundFriction": 0.8305634396700831,
  "hitStreak": 0,
  "id": "53e701c7-e3c8-4e18-ba05-9b41b4b64cda",
  "indulgence": 0.6998658345851475,
  "laserlikeness": 0.8735321756934918,
  "martyrdom": 0.86412384579136,
  "moxie": 0.881759096503593,
  "musclitude": 0.8105699004320273,
  "name": "Marquez Clark",
  "omniscience": 0.5964747575263655,
  "overpowerment": 1.0147255974983411,
  "patheticism": 0.01,
  "peanutAllergy": true,
  "permAttr": [],
  "pressurization": 0.01,
  "ritual": "Glimpsing the infinite",
  "ruthlessness": 0.4262221738811315,
  "seasAttr": [],
  "shakespearianism": 0.8057402423852396,
  "soul": 9,
  "suppression": 0.2191813506821247,
  "tenaciousness": 1.1834562044337686,
  "thwackability": 0.2967760257309927,
  "totalFingers": 10,
  "tragicness": 0.1,
  "unthwackability": 0.3860660860084585,
  "watchfulness": 1.2242734707927443,
  "weekAttr": []
}