{
  "anticapitalism": 0.8584156052489746,
  "baseThirst": 0.22497611318281352,
  "baserunningRating": 0.5696508185140104,
  "blood": 8,
  "buoyancy": 0.632545383287433,
  "chasiness": 0.5862756172331376,
  "cinnamon": 0.4376196126462671,
  "coffee": 13,
  "coldness": 0.4041604352899998,
  "continuation": 0.7509068423201146,
  "deceased": false,
  "defenseRating": 0.7585111099059718,
  "divinity": 0.033198602357444734,
  "eDensity": 32.59369903130566,
  "evolution": 0,
  "fate": 58,
  "gameAttr": [],
  "groundFriction": 0.617884931961915,
  "hitStreak": 0,
  "hittingRating": 0.1102735511702028,
  "id": "53e701c7-e3c8-4e18-ba05-9b41b4b64cda",
  "indulgence": 0.42182714855937525,
  "items": [],
  "laserlikeness": 0.6059887070793063,
  "leagueTeamId": "adc5b394-8f76-416d-9ce9-813706877b84",
  "martyrdom": 0.5832550955376787,
  "moxie": 0.5708126933572994,
  "musclitude": 0.5663142327168245,
  "name": "Marquez Clark",
  "omniscience": 0.3444212276913968,
  "overpowerment": 0.7549196355408906,
  "patheticism": 0.3604662808783941,
  "peanutAllergy": true,
  "permAttr": [
    "REPEATING"
  ],
  "pitchingRating": 0.1855533655385114,
  "pressurization": 0.04,
  "ritual": "Glimpsing the infinite",
  "ruthlessness": 0.2334412991588696,
  "seasAttr": [],
  "shakespearianism": 0.5561804154060386,
  "soul": 8,
  "state": {},
  "suppression": 0.001,
  "tenaciousness": 1.0214672278903556,
  "thwackability": 0.0779969405690213,
  "totalFingers": 11,
  "tournamentTeamId": null,
  "tragicness": 0.20097457592504236,
  "unthwackability": 0.141141417213337,
  "watchfulness": 1.0120252075205098,
  "weekAttr": []
}