{
  "anticapitalism": 0.08271283642757346,
  "baseThirst": 0.45447336017832873,
  "baserunningRating": 0.6053279755658644,
  "blood": 5,
  "buoyancy": 1.0108872877075583,
  "chasiness": 0.7586584737552694,
  "cinnamon": 0.6277432411981687,
  "coffee": 8,
  "coldness": 0.43442236467323664,
  "continuation": 1.1407566655283758,
  "deceased": false,
  "defenseRating": 0.2781489461124325,
  "divinity": 0.7530805951157729,
  "eDensity": 19.77933240911784,
  "evolution": 0,
  "fate": 68,
  "gameAttr": [],
  "groundFriction": 0.3953088004793014,
  "hitStreak": 0,
  "hittingRating": 0.6524023986343584,
  "id": "542af915-79c5-431c-a271-f7185e37c6ae",
  "indulgence": 0.5919874807694785,
  "itemAttr": [],
  "items": [
    {
      "baserunningRating": 0,
      "defenseRating": 0,
      "durability": 1,
      "forger": null,
      "forgerName": null,
      "health": 0,
      "hittingRating": 0.03743313060082976,
      "id": "5346970b-7f9a-4eca-8058-5cf9fc5f8f42",
      "name": "Bat",
      "pitchingRating": 0,
      "postPrefix": null,
      "prePrefix": null,
      "prefixes": null,
      "root": {
        "adjustments": [
          {
            "stat": 2,
            "type": 1,
            "value": 0.11079678850983124
          }
        ],
        "name": "Bat"
      },
      "suffix": null
    }
  ],
  "laserlikeness": 0.5587163760021981,
  "leagueTeamId": "105bc3ff-1320-4e37-8ef0-8d595cb95dd0",
  "martyrdom": 0.9745224166101444,
  "moxie": 0.3297514494714305,
  "musclitude": 0.5038015864496952,
  "name": "Oliver Notarobot",
  "omniscience": 0.09274786751783562,
  "overpowerment": 0.7929950980215963,
  "patheticism": 0.5139033585384345,
  "peanutAllergy": true,
  "permAttr": [
    "ALTERNATE"
  ],
  "pitchingRating": 0.43259673813275096,
  "pressurization": 0.7825931943366771,
  "ritual": "Must be last on the field",
  "ruthlessness": 0.40154769367801807,
  "seasAttr": [],
  "shakespearianism": 0.8547252763051847,
  "soul": 3,
  "state": {},
  "suppression": 0.37704005991605777,
  "tenaciousness": 0.7165946266251347,
  "thwackability": 0.6411386187116197,
  "totalFingers": 11,
  "tournamentTeamId": "e8f7ffee-ec53-4fe0-8e87-ea8ff1d0b4a9",
  "tragicness": 0.1,
  "unthwackability": 0.4478521909609359,
  "watchfulness": 0.01,
  "weekAttr": []
}