{
  "anticapitalism": 0.15025226328614627,
  "baseThirst": 0.5136314603594669,
  "baserunningRating": 0.6597835587110373,
  "blood": 5,
  "buoyancy": 1.086175017235089,
  "chasiness": 0.8371351701164496,
  "cinnamon": 0.6681548769218129,
  "coffee": 8,
  "coldness": 0.5045228609910094,
  "continuation": 1.2066884680441272,
  "deceased": false,
  "defenseRating": 0.39363595762435855,
  "divinity": 0.8141528955999886,
  "eDensity": 19.77933240911784,
  "evolution": 0,
  "fate": 68,
  "gameAttr": [],
  "groundFriction": 0.4641003471855595,
  "hitStreak": 0,
  "hittingRating": 0.7048934509108713,
  "id": "542af915-79c5-431c-a271-f7185e37c6ae",
  "indulgence": 0.6543671488736224,
  "itemAttr": [],
  "items": [
    {
      "baserunningRating": 0,
      "defenseRating": 0,
      "durability": 1,
      "forger": null,
      "forgerName": null,
      "health": 0,
      "hittingRating": 0.03743313060082976,
      "id": "5346970b-7f9a-4eca-8058-5cf9fc5f8f42",
      "name": "Bat",
      "pitchingRating": 0,
      "postPrefix": null,
      "prePrefix": null,
      "prefixes": null,
      "root": {
        "adjustments": [
          {
            "stat": 2,
            "type": 1,
            "value": 0.11079678850983124
          }
        ],
        "name": "Bat"
      },
      "suffix": null
    }
  ],
  "laserlikeness": 0.6079487165814105,
  "leagueTeamId": "105bc3ff-1320-4e37-8ef0-8d595cb95dd0",
  "martyrdom": 1.0306360358835025,
  "moxie": 0.37029954433462325,
  "musclitude": 0.5572816147194491,
  "name": "Oliver Notarobot",
  "omniscience": 0.13609985272928404,
  "overpowerment": 0.8449743928974204,
  "patheticism": 0.4410757284487054,
  "peanutAllergy": true,
  "permAttr": [
    "ALTERNATE"
  ],
  "pitchingRating": 0.4942610608465556,
  "pressurization": 0.7825931943366771,
  "ritual": "Must be last on the field",
  "ruthlessness": 0.4473876264145906,
  "seasAttr": [],
  "shakespearianism": 0.906417064928108,
  "soul": 3,
  "state": {},
  "suppression": 0.4543559517254353,
  "tenaciousness": 0.778706586525878,
  "thwackability": 0.6887551640597648,
  "totalFingers": 11,
  "tournamentTeamId": "e8f7ffee-ec53-4fe0-8e87-ea8ff1d0b4a9",
  "tragicness": 0.03908832110237198,
  "unthwackability": 0.5160632079242016,
  "watchfulness": 0.06322196864357794,
  "weekAttr": []
}