{
  "anticapitalism": 0.18271283642757347,
  "armor": "",
  "baseThirst": 0.45447336017832873,
  "bat": "",
  "blood": 5,
  "buoyancy": 1.0108872877075583,
  "chasiness": 0.8586584737552694,
  "cinnamon": 0.6277432411981687,
  "coffee": 8,
  "coldness": 0.43442236467323664,
  "continuation": 1.1407566655283758,
  "deceased": false,
  "divinity": 0.7530805951157729,
  "fate": 68,
  "gameAttr": [],
  "groundFriction": 0.3953088004793014,
  "id": "542af915-79c5-431c-a271-f7185e37c6ae",
  "indulgence": 0.5919874807694785,
  "laserlikeness": 0.5587163760021981,
  "martyrdom": 0.9745224166101444,
  "moxie": 0.3297514494714305,
  "musclitude": 0.5038015864496952,
  "name": "Oliver Notarobot",
  "omniscience": 0.1927478675178356,
  "overpowerment": 0.7929950980215963,
  "patheticism": 0.5139033585384345,
  "peanutAllergy": true,
  "permAttr": [
    "ALTERNATE"
  ],
  "pressurization": 0.7825931943366771,
  "ritual": "Must be last on the field",
  "ruthlessness": 0.40154769367801807,
  "seasAttr": [],
  "shakespearianism": 0.8547252763051847,
  "soul": 3,
  "suppression": 0.37704005991605777,
  "tenaciousness": 0.8165946266251347,
  "thwackability": 0.6411386187116197,
  "totalFingers": 11,
  "tragicness": 0.1,
  "unthwackability": 0.4478521909609359,
  "watchfulness": 0.07274787306380431,
  "weekAttr": []
}