{
  "anticapitalism": 0.11904500265703444,
  "armor": "",
  "baseThirst": 0.21705006176085173,
  "bat": "",
  "blood": 5,
  "buoyancy": 0.9472194539370192,
  "chasiness": 0.7949906399847304,
  "cinnamon": 0.6277432411981687,
  "coffee": 8,
  "coldness": 0.3707545309026976,
  "continuation": 0.903333367110899,
  "deceased": false,
  "divinity": 0.6894127613452339,
  "fate": 68,
  "gameAttr": [],
  "groundFriction": 0.1578855020618244,
  "id": "542af915-79c5-431c-a271-f7185e37c6ae",
  "indulgence": 0.3545641823520016,
  "laserlikeness": 0.32129307758472114,
  "martyrdom": 0.9108545828396056,
  "moxie": 0.26608361570089145,
  "musclitude": 0.4401337526791562,
  "name": "Oliver Notarobot",
  "omniscience": 0.1290800337472966,
  "overpowerment": 0.7293272642510573,
  "patheticism": 0.5775711923089735,
  "peanutAllergy": true,
  "permAttr": [
    "ALTERNATE"
  ],
  "pressurization": 0.7825931943366771,
  "ritual": "Must be last on the field",
  "ruthlessness": 0.33787985990747904,
  "seasAttr": [],
  "shakespearianism": 0.7910574425346457,
  "soul": 3,
  "suppression": 0.31337222614551874,
  "tenaciousness": 0.7529267928545957,
  "thwackability": 0.5774707849410807,
  "totalFingers": 10,
  "tragicness": 0.1,
  "unthwackability": 0.3841843571903969,
  "watchfulness": 0.009080039293265283,
  "weekAttr": []
}