{
  "anticapitalism": 0.5259176310871279,
  "baseThirst": 0.9416833996103308,
  "baserunningRating": 0.6820886943611167,
  "blood": 6,
  "buoyancy": 0.5957270165206228,
  "chasiness": 0.08615582223210771,
  "cinnamon": 0.23052645052427545,
  "coffee": 1,
  "coldness": 0.8523695142987531,
  "continuation": 0.21791919617416555,
  "deceased": false,
  "defenseRating": 0.6507176083164825,
  "divinity": 1.036961031482217,
  "eDensity": 25.42299273902591,
  "evolution": 0,
  "fate": 57,
  "gameAttr": [],
  "groundFriction": 0.33175199503144204,
  "hitStreak": 0,
  "hittingRating": 0.8869025991427198,
  "id": "54bc7b23-49a9-4f1d-b60f-9c3cf9754b67",
  "indulgence": 0.7939728090527982,
  "itemAttr": [],
  "items": [],
  "laserlikeness": 0.8339073221229598,
  "leagueTeamId": "bb4a9de5-c924-4923-a0cb-9d1445f1ee5d",
  "martyrdom": 1.049959700545682,
  "moxie": 0.7024354491468339,
  "musclitude": 1.0017984287172212,
  "name": "Clove Mahle",
  "omniscience": 0.8544905745003581,
  "overpowerment": 0.22606733625315556,
  "patheticism": 0.4798992086303681,
  "peanutAllergy": false,
  "permAttr": [],
  "pitchingRating": 0.5550043466119539,
  "pressurization": 0.17143580099167544,
  "ritual": "Smack-talking opponents",
  "ruthlessness": 0.6050456613074786,
  "seasAttr": [],
  "shakespearianism": 0.9975702854432792,
  "soul": 3,
  "state": {},
  "suppression": 0.7346771476452542,
  "tenaciousness": 0.6468260265698158,
  "thwackability": 0.83078108425037,
  "totalFingers": 10,
  "tournamentTeamId": null,
  "tragicness": 0.6235624601025743,
  "unthwackability": 0.7253887344480769,
  "watchfulness": 0.983407916925271,
  "weekAttr": []
}