{
  "anticapitalism": 0.07072266776001057,
  "baseThirst": 0.8667013576232065,
  "baserunningRating": 0.5983821804926374,
  "blood": 5,
  "buoyancy": 0.4444914683038437,
  "chasiness": 0.2770142230126005,
  "cinnamon": 0.6859951610484998,
  "coffee": 9,
  "coldness": 0.3841756035833386,
  "continuation": 0.4836211005397142,
  "deceased": false,
  "defenseRating": 0.45766499470878186,
  "divinity": 0.2213749309704811,
  "eDensity": 14.602368806270206,
  "evolution": 0,
  "fate": 90,
  "gameAttr": [],
  "groundFriction": 0.4328330098986939,
  "hitStreak": 0,
  "hittingRating": 0.393013789836682,
  "id": "54e5f222-fb16-47e0-adf9-21813218dafa",
  "indulgence": 0.1358672640209002,
  "itemAttr": [],
  "items": [],
  "laserlikeness": 0.7509228494422917,
  "leagueTeamId": "ca3f1c8c-c025-4d8e-8eef-5be6accbeb16",
  "martyrdom": 0.7458845265005074,
  "moxie": 0.07505501386084346,
  "musclitude": 0.5118717740130854,
  "name": "Grit Watson",
  "omniscience": 0.5913545307265673,
  "overpowerment": 0.22971002358102677,
  "patheticism": 0.36370848433149927,
  "peanutAllergy": true,
  "permAttr": [
    "ALTERNATE"
  ],
  "pitchingRating": 0.15721960641505034,
  "pressurization": 0.5918291525207584,
  "ritual": "Mystery novels",
  "ruthlessness": 0.9581729983291084,
  "seasAttr": [],
  "shakespearianism": 0.13322066302432156,
  "soul": 2,
  "state": {},
  "suppression": 0.9024333818757888,
  "tenaciousness": 0.2511316697997088,
  "thwackability": 0.6867144701360646,
  "totalFingers": 10,
  "tournamentTeamId": null,
  "tragicness": 0.1558181043907414,
  "unthwackability": 0.062425707881879955,
  "watchfulness": 0.933076885513195,
  "weekAttr": []
}