{
  "anticapitalism": 1.0626473024961671,
  "baseThirst": 0.6252256703562716,
  "baserunningRating": 0.6502748131336797,
  "blood": 4,
  "buoyancy": 0.9663899974250354,
  "chasiness": 0.547876110994543,
  "cinnamon": 0.6990441271476203,
  "coffee": 3,
  "coldness": 0.6089564531359176,
  "continuation": 0.1332488881915286,
  "deceased": false,
  "defenseRating": 0.8561685374737789,
  "divinity": 0.4534755270090415,
  "eDensity": 34.068193358531325,
  "evolution": 0,
  "fate": 19,
  "gameAttr": [],
  "groundFriction": 0.7283581625520802,
  "hitStreak": 0,
  "hittingRating": 0.6212915234388272,
  "id": "5703141c-25d9-46d0-b680-0cf9cfbf4777",
  "indulgence": 0.5500181359427867,
  "itemAttr": [],
  "items": [
    {
      "baserunningRating": 0,
      "defenseRating": 0,
      "durability": 1,
      "forger": null,
      "forgerName": null,
      "health": 1,
      "hittingRating": 0.03434839762336328,
      "id": "07841bf7-07de-4d10-85cd-c12b83c01462",
      "name": "Bat",
      "pitchingRating": 0,
      "postPrefix": null,
      "prePrefix": null,
      "prefixes": null,
      "root": {
        "adjustments": [
          {
            "stat": 2,
            "type": 1,
            "value": 0.1343383877635668
          }
        ],
        "name": "Bat"
      },
      "suffix": null
    }
  ],
  "laserlikeness": 0.8346595880194561,
  "leagueTeamId": "f02aeae2-5e6a-4098-9842-02d2273f25c7",
  "martyrdom": 0.8904452795395152,
  "moxie": 0.6101327802444112,
  "musclitude": 0.38701519807249063,
  "name": "Sandoval Crossing",
  "omniscience": 0.6942156165280609,
  "overpowerment": 0.6022090025130421,
  "patheticism": 0.10074919700865742,
  "peanutAllergy": false,
  "permAttr": [
    "FRIEND_OF_CROWS",
    "SUPERYUMMY",
    "OVERPERFORMING"
  ],
  "pitchingRating": 0.7391498914581895,
  "pressurization": 0.7267315163595882,
  "ritual": "Journaling",
  "ruthlessness": 1.248667413249715,
  "seasAttr": [],
  "shakespearianism": 0.8243199897616746,
  "soul": 7,
  "state": {
    "permModSources": {
      "OVERPERFORMING": [
        "SUPERYUMMY"
      ]
    }
  },
  "suppression": 1.0385568572143669,
  "tenaciousness": 1.0727000102544484,
  "thwackability": 0.7891863602045045,
  "totalFingers": 14,
  "tournamentTeamId": "b3b9636a-f88a-47dc-a91d-86ecc79f9934",
  "tragicness": 0.041457250286633864,
  "unthwackability": 0.5674596179093998,
  "watchfulness": 0.6555046958087749,
  "weekAttr": []
}