{
  "anticapitalism": 0.09493536311479268,
  "armor": "",
  "baseThirst": 0.473217483012214,
  "bat": "",
  "blood": 12,
  "buoyancy": 0.8281452692690766,
  "chasiness": 0.4281132859502479,
  "cinnamon": 0.5650984162939701,
  "coffee": 3,
  "coldness": 0.41345978338525313,
  "continuation": 0.01142706119228043,
  "deceased": false,
  "divinity": 0.30933500436962474,
  "fate": 19,
  "gameAttr": [],
  "groundFriction": 0.581213992449757,
  "id": "5703141c-25d9-46d0-b680-0cf9cfbf4777",
  "indulgence": 0.3856878227574472,
  "laserlikeness": 0.7076510243214333,
  "martyrdom": 0.7621695084497345,
  "moxie": 0.4797330599893722,
  "musclitude": 0.23001961822467004,
  "name": "Sandoval Crossing",
  "omniscience": 0.6785297420225849,
  "overpowerment": 0.3868639095794102,
  "patheticism": 0.2338047914289852,
  "peanutAllergy": true,
  "permAttr": [],
  "pressurization": 0.7267315163595882,
  "ritual": "Journaling",
  "ruthlessness": 1.042738122620876,
  "seasAttr": [],
  "shakespearianism": 0.5892603864651142,
  "soul": 7,
  "suppression": 0.7798290661785795,
  "tenaciousness": 0.4352852390125468,
  "thwackability": 0.6647097079580199,
  "totalFingers": 12,
  "tragicness": 0.060000000000000005,
  "unthwackability": 0.30920634833463456,
  "watchfulness": 0.987378149348469,
  "weekAttr": []
}