{
  "anticapitalism": 1.0209201309568383,
  "baseThirst": 0.5648752386657543,
  "baserunningRating": 0.5821617369308884,
  "blood": 4,
  "buoyancy": 0.8918381054944499,
  "chasiness": 0.4822480274403287,
  "cinnamon": 0.6235262918653164,
  "coffee": 3,
  "coldness": 0.5684374439415164,
  "continuation": 0.07931334716334781,
  "deceased": false,
  "defenseRating": 0.8117830441154189,
  "divinity": 0.4032605013918318,
  "eDensity": 32.35339258332483,
  "evolution": 0,
  "fate": 19,
  "gameAttr": [],
  "groundFriction": 0.6652117186443087,
  "hitStreak": 0,
  "hittingRating": 0.5672941721326302,
  "id": "5703141c-25d9-46d0-b680-0cf9cfbf4777",
  "indulgence": 0.47864096336348944,
  "itemAttr": [],
  "items": [
    {
      "baserunningRating": 0,
      "defenseRating": 0,
      "durability": 1,
      "forger": null,
      "forgerName": null,
      "health": 1,
      "hittingRating": 0.03434839762336328,
      "id": "07841bf7-07de-4d10-85cd-c12b83c01462",
      "name": "Bat",
      "pitchingRating": 0,
      "postPrefix": null,
      "prePrefix": null,
      "prefixes": null,
      "root": {
        "adjustments": [
          {
            "stat": 2,
            "type": 1,
            "value": 0.1343383877635668
          }
        ],
        "name": "Bat"
      },
      "suffix": null
    }
  ],
  "laserlikeness": 0.7929277207871431,
  "leagueTeamId": "f02aeae2-5e6a-4098-9842-02d2273f25c7",
  "martyrdom": 0.8337026983339686,
  "moxie": 0.5602549661961768,
  "musclitude": 0.32263677970288285,
  "name": "Sandoval Crossing",
  "omniscience": 0.622038815038979,
  "overpowerment": 0.5511337885409796,
  "patheticism": 0.14875322786144438,
  "peanutAllergy": false,
  "permAttr": [
    "FRIEND_OF_CROWS",
    "SUPERYUMMY",
    "UNDERPERFORMING"
  ],
  "pitchingRating": 0.660674273010324,
  "pressurization": 0.7267315163595882,
  "ritual": "Journaling",
  "ruthlessness": 1.197617603737102,
  "seasAttr": [],
  "shakespearianism": 0.7716310989842041,
  "soul": 7,
  "state": {
    "permModSources": {
      "UNDERPERFORMING": [
        "SUPERYUMMY"
      ]
    }
  },
  "suppression": 0.9614437529703452,
  "tenaciousness": 1.03004842808463,
  "thwackability": 0.7345401544850578,
  "totalFingers": 14,
  "tournamentTeamId": "b3b9636a-f88a-47dc-a91d-86ecc79f9934",
  "tragicness": 0.1,
  "unthwackability": 0.48947111106372104,
  "watchfulness": 0.6148756195762756,
  "weekAttr": []
}