{
  "anticapitalism": 0.9809201309568386,
  "armor": "",
  "baseThirst": 0.5648752386657543,
  "baserunningRating": 0.5821617369308884,
  "bat": "",
  "blood": 4,
  "buoyancy": 0.8918381054944499,
  "chasiness": 0.4422480274403287,
  "cinnamon": 0.6235262918653164,
  "coffee": 3,
  "coldness": 0.5784374439415164,
  "continuation": 0.07931334716334781,
  "deceased": false,
  "defenseRating": 0.7794872601935736,
  "divinity": 0.4032605013918318,
  "fate": 19,
  "gameAttr": [],
  "groundFriction": 0.6652117186443087,
  "hitStreak": 0,
  "hittingRating": 0.5672941721326302,
  "id": "5703141c-25d9-46d0-b680-0cf9cfbf4777",
  "indulgence": 0.47864096336348944,
  "laserlikeness": 0.7929277207871431,
  "martyrdom": 0.8337026983339686,
  "moxie": 0.5602549661961768,
  "musclitude": 0.32263677970288285,
  "name": "Sandoval Crossing",
  "omniscience": 0.5820388150389789,
  "overpowerment": 0.5611337885409796,
  "patheticism": 0.14875322786144438,
  "peanutAllergy": true,
  "permAttr": [
    "FRIEND_OF_CROWS"
  ],
  "pitchingRating": 0.6725793314725459,
  "pressurization": 0.7267315163595882,
  "ritual": "Journaling",
  "ruthlessness": 1.207617603737102,
  "seasAttr": [],
  "shakespearianism": 0.7816310989842041,
  "soul": 7,
  "suppression": 0.9714437529703452,
  "tenaciousness": 0.99004842808463,
  "thwackability": 0.7345401544850578,
  "totalFingers": 14,
  "tragicness": 0.1,
  "unthwackability": 0.49947111106372105,
  "watchfulness": 0.5748756195762755,
  "weekAttr": []
}