{
  "anticapitalism": 0.5227194412416742,
  "baseThirst": 0.20721087289860415,
  "baserunningRating": 0.290922779743425,
  "blood": null,
  "buoyancy": 0.7047224972045563,
  "chasiness": 0.4553310939383539,
  "cinnamon": null,
  "coffee": null,
  "coldness": 0.20407884696789955,
  "continuation": 0.4458642380287532,
  "deceased": true,
  "defenseRating": 0.41576578625459915,
  "divinity": 0.1882098132863459,
  "eDensity": 0,
  "evolution": 0,
  "fate": null,
  "gameAttr": [],
  "groundFriction": 0.1082438338980205,
  "hitStreak": 0,
  "hittingRating": 0.4372142839005396,
  "id": "57448b62-f952-40e2-820c-48d8afe0f64d",
  "indulgence": 0.7301966936791613,
  "itemAttr": [],
  "items": [],
  "laserlikeness": 0.226393427976062,
  "leagueTeamId": null,
  "martyrdom": 0.941956785475577,
  "moxie": 0.6857060154528274,
  "musclitude": 0.23108752283618927,
  "name": "Jessi Wise",
  "omniscience": 0.9712111511678224,
  "overpowerment": 0.2838489471752128,
  "patheticism": 0.28271261013622206,
  "peanutAllergy": null,
  "permAttr": [
    "INHABITING"
  ],
  "pitchingRating": 0.24240856184083973,
  "pressurization": 0.5290247752240496,
  "ritual": null,
  "ruthlessness": 0.06995265813842955,
  "seasAttr": [],
  "shakespearianism": 0.3966098371204711,
  "soul": 6,
  "state": {},
  "suppression": 0.7143814806473521,
  "tenaciousness": 0.026224605739023188,
  "thwackability": 0.7803981763852239,
  "totalFingers": 10,
  "tournamentTeamId": null,
  "tragicness": 0,
  "unthwackability": 0.937915580090428,
  "watchfulness": 0.999646068549492,
  "weekAttr": []
}