{
  "anticapitalism": 0.6962092063589626,
  "baseThirst": 1.1080153880611476,
  "baserunningRating": 0.7135350691520734,
  "blood": 12,
  "buoyancy": 0.6127232193783827,
  "chasiness": 0.7005422797876506,
  "cinnamon": 0.9783318970732202,
  "coffee": 8,
  "coldness": 0.48441250275526065,
  "continuation": 0.8154582236934406,
  "deceased": false,
  "defenseRating": 0.6810127400603603,
  "divinity": 1.4106228326380197,
  "eDensity": 31.070851957751437,
  "evolution": 1,
  "fate": 46,
  "gameAttr": [],
  "groundFriction": 0.4155403301784324,
  "hitStreak": 0,
  "hittingRating": 1.0610198669881454,
  "id": "57a19a22-f2cd-4e59-aa84-15cb0af30ba3",
  "indulgence": 0.6635413962854593,
  "items": [],
  "laserlikeness": 0.6722718143945944,
  "leagueTeamId": "bb4a9de5-c924-4923-a0cb-9d1445f1ee5d",
  "martyrdom": 1.2494088345390049,
  "moxie": 1.2956473977629537,
  "musclitude": 0.5617521650532572,
  "name": "Ve--alius Sund-e",
  "omniscience": 0.4689681262876888,
  "overpowerment": 0.24828564288163904,
  "patheticism": 0.001,
  "peanutAllergy": false,
  "permAttr": [
    "SCATTERED"
  ],
  "pitchingRating": 0.5545540320496264,
  "pressurization": 0.42354982034142297,
  "ritual": "Extra-gravity workout",
  "ruthlessness": 1.0466437236319936,
  "seasAttr": [],
  "shakespearianism": 0.9910078002897388,
  "soul": 5,
  "state": {
    "unscatteredName": "Vessalius Sundae"
  },
  "suppression": 0.3501206014763064,
  "tenaciousness": 0.7207007599619293,
  "thwackability": 0.8875606176233046,
  "totalFingers": 10,
  "tournamentTeamId": null,
  "tragicness": 0.001,
  "unthwackability": 0.46782881941468385,
  "watchfulness": 0.38510720068988674,
  "weekAttr": []
}