{
  "anticapitalism": 0.5644210937473909,
  "armor": "",
  "baseThirst": 0.9818054441997182,
  "baserunningRating": 0.5780835933820527,
  "bat": "",
  "blood": 12,
  "buoyancy": 0.47014527088909913,
  "chasiness": 0.5559377306461437,
  "cinnamon": 0.8899191832879245,
  "coffee": 8,
  "coldness": 0.3921015261183143,
  "continuation": 0.6653048298586514,
  "deceased": false,
  "defenseRating": 0.5571411557237568,
  "divinity": 1.2667078622634498,
  "eDensity": 25.811792330363826,
  "evolution": 1,
  "fate": 46,
  "gameAttr": [],
  "groundFriction": 0.2516825201563162,
  "hitStreak": 0,
  "hittingRating": 0.9354231837183306,
  "id": "57a19a22-f2cd-4e59-aa84-15cb0af30ba3",
  "indulgence": 0.5110541170460594,
  "laserlikeness": 0.5484134230769337,
  "leagueTeamId": "bb4a9de5-c924-4923-a0cb-9d1445f1ee5d",
  "martyrdom": 1.1384154062244198,
  "moxie": 1.1684867220496329,
  "musclitude": 0.4393572210049808,
  "name": "Vessalius Sundae",
  "omniscience": 0.31129393398748384,
  "overpowerment": 0.1698002635948372,
  "patheticism": 0.1175304439611452,
  "peanutAllergy": false,
  "permAttr": [],
  "pitchingRating": 0.4319631679040205,
  "pressurization": 0.42354982034142297,
  "ritual": "Extra-gravity workout",
  "ruthlessness": 0.959063288205815,
  "seasAttr": [],
  "shakespearianism": 0.8894558630072935,
  "soul": 5,
  "state": {},
  "suppression": 0.24065475889775712,
  "tenaciousness": 0.5878801504711694,
  "thwackability": 0.7604843237986074,
  "totalFingers": 10,
  "tournamentTeamId": null,
  "tragicness": 0.001,
  "unthwackability": 0.3523216298039268,
  "watchfulness": 0.2742231481918582,
  "weekAttr": []
}