{
  "anticapitalism": 0.46789218717897696,
  "armor": "",
  "baseThirst": 0.8771103192441136,
  "baserunningRating": 0.4567662312810921,
  "bat": "",
  "blood": 12,
  "buoyancy": 0.1699964371721021,
  "chasiness": 0.4487592192183116,
  "cinnamon": 0.8497783872430513,
  "coffee": 8,
  "coldness": 0.2858129961399509,
  "continuation": 0.5715982625484322,
  "deceased": false,
  "defenseRating": 0.453889977681143,
  "divinity": 0.9478973575326844,
  "eDensity": 22.74002792950077,
  "evolution": 1,
  "fate": 46,
  "gameAttr": [],
  "groundFriction": 0.12505205758891091,
  "hitStreak": 0,
  "hittingRating": 0.603596902788303,
  "id": "57a19a22-f2cd-4e59-aa84-15cb0af30ba3",
  "indulgence": 0.3871793529421856,
  "laserlikeness": 0.43889269015482624,
  "leagueTeamId": "bb4a9de5-c924-4923-a0cb-9d1445f1ee5d",
  "martyrdom": 0.81917072879009,
  "moxie": 0.8495605963884587,
  "musclitude": 0.1314734269353779,
  "name": "Vessalius Sundae",
  "omniscience": 0.22081350870622307,
  "overpowerment": 0.07887305215909479,
  "patheticism": 0.4340678165009962,
  "peanutAllergy": false,
  "permAttr": [],
  "pitchingRating": 0.30575087817814295,
  "pressurization": 0.42354982034142297,
  "ritual": "Extra-gravity workout",
  "ruthlessness": 0.8574540049743993,
  "seasAttr": [],
  "shakespearianism": 0.7808318424339566,
  "soul": 5,
  "state": {},
  "suppression": 0.1501171340601568,
  "tenaciousness": 0.481301616971481,
  "thwackability": 0.43990072916812606,
  "totalFingers": 10,
  "tournamentTeamId": null,
  "tragicness": 0.16856737134436406,
  "unthwackability": 0.25338013532654013,
  "watchfulness": 0.15648072014768233,
  "weekAttr": []
}