{
  "anticapitalism": 0.6262325806221427,
  "baseThirst": 1.1487023765192,
  "baserunningRating": 0.7517745765665588,
  "blood": 12,
  "buoyancy": 0.6378386810542895,
  "chasiness": 0.610582459515311,
  "cinnamon": 0.9903556967269148,
  "coffee": 8,
  "coldness": 0.4969546490331515,
  "continuation": 0.8269210756650899,
  "deceased": false,
  "defenseRating": 0.6213554736748323,
  "divinity": 1.4555322833808928,
  "eDensity": 31.316789346546795,
  "evolution": 1,
  "fate": 46,
  "gameAttr": [],
  "groundFriction": 0.4524640415912372,
  "hitStreak": 0,
  "hittingRating": 1.0851614778694243,
  "id": "57a19a22-f2cd-4e59-aa84-15cb0af30ba3",
  "indulgence": 0.6958573883679295,
  "itemAttr": [],
  "items": [
    {
      "baserunningRating": 0.020959784693742156,
      "defenseRating": 0,
      "durability": 2,
      "forger": null,
      "forgerName": null,
      "health": 1,
      "hittingRating": 0,
      "id": "20de2f6c-18f6-48a2-a81f-a28f4924d829",
      "name": "Passionate Sunglasses",
      "pitchingRating": 0,
      "postPrefix": null,
      "prePrefix": null,
      "prefixes": [
        {
          "adjustments": [
            {
              "stat": 9,
              "type": 1,
              "value": 0.15250611891316748
            },
            {
              "stat": 11,
              "type": 1,
              "value": 0.1341391153666814
            }
          ],
          "name": "Passionate"
        }
      ],
      "root": {
        "adjustments": [
          {
            "stat": 8,
            "type": 1,
            "value": 0.15076049600786437
          }
        ],
        "name": "Sunglasses"
      },
      "suffix": null
    },
    {
      "baserunningRating": 0,
      "defenseRating": 0,
      "durability": 1,
      "forger": null,
      "forgerName": null,
      "health": 0,
      "hittingRating": 0.053786366526581864,
      "id": "977fcd7d-f290-41ed-95f9-0ee59f9e9287",
      "name": "Bat",
      "pitchingRating": 0,
      "postPrefix": null,
      "prePrefix": null,
      "prefixes": null,
      "root": {
        "adjustments": [
          {
            "stat": 2,
            "type": 1,
            "value": 0.1336187731225487
          }
        ],
        "name": "Bat"
      },
      "suffix": null
    }
  ],
  "laserlikeness": 0.7194822608032297,
  "leagueTeamId": "bb4a9de5-c924-4923-a0cb-9d1445f1ee5d",
  "martyrdom": 1.2643591545851631,
  "moxie": 1.3341413305105172,
  "musclitude": 0.5898259103227522,
  "name": "Vessalius Sundae",
  "omniscience": 0.396678834392224,
  "overpowerment": 0.2689482361074316,
  "patheticism": 0.001,
  "peanutAllergy": false,
  "permAttr": [],
  "pitchingRating": 0.5869640928244412,
  "pressurization": 0.42354982034142297,
  "ritual": "Extra-gravity workout",
  "ruthlessness": 1.0718794157079854,
  "seasAttr": [],
  "shakespearianism": 1.010133146391848,
  "soul": 5,
  "state": {},
  "suppression": 0.36728619691864073,
  "tenaciousness": 0.6601973499224713,
  "thwackability": 0.9014582054471628,
  "totalFingers": 10,
  "tournamentTeamId": null,
  "tragicness": 0.001,
  "unthwackability": 0.4994754554909573,
  "watchfulness": 0.3271114092789362,
  "weekAttr": []
}