{
  "anticapitalism": 0.4536199643332792,
  "baseThirst": 0.2095249055969639,
  "baserunningRating": 0.47570050654299206,
  "blood": 3,
  "buoyancy": 0.6985522688497916,
  "chasiness": 0.12566908278391087,
  "cinnamon": 0.316332388567947,
  "coffee": 3,
  "coldness": 0.7980189031076739,
  "continuation": 0.7314817245546246,
  "deceased": false,
  "defenseRating": 0.5695665211268095,
  "divinity": 0.3175704395325982,
  "eDensity": 19.300559167591175,
  "evolution": 0,
  "fate": 14,
  "gameAttr": [],
  "groundFriction": 0.32974862897304336,
  "hitStreak": 0,
  "hittingRating": 0.40309640980568023,
  "id": "5831a238-8efe-4d53-a483-1ad681e50ac3",
  "indulgence": 0.13368473065448838,
  "itemAttr": [],
  "items": [
    {
      "baserunningRating": 0,
      "defenseRating": 0,
      "durability": 1,
      "forger": null,
      "forgerName": null,
      "health": 1,
      "hittingRating": 0.033223343563927366,
      "id": "22e40d41-69ca-4c94-8bd6-8af51f4cce09",
      "name": "Bat",
      "pitchingRating": 0,
      "postPrefix": null,
      "prePrefix": null,
      "prefixes": null,
      "root": {
        "adjustments": [
          {
            "stat": 2,
            "type": 1,
            "value": 0.14684010568902756
          }
        ],
        "name": "Bat"
      },
      "suffix": null
    }
  ],
  "laserlikeness": 0.6147894980779633,
  "leagueTeamId": "ca3f1c8c-c025-4d8e-8eef-5be6accbeb16",
  "martyrdom": 0.8144981013501063,
  "moxie": 0.15907586717415145,
  "musclitude": 0.3734976232095683,
  "name": "Gita Sparrow",
  "omniscience": 0.49545464815840856,
  "overpowerment": 0.14527884845325456,
  "patheticism": 0.796527954386927,
  "peanutAllergy": true,
  "permAttr": [
    "REVERBERATING"
  ],
  "pitchingRating": 0.4517164436089725,
  "pressurization": 0.09021976733339288,
  "ritual": "Two sets of gloves",
  "ruthlessness": 0.5345515467381816,
  "seasAttr": [],
  "shakespearianism": 0.7208286175232903,
  "soul": 3,
  "state": {},
  "suppression": 0.669725156777718,
  "tenaciousness": 0.5144374918819818,
  "thwackability": 0.5782645234277022,
  "totalFingers": 10,
  "tournamentTeamId": null,
  "tragicness": 0.8639914018952497,
  "unthwackability": 0.6486528767076598,
  "watchfulness": 0.9701768184200844,
  "weekAttr": []
}