{
  "anticapitalism": 0.315704120691616,
  "baseThirst": 0.9600657110504824,
  "baserunningRating": 0.6548815903983182,
  "blood": 9,
  "buoyancy": 0.9831109742685704,
  "chasiness": 0.7047147293410573,
  "cinnamon": 0.6474398770579647,
  "coffee": 2,
  "coldness": 0.5739196436755881,
  "continuation": 0.6254201431136039,
  "deceased": false,
  "defenseRating": 0.7376543421519153,
  "divinity": 0.6400915107216071,
  "eDensity": 30.57206768006453,
  "evolution": 1,
  "fate": 11,
  "gameAttr": [],
  "groundFriction": 0.2671731720508837,
  "hitStreak": 0,
  "hittingRating": 0.8699078187841321,
  "id": "5991ccb3-7eed-46d9-9d7c-69dec9b56d4b",
  "indulgence": 0.7781334328883136,
  "itemAttr": [],
  "items": [
    {
      "baserunningRating": 0,
      "defenseRating": 0,
      "durability": 1,
      "forger": null,
      "forgerName": null,
      "health": 0,
      "hittingRating": 0.02985744253203848,
      "id": "e3e34bc9-8c61-4925-a82e-fa451e4f760a",
      "name": "Bat",
      "pitchingRating": 0,
      "postPrefix": null,
      "prePrefix": null,
      "prefixes": null,
      "root": {
        "adjustments": [
          {
            "stat": 2,
            "type": 1,
            "value": 0.12552092827869593
          }
        ],
        "name": "Bat"
      },
      "suffix": null
    }
  ],
  "laserlikeness": 0.6502219330144297,
  "leagueTeamId": "46358869-dce9-4a01-bfba-ac24fc56f57e",
  "martyrdom": 1.3928807395718756,
  "moxie": 0.6845653661513953,
  "musclitude": 1.0662119573818034,
  "name": "Mira Lemma",
  "omniscience": 1.1073196843863229,
  "overpowerment": 0.4192597421658421,
  "patheticism": 0.30858570475953184,
  "peanutAllergy": false,
  "permAttr": [],
  "pitchingRating": 0.6764230601034247,
  "pressurization": 0.8402357893489756,
  "ritual": "Getting taped up",
  "ruthlessness": 0.4923330545372781,
  "seasAttr": [],
  "shakespearianism": 0.9097482229427024,
  "soul": 5,
  "state": {},
  "suppression": 0.9012625350891724,
  "tenaciousness": 0.4400585788622299,
  "thwackability": 1.184698005844099,
  "totalFingers": 10,
  "tournamentTeamId": null,
  "tragicness": 0.5083852712798221,
  "unthwackability": 1.0968768417363048,
  "watchfulness": 0.902959784384994,
  "weekAttr": []
}