{
  "anticapitalism": 0.2556207074737414,
  "baseThirst": 0.9068827127460606,
  "baserunningRating": 0.5843245350827236,
  "blood": 9,
  "buoyancy": 0.9262296505393762,
  "chasiness": 0.6248617382124672,
  "cinnamon": 0.5692011392654088,
  "coffee": 2,
  "coldness": 0.5284653355663356,
  "continuation": 0.560289739053488,
  "deceased": false,
  "defenseRating": 0.6721407607648857,
  "divinity": 0.565552965827026,
  "eDensity": 28.654936596597864,
  "evolution": 1,
  "fate": 11,
  "gameAttr": [
    "TEMP_STOLEN"
  ],
  "groundFriction": 0.19381036735989984,
  "hitStreak": 0,
  "hittingRating": 0.8041757327872968,
  "id": "5991ccb3-7eed-46d9-9d7c-69dec9b56d4b",
  "indulgence": 0.7203755306504824,
  "itemAttr": [],
  "items": [
    {
      "baserunningRating": 0,
      "defenseRating": 0,
      "durability": 1,
      "forger": null,
      "forgerName": null,
      "health": 0,
      "hittingRating": 0.02985744253203848,
      "id": "e3e34bc9-8c61-4925-a82e-fa451e4f760a",
      "name": "Bat",
      "pitchingRating": 0,
      "postPrefix": null,
      "prePrefix": null,
      "prefixes": null,
      "root": {
        "adjustments": [
          {
            "stat": 2,
            "type": 1,
            "value": 0.12552092827869593
          }
        ],
        "name": "Bat"
      },
      "suffix": null
    }
  ],
  "laserlikeness": 0.5795998901237032,
  "leagueTeamId": "8d87c468-699a-47a8-b40d-cfb73a5660ad",
  "martyrdom": 1.3405737976611316,
  "moxie": 0.6256378806432147,
  "musclitude": 0.9967024506913532,
  "name": "Mira Lemma",
  "omniscience": 1.0361199044498184,
  "overpowerment": 0.3429677535778595,
  "patheticism": 0.3577841718025133,
  "peanutAllergy": false,
  "permAttr": [],
  "pitchingRating": 0.6043499137362172,
  "pressurization": 0.8402357893489756,
  "ritual": "Getting taped up",
  "ruthlessness": 0.4402461455715727,
  "seasAttr": [],
  "shakespearianism": 0.8326354364435689,
  "soul": 5,
  "state": {},
  "suppression": 0.8566487971289817,
  "tenaciousness": 0.36078724181939953,
  "thwackability": 1.1250870805556952,
  "totalFingers": 10,
  "tournamentTeamId": null,
  "tragicness": 0.5508763909874408,
  "unthwackability": 1.0394478112073255,
  "watchfulness": 0.8431405759609599,
  "weekAttr": []
}