{
  "anticapitalism": 0.4876191454203808,
  "armor": "",
  "baseThirst": 0.8392136155295691,
  "baserunningRating": 0.3964247547889623,
  "bat": "",
  "blood": 8,
  "buoyancy": 0.8719252700423801,
  "chasiness": 0.7590401881972368,
  "cinnamon": 0.4634915499140247,
  "coffee": 4,
  "coldness": 0.5104411053796953,
  "continuation": 0.6622606636330777,
  "deceased": false,
  "defenseRating": 0.6133703160733582,
  "divinity": 0.5704061738219735,
  "eDensity": 26.489144487670742,
  "evolution": 0,
  "fate": 89,
  "gameAttr": [],
  "groundFriction": 0.35189478497626864,
  "hitStreak": 0,
  "hittingRating": 0.5254491629752877,
  "id": "5a26fc61-d75d-4c01-9ce2-1880ffb5550f",
  "indulgence": 0.652398356800393,
  "laserlikeness": 0.23722262011169587,
  "leagueTeamId": "b63be8c2-576a-4d6e-8daf-814f8bcea96f",
  "martyrdom": 0.19974965477588152,
  "moxie": 0.13034466287074303,
  "musclitude": 0.3653943616158662,
  "name": "Randy Dennis",
  "omniscience": 0.4827139654740667,
  "overpowerment": 0.6077369125256573,
  "patheticism": 0.8785001144934548,
  "peanutAllergy": true,
  "permAttr": [
    "SIPHON"
  ],
  "pitchingRating": 0.2641577264244749,
  "pressurization": 1.0566616907254471,
  "ritual": "Floating",
  "ruthlessness": 0.10642608525741044,
  "seasAttr": [],
  "shakespearianism": 0.7910326717944807,
  "soul": 4,
  "state": {},
  "suppression": 0.5073127408141218,
  "tenaciousness": 0.4710057518381677,
  "thwackability": 0.79993705174299,
  "totalFingers": 14,
  "tournamentTeamId": null,
  "tragicness": 0.25543132766286736,
  "unthwackability": 0.5271537680491583,
  "watchfulness": 0.39395795762172975,
  "weekAttr": []
}