{
  "anticapitalism": 0.6677020671023834,
  "baseThirst": 1.1053082220163652,
  "baserunningRating": 0.7110270411096589,
  "blood": 8,
  "buoyancy": 1.1313687279946878,
  "chasiness": 0.9220788059618744,
  "cinnamon": 0.6270765309112657,
  "coffee": 4,
  "coldness": 0.6545195567541937,
  "continuation": 0.9475884985633928,
  "deceased": false,
  "defenseRating": 0.757096559777295,
  "divinity": 0.8784403669634724,
  "eDensity": 25.09316507353754,
  "evolution": 0,
  "fate": 89,
  "gameAttr": [],
  "groundFriction": 0.614031801702957,
  "hitStreak": 0,
  "hittingRating": 0.8410873113522235,
  "id": "5a26fc61-d75d-4c01-9ce2-1880ffb5550f",
  "indulgence": 0.9739187792218702,
  "itemAttr": [],
  "items": [
    {
      "baserunningRating": 0,
      "defenseRating": 0,
      "durability": 1,
      "forger": null,
      "forgerName": null,
      "health": 1,
      "hittingRating": 0.033743545998581204,
      "id": "6534f859-0938-4fd7-878d-e3ef5d222c1c",
      "name": "Bat",
      "pitchingRating": 0,
      "postPrefix": null,
      "prePrefix": null,
      "prefixes": null,
      "root": {
        "adjustments": [
          {
            "stat": 2,
            "type": 1,
            "value": 0.134229998325384
          }
        ],
        "name": "Bat"
      },
      "suffix": null
    }
  ],
  "laserlikeness": 0.5551481261697747,
  "leagueTeamId": "b63be8c2-576a-4d6e-8daf-814f8bcea96f",
  "martyrdom": 0.505665331169497,
  "moxie": 0.3899553730240481,
  "musclitude": 0.6611767563024784,
  "name": "Randy Dennis",
  "omniscience": 0.6407186632026578,
  "overpowerment": 0.7862890802838177,
  "patheticism": 0.5960962915329684,
  "peanutAllergy": true,
  "permAttr": [
    "SIPHON",
    "SWIM_BLADDER"
  ],
  "pitchingRating": 0.43931250955576606,
  "pressurization": 1.0566616907254471,
  "ritual": "Floating",
  "ruthlessness": 0.25762968518334123,
  "seasAttr": [],
  "shakespearianism": 0.928400795245494,
  "soul": 4,
  "state": {},
  "suppression": 0.6433233700996202,
  "tenaciousness": 0.6699591445179551,
  "thwackability": 1.0986807810337704,
  "totalFingers": 14,
  "tournamentTeamId": null,
  "tragicness": 0.001,
  "unthwackability": 0.6364034312106254,
  "watchfulness": 0.5454193975374763,
  "weekAttr": []
}