{
  "anticapitalism": 0.3891028009722297,
  "armor": "",
  "baseThirst": 0.27179758408260746,
  "baserunningRating": 0.06680465551349996,
  "bat": "",
  "blood": 8,
  "buoyancy": 0.8535270063859013,
  "chasiness": 0.8196686332008172,
  "cinnamon": 0.9420127129605808,
  "coffee": 12,
  "coldness": 0.6000151905192173,
  "continuation": 0.2247082872142487,
  "deceased": false,
  "defenseRating": 0.42670897158511367,
  "divinity": 0.23499353367595768,
  "eDensity": 11.27465121917496,
  "evolution": 0,
  "fate": 26,
  "gameAttr": [],
  "groundFriction": 0.5251520575516606,
  "hitStreak": 0,
  "hittingRating": 0.1740414957367155,
  "id": "5a6b0c6d-1cc8-4acb-991c-0ffe62f3d990",
  "indulgence": 0.09153612358307116,
  "laserlikeness": 0.014324022804050872,
  "leagueTeamId": "f02aeae2-5e6a-4098-9842-02d2273f25c7",
  "martyrdom": 0.7389759513407801,
  "moxie": 0.5534362411791443,
  "musclitude": 0.373565069466814,
  "name": "Lotus Clutch",
  "omniscience": 0.04500427306726351,
  "overpowerment": 0.3640419684354319,
  "patheticism": 0.9861762076603102,
  "peanutAllergy": false,
  "permAttr": [],
  "pitchingRating": 0.3716807656182362,
  "pressurization": 0.2567181531084015,
  "ritual": "Recharging",
  "ruthlessness": 0.38360853801540706,
  "seasAttr": [],
  "shakespearianism": 0.14865051372015525,
  "soul": 2,
  "state": {},
  "suppression": 0.22421412504767724,
  "tenaciousness": 0.8697305578240315,
  "thwackability": 0.07594729441245085,
  "totalFingers": 10,
  "tournamentTeamId": null,
  "tragicness": 0.1,
  "unthwackability": 0.6047038462242946,
  "watchfulness": 0.4095794009896454,
  "weekAttr": []
}