{
  "anticapitalism": 0.1537166792860063,
  "armor": "",
  "baseThirst": 0.22409402165941827,
  "bat": "",
  "blood": 10,
  "buoyancy": 0.9177120530913356,
  "chasiness": 0.4161777080549171,
  "cinnamon": 0.10782464731947194,
  "coffee": 6,
  "coldness": 0.8233967654125776,
  "continuation": 0.18166332383760753,
  "deceased": false,
  "divinity": 0.05377827006224756,
  "fate": 8,
  "gameAttr": [],
  "groundFriction": 0.8604473465798532,
  "id": "5b3f0a43-45e7-44e7-9496-512c24c040f0",
  "indulgence": 0.6698080719211954,
  "laserlikeness": 0.608015570832477,
  "martyrdom": 0.765875847038417,
  "moxie": 0.7756691442774284,
  "musclitude": 0.4605822259308901,
  "name": "Rhys Rivera",
  "omniscience": 0.5409719589561346,
  "overpowerment": 0.12736150807846602,
  "patheticism": 0.20534828898478197,
  "peanutAllergy": true,
  "permAttr": [],
  "pressurization": 0.5734298076114037,
  "ritual": "Sleepwalking",
  "ruthlessness": 0.0977401637171913,
  "seasAttr": [],
  "shakespearianism": 0.7557999944849063,
  "soul": 4,
  "suppression": 0.32389920562107943,
  "tenaciousness": 0.23068793512044627,
  "thwackability": 0.09676797608236808,
  "totalFingers": 10,
  "tragicness": 0.1,
  "unthwackability": 0.19401915475533604,
  "watchfulness": 0.919536990153348,
  "weekAttr": []
}