{
  "anticapitalism": 0.1837166792860063,
  "armor": "",
  "baseThirst": 0.2540940216594183,
  "baserunningRating": 0.5687722037116524,
  "bat": "",
  "blood": 10,
  "buoyancy": 0.9477120530913355,
  "chasiness": 0.4461777080549172,
  "cinnamon": 0.13782464731947194,
  "coffee": 6,
  "coldness": 0.8533967654125776,
  "continuation": 0.21166332383760753,
  "deceased": false,
  "defenseRating": 0.5292537900358385,
  "divinity": 0.08377827006224756,
  "fate": 8,
  "gameAttr": [],
  "groundFriction": 0.8904473465798532,
  "hitStreak": 0,
  "hittingRating": 0.1871920201324543,
  "id": "5b3f0a43-45e7-44e7-9496-512c24c040f0",
  "indulgence": 0.6998080719211954,
  "laserlikeness": 0.6380155708324771,
  "leagueTeamId": "bfd38797-8404-4b38-8b82-341da28b1f83",
  "martyrdom": 0.7958758470384171,
  "moxie": 0.8056691442774284,
  "musclitude": 0.49058222593089007,
  "name": "Rhys Rivera",
  "omniscience": 0.5709719589561346,
  "overpowerment": 0.15736150807846602,
  "patheticism": 0.17534828898478197,
  "peanutAllergy": true,
  "permAttr": [],
  "pitchingRating": 0.1531152041738104,
  "pressurization": 0.6034298076114037,
  "ritual": "Sleepwalking",
  "ruthlessness": 0.1277401637171913,
  "seasAttr": [],
  "shakespearianism": 0.7857999944849063,
  "soul": 4,
  "suppression": 0.35389920562107946,
  "tenaciousness": 0.2606879351204463,
  "thwackability": 0.1267679760823681,
  "totalFingers": 10,
  "tournamentTeamId": null,
  "tragicness": 0.1,
  "unthwackability": 0.22401915475533604,
  "watchfulness": 0.949536990153348,
  "weekAttr": []
}