{
  "anticapitalism": 0.6209760546043455,
  "armor": "",
  "baseThirst": 0.6617564365355828,
  "baserunningRating": 0.5968881178057142,
  "bat": "",
  "blood": 8,
  "buoyancy": 0.4455462505255576,
  "chasiness": 0.8886637869231298,
  "cinnamon": 0.9659880057575818,
  "coffee": 7,
  "coldness": 0.6946163232746341,
  "continuation": 0.9028741811275074,
  "deceased": false,
  "defenseRating": 0.4589535319110975,
  "divinity": 0.16607709095174214,
  "eDensity": 0,
  "evolution": 0,
  "fate": 53,
  "gameAttr": [],
  "groundFriction": 0.4336756677133944,
  "hitStreak": 0,
  "hittingRating": 0.3670102593498236,
  "id": "5b5bcc6c-d011-490f-b084-6fdc2c52f958",
  "indulgence": 0.5254743119685421,
  "laserlikeness": 0.530856911712122,
  "leagueTeamId": "bfd38797-8404-4b38-8b82-341da28b1f83",
  "martyrdom": 0.13094460493582313,
  "moxie": 0.7978999944079455,
  "musclitude": 0.1578952094674255,
  "name": "Simba Davis",
  "omniscience": 0.10752957466802934,
  "overpowerment": 0.23711762600065553,
  "patheticism": 0.794725248518914,
  "peanutAllergy": true,
  "permAttr": [],
  "pitchingRating": 0.08577601746138148,
  "pressurization": 0.24684711943131907,
  "ritual": "Extra-gravity workout",
  "ruthlessness": 0.1043905958569131,
  "seasAttr": [],
  "shakespearianism": 0.6134741597512094,
  "soul": 8,
  "state": {},
  "suppression": 0.4377812957897993,
  "tenaciousness": 0.310308518125747,
  "thwackability": 0.7563104691730309,
  "totalFingers": 10,
  "tournamentTeamId": null,
  "tragicness": 0.1,
  "unthwackability": 0.0775652148444361,
  "watchfulness": 0.674887798025146,
  "weekAttr": []
}