{
  "anticapitalism": 0.6434352561064494,
  "baseThirst": 0.6999522587836169,
  "baserunningRating": 0.6236812333015552,
  "blood": 8,
  "buoyancy": 0.4741343638542471,
  "chasiness": 0.9007501764154164,
  "cinnamon": 1.0101786093575398,
  "coffee": 7,
  "coldness": 0.7274616290473013,
  "continuation": 0.9328794693963604,
  "deceased": false,
  "defenseRating": 0.48072143864516,
  "divinity": 0.20995010159731936,
  "eDensity": 26.56039548569612,
  "evolution": 0,
  "fate": 53,
  "gameAttr": [],
  "groundFriction": 0.443844693144297,
  "hitStreak": 0,
  "hittingRating": 0.41324756765705073,
  "id": "5b5bcc6c-d011-490f-b084-6fdc2c52f958",
  "indulgence": 0.5484048235747419,
  "items": [],
  "laserlikeness": 0.5619272613946471,
  "leagueTeamId": "bfd38797-8404-4b38-8b82-341da28b1f83",
  "martyrdom": 0.1762597234558052,
  "moxie": 0.8475836444974039,
  "musclitude": 0.17725367332905267,
  "name": "Simba Davis",
  "omniscience": 0.11753644934378474,
  "overpowerment": 0.2720596801271763,
  "patheticism": 0.7451400772057364,
  "peanutAllergy": true,
  "permAttr": [],
  "pitchingRating": 0.1240934924114377,
  "pressurization": 0.24684711943131907,
  "ritual": "Extra-gravity workout",
  "ruthlessness": 0.14121197861487106,
  "seasAttr": [],
  "shakespearianism": 0.6528855519419364,
  "soul": 8,
  "state": {},
  "suppression": 0.4727375087062268,
  "tenaciousness": 0.3385871332707519,
  "thwackability": 0.7698353478649285,
  "totalFingers": 10,
  "tournamentTeamId": null,
  "tragicness": 0.05942095723954965,
  "unthwackability": 0.12054344884769566,
  "watchfulness": 0.7180251606411509,
  "weekAttr": []
}