{
  "anticapitalism": 0.1444020579454447,
  "baseThirst": 0.7227001118071781,
  "baserunningRating": 0.4032576983015603,
  "blood": 9,
  "buoyancy": 0.9105094024156334,
  "chasiness": 0.6888570129845425,
  "cinnamon": 0.786032448441718,
  "coffee": 5,
  "coldness": 0.7986803085207228,
  "continuation": 0.2087552999916087,
  "deceased": false,
  "defenseRating": 0.5563982375529221,
  "divinity": 0.3654155443043308,
  "eDensity": 26.26111199095219,
  "evolution": 1,
  "fate": 4,
  "gameAttr": [],
  "groundFriction": 0.16558176753692577,
  "hitStreak": 0,
  "hittingRating": 0.6375824961077454,
  "id": "5bc7e5d4-39be-4d64-a242-abb39aca6f42",
  "indulgence": 0.15408196325542614,
  "itemAttr": [],
  "items": [
    {
      "baserunningRating": 0,
      "defenseRating": 0,
      "durability": 1,
      "forger": null,
      "forgerName": null,
      "health": 0,
      "hittingRating": 0.028909394573942704,
      "id": "5b5c1189-ac1d-4c98-bb5f-9397a285ce4b",
      "name": "Bat",
      "pitchingRating": 0,
      "postPrefix": null,
      "prePrefix": null,
      "prefixes": null,
      "root": {
        "adjustments": [
          {
            "stat": 2,
            "type": 1,
            "value": 0.13446248258396912
          }
        ],
        "name": "Bat"
      },
      "suffix": null
    }
  ],
  "laserlikeness": 0.4944169417104284,
  "leagueTeamId": "46358869-dce9-4a01-bfba-ac24fc56f57e",
  "martyrdom": 0.5359997368366881,
  "moxie": 0.59714873458714,
  "musclitude": 0.7389861131479999,
  "name": "Gia Holbrook",
  "omniscience": 0.939824208945011,
  "overpowerment": 0.9469830253688948,
  "patheticism": 0.34776093909527733,
  "peanutAllergy": false,
  "permAttr": [
    "MAXIMALIST"
  ],
  "pitchingRating": 0.7257775667452279,
  "pressurization": 0.11477799362334996,
  "ritual": "Kneeling",
  "ruthlessness": 0.5816629816725011,
  "seasAttr": [],
  "shakespearianism": 0.6371952100763871,
  "soul": 5,
  "state": {},
  "suppression": 1.005908142300665,
  "tenaciousness": 0.4268523109887411,
  "thwackability": 0.995471486355346,
  "totalFingers": 10,
  "tournamentTeamId": null,
  "tragicness": 0.08939517709311842,
  "unthwackability": 0.914100892285984,
  "watchfulness": 0.1776259689381878,
  "weekAttr": []
}