{
  "anticapitalism": 0.2574689427034253,
  "baseThirst": 0.7963295021527981,
  "baserunningRating": 0.4845911038282912,
  "blood": 9,
  "buoyancy": 1.2516971580862042,
  "chasiness": 0.8005207373464284,
  "cinnamon": 0.9228079617998284,
  "coffee": 5,
  "coldness": 0.9433518241304792,
  "continuation": 0.25920702296307674,
  "deceased": false,
  "defenseRating": 0.6765135755334182,
  "divinity": 0.7527359559646425,
  "eDensity": 29.910084681012098,
  "evolution": 1,
  "fate": 4,
  "gameAttr": [],
  "groundFriction": 0.22121049279714644,
  "hitStreak": 0,
  "hittingRating": 1.0138601533165523,
  "id": "5bc7e5d4-39be-4d64-a242-abb39aca6f42",
  "indulgence": 0.21513614072131837,
  "itemAttr": [],
  "items": [
    {
      "baserunningRating": 0,
      "defenseRating": 0,
      "durability": 1,
      "forger": null,
      "forgerName": null,
      "health": 0,
      "hittingRating": 0.028909394573942704,
      "id": "5b5c1189-ac1d-4c98-bb5f-9397a285ce4b",
      "name": "Bat",
      "pitchingRating": 0,
      "postPrefix": null,
      "prePrefix": null,
      "prefixes": null,
      "root": {
        "adjustments": [
          {
            "stat": 2,
            "type": 1,
            "value": 0.13446248258396912
          }
        ],
        "name": "Bat"
      },
      "suffix": null
    }
  ],
  "laserlikeness": 0.5919692404685678,
  "leagueTeamId": "46358869-dce9-4a01-bfba-ac24fc56f57e",
  "martyrdom": 0.8750042560742874,
  "moxie": 0.9027625241910314,
  "musclitude": 1.1332248642007694,
  "name": "Gia Holbrook",
  "omniscience": 1.0564660251705993,
  "overpowerment": 1.0544215590779422,
  "patheticism": 0.05478401235659969,
  "peanutAllergy": false,
  "permAttr": [
    "MAXIMALIST"
  ],
  "pitchingRating": 0.8737233952331712,
  "pressurization": 0.11477799362334996,
  "ritual": "Kneeling",
  "ruthlessness": 0.7181312342703161,
  "seasAttr": [],
  "shakespearianism": 0.755930182586278,
  "soul": 5,
  "state": {},
  "suppression": 1.1192892215068104,
  "tenaciousness": 0.5327709432656187,
  "thwackability": 1.3968184854027674,
  "totalFingers": 10,
  "tournamentTeamId": null,
  "tragicness": 0.001,
  "unthwackability": 1.0386053884540865,
  "watchfulness": 0.3075215757249387,
  "weekAttr": []
}