{
  "anticapitalism": 0.914585657943178,
  "armor": "",
  "baseThirst": 0.9854592162924868,
  "baserunningRating": 0.740579928983156,
  "bat": "",
  "blood": 8,
  "buoyancy": 0.2612509590197266,
  "chasiness": 0.5995334995424131,
  "cinnamon": 0.770573979091436,
  "coffee": 3,
  "coldness": 0.30582512585118504,
  "continuation": 0.3661696917021845,
  "deceased": false,
  "defenseRating": 0.6019678455708102,
  "divinity": 1.017299450286445,
  "eDensity": 24.2487340634543,
  "evolution": 0,
  "fate": 70,
  "gameAttr": [],
  "groundFriction": 0.600792928987684,
  "hitStreak": 0,
  "hittingRating": 0.8168151074278994,
  "id": "5bcfb3ff-5786-4c6c-964c-5c325fcc48d7",
  "indulgence": 0.18833620816054789,
  "laserlikeness": 1.0397955117629951,
  "leagueTeamId": "105bc3ff-1320-4e37-8ef0-8d595cb95dd0",
  "martyrdom": 0.2843347967028417,
  "moxie": 0.8851489285974828,
  "musclitude": 0.5835850666473626,
  "name": "Paula Turnip",
  "omniscience": 0.202361410445401,
  "overpowerment": 0.00015125465786436365,
  "patheticism": 0.544857881114592,
  "peanutAllergy": true,
  "permAttr": [],
  "pitchingRating": 0.16188484136874867,
  "pressurization": 0.874510487786416,
  "ritual": "Repenting",
  "ruthlessness": 0.7194623902577131,
  "seasAttr": [],
  "shakespearianism": 0.3649201017796846,
  "soul": 4,
  "state": {},
  "suppression": 0.7813656752876832,
  "tenaciousness": 0.5426311497776553,
  "thwackability": 0.7661320091917238,
  "totalFingers": 10,
  "tournamentTeamId": "b3b9636a-f88a-47dc-a91d-86ecc79f9934",
  "tragicness": 0.1,
  "unthwackability": 0.6196979339151729,
  "watchfulness": 0.9449966292868708,
  "weekAttr": []
}