{
  "anticapitalism": 0.914585657943178,
  "armor": "",
  "baseThirst": 0.8854592162924868,
  "bat": "",
  "blood": 8,
  "buoyancy": 0.21781732660013087,
  "chasiness": 0.5995334995424131,
  "cinnamon": 0.620573979091436,
  "coffee": 3,
  "coldness": 0.30582512585118504,
  "continuation": 0.2661696917021845,
  "deceased": false,
  "divinity": 0.9738658178668492,
  "fate": 87,
  "gameAttr": [],
  "groundFriction": 0.500792928987684,
  "id": "5bcfb3ff-5786-4c6c-964c-5c325fcc48d7",
  "indulgence": 0.08833620816054788,
  "laserlikeness": 0.9397955117629953,
  "martyrdom": 0.24090116428324593,
  "moxie": 0.8417152961778871,
  "musclitude": 0.5401514342277669,
  "name": "Paula Turnip",
  "omniscience": 0.202361410445401,
  "overpowerment": 0.00015125465786436365,
  "patheticism": 0.5882915135341877,
  "peanutAllergy": true,
  "permAttr": [],
  "pressurization": 0.874510487786416,
  "ritual": "Repenting",
  "ruthlessness": 0.7194623902577131,
  "seasAttr": [],
  "shakespearianism": 0.3649201017796846,
  "soul": 4,
  "suppression": 0.7813656752876832,
  "tenaciousness": 0.5426311497776553,
  "thwackability": 0.722698376772128,
  "totalFingers": 10,
  "tragicness": 0.1,
  "unthwackability": 0.6196979339151729,
  "watchfulness": 0.9449966292868708,
  "weekAttr": []
}