{
  "anticapitalism": 1,
  "armor": "",
  "baseThirst": 0.17608261587799173,
  "bat": "",
  "blood": 2,
  "buoyancy": 0.5922712948086611,
  "chasiness": 0.24553880607917208,
  "cinnamon": 0.8368446143819201,
  "coffee": 1,
  "coldness": 0.7299023212689727,
  "continuation": 0.7265408075762629,
  "deceased": false,
  "divinity": 0.8170590221347026,
  "fate": 92,
  "gameAttr": [],
  "groundFriction": 0.07886786128271267,
  "id": "5ca7e854-dc00-4955-9235-d7fcd732ddcf",
  "indulgence": 0.01,
  "laserlikeness": 0.01,
  "martyrdom": 0.06,
  "moxie": 0.8399326565143975,
  "musclitude": 0.06,
  "name": "Wyatt Quitter",
  "omniscience": 0.26391164543614026,
  "overpowerment": 0.11,
  "patheticism": 0.6408264439712507,
  "peanutAllergy": true,
  "permAttr": [],
  "pressurization": 0.46357032322903113,
  "ritual": "Gambling",
  "ruthlessness": 0.4195384029300716,
  "seasAttr": [],
  "shakespearianism": 0.5323618168371612,
  "soul": 5,
  "suppression": 0.12283832287291786,
  "tenaciousness": 0.7262614297052112,
  "thwackability": 0.06,
  "totalFingers": 13,
  "tragicness": 0.060000000000000005,
  "unthwackability": 0.11,
  "watchfulness": 0.46753008274574376,
  "weekAttr": []
}