{
  "anticapitalism": 0.856289316159545,
  "armor": "",
  "baseThirst": 0.07655438754034644,
  "bat": "",
  "blood": 2,
  "buoyancy": 0.4674212252541785,
  "chasiness": 0.10169345128986558,
  "cinnamon": 0.9101259885010348,
  "coffee": 1,
  "coldness": 0.6084812414397888,
  "continuation": 0.5797584309657798,
  "deceased": false,
  "divinity": 0.6947063775166131,
  "fate": 92,
  "gameAttr": [],
  "groundFriction": 0.06793617466880299,
  "hitStreak": 0,
  "id": "5ca7e854-dc00-4955-9235-d7fcd732ddcf",
  "indulgence": 0.07270577294841633,
  "laserlikeness": 0.07718824057174475,
  "martyrdom": 0.0571913224874242,
  "moxie": 0.7065873612088621,
  "musclitude": 0.06759955009018412,
  "name": "Wyatt Quitter",
  "omniscience": 0.13434884935962155,
  "overpowerment": 0.06258195840878943,
  "patheticism": 0.761355006099837,
  "peanutAllergy": true,
  "permAttr": [
    "SHELLED"
  ],
  "pressurization": 0.46357032322903113,
  "ritual": "Gambling",
  "ruthlessness": 0.2709199286014471,
  "seasAttr": [],
  "shakespearianism": 0.40417208032023894,
  "soul": 5,
  "suppression": 0.06149204204753552,
  "tenaciousness": 0.6043713984404164,
  "thwackability": 0.0880795375144284,
  "totalFingers": 14,
  "tragicness": 0.1,
  "unthwackability": 0.061709336208419584,
  "watchfulness": 0.3340298052096809,
  "weekAttr": []
}