{
  "anticapitalism": 0.8,
  "armor": "",
  "baseThirst": 0.01,
  "bat": "",
  "blood": 2,
  "buoyancy": 0.39227129480866113,
  "chasiness": 0.045538806079172045,
  "cinnamon": 0.8368446143819201,
  "coffee": 1,
  "coldness": 0.5299023212689726,
  "continuation": 0.526540807576263,
  "deceased": false,
  "divinity": 0.6170590221347025,
  "fate": 92,
  "gameAttr": [],
  "groundFriction": 0.01,
  "id": "5ca7e854-dc00-4955-9235-d7fcd732ddcf",
  "indulgence": 0.01,
  "laserlikeness": 0.01,
  "martyrdom": 0.01,
  "moxie": 0.6399326565143975,
  "musclitude": 0.01,
  "name": "Wyatt Quitter",
  "omniscience": 0.06391164543614025,
  "overpowerment": 0.01,
  "patheticism": 0.8408264439712507,
  "peanutAllergy": true,
  "permAttr": [],
  "pressurization": 0.46357032322903113,
  "ritual": "Gambling",
  "ruthlessness": 0.2195384029300716,
  "seasAttr": [],
  "shakespearianism": 0.3323618168371612,
  "soul": 5,
  "suppression": 0.01,
  "tenaciousness": 0.5262614297052113,
  "thwackability": 0.01,
  "totalFingers": 14,
  "tragicness": 0.1,
  "unthwackability": 0.01,
  "watchfulness": 0.26753008274574375,
  "weekAttr": []
}