{
  "anticapitalism": 0.960033205436984,
  "armor": "",
  "baseThirst": 0.1916653836827617,
  "baserunningRating": 0.25765600812817757,
  "bat": "",
  "blood": 2,
  "buoyancy": 0.5623608120682864,
  "chasiness": 0.22358708689664936,
  "cinnamon": 1.0339933012740896,
  "coffee": 1,
  "coldness": 0.6506218303559734,
  "continuation": 0.7130493216204783,
  "deceased": false,
  "defenseRating": 0.5598745989178602,
  "divinity": 0.7933663067794438,
  "eDensity": 19.358145310695875,
  "evolution": 0,
  "fate": 92,
  "gameAttr": [],
  "groundFriction": 0.20390360812137115,
  "hitStreak": 0,
  "hittingRating": 0.41670904313710144,
  "id": "5ca7e854-dc00-4955-9235-d7fcd732ddcf",
  "indulgence": 0.2061534499703596,
  "laserlikeness": 0.18630512142850905,
  "leagueTeamId": "c73b705c-40ad-4633-a6ed-d357ee2e2bcf",
  "martyrdom": 0.1667683333966423,
  "moxie": 0.8437056112621775,
  "musclitude": 0.17328400928497628,
  "name": "Wyatt Quitter",
  "omniscience": 0.24246251842543964,
  "overpowerment": 0.0857947731461488,
  "patheticism": 0.606354276357622,
  "peanutAllergy": true,
  "permAttr": [
    "HONEY_ROASTED"
  ],
  "pitchingRating": 0.1026382513448429,
  "pressurization": 0.46357032322903113,
  "ritual": "Gambling",
  "ruthlessness": 0.3122033881629531,
  "seasAttr": [],
  "shakespearianism": 0.41840292139191526,
  "soul": 5,
  "state": {},
  "suppression": 0.08868269057998127,
  "tenaciousness": 0.7189096816805218,
  "thwackability": 0.19766263109704824,
  "totalFingers": 14,
  "tournamentTeamId": "70eab4ab-6cb1-41e7-ac8b-1050ee12eecc",
  "tragicness": 0.028426600409161784,
  "unthwackability": 0.06792736638375269,
  "watchfulness": 0.464020088746285,
  "weekAttr": []
}