{
  "anticapitalism": 0.29546415614001764,
  "armor": "",
  "baseThirst": 0.20543698181126077,
  "baserunningRating": 0.3691307253542537,
  "bat": "",
  "blood": 9,
  "buoyancy": 0.7387142848708574,
  "chasiness": 0.7198884092665165,
  "cinnamon": 0.7835792849496557,
  "coffee": 5,
  "coldness": 0.9614939962729512,
  "continuation": 0.10666851889695002,
  "deceased": false,
  "defenseRating": 0.6123851260833075,
  "divinity": 0.2378377508127929,
  "fate": 97,
  "gameAttr": [],
  "groundFriction": 0.04832686093163649,
  "hitStreak": 0,
  "hittingRating": 0.4889873742990876,
  "id": "5dbf11c0-994a-4482-bd1e-99379148ee45",
  "indulgence": 1.0012381237817534,
  "laserlikeness": 0.5361326067825283,
  "martyrdom": 0.4214796502356185,
  "moxie": 0.8427768033726026,
  "musclitude": 0.8845360671551312,
  "name": "Conrad Vaughan",
  "omniscience": 0.33039058661142673,
  "overpowerment": 0.4084543975329801,
  "patheticism": 0.5401106498309001,
  "peanutAllergy": true,
  "permAttr": [],
  "pitchingRating": 0.5606435307147192,
  "pressurization": 0.4324531533478875,
  "ritual": "Photography",
  "ruthlessness": 1.0412024652440397,
  "seasAttr": [],
  "shakespearianism": 0.38495559042309,
  "soul": 7,
  "suppression": 0.09855682303378596,
  "tenaciousness": 0.7186669227806641,
  "thwackability": 0.6816702759902991,
  "totalFingers": 10,
  "tragicness": 0.04763468239057719,
  "unthwackability": 0.4828063265317911,
  "watchfulness": 0.6185370390401826,
  "weekAttr": []
}