{
  "anticapitalism": 0.06516926304432902,
  "baseThirst": 0.03969654678695189,
  "baserunningRating": 0.34725511587916086,
  "blood": 0,
  "buoyancy": 0.6996694270072281,
  "chasiness": 0.3348624505034288,
  "cinnamon": 0.1175779345692496,
  "coffee": 0,
  "coldness": 0.866298714859348,
  "continuation": 0.5811073231567438,
  "deceased": false,
  "defenseRating": 0.6227738313622548,
  "divinity": 0.1153005139663621,
  "eDensity": 22.412554046989356,
  "evolution": 0,
  "fate": 82,
  "gameAttr": [],
  "groundFriction": 0.617039213358832,
  "hitStreak": 0,
  "hittingRating": 0.3462815377433907,
  "id": "5ddee49d-79f2-4eba-a3c9-174784322059",
  "indulgence": 0.051025630973949854,
  "itemAttr": [],
  "items": [],
  "laserlikeness": 0.5117705139404938,
  "leagueTeamId": "f02aeae2-5e6a-4098-9842-02d2273f25c7",
  "martyrdom": 0.19919093473634053,
  "moxie": 0.23574872014822845,
  "musclitude": 0.2605358825171089,
  "name": "Bobbin Inningson",
  "omniscience": 0.9278081814651216,
  "overpowerment": 0.9044768902933622,
  "patheticism": 0.4850924178481695,
  "peanutAllergy": false,
  "permAttr": [],
  "pitchingRating": 0.1711972360136732,
  "pressurization": 0.4706177997526275,
  "ritual": "Kneeling",
  "ruthlessness": 0.1567716684296676,
  "seasAttr": [],
  "shakespearianism": 0.3780917868713307,
  "soul": 6,
  "state": {},
  "suppression": 0.6254319378014928,
  "tenaciousness": 0.9054804008539236,
  "thwackability": 0.943473595584776,
  "totalFingers": 10,
  "tournamentTeamId": null,
  "tragicness": 0.607593016882688,
  "unthwackability": 0.16272615338467267,
  "watchfulness": 0.5697965154384701,
  "weekAttr": []
}