{
  "anticapitalism": 0.8271757997791813,
  "baseThirst": 0.9504643501964084,
  "baserunningRating": 0.3882883800040711,
  "blood": 7,
  "buoyancy": 1.012544945705526,
  "chasiness": 1.0633232719878376,
  "cinnamon": 0.95367788720407,
  "coffee": 3,
  "coldness": 0.734004764907791,
  "continuation": 0.38211581153825985,
  "deceased": false,
  "defenseRating": 0.6213952247850119,
  "divinity": 0.595884937320596,
  "eDensity": 28.2047604421652,
  "evolution": 0,
  "fate": 24,
  "gameAttr": [],
  "groundFriction": 1.005261532426749,
  "hitStreak": 0,
  "hittingRating": 0.7331658514713028,
  "id": "5e4dfa16-f1b9-400f-b8ef-a1613c2b026a",
  "indulgence": 0.9245822243409152,
  "items": [],
  "laserlikeness": 0.18734309858589415,
  "leagueTeamId": "bfd38797-8404-4b38-8b82-341da28b1f83",
  "martyrdom": 0.8299665558316135,
  "moxie": 0.35436695791920536,
  "musclitude": 0.673477324841617,
  "name": "Snyder Briggs",
  "omniscience": 0.29336306703935844,
  "overpowerment": 1.0920403580930491,
  "patheticism": 0.21311133249244407,
  "peanutAllergy": false,
  "permAttr": [
    "ALTERNATE",
    "WILD"
  ],
  "pitchingRating": 0.5721163211917856,
  "pressurization": 0.084464990259979,
  "ritual": "Whispering",
  "ruthlessness": 0.8968816079619196,
  "seasAttr": [],
  "shakespearianism": 0.6069494162957934,
  "soul": 6,
  "state": {},
  "suppression": 1.0820847546508066,
  "tenaciousness": 0.35883183130508595,
  "thwackability": 0.98297354181134,
  "totalFingers": 11,
  "tournamentTeamId": null,
  "tragicness": 0.001,
  "unthwackability": 0.3902954874386874,
  "watchfulness": 0.880690229626883,
  "weekAttr": []
}