{
  "anticapitalism": 0.7666286292858594,
  "baseThirst": 0.90236309801316,
  "baserunningRating": 0.30356944647132655,
  "blood": 7,
  "buoyancy": 0.9327183798191968,
  "chasiness": 1.0036504996374735,
  "cinnamon": 0.8798989806224576,
  "coffee": 3,
  "coldness": 0.6748557081393051,
  "continuation": 0.32890761496108284,
  "deceased": false,
  "defenseRating": 0.5532681191448544,
  "divinity": 0.5480506330327239,
  "eDensity": 26.20718285753528,
  "evolution": 0,
  "fate": 24,
  "gameAttr": [],
  "groundFriction": 0.9508447569951054,
  "hitStreak": 0,
  "hittingRating": 0.6823577484853027,
  "id": "5e4dfa16-f1b9-400f-b8ef-a1613c2b026a",
  "indulgence": 0.853561746064453,
  "items": [],
  "laserlikeness": 0.12250566005193622,
  "leagueTeamId": "bfd38797-8404-4b38-8b82-341da28b1f83",
  "martyrdom": 0.7576887378776138,
  "moxie": 0.29227398857534026,
  "musclitude": 0.6123583347996296,
  "name": "Snyder Briggs",
  "omniscience": 0.2313339050096095,
  "overpowerment": 1.0475387983680098,
  "patheticism": 0.26397162273193453,
  "peanutAllergy": false,
  "permAttr": [
    "ALTERNATE",
    "WILD",
    "TRIPLE_THREAT"
  ],
  "pitchingRating": 0.4904022369749852,
  "pressurization": 0.084464990259979,
  "ritual": "Whispering",
  "ruthlessness": 0.8456472409778875,
  "seasAttr": [],
  "shakespearianism": 0.5367675395494949,
  "soul": 6,
  "state": {},
  "suppression": 1.009186495572571,
  "tenaciousness": 0.28279784008568754,
  "thwackability": 0.940544178334761,
  "totalFingers": 11,
  "tournamentTeamId": null,
  "tragicness": 0.03440750820553454,
  "unthwackability": 0.31324537378431394,
  "watchfulness": 0.8161277851016886,
  "weekAttr": []
}