{
  "anticapitalism": 0.9187503028913686,
  "armor": "",
  "baseThirst": 0.32120695365272994,
  "baserunningRating": 0.503237127068377,
  "bat": "",
  "blood": 4,
  "buoyancy": 0.2850968550757278,
  "chasiness": 0.9731556750970086,
  "cinnamon": 0.1858428111425552,
  "coffee": 7,
  "coldness": 0.8538883172793723,
  "continuation": 0.722256149071903,
  "deceased": false,
  "defenseRating": 0.6415389692530655,
  "divinity": 0.4460905085553943,
  "fate": 70,
  "gameAttr": [],
  "groundFriction": 0.15957024476052012,
  "hitStreak": 0,
  "hittingRating": 0.603224012377142,
  "id": "5eac7fd9-0d19-4bf4-a013-994acc0c40c0",
  "indulgence": 0.6129309174617918,
  "laserlikeness": 0.5399796877670863,
  "martyrdom": 0.5638278584405293,
  "moxie": 0.4025254690369424,
  "musclitude": 1.0978221450664112,
  "name": "Sutton Bishop",
  "omniscience": 0.5685752580118417,
  "overpowerment": 0.613626170759186,
  "patheticism": 0.7424235422615074,
  "peanutAllergy": true,
  "permAttr": [],
  "pitchingRating": 0.7172246173263279,
  "pressurization": 0.9208823265287372,
  "ritual": "Cursing the sun",
  "ruthlessness": 0.726358732309455,
  "seasAttr": [],
  "shakespearianism": 0.7592294960471505,
  "soul": 3,
  "suppression": 0.8555720653420336,
  "tenaciousness": 0.5129830163578515,
  "thwackability": 0.7926082796294993,
  "totalFingers": 13,
  "tragicness": 0.1,
  "unthwackability": 0.8191692006001589,
  "watchfulness": 0.15526326599649182,
  "weekAttr": []
}