{
  "anticapitalism": 0.9870545561374784,
  "baseThirst": 0.3952957172514452,
  "baserunningRating": 0.5782254775378922,
  "blood": 4,
  "buoyancy": 0.4376694820003906,
  "chasiness": 1.0524879756927636,
  "cinnamon": 0.23463817115857324,
  "coffee": 7,
  "coldness": 0.9325144453712504,
  "continuation": 0.7979080603003732,
  "deceased": true,
  "defenseRating": 0.7014896874734042,
  "divinity": 0.6219478135132953,
  "eDensity": 51.84617702691289,
  "evolution": 0,
  "fate": 70,
  "gameAttr": [
    "OVERPERFORMING",
    "REVERBERATING"
  ],
  "groundFriction": 0.2234996907943152,
  "hitStreak": 0,
  "hittingRating": 0.7761795091967529,
  "id": "5eac7fd9-0d19-4bf4-a013-994acc0c40c0",
  "indulgence": 0.6906298422325863,
  "itemAttr": [],
  "items": [],
  "laserlikeness": 0.6119486784961912,
  "leagueTeamId": "f02aeae2-5e6a-4098-9842-02d2273f25c7",
  "martyrdom": 0.714695543336589,
  "moxie": 0.5762460354528206,
  "musclitude": 1.2430166568442165,
  "name": "Sutton Bishop",
  "omniscience": 0.6445756179355502,
  "overpowerment": 0.669325565779844,
  "patheticism": 0.5695191124005091,
  "peanutAllergy": false,
  "permAttr": [
    "TRIPLE_THREAT",
    "PERK"
  ],
  "pitchingRating": 0.7792734724937923,
  "pressurization": 0.9208823265287372,
  "ritual": "Cursing the sun",
  "ruthlessness": 0.7811114436120591,
  "seasAttr": [],
  "shakespearianism": 0.8140904575229732,
  "soul": 3,
  "state": {
    "gameModSources": {
      "OVERPERFORMING": [
        "PERK"
      ]
    }
  },
  "suppression": 0.9177069423580766,
  "tenaciousness": 0.5566186551852387,
  "thwackability": 0.9656974827715864,
  "totalFingers": 13,
  "tournamentTeamId": "d8f82163-2e74-496b-8e4b-2ab35b2d3ff1",
  "tragicness": 0.1,
  "unthwackability": 0.8727720892910645,
  "watchfulness": 0.2157701412527663,
  "weekAttr": []
}