{
  "anticapitalism": 0.7843925336997952,
  "armor": "",
  "baseThirst": 0.32676721527237795,
  "baserunningRating": 0.525027707430305,
  "bat": "",
  "blood": 2,
  "buoyancy": 0.243695894880533,
  "chasiness": 0.9430918058279196,
  "cinnamon": 0.988207251822502,
  "coffee": 2,
  "coldness": 0.0726453228894186,
  "continuation": 0.13111836862398052,
  "deceased": false,
  "defenseRating": 0.5312331424942018,
  "divinity": 0.7454759005725127,
  "eDensity": 20.74726416759176,
  "evolution": 0,
  "fate": 49,
  "gameAttr": [],
  "groundFriction": 0.38941894967398216,
  "hitStreak": 0,
  "hittingRating": 0.5261846494963668,
  "id": "5f3b5dc2-351a-4dee-a9d6-fa5f44f2a365",
  "indulgence": 0.20963912808432683,
  "laserlikeness": 0.8542916436985242,
  "leagueTeamId": "ca3f1c8c-c025-4d8e-8eef-5be6accbeb16",
  "martyrdom": 0.7156788869990616,
  "moxie": 0.7921509592974303,
  "musclitude": 0.08422641529252961,
  "name": "Alston England",
  "omniscience": 0.08995557690871969,
  "overpowerment": 0.44214114014940775,
  "patheticism": 0.495025972781256,
  "peanutAllergy": true,
  "permAttr": [],
  "pitchingRating": 0.524306524520806,
  "pressurization": 0.058215047823456656,
  "ritual": "Rally-cap",
  "ruthlessness": 0.4541363827496723,
  "seasAttr": [],
  "shakespearianism": 0.5755480394492183,
  "soul": 3,
  "state": {},
  "suppression": 0.900976025870422,
  "tenaciousness": 0.989283158452086,
  "thwackability": 0.4312833711909711,
  "totalFingers": 10,
  "tournamentTeamId": null,
  "tragicness": 0.1,
  "unthwackability": 0.8407686514799986,
  "watchfulness": 0.30553908852976464,
  "weekAttr": []
}