{
  "anticapitalism": 0.454096437590398,
  "armor": "",
  "baseThirst": 0.03863238079835929,
  "bat": "",
  "blood": 4,
  "buoyancy": 0.46024988226467745,
  "chasiness": 0.8678231132371017,
  "cinnamon": 0.9431557145519376,
  "coffee": 4,
  "coldness": 0.6616074992506928,
  "continuation": 0.3951221754124428,
  "deceased": false,
  "divinity": 0.7366869778710285,
  "fate": 71,
  "gameAttr": [],
  "groundFriction": 0.7619837999445749,
  "id": "5fbf04bb-f5ec-4589-ab19-1d89cda056bd",
  "indulgence": 0.8282932575033415,
  "laserlikeness": 0.674297549150408,
  "martyrdom": 0.45752248356772784,
  "moxie": 0.2387757102257626,
  "musclitude": 0.217889036256002,
  "name": "Donia Dollie",
  "omniscience": 0.8420541681250331,
  "overpowerment": 0.10099346651903328,
  "patheticism": 0.6024997315494032,
  "peanutAllergy": true,
  "permAttr": [],
  "pressurization": 0.1444823215325921,
  "ritual": "Dread",
  "ruthlessness": 0.6037209229698617,
  "seasAttr": [],
  "shakespearianism": 0.5280208997937919,
  "soul": 5,
  "suppression": 0.6640105865677914,
  "tenaciousness": 0.20884483699652412,
  "thwackability": 0.7777664422914117,
  "totalFingers": 10,
  "tragicness": 0.1,
  "unthwackability": 0.45238606497784595,
  "watchfulness": 0.2621830263962748,
  "weekAttr": []
}