{
  "anticapitalism": 0.4782771322381704,
  "armor": "",
  "baseThirst": 0.4565420730270071,
  "bat": "",
  "blood": 11,
  "buoyancy": 0.23612589707575316,
  "chasiness": 0.30559818096450686,
  "cinnamon": 0.5505769852974625,
  "coffee": 7,
  "coldness": 0.22855790587881253,
  "continuation": 0.03,
  "deceased": false,
  "divinity": 0.7772570449137717,
  "fate": 10,
  "gameAttr": [],
  "groundFriction": 0.5682993929431976,
  "id": "60026a9d-fc9a-4f5a-94fd-2225398fa3da",
  "indulgence": 0.39257632055821223,
  "laserlikeness": 0.03141917962807074,
  "martyrdom": 0.46698415788217296,
  "moxie": 0.7426023498344847,
  "musclitude": 0.2900990478038792,
  "name": "Bright Zimmerman",
  "omniscience": 0.5479440610929981,
  "overpowerment": 0.7980760067943862,
  "patheticism": 0.8557155664699907,
  "peanutAllergy": false,
  "permAttr": [],
  "pressurization": 0.4668944850477603,
  "ritual": "Antagonizing umpires",
  "ruthlessness": 0.4541073369493036,
  "seasAttr": [],
  "shakespearianism": 0.6115166269543513,
  "soul": 4,
  "suppression": 0.8251008848018011,
  "tenaciousness": 0.46176867732750815,
  "thwackability": 0.7072047569139375,
  "totalFingers": 12,
  "tragicness": 0.08,
  "unthwackability": 0.1506849897364011,
  "watchfulness": 0.41049988464395926,
  "weekAttr": []
}