{
  "anticapitalism": 0.14433526952524525,
  "baseThirst": 0.7643796888262823,
  "baserunningRating": 0.4988259526351973,
  "blood": 1,
  "buoyancy": 0.5777877005020693,
  "chasiness": 0.8156412261753527,
  "cinnamon": 0.376660793375975,
  "coffee": 6,
  "coldness": 0.6278583785651703,
  "continuation": 0.09312973394260526,
  "deceased": false,
  "defenseRating": 0.592042696928205,
  "divinity": 0.953008072254914,
  "eDensity": 35.02738632975938,
  "evolution": 0,
  "fate": 13,
  "gameAttr": [],
  "groundFriction": 0.39043410871517903,
  "hitStreak": 0,
  "hittingRating": 1.0817357836529184,
  "id": "611d18e0-b972-4cdd-afc2-793c56bfe5a9",
  "indulgence": 0.8721627253898954,
  "itemAttr": [],
  "items": [
    {
      "baserunningRating": 0,
      "defenseRating": 0,
      "durability": 1,
      "forger": null,
      "forgerName": null,
      "health": 0,
      "hittingRating": 0.03580047252603036,
      "id": "cd2d16a2-0a9c-41f5-902f-01518bd402f1",
      "name": "Bat",
      "pitchingRating": 0,
      "postPrefix": null,
      "prePrefix": null,
      "prefixes": null,
      "root": {
        "adjustments": [
          {
            "stat": 2,
            "type": 1,
            "value": 0.1202594301078242
          }
        ],
        "name": "Bat"
      },
      "suffix": null
    }
  ],
  "laserlikeness": 0.5235878095754913,
  "leagueTeamId": "eb67ae5e-c4bf-46ca-bbbc-425cd34182ff",
  "martyrdom": 1.2807511024164668,
  "moxie": 1.204433223815764,
  "musclitude": 1.151077695251996,
  "name": "Alston Cerveza",
  "omniscience": 0.8640571801158027,
  "overpowerment": 0.6984727808640049,
  "patheticism": 0.1037711838684408,
  "peanutAllergy": false,
  "permAttr": [],
  "pitchingRating": 0.5455936138921617,
  "pressurization": 0.026243309951627047,
  "ritual": "Planning an escape",
  "ruthlessness": 0.5192464462826964,
  "seasAttr": [],
  "shakespearianism": 0.6273577688489037,
  "soul": 8,
  "state": {},
  "suppression": 0.36734602998241506,
  "tenaciousness": 0.2506456615858124,
  "thwackability": 1.233535982007576,
  "totalFingers": 10,
  "tournamentTeamId": "4e5d0063-73b4-440a-b2d1-214a7345cf16",
  "tragicness": 0.18295430733065943,
  "unthwackability": 0.6292145309072822,
  "watchfulness": 0.958193666769704,
  "weekAttr": []
}