{
  "anticapitalism": 0.31900002142920425,
  "armor": "",
  "baseThirst": 0.879935482256345,
  "baserunningRating": 0.6542111181213428,
  "bat": "",
  "blood": 1,
  "buoyancy": 0.6494846300086964,
  "chasiness": 0.977518544399246,
  "cinnamon": 0.5083787771037228,
  "coffee": 6,
  "coldness": 0.7070591310026018,
  "continuation": 0.26058080149996077,
  "deceased": false,
  "defenseRating": 0.7489985728360301,
  "divinity": 0.9361087064938158,
  "fate": 13,
  "gameAttr": [],
  "groundFriction": 0.5199413533521543,
  "hitStreak": 0,
  "hittingRating": 1.112017825593392,
  "id": "611d18e0-b972-4cdd-afc2-793c56bfe5a9",
  "indulgence": 0.99492399644128,
  "laserlikeness": 0.655553799323151,
  "leagueTeamId": "eb67ae5e-c4bf-46ca-bbbc-425cd34182ff",
  "martyrdom": 1.3091739003707417,
  "moxie": 1.2112495514164536,
  "musclitude": 1.1596553708951711,
  "name": "Alston Cerveza",
  "omniscience": 1.0413106605658968,
  "overpowerment": 0.882470682232628,
  "patheticism": 0.01,
  "peanutAllergy": false,
  "permAttr": [],
  "pitchingRating": 0.6715810027964225,
  "pressurization": 0.026243309951627047,
  "ritual": "Planning an escape",
  "ruthlessness": 0.6799938087971988,
  "seasAttr": [],
  "shakespearianism": 0.701387754392677,
  "soul": 9,
  "suppression": 0.45668793069101343,
  "tenaciousness": 0.3905241474307879,
  "thwackability": 1.3305964388197544,
  "totalFingers": 10,
  "tournamentTeamId": null,
  "tragicness": 0.1,
  "unthwackability": 0.6963351687766277,
  "watchfulness": 1.077550839222538,
  "weekAttr": []
}