{
  "_id": "6192daab-3318-44b5-953f-14d68cdb2722",
  "anticapitalism": 0.758539460069489,
  "baseThirst": 0.16040241256895404,
  "buoyancy": 0.5607669505610091,
  "chasiness": 0.5118586632109157,
  "coldness": 0.18675203798686923,
  "continuation": 0.05516105861151255,
  "deceased": false,
  "divinity": 0.451085554038184,
  "groundFriction": 0.038630288241365385,
  "indulgence": 0.5750820137404034,
  "laserlikeness": 0.4712444386630587,
  "martyrdom": 0.9717454192643492,
  "moxie": 0.8563751612390582,
  "musclitude": 0.9987221173599063,
  "name": "Justin Alstott",
  "omniscience": 0.8898222688010418,
  "overpowerment": 0.4422021833418264,
  "patheticism": 0.31459544430073905,
  "pressurization": 0.9964128426259348,
  "ruthlessness": 0.6293835639475724,
  "shakespearianism": 0.6355363231624638,
  "soul": 5,
  "suppression": 0.09052479004335368,
  "tenaciousness": 0.001964838398224922,
  "thwackability": 0.2944961372307451,
  "totalFingers": 10,
  "tragicness": 0,
  "unthwackability": 0.6061502912540624,
  "watchfulness": 0.9236409735029648
}