{
  "anticapitalism": 0.6083800108986845,
  "armor": "",
  "baseThirst": 0.7987815597619394,
  "baserunningRating": 0.5250704749698167,
  "bat": "",
  "blood": 12,
  "buoyancy": 0.041450526393126186,
  "chasiness": 0.9781333544380886,
  "cinnamon": 0.24122967716081067,
  "coffee": 6,
  "coldness": 0.6070065214601509,
  "continuation": 0.037341110794408605,
  "deceased": false,
  "defenseRating": 0.7052029830696949,
  "divinity": 0.3426448157207167,
  "eDensity": 0,
  "evolution": 1,
  "fate": 39,
  "gameAttr": [],
  "groundFriction": 0.14621093364242577,
  "hitStreak": 0,
  "hittingRating": 0.6022080881406044,
  "id": "61bbbf34-98c1-4bf6-bd0c-56c19199b35e",
  "indulgence": 0.7755756277714607,
  "laserlikeness": 0.860183966733685,
  "leagueTeamId": "8d87c468-699a-47a8-b40d-cfb73a5660ad",
  "martyrdom": 0.7656748346054454,
  "moxie": 0.6331533925057771,
  "musclitude": 0.6023604197361379,
  "name": "Squid Galvanic",
  "omniscience": 0.262638039660361,
  "overpowerment": 0.7034378433534377,
  "patheticism": 0.6524888773169335,
  "peanutAllergy": true,
  "permAttr": [],
  "pitchingRating": 0.35024138126491666,
  "pressurization": 0.95877141684889,
  "ritual": "Counting",
  "ruthlessness": 0.16146800987217377,
  "seasAttr": [],
  "shakespearianism": 0.6753749798183545,
  "soul": 6,
  "state": {},
  "suppression": 0.7636853398659728,
  "tenaciousness": 0.8649274586905433,
  "thwackability": 0.997877140540444,
  "totalFingers": 10,
  "tournamentTeamId": null,
  "tragicness": 0.1,
  "unthwackability": 0.6501736131308321,
  "watchfulness": 0.9905896283151798,
  "weekAttr": []
}