{
  "anticapitalism": 0.14146474940609077,
  "armor": "",
  "baseThirst": 0.4897243294550204,
  "baserunningRating": 0.459296157343073,
  "bat": "",
  "blood": 12,
  "buoyancy": 0.5247106876089447,
  "chasiness": 0.1086997407934558,
  "cinnamon": 0.939912589063158,
  "coffee": 13,
  "coldness": 0.5821469490519895,
  "continuation": 0.7634598657124996,
  "deceased": false,
  "defenseRating": 0.5719333961849951,
  "divinity": 0.1865629720536124,
  "fate": 34,
  "gameAttr": [],
  "groundFriction": 0.17620303838561413,
  "hitStreak": 0,
  "hittingRating": 0.33395892573389035,
  "id": "62111c49-1521-4ca7-8678-cd45dacf0858",
  "indulgence": 0.5752289878073249,
  "laserlikeness": 0.4059450164815881,
  "leagueTeamId": "23e4cbc1-e9cd-47fa-a35b-bfa06f726cb7",
  "martyrdom": 0.6218691836162853,
  "moxie": 0.8207791958207984,
  "musclitude": 0.3052034024107335,
  "name": "Bambi Perez",
  "omniscience": 0.7220947167055534,
  "overpowerment": 0.2742022087378202,
  "patheticism": 0.5879768638552951,
  "peanutAllergy": true,
  "permAttr": [],
  "pitchingRating": 0.06800605423896092,
  "pressurization": 0.06862535255963564,
  "ritual": "Theft",
  "ruthlessness": 0.47863193307874785,
  "seasAttr": [],
  "shakespearianism": 0.15150618956494033,
  "soul": 2,
  "suppression": 0.11088055929839212,
  "tenaciousness": 0.7974956102923532,
  "thwackability": 0.3674768215689128,
  "totalFingers": 10,
  "tournamentTeamId": null,
  "tragicness": 0.1,
  "unthwackability": 0.018421917275007305,
  "watchfulness": 0.7344003659419285,
  "weekAttr": []
}