{
  "anticapitalism": 1.0245695327687048,
  "armor": "",
  "baseThirst": 0.5485877143414866,
  "baserunningRating": 0.39699697587700417,
  "bat": "",
  "blood": 12,
  "buoyancy": 0.12611162097637998,
  "chasiness": 0.5855225079012818,
  "cinnamon": 0.7867528487303349,
  "coffee": 5,
  "coldness": 0.539576347546959,
  "continuation": 0.2303016272459727,
  "deceased": false,
  "defenseRating": 0.6918177803657858,
  "divinity": 0.8612353236888013,
  "eDensity": 20.765117102096237,
  "evolution": 0,
  "fate": 22,
  "gameAttr": [],
  "groundFriction": 0.5446881246990813,
  "hitStreak": 0,
  "hittingRating": 0.8408104005342579,
  "id": "62ae6aa9-e346-4faa-b07c-1f7623580015",
  "indulgence": 0.602776300963968,
  "laserlikeness": 0.2978550481787671,
  "leagueTeamId": "c73b705c-40ad-4633-a6ed-d357ee2e2bcf",
  "martyrdom": 0.3640094323784353,
  "moxie": 0.3769044150766666,
  "musclitude": 0.6837378602831785,
  "name": "Gerund Pantheocide",
  "omniscience": 0.38703246173466166,
  "overpowerment": 0.47019243258172305,
  "patheticism": 0.4674519889522176,
  "peanutAllergy": false,
  "permAttr": [],
  "pitchingRating": 0.46539157209384346,
  "pressurization": 0.3970858981737535,
  "ritual": "Begging",
  "ruthlessness": 0.5267956079776129,
  "seasAttr": [],
  "shakespearianism": 0.7145655553891537,
  "soul": 2,
  "state": {},
  "suppression": 0.1018045158362648,
  "tenaciousness": 0.5219670209874904,
  "thwackability": 1.0970180892282235,
  "totalFingers": 10,
  "tournamentTeamId": null,
  "tragicness": 0.01,
  "unthwackability": 0.5002989147528739,
  "watchfulness": 1.025772971205182,
  "weekAttr": []
}