{
  "anticapitalism": 1.2690283266411586,
  "baseThirst": 0.8229066465322683,
  "baserunningRating": 0.6268953541097865,
  "blood": 12,
  "buoyancy": 0.3668671255143713,
  "chasiness": 0.7899842483129641,
  "cinnamon": 1.0277369856591074,
  "coffee": 5,
  "coldness": 0.7646167233773467,
  "continuation": 0.45398906483641854,
  "deceased": false,
  "defenseRating": 0.8805788060789377,
  "divinity": 1.1034034973599671,
  "eDensity": 27.396517167041868,
  "evolution": 0,
  "fate": 22,
  "gameAttr": [],
  "groundFriction": 0.7530105176728574,
  "hitStreak": 0,
  "hittingRating": 1.0929892505381944,
  "id": "62ae6aa9-e346-4faa-b07c-1f7623580015",
  "indulgence": 0.8519257088067123,
  "itemAttr": [],
  "items": [
    {
      "baserunningRating": 0,
      "defenseRating": 0,
      "durability": 1,
      "forger": null,
      "forgerName": null,
      "health": 1,
      "hittingRating": 0.03501047830820192,
      "id": "adf1c296-1418-417e-99fc-5899cb675366",
      "name": "Bat",
      "pitchingRating": 0,
      "postPrefix": null,
      "prePrefix": null,
      "prefixes": null,
      "root": {
        "adjustments": [
          {
            "stat": 2,
            "type": 1,
            "value": 0.13064592520450077
          }
        ],
        "name": "Bat"
      },
      "suffix": null
    }
  ],
  "laserlikeness": 0.5229622697404448,
  "leagueTeamId": "c73b705c-40ad-4633-a6ed-d357ee2e2bcf",
  "martyrdom": 0.6282305043241359,
  "moxie": 0.6408977065568466,
  "musclitude": 0.963404882391373,
  "name": "Gerund Pantheocide",
  "omniscience": 0.6047506779661646,
  "overpowerment": 0.7431697036959435,
  "patheticism": 0.20460150272585947,
  "peanutAllergy": false,
  "permAttr": [],
  "pitchingRating": 0.741896184564777,
  "pressurization": 0.3970858981737535,
  "ritual": "Begging",
  "ruthlessness": 0.7654338568795453,
  "seasAttr": [],
  "shakespearianism": 0.981994166190187,
  "soul": 2,
  "state": {},
  "suppression": 0.3695735054180359,
  "tenaciousness": 0.7641573557483446,
  "thwackability": 1.3747361670544296,
  "totalFingers": 10,
  "tournamentTeamId": null,
  "tragicness": 0.001,
  "unthwackability": 0.7579486267910434,
  "watchfulness": 1.3094056598592634,
  "weekAttr": []
}