{
  "anticapitalism": 1.1341420353862914,
  "armor": "",
  "baseThirst": 0.6914882362484974,
  "baserunningRating": 0.5327592230069199,
  "bat": "",
  "blood": 12,
  "buoyancy": 0.23897567245036008,
  "chasiness": 0.6819467161615876,
  "cinnamon": 0.93072379582758,
  "coffee": 5,
  "coldness": 0.6477805147959743,
  "continuation": 0.36983010542180694,
  "deceased": false,
  "defenseRating": 0.7924379805311846,
  "divinity": 0.9808832174387768,
  "eDensity": 22.512803535024418,
  "evolution": 0,
  "fate": 22,
  "gameAttr": [],
  "groundFriction": 0.6375832879158831,
  "hitStreak": 0,
  "hittingRating": 0.972765220468958,
  "id": "62ae6aa9-e346-4faa-b07c-1f7623580015",
  "indulgence": 0.7232187599393601,
  "laserlikeness": 0.4352544506268287,
  "leagueTeamId": "c73b705c-40ad-4633-a6ed-d357ee2e2bcf",
  "martyrdom": 0.5123513158960936,
  "moxie": 0.5307234334667519,
  "musclitude": 0.8136493779750762,
  "name": "Gerund Pantheocide",
  "omniscience": 0.5161157524624491,
  "overpowerment": 0.6103233853616169,
  "patheticism": 0.3357333274406796,
  "peanutAllergy": false,
  "permAttr": [],
  "pitchingRating": 0.5997297200878282,
  "pressurization": 0.3970858981737535,
  "ritual": "Begging",
  "ruthlessness": 0.6331019174255484,
  "seasAttr": [],
  "shakespearianism": 0.8590844864853666,
  "soul": 2,
  "state": {},
  "suppression": 0.21703882280021616,
  "tenaciousness": 0.635417527002945,
  "thwackability": 1.2423870956362084,
  "totalFingers": 10,
  "tournamentTeamId": null,
  "tragicness": 0.001,
  "unthwackability": 0.6334110955778146,
  "watchfulness": 1.1738762792281263,
  "weekAttr": []
}