{
  "anticapitalism": 0.7379219274858467,
  "baseThirst": 0.21251513748978845,
  "baserunningRating": 1.045236183262701,
  "blood": 6,
  "buoyancy": 0.4547534408931021,
  "chasiness": 0.4130720321516571,
  "cinnamon": 0.43418631629529897,
  "coffee": 13,
  "coldness": 0.35794850471806355,
  "continuation": 1.1725641244308018,
  "deceased": false,
  "defenseRating": 1.1186533403911614,
  "divinity": 1.0846519642092391,
  "eDensity": 160.7031082137053,
  "evolution": 0,
  "fate": 40,
  "gameAttr": [],
  "groundFriction": 0.9223980788785586,
  "hitStreak": 0,
  "hittingRating": 1.012709397350022,
  "id": "63512571-2eca-4bc4-8ad9-a5308a22ae22",
  "indulgence": 0.9852174718323712,
  "itemAttr": [],
  "items": [
    {
      "baserunningRating": 0,
      "defenseRating": 0,
      "durability": 1,
      "forger": null,
      "forgerName": null,
      "health": 1,
      "hittingRating": 0.03751641145592388,
      "id": "f45966d2-5978-435c-979a-29e7e2da9c35",
      "name": "Bat",
      "pitchingRating": 0,
      "postPrefix": null,
      "prePrefix": null,
      "prefixes": null,
      "root": {
        "adjustments": [
          {
            "stat": 2,
            "type": 1,
            "value": 0.1285656685756056
          }
        ],
        "name": "Bat"
      },
      "suffix": null
    }
  ],
  "laserlikeness": 1.0596183369431946,
  "leagueTeamId": "bfd38797-8404-4b38-8b82-341da28b1f83",
  "martyrdom": 0.990915186508387,
  "moxie": 0.3369999394899741,
  "musclitude": 0.4902153704934182,
  "name": "Oscar Dollie",
  "omniscience": 0.10789815342217211,
  "overpowerment": 0.9214650184979758,
  "patheticism": 0.35010105164784827,
  "peanutAllergy": false,
  "permAttr": [
    "ATTRACTOR"
  ],
  "pitchingRating": 1.20955939523973,
  "pressurization": 0.125513252688219,
  "ritual": "Swearing an oath",
  "ruthlessness": 0.2974459751011076,
  "seasAttr": [],
  "shakespearianism": 0.7198101704038918,
  "soul": 0,
  "state": {},
  "suppression": 0.8571674926442294,
  "tenaciousness": 0.1886289955282652,
  "thwackability": 0.991747724381148,
  "totalFingers": 12,
  "tournamentTeamId": null,
  "tragicness": 0.001,
  "unthwackability": 1.0834165037686003,
  "watchfulness": 0.8254598697952813,
  "weekAttr": []
}