{
  "anticapitalism": 0.6040919789858487,
  "armor": "",
  "baseThirst": 0.096847131919403,
  "baserunningRating": 0.7317997915102755,
  "bat": "",
  "blood": 6,
  "buoyancy": 0.34613133731722523,
  "chasiness": 0.30053868732772016,
  "cinnamon": 0.3074074544158876,
  "coffee": 13,
  "coldness": 0.3232975198175019,
  "continuation": 1.066700494307188,
  "deceased": false,
  "defenseRating": 0.2035314931011156,
  "divinity": 0.974870127326939,
  "eDensity": 27.0335180870262,
  "evolution": 0,
  "fate": 40,
  "gameAttr": [],
  "groundFriction": 0.780626229802106,
  "hitStreak": 0,
  "hittingRating": 0.7559068306033488,
  "id": "63512571-2eca-4bc4-8ad9-a5308a22ae22",
  "indulgence": 0.8797408735076477,
  "laserlikeness": 0.9090737737432354,
  "leagueTeamId": "7966eb04-efcc-499b-8f03-d13916330531",
  "martyrdom": 0.8422279907005937,
  "moxie": 0.22352480779289624,
  "musclitude": 0.33753151293899075,
  "name": "Oscar Dollie",
  "omniscience": 0.01,
  "overpowerment": 0.9310700752963617,
  "patheticism": 0.4606543898793527,
  "peanutAllergy": true,
  "permAttr": [],
  "pitchingRating": 0.5747917484632382,
  "pressurization": 0.125513252688219,
  "ritual": "Swearing an oath",
  "ruthlessness": 0.2846480852150157,
  "seasAttr": [],
  "shakespearianism": 0.7204557871246026,
  "soul": 5,
  "state": {},
  "suppression": 0.8534766036647092,
  "tenaciousness": 0.09736662038749994,
  "thwackability": 0.8875618696793393,
  "totalFingers": 12,
  "tournamentTeamId": null,
  "tragicness": 0.1,
  "unthwackability": 1.0420250043039931,
  "watchfulness": 0.7087491314339952,
  "weekAttr": []
}