{
  "anticapitalism": 1,
  "armor": "",
  "baseThirst": 0.6686815441154408,
  "baserunningRating": 0.14388708670210704,
  "bat": "",
  "blood": 2,
  "buoyancy": 0.2769190142197766,
  "chasiness": 0.7176242223933693,
  "cinnamon": 0.38712596055628445,
  "coffee": 12,
  "coldness": 0.2992844396724865,
  "continuation": 0.45352436490307935,
  "deceased": false,
  "defenseRating": 0.5468421150092975,
  "divinity": 0.4915705030144868,
  "fate": 37,
  "gameAttr": [],
  "groundFriction": 0.3752983522966504,
  "hitStreak": 0,
  "hittingRating": 0.6612503131582388,
  "id": "63a31035-2e6d-4922-a3f9-fa6e659b54ad",
  "indulgence": 0.458873317316967,
  "laserlikeness": 0.037365066051589624,
  "leagueTeamId": "878c1bf6-0d21-4659-bfee-916c8314d69c",
  "martyrdom": 0.977070925414904,
  "moxie": 0.987672257019982,
  "musclitude": 0.985360084711432,
  "name": "Moody Rodriguez",
  "omniscience": 0.6691182972015433,
  "overpowerment": 0.7069232236332226,
  "patheticism": 0.7050774348475306,
  "peanutAllergy": false,
  "permAttr": [],
  "pitchingRating": 0.09429289956816043,
  "pressurization": 0.8242949028484594,
  "ritual": "Me-time",
  "ruthlessness": 0.024940966642985396,
  "seasAttr": [],
  "shakespearianism": 0.6970914821753438,
  "soul": 6,
  "suppression": 0.6389233426029775,
  "tenaciousness": 0.1615355631581854,
  "thwackability": 0.7504811300971777,
  "totalFingers": 10,
  "tournamentTeamId": null,
  "tragicness": 0.1,
  "unthwackability": 0.21585072886428325,
  "watchfulness": 0.28522024074712005,
  "weekAttr": []
}