{
  "anticapitalism": 1.3064521971694396,
  "baseThirst": 1.4327109469627315,
  "baserunningRating": 0.9988139511660328,
  "blood": 11,
  "buoyancy": 0.7972602306271122,
  "chasiness": 1.0914461060918723,
  "cinnamon": 0.6721650731083086,
  "coffee": 6,
  "coldness": 0.855673668004944,
  "continuation": 1.1634614830972057,
  "deceased": false,
  "defenseRating": 1.0308148931293433,
  "divinity": 1.336948501939412,
  "eDensity": 32.89672694587547,
  "evolution": 0,
  "fate": 90,
  "gameAttr": [],
  "groundFriction": 1.4315871067794053,
  "hitStreak": 0,
  "hittingRating": 0.9579926877643488,
  "id": "63df8701-1871-4987-87d7-b55d4f1df2e9",
  "indulgence": 0.9285619573261408,
  "itemAttr": [],
  "items": [
    {
      "baserunningRating": 0,
      "defenseRating": 0,
      "durability": 1,
      "forger": null,
      "forgerName": null,
      "health": 1,
      "hittingRating": 0.07120323348586177,
      "id": "4e02c58d-4bfa-4960-b597-d7c0c9e43fd3",
      "name": "Bat",
      "pitchingRating": 0,
      "postPrefix": null,
      "prePrefix": null,
      "prefixes": null,
      "root": {
        "adjustments": [
          {
            "stat": 2,
            "type": 1,
            "value": 0.1464900070274948
          }
        ],
        "name": "Bat"
      },
      "suffix": null
    }
  ],
  "laserlikeness": 0.8508663502794545,
  "leagueTeamId": "878c1bf6-0d21-4659-bfee-916c8314d69c",
  "martyrdom": 1.4690010949041674,
  "moxie": 0.9059262758954544,
  "musclitude": 1.128805719994605,
  "name": "Mcdowell Mason",
  "omniscience": 1.0310837906633856,
  "overpowerment": 0.5564322481036716,
  "patheticism": 0.001,
  "peanutAllergy": false,
  "permAttr": [],
  "pitchingRating": 0.5690537459224859,
  "pressurization": 0.21509970362199748,
  "ritual": "Meditation",
  "ruthlessness": 1.0180553745106222,
  "seasAttr": [],
  "shakespearianism": 0.8331999858997376,
  "soul": 4,
  "state": {},
  "suppression": 0.7183672939816974,
  "tenaciousness": 1.133550427429019,
  "thwackability": 0.6444076110932262,
  "totalFingers": 13,
  "tournamentTeamId": "4e5d0063-73b4-440a-b2d1-214a7345cf16",
  "tragicness": 0.007180272197257538,
  "unthwackability": 0.39783272599382735,
  "watchfulness": 0.6954107777722013,
  "weekAttr": []
}