{
  "anticapitalism": 1,
  "armor": "",
  "baseThirst": 0.9327161032607468,
  "bat": "",
  "blood": 11,
  "buoyancy": 0.23706533883931985,
  "chasiness": 0.7222531141523993,
  "cinnamon": 0.3009640145831769,
  "coffee": 6,
  "coldness": 0.6110147621703624,
  "continuation": 0.6763731492446774,
  "deceased": false,
  "divinity": 0.863727133907548,
  "fate": 90,
  "gameAttr": [],
  "groundFriction": 0.9909093929787158,
  "id": "63df8701-1871-4987-87d7-b55d4f1df2e9",
  "indulgence": 0.5066035768142803,
  "laserlikeness": 0.396366448497139,
  "martyrdom": 0.9177437372303364,
  "moxie": 0.3382984808416425,
  "musclitude": 0.6537991576979223,
  "name": "Mcdowell Mason",
  "omniscience": 0.7010239557598683,
  "overpowerment": 0.29383589413811606,
  "patheticism": 0.441631987658881,
  "peanutAllergy": false,
  "permAttr": [],
  "pressurization": 0.21509970362199748,
  "ritual": "Meditation",
  "ruthlessness": 0.6936121562459393,
  "seasAttr": [],
  "shakespearianism": 0.4867842504392905,
  "soul": 4,
  "suppression": 0.46048148515738574,
  "tenaciousness": 0.8012825076390884,
  "thwackability": 0.15412142876950277,
  "totalFingers": 12,
  "tragicness": 0.2,
  "unthwackability": 0.11,
  "watchfulness": 0.4354946693242485,
  "weekAttr": []
}