{
  "anticapitalism": 1.1422070441154248,
  "armor": "",
  "baseThirst": 1.045909110387019,
  "bat": "",
  "blood": 11,
  "buoyancy": 0.3558860476725625,
  "chasiness": 0.8949432942472161,
  "cinnamon": 0.46521669923045106,
  "coffee": 6,
  "coldness": 0.7324106521656714,
  "continuation": 0.8026890312120014,
  "deceased": false,
  "divinity": 0.9998750375966696,
  "fate": 90,
  "gameAttr": [],
  "groundFriction": 1.1563940636377992,
  "hitStreak": 0,
  "id": "63df8701-1871-4987-87d7-b55d4f1df2e9",
  "indulgence": 0.6377544170499376,
  "laserlikeness": 0.5467156520572911,
  "martyrdom": 1.0448669725176607,
  "moxie": 0.45954467227181905,
  "musclitude": 0.7839234846425316,
  "name": "Mcdowell Mason",
  "omniscience": 0.8529518562599657,
  "overpowerment": 0.40710029568648054,
  "patheticism": 0.26949445806520533,
  "peanutAllergy": false,
  "permAttr": [],
  "pressurization": 0.21509970362199748,
  "ritual": "Meditation",
  "ruthlessness": 0.8045407563199356,
  "seasAttr": [],
  "shakespearianism": 0.620787933114946,
  "soul": 4,
  "suppression": 0.584570737126704,
  "tenaciousness": 0.933136839993156,
  "thwackability": 0.3180985286429006,
  "totalFingers": 12,
  "tragicness": 0.1,
  "unthwackability": 0.24636445232447143,
  "watchfulness": 0.5738236170992823,
  "weekAttr": []
}