{
  "anticapitalism": 0.8740411581561116,
  "baseThirst": 0.6134481277355777,
  "baserunningRating": 0.4553624902489198,
  "blood": 3,
  "buoyancy": 0.4069626825744379,
  "chasiness": 0.9682525177572364,
  "cinnamon": 0.7221515654134691,
  "coffee": 11,
  "coldness": 0.5631428551309832,
  "continuation": 0.9895861702066668,
  "deceased": false,
  "defenseRating": 0.7904231410886959,
  "divinity": 0.8958524179724181,
  "eDensity": 18.70549701298166,
  "evolution": 0,
  "fate": 66,
  "gameAttr": [],
  "groundFriction": 0.8335052833736623,
  "hitStreak": 0,
  "hittingRating": 0.5083234762639914,
  "id": "64aaa3cb-7daf-47e3-89a8-e565a3715b5d",
  "indulgence": 0.10775830766037942,
  "itemAttr": [],
  "items": [],
  "laserlikeness": 0.3710192050188861,
  "leagueTeamId": "ca3f1c8c-c025-4d8e-8eef-5be6accbeb16",
  "martyrdom": 0.09669124987563338,
  "moxie": 0.2768904372915302,
  "musclitude": 0.15654522723315156,
  "name": "Travis Nakamura",
  "omniscience": 0.6797669853676891,
  "overpowerment": 0.973309876441432,
  "patheticism": 0.164324629739951,
  "peanutAllergy": true,
  "permAttr": [
    "ALTERNATE"
  ],
  "pitchingRating": 0.4332549019089933,
  "pressurization": 0.16057622480342704,
  "ritual": "Jumping in mud",
  "ruthlessness": 0.5728888491431978,
  "seasAttr": [],
  "shakespearianism": 0.18503936903985263,
  "soul": 3,
  "state": {},
  "suppression": 0.3352549030319838,
  "tenaciousness": 0.5001573249022859,
  "thwackability": 0.3795352875781024,
  "totalFingers": 10,
  "tournamentTeamId": null,
  "tragicness": 0.5493453219372182,
  "unthwackability": 0.42615891601056344,
  "watchfulness": 0.973066549321732,
  "weekAttr": []
}