{
  "anticapitalism": 0.6141084887778216,
  "baseThirst": 0.721364819468078,
  "baserunningRating": 0.33439714944370125,
  "blood": 3,
  "buoyancy": 0.7854289502093521,
  "chasiness": 0.38687925187217065,
  "cinnamon": 0.15553520311835034,
  "coffee": 1,
  "coldness": 0.8814985238328128,
  "continuation": 0.43172217879768304,
  "deceased": true,
  "defenseRating": 0.5005377557371815,
  "divinity": 0.24209869186955757,
  "eDensity": 0,
  "evolution": 0,
  "fate": 18,
  "gameAttr": [],
  "groundFriction": 0.2639910920335289,
  "hitStreak": 0,
  "hittingRating": 0.5023562615416916,
  "id": "64b055d1-b691-4e0c-8583-fc08ba663846",
  "indulgence": 0.7196956375489383,
  "itemAttr": [],
  "items": [],
  "laserlikeness": 0.19683650315228496,
  "leagueTeamId": null,
  "martyrdom": 0.27832955958786876,
  "moxie": 0.853446270248408,
  "musclitude": 0.6000085464238603,
  "name": "Theodore Passon",
  "omniscience": 0.21590243131163755,
  "overpowerment": 0.26641207006918766,
  "patheticism": 0.7645006663333629,
  "peanutAllergy": true,
  "permAttr": [
    "INHABITING"
  ],
  "pitchingRating": 0.44695889140572104,
  "pressurization": 0.9470989761354722,
  "ritual": null,
  "ruthlessness": 0.6864109086500689,
  "seasAttr": [],
  "shakespearianism": 0.03560598500484757,
  "soul": 2,
  "state": {},
  "suppression": 0.724655550122671,
  "tenaciousness": 0.3811066120065203,
  "thwackability": 0.8847159350407563,
  "totalFingers": 10,
  "tournamentTeamId": null,
  "tragicness": 0.1,
  "unthwackability": 0.7871109811207859,
  "watchfulness": 0.6136770005334047,
  "weekAttr": []
}