{
  "anticapitalism": 0.12629751135042588,
  "armor": "",
  "baseThirst": 0.3420593651488417,
  "baserunningRating": 0.7487824984482295,
  "bat": "",
  "blood": 6,
  "buoyancy": 0.6088017247397153,
  "chasiness": 0.7480668402273687,
  "cinnamon": 0.5084180878818048,
  "coffee": 5,
  "coldness": 0.04377558274705495,
  "continuation": 0.8726937575665059,
  "deceased": false,
  "defenseRating": 0.4909225445221339,
  "divinity": 0.8226169774303698,
  "eDensity": 0,
  "evolution": 1,
  "fate": 65,
  "gameAttr": [],
  "groundFriction": 0.7528582061282836,
  "hitStreak": 0,
  "hittingRating": 0.7358613199841914,
  "id": "64c92f8d-6028-495b-b81d-32c975afb2e1",
  "indulgence": 0.8104753273815632,
  "laserlikeness": 0.788184883795622,
  "leagueTeamId": "bb4a9de5-c924-4923-a0cb-9d1445f1ee5d",
  "martyrdom": 0.3811035684841273,
  "moxie": 0.26135983287489517,
  "musclitude": 0.7426295496476081,
  "name": "Enid Marlow",
  "omniscience": 0.1683571686177998,
  "overpowerment": 0.48143559707562855,
  "patheticism": 0.12900415694026957,
  "peanutAllergy": false,
  "permAttr": [],
  "pitchingRating": 0.300999371284773,
  "pressurization": 0.2175968477393209,
  "ritual": "Summoning circle",
  "ruthlessness": 0.10362642004616608,
  "seasAttr": [],
  "shakespearianism": 0.4758037952246761,
  "soul": 5,
  "state": {},
  "suppression": 0.809910773791978,
  "tenaciousness": 0.5823782256494765,
  "thwackability": 0.7964845720971778,
  "totalFingers": 10,
  "tournamentTeamId": null,
  "tragicness": 0.6160967589014226,
  "unthwackability": 0.9385256451483224,
  "watchfulness": 0.8952020831136471,
  "weekAttr": []
}