{
  "anticapitalism": 0.2738602114083468,
  "armor": "",
  "baseThirst": 0.4979177751637241,
  "baserunningRating": 0.9103611515781228,
  "bat": "",
  "blood": 6,
  "buoyancy": 0.7787643158304507,
  "chasiness": 0.9163364016750656,
  "cinnamon": 0.6320183916758502,
  "coffee": 5,
  "coldness": 0.2342032112859848,
  "continuation": 1.0413876932865191,
  "deceased": false,
  "defenseRating": 0.6708736631473448,
  "divinity": 1.011009162473994,
  "eDensity": 29.33016752484044,
  "evolution": 1,
  "fate": 65,
  "gameAttr": [],
  "groundFriction": 0.8976955338329861,
  "hitStreak": 0,
  "hittingRating": 0.911572633271728,
  "id": "64c92f8d-6028-495b-b81d-32c975afb2e1",
  "indulgence": 0.9755689837521774,
  "laserlikeness": 0.9705010486182624,
  "leagueTeamId": "bb4a9de5-c924-4923-a0cb-9d1445f1ee5d",
  "martyrdom": 0.5480150408258604,
  "moxie": 0.4306177396976727,
  "musclitude": 0.9099725592828052,
  "name": "Enid Marlow",
  "omniscience": 0.3601374511020911,
  "overpowerment": 0.6775140251234807,
  "patheticism": 0.001,
  "peanutAllergy": false,
  "permAttr": [],
  "pitchingRating": 0.5169231084146273,
  "pressurization": 0.2175968477393209,
  "ritual": "Summoning circle",
  "ruthlessness": 0.23891760314399096,
  "seasAttr": [],
  "shakespearianism": 0.6596163836385402,
  "soul": 5,
  "state": {},
  "suppression": 0.9546374813877428,
  "tenaciousness": 0.7250107186408788,
  "thwackability": 0.9777488706316244,
  "totalFingers": 10,
  "tournamentTeamId": null,
  "tragicness": 0.4618177715637174,
  "unthwackability": 1.1031636903020567,
  "watchfulness": 1.0794390441338642,
  "weekAttr": []
}