{
  "anticapitalism": 0.323009590786337,
  "armor": "",
  "baseThirst": 0.5113560190089504,
  "baserunningRating": 0.9422230871095968,
  "bat": "",
  "blood": 6,
  "buoyancy": 0.7909472085635729,
  "chasiness": 0.9624106045936792,
  "cinnamon": 0.6643977731314591,
  "coffee": 5,
  "coldness": 0.26746689320369177,
  "continuation": 1.0883478758001526,
  "deceased": false,
  "defenseRating": 0.6990210223280219,
  "divinity": 1.0484524234055763,
  "eDensity": 32.00306692285173,
  "evolution": 1,
  "fate": 65,
  "gameAttr": [],
  "groundFriction": 0.9171965615198036,
  "hitStreak": 0,
  "hittingRating": 0.9496053988429028,
  "id": "64c92f8d-6028-495b-b81d-32c975afb2e1",
  "indulgence": 1.02450786925919,
  "laserlikeness": 1.0106801086951225,
  "leagueTeamId": "bb4a9de5-c924-4923-a0cb-9d1445f1ee5d",
  "martyrdom": 0.5886082702504026,
  "moxie": 0.4678108489079274,
  "musclitude": 0.9500075722725896,
  "name": "Enid Marlow",
  "omniscience": 0.3721702081721819,
  "overpowerment": 0.7127354670342227,
  "patheticism": 0.001,
  "peanutAllergy": false,
  "permAttr": [],
  "pitchingRating": 0.5524457664125827,
  "pressurization": 0.2175968477393209,
  "ritual": "Summoning circle",
  "ruthlessness": 0.26040777402518744,
  "seasAttr": [],
  "shakespearianism": 0.7075485217571449,
  "soul": 5,
  "state": {},
  "suppression": 0.9911462215322414,
  "tenaciousness": 0.7609129311910334,
  "thwackability": 1.0261665521958452,
  "totalFingers": 10,
  "tournamentTeamId": null,
  "tragicness": 0.44213799557496664,
  "unthwackability": 1.134652527657669,
  "watchfulness": 1.1173092943776315,
  "weekAttr": []
}