{
  "anticapitalism": 0.4578377219900095,
  "armor": "",
  "baseThirst": 0.6148152991503357,
  "baserunningRating": 0.595020185495486,
  "bat": "",
  "blood": 1,
  "buoyancy": 0.39537269246056206,
  "chasiness": 0.5098877050246021,
  "cinnamon": 0.944641537094627,
  "coffee": 1,
  "coldness": 0.45947213022114514,
  "continuation": 0.4471632147159211,
  "deceased": false,
  "defenseRating": 0.6080125866355902,
  "divinity": 0.739213557253723,
  "eDensity": 21.981396909741022,
  "evolution": 0,
  "fate": 91,
  "gameAttr": [],
  "groundFriction": 0.6284314818301706,
  "hitStreak": 0,
  "hittingRating": 0.6367652340946688,
  "id": "64f4cd75-0c1e-42cf-9ff0-e41c4756f22a",
  "indulgence": 0.5120580971890155,
  "laserlikeness": 0.5750502765050208,
  "leagueTeamId": "adc5b394-8f76-416d-9ce9-813706877b84",
  "martyrdom": 0.508396128090066,
  "moxie": 1.0170505554461102,
  "musclitude": 0.8885109389434602,
  "name": "Grey Alvarado",
  "omniscience": 0.5450829074463951,
  "overpowerment": 0.2977460505496428,
  "patheticism": 0.6549784979822126,
  "peanutAllergy": true,
  "permAttr": [
    "REPEATING"
  ],
  "pitchingRating": 0.44325869516582905,
  "pressurization": 0.8064601195290763,
  "ritual": "Rage",
  "ruthlessness": 0.5517366925304101,
  "seasAttr": [],
  "shakespearianism": 0.8394284768941357,
  "soul": 3,
  "state": {},
  "suppression": 0.7924375211051954,
  "tenaciousness": 0.5806756297509449,
  "thwackability": 0.4610247054857217,
  "totalFingers": 11,
  "tournamentTeamId": null,
  "tragicness": 0.025089093302910093,
  "unthwackability": 0.48962719610376626,
  "watchfulness": 0.2952210084938202,
  "weekAttr": []
}