{
  "anticapitalism": 0.29123428536246276,
  "armor": "",
  "baseThirst": 0.4602210453541204,
  "baserunningRating": 0.43159474011756094,
  "bat": "",
  "blood": 1,
  "buoyancy": 0.2355052312321805,
  "chasiness": 0.3248292652207265,
  "cinnamon": 0.9940920599222328,
  "coffee": 1,
  "coldness": 0.28414766821464454,
  "continuation": 0.2912685098673881,
  "deceased": false,
  "defenseRating": 0.44130349436076993,
  "divinity": 0.5616726928488275,
  "eDensity": 16.258869959630164,
  "evolution": 0,
  "fate": 91,
  "gameAttr": [],
  "groundFriction": 0.4570719425733384,
  "hitStreak": 0,
  "hittingRating": 0.4554364929687501,
  "id": "64f4cd75-0c1e-42cf-9ff0-e41c4756f22a",
  "indulgence": 0.35291529498898516,
  "laserlikeness": 0.4010229949638902,
  "leagueTeamId": "adc5b394-8f76-416d-9ce9-813706877b84",
  "martyrdom": 0.3336421385588982,
  "moxie": 0.8293386994455765,
  "musclitude": 0.7220929532351419,
  "name": "--e- --varado",
  "omniscience": 0.35530009702276505,
  "overpowerment": 0.13209611591927983,
  "patheticism": 0.811693571337829,
  "peanutAllergy": false,
  "permAttr": [
    "REPEATING",
    "SCATTERED"
  ],
  "pitchingRating": 0.2561758779497082,
  "pressurization": 0.8064601195290763,
  "ritual": "Rage",
  "ruthlessness": 0.3761494370604623,
  "seasAttr": [],
  "shakespearianism": 0.6855104415087291,
  "soul": 3,
  "state": {
    "unscatteredName": "Grey Alvarado"
  },
  "suppression": 0.6095104935376175,
  "tenaciousness": 0.4157928728496866,
  "thwackability": 0.2857014909091247,
  "totalFingers": 11,
  "tournamentTeamId": null,
  "tragicness": 0.19997463093644033,
  "unthwackability": 0.3024413023309403,
  "watchfulness": 0.1356848250793981,
  "weekAttr": []
}