{
  "anticapitalism": 0.43957656417141056,
  "armor": "",
  "baseThirst": 0.5041591900526143,
  "bat": "",
  "blood": 1,
  "buoyancy": 0.25148282934436783,
  "chasiness": 0.5224781271636078,
  "cinnamon": 0.8118377088303083,
  "coffee": 1,
  "coldness": 0.3474874580807525,
  "continuation": 0.33864336014592156,
  "deceased": false,
  "divinity": 0.6034041358563423,
  "fate": 91,
  "gameAttr": [],
  "groundFriction": 0.5329541667702176,
  "hitStreak": 0,
  "id": "64f4cd75-0c1e-42cf-9ff0-e41c4756f22a",
  "indulgence": 0.4180513297894361,
  "laserlikeness": 0.4525051886114875,
  "martyrdom": 0.3807718011140426,
  "moxie": 0.9061994939249668,
  "musclitude": 0.7468523985006352,
  "name": "Grey Alvarado",
  "omniscience": 0.5274750389255839,
  "overpowerment": 0.19716455292602644,
  "patheticism": 0.7986735876518416,
  "peanutAllergy": true,
  "permAttr": [],
  "pressurization": 0.8064601195290763,
  "ritual": "Rage",
  "ruthlessness": 0.41492978148518395,
  "seasAttr": [],
  "shakespearianism": 0.7411286974712519,
  "soul": 3,
  "suppression": 0.6499014970429817,
  "tenaciousness": 0.5629345306940561,
  "thwackability": 0.34836975300012585,
  "totalFingers": 11,
  "tragicness": 0.05082722175213275,
  "unthwackability": 0.34498361101335095,
  "watchfulness": 0.29658012095862085,
  "weekAttr": []
}