{
  "anticapitalism": 0.17399693938865088,
  "armor": "",
  "baseThirst": 0.07374366478466807,
  "baserunningRating": 0.38988277980402536,
  "bat": "",
  "blood": 10,
  "buoyancy": 0.9243775596936336,
  "chasiness": 0.6020345165688248,
  "cinnamon": 0.6850337151844308,
  "coffee": 6,
  "coldness": 0.3288882327001046,
  "continuation": 0.8010102599148383,
  "deceased": false,
  "defenseRating": 0.38386697881583537,
  "divinity": 0.755425645751896,
  "fate": 29,
  "gameAttr": [],
  "groundFriction": 0.5214987216641633,
  "hitStreak": 0,
  "hittingRating": 0.49468036977744984,
  "id": "64f59d5f-8740-4ebf-91bd-d7697b542a9f",
  "indulgence": 0.13302849245362244,
  "laserlikeness": 0.4564108552271291,
  "leagueTeamId": "eb67ae5e-c4bf-46ca-bbbc-425cd34182ff",
  "martyrdom": 0.47714435072202854,
  "moxie": 0.936715438059618,
  "musclitude": 0.7778380123386126,
  "name": "Zeke Wallace",
  "omniscience": 0.1699664858646572,
  "overpowerment": 0.3160970289743643,
  "patheticism": 0.5757620783468238,
  "peanutAllergy": true,
  "permAttr": [],
  "pitchingRating": 0.6062360007752571,
  "pressurization": 0.21782872274813012,
  "ritual": "Removing restraints",
  "ruthlessness": 0.5973912265316985,
  "seasAttr": [],
  "shakespearianism": 0.7893910323663371,
  "soul": 5,
  "suppression": 0.6629189986270354,
  "tenaciousness": 0.15766213073783716,
  "thwackability": 0.2242766408685117,
  "totalFingers": 10,
  "tournamentTeamId": null,
  "tragicness": 0.1,
  "unthwackability": 0.8689992372415152,
  "watchfulness": 0.9235558682909648,
  "weekAttr": []
}