{
  "_id": "64f59d5f-8740-4ebf-91bd-d7697b542a9f",
  "anticapitalism": 0.14399693938865088,
  "baseThirst": 0.04374366478466807,
  "buoyancy": 0.8943775596936336,
  "chasiness": 0.5720345165688248,
  "coldness": 0.29888823270010456,
  "continuation": 0.7710102599148383,
  "deceased": false,
  "divinity": 0.7254256457518959,
  "groundFriction": 0.4914987216641633,
  "indulgence": 0.10302849245362244,
  "laserlikeness": 0.426410855227129,
  "martyrdom": 0.4471443507220285,
  "moxie": 0.906715438059618,
  "musclitude": 0.7478380123386126,
  "name": "Zeke Wallace",
  "omniscience": 0.1399664858646572,
  "overpowerment": 0.2860970289743643,
  "patheticism": 0.6057620783468238,
  "pressurization": 0.18782872274813012,
  "ruthlessness": 0.5673912265316985,
  "shakespearianism": 0.7593910323663371,
  "soul": 5,
  "suppression": 0.6329189986270354,
  "tenaciousness": 0.12766213073783717,
  "thwackability": 0.1942766408685117,
  "totalFingers": 10,
  "tragicness": 0,
  "unthwackability": 0.8389992372415152,
  "watchfulness": 0.8935558682909648
}