{
  "anticapitalism": 0.6554824307465168,
  "armor": "",
  "baseThirst": 0.6879239896246084,
  "baserunningRating": 0.6768637584686686,
  "bat": "",
  "blood": 12,
  "buoyancy": 0.9593074186159374,
  "chasiness": 0.2174362546522684,
  "cinnamon": 0.8030666679985851,
  "coffee": 2,
  "coldness": 0.8512436341657394,
  "continuation": 1.1192129450172943,
  "deceased": false,
  "defenseRating": 0.7006070032058177,
  "divinity": 0.4039977765297256,
  "fate": 31,
  "gameAttr": [],
  "groundFriction": 0.5783501984824225,
  "hitStreak": 0,
  "hittingRating": 0.6165357298443186,
  "id": "65273615-22d5-4df1-9a73-707b23e828d5",
  "indulgence": 0.9616206666347672,
  "laserlikeness": 0.5428413863738453,
  "martyrdom": 0.2360006330577728,
  "moxie": 0.9920345334910976,
  "musclitude": 0.7179892760731076,
  "name": "Burke Gonzales",
  "omniscience": 0.4962405968026855,
  "overpowerment": 0.7608640777720047,
  "patheticism": 0.063155160934162,
  "peanutAllergy": true,
  "permAttr": [
    "ALTERNATE"
  ],
  "pitchingRating": 1.027621613941997,
  "pressurization": 0.7309676123161581,
  "ritual": "Powerlifting",
  "ruthlessness": 1.2221567209889466,
  "seasAttr": [],
  "shakespearianism": 0.7388518989376376,
  "soul": 8,
  "suppression": 0.6616728303468209,
  "tenaciousness": 0.8320772250930842,
  "thwackability": 0.7336538288987067,
  "totalFingers": 13,
  "tragicness": 0.04199228289200609,
  "unthwackability": 1.0455833124712124,
  "watchfulness": 1.1725729640807212,
  "weekAttr": []
}