{
  "_id": "65273615-22d5-4df1-9a73-707b23e828d5",
  "anticapitalism": 0.9339933282296048,
  "baseThirst": 0.6027114196592931,
  "buoyancy": 0.5747075111277158,
  "chasiness": 0.5881348600170901,
  "coldness": 0.07041378837452994,
  "continuation": 0.8775903366371132,
  "deceased": false,
  "divinity": 0.19133808879788083,
  "groundFriction": 0.5633185112103689,
  "indulgence": 0.4274069210347642,
  "laserlikeness": 0.1291208455319817,
  "martyrdom": 0.06090909351169227,
  "moxie": 0.5735399787963569,
  "musclitude": 0.2925237309146427,
  "name": "Burke Gonzales",
  "omniscience": 0.9158530203675346,
  "overpowerment": 0.44578872196456376,
  "patheticism": 0.8721470410753791,
  "pressurization": 0.7309676123161581,
  "ruthlessness": 0.3803637033672864,
  "shakespearianism": 0.8419954631033582,
  "soul": 8,
  "suppression": 0.06198535905780789,
  "tenaciousness": 0.7327026355650348,
  "thwackability": 0.6045962705404018,
  "totalFingers": 10,
  "tragicness": 0,
  "unthwackability": 0.7147291221978587,
  "watchfulness": 0.7001739604629658
}