{
  "anticapitalism": 0.8496773059391587,
  "baseThirst": 0.8644556688710955,
  "baserunningRating": 0.8407782206883581,
  "blood": 12,
  "buoyancy": 1.1539464385602778,
  "chasiness": 0.39508490773134425,
  "cinnamon": 0.9449516661513848,
  "coffee": 2,
  "coldness": 1.0367965739044642,
  "continuation": 1.274636228677217,
  "deceased": false,
  "defenseRating": 0.8617516960801961,
  "divinity": 0.6158921243783728,
  "eDensity": 40.67119650328876,
  "evolution": 0,
  "fate": 31,
  "gameAttr": [],
  "groundFriction": 0.7351617990645541,
  "hitStreak": 0,
  "hittingRating": 0.8041859628938567,
  "id": "65273615-22d5-4df1-9a73-707b23e828d5",
  "indulgence": 1.128306954215937,
  "itemAttr": [],
  "items": [
    {
      "baserunningRating": 0,
      "defenseRating": 0,
      "durability": 1,
      "forger": null,
      "forgerName": null,
      "health": 1,
      "hittingRating": 0.0421496558562372,
      "id": "35058b35-82c8-4fa0-b836-4a896c06bc7b",
      "name": "Bat",
      "pitchingRating": 0,
      "postPrefix": null,
      "prePrefix": null,
      "prefixes": null,
      "root": {
        "adjustments": [
          {
            "stat": 2,
            "type": 1,
            "value": 0.14328567961503008
          }
        ],
        "name": "Bat"
      },
      "suffix": null
    }
  ],
  "laserlikeness": 0.7197390566178793,
  "leagueTeamId": "57ec08cc-0411-4643-b304-0e80dbc15ac7",
  "martyrdom": 0.4086488553942888,
  "moxie": 1.1743878486277834,
  "musclitude": 0.9177673289676652,
  "name": "Burke Gonzales",
  "omniscience": 0.6957342177818703,
  "overpowerment": 0.9480866090071444,
  "patheticism": 0.001,
  "peanutAllergy": true,
  "permAttr": [
    "ALTERNATE"
  ],
  "pitchingRating": 1.2656281588656288,
  "pressurization": 0.7309676123161581,
  "ritual": "Powerlifting",
  "ruthlessness": 1.4189433388006425,
  "seasAttr": [],
  "shakespearianism": 0.9170546719633312,
  "soul": 8,
  "state": {},
  "suppression": 0.8553211527099833,
  "tenaciousness": 1.010102393260832,
  "thwackability": 0.9023907057385476,
  "totalFingers": 13,
  "tournamentTeamId": "9e42c12a-7561-42a2-b2d0-7cf81a817a5e",
  "tragicness": 0.001,
  "unthwackability": 1.2494592249404388,
  "watchfulness": 1.3622583626235027,
  "weekAttr": []
}