{
  "anticapitalism": 0.5384780631158944,
  "armor": "",
  "baseThirst": 0.5901796138828509,
  "bat": "",
  "blood": 12,
  "buoyancy": 0.8402304240373383,
  "chasiness": 0.09982441970851531,
  "cinnamon": 0.6902417107706746,
  "coffee": 2,
  "coldness": 0.7288769132493935,
  "continuation": 0.9943573362972016,
  "deceased": false,
  "divinity": 0.2563451969705682,
  "fate": 31,
  "gameAttr": [],
  "groundFriction": 0.4652606293179408,
  "hitStreak": 0,
  "id": "65273615-22d5-4df1-9a73-707b23e828d5",
  "indulgence": 0.8503295509093994,
  "laserlikeness": 0.4149067399714038,
  "martyrdom": 0.08317977360124082,
  "moxie": 0.8768012121640958,
  "musclitude": 0.6103432542776603,
  "name": "Burke Gonzales",
  "omniscience": 0.3640354193163526,
  "overpowerment": 0.6294531565019348,
  "patheticism": 0.2019186192149771,
  "peanutAllergy": true,
  "permAttr": [
    "ALTERNATE"
  ],
  "pressurization": 0.7309676123161581,
  "ritual": "Powerlifting",
  "ruthlessness": 1.1153902152180604,
  "seasAttr": [],
  "shakespearianism": 0.6142112183897321,
  "soul": 8,
  "suppression": 0.5345218953960378,
  "tenaciousness": 0.7088174729730051,
  "thwackability": 0.6066658844077151,
  "totalFingers": 13,
  "tragicness": 0.1,
  "unthwackability": 0.9279070167917908,
  "watchfulness": 1.0485983600786233,
  "weekAttr": []
}