{
  "anticapitalism": 0.5025293647038707,
  "armor": "",
  "baseThirst": 0.5392195046895185,
  "bat": "",
  "blood": 12,
  "buoyancy": 0.8789051008748359,
  "chasiness": 0.030015287091215148,
  "cinnamon": 0.616379758696715,
  "coffee": 2,
  "coldness": 0.5765768516935541,
  "continuation": 0.9642073076794002,
  "deceased": false,
  "divinity": 0.3233811902588577,
  "fate": 31,
  "gameAttr": [],
  "groundFriction": 0.4301920276728554,
  "id": "65273615-22d5-4df1-9a73-707b23e828d5",
  "indulgence": 0.8128988112264139,
  "laserlikeness": 0.3685666117807622,
  "martyrdom": 0.014554448401558506,
  "moxie": 0.93778380382023,
  "musclitude": 0.6780285906436063,
  "name": "Burke Gonzales",
  "omniscience": 0.32019565663359706,
  "overpowerment": 0.48614945114303487,
  "patheticism": 0.13220845093430134,
  "peanutAllergy": true,
  "permAttr": [
    "ALTERNATE"
  ],
  "pressurization": 0.7309676123161581,
  "ritual": "Powerlifting",
  "ruthlessness": 0.9580741052831164,
  "seasAttr": [],
  "shakespearianism": 0.4689670254358753,
  "soul": 8,
  "suppression": 0.37682539351897626,
  "tenaciousness": 0.6437917949876335,
  "thwackability": 0.6601179366005592,
  "totalFingers": 10,
  "tragicness": 0.8226833849331407,
  "unthwackability": 0.7626762219136616,
  "watchfulness": 0.9892120398774796,
  "weekAttr": []
}