{
  "anticapitalism": 0.1015408402929232,
  "armor": "",
  "baseThirst": 0.3554638101931382,
  "bat": "",
  "blood": 1,
  "buoyancy": 0.3882185082681593,
  "chasiness": 0.383127446689038,
  "cinnamon": 0.12769789103272533,
  "coffee": 1,
  "coldness": 0.21943870979126776,
  "continuation": 0.4987465407140166,
  "deceased": false,
  "divinity": 0.009048332572183073,
  "fate": 48,
  "gameAttr": [],
  "groundFriction": 0.11206950153492778,
  "id": "6598e40a-d76d-413f-ad06-ac4872875bde",
  "indulgence": 0.48251939965685087,
  "laserlikeness": 0.35820584100765096,
  "martyrdom": 0.4740632164603702,
  "moxie": 0.4888296320446286,
  "musclitude": 0.21674600618934403,
  "name": "Daniel Mendoza",
  "omniscience": 0.34935819003693824,
  "overpowerment": 0.3311980019055063,
  "patheticism": 0.712005318800428,
  "peanutAllergy": true,
  "permAttr": [],
  "pressurization": 0.01224237079904178,
  "ritual": "Dancing",
  "ruthlessness": 0.89746898838524,
  "seasAttr": [],
  "shakespearianism": 0.3816091048835679,
  "soul": 6,
  "suppression": 0.1898966400976727,
  "tenaciousness": 0.8551562308654488,
  "thwackability": 0.58323606402373,
  "totalFingers": 10,
  "tragicness": 0.1,
  "unthwackability": 0.3504000942335217,
  "watchfulness": 0.5516223975927015,
  "weekAttr": []
}