{
  "anticapitalism": 0.09820482794626616,
  "baseThirst": 0.6084857164166969,
  "baserunningRating": 0.3154486801909768,
  "blood": 4,
  "buoyancy": 0.0008908716441011766,
  "chasiness": 0.16980266728260318,
  "cinnamon": 0.06429302817673332,
  "coffee": 7,
  "coldness": 0.7788441451386205,
  "continuation": 0.5381611760429713,
  "deceased": false,
  "defenseRating": 0.5001040425764154,
  "divinity": 0.9271603638578974,
  "eDensity": 17.856320953778916,
  "evolution": 0,
  "fate": 62,
  "gameAttr": [],
  "groundFriction": 0.25145780987817573,
  "hitStreak": 0,
  "hittingRating": 0.6241492841411685,
  "id": "6644d767-ab15-4528-a4ce-ae1f8aadb65f",
  "indulgence": 0.26270482101079473,
  "itemAttr": [],
  "items": [],
  "laserlikeness": 0.21420926188959355,
  "leagueTeamId": "f02aeae2-5e6a-4098-9842-02d2273f25c7",
  "martyrdom": 0.1845429646426302,
  "moxie": 0.9844870828631578,
  "musclitude": 0.015154132030299916,
  "name": "Paula Reddick",
  "omniscience": 0.6143125481352854,
  "overpowerment": 0.8185466769535259,
  "patheticism": 0.18583044463894735,
  "peanutAllergy": true,
  "permAttr": [
    "AMBITIOUS"
  ],
  "pitchingRating": 0.2540581293455701,
  "pressurization": 0.04007210959742325,
  "ritual": "Reading theory",
  "ruthlessness": 0.4186738122956346,
  "seasAttr": [],
  "shakespearianism": 0.8242078709412874,
  "soul": 3,
  "state": {},
  "suppression": 0.8453860628420269,
  "tenaciousness": 0.8992208318642234,
  "thwackability": 0.7857708881577676,
  "totalFingers": 10,
  "tournamentTeamId": null,
  "tragicness": 0.1,
  "unthwackability": 0.14476802181878257,
  "watchfulness": 0.19231573226607757,
  "weekAttr": []
}