{
  "anticapitalism": 0.9011152957139552,
  "armor": "",
  "baseThirst": 0.4818802948142057,
  "baserunningRating": 0.6529490807410374,
  "bat": "",
  "blood": 2,
  "buoyancy": 0.460594957028202,
  "chasiness": 0.8211248808584094,
  "cinnamon": 0.5400475484451752,
  "coffee": 8,
  "coldness": 1.0934991334683022,
  "continuation": 0.36258819225389577,
  "deceased": false,
  "defenseRating": 0.7121459619786196,
  "divinity": 0.8339179235520126,
  "eDensity": 0,
  "evolution": 0,
  "fate": 81,
  "gameAttr": [],
  "groundFriction": 1.0474062752584905,
  "hitStreak": 0,
  "hittingRating": 0.8290988255830303,
  "id": "667cb445-c288-4e62-b603-27291c1e475d",
  "indulgence": 0.8483076429872157,
  "laserlikeness": 0.6188057697311512,
  "leagueTeamId": "ca3f1c8c-c025-4d8e-8eef-5be6accbeb16",
  "martyrdom": 0.5581811917368732,
  "moxie": 0.7513820420383127,
  "musclitude": 0.7083730768741284,
  "name": "Peanut Holloway",
  "omniscience": 0.4186854809237345,
  "overpowerment": 0.919687009353494,
  "patheticism": 0.14334215054813348,
  "peanutAllergy": false,
  "permAttr": [
    "HONEY_ROASTED"
  ],
  "pitchingRating": 0.6265063322621787,
  "pressurization": 0.07596981925653257,
  "ritual": "Locking the cellar",
  "ruthlessness": 0.5889343119042034,
  "seasAttr": [],
  "shakespearianism": 0.43634812865068306,
  "soul": 4,
  "state": {},
  "suppression": 0.8889459529740686,
  "tenaciousness": 0.4952871168604622,
  "thwackability": 0.8518978273531088,
  "totalFingers": 12,
  "tournamentTeamId": "e8f7ffee-ec53-4fe0-8e87-ea8ff1d0b4a9",
  "tragicness": 0.1,
  "unthwackability": 0.7224335099206962,
  "watchfulness": 1.0544129299036276,
  "weekAttr": []
}