{
  "anticapitalism": 0.09082612708653748,
  "armor": "",
  "baseThirst": 0.040325147261634414,
  "bat": "",
  "blood": 12,
  "buoyancy": 0.8810764156278186,
  "chasiness": 0.10927714676539424,
  "cinnamon": 0.657491034652482,
  "coffee": 13,
  "coldness": 0.01,
  "continuation": 0.9665312369909056,
  "deceased": false,
  "divinity": 0.25240182216630314,
  "fate": 84,
  "gameAttr": [],
  "groundFriction": 0.409184390932098,
  "id": "66cebbbf-9933-4329-924a-72bd3718f321",
  "indulgence": 0.21428460217505063,
  "laserlikeness": 0.01,
  "martyrdom": 0.9419588326120396,
  "moxie": 0.30342451518378,
  "musclitude": 0.9466433122958208,
  "name": "Kennedy Cena",
  "omniscience": 0.0984572864366956,
  "overpowerment": 0.7003411031253346,
  "patheticism": 0.6599961893983028,
  "peanutAllergy": true,
  "permAttr": [
    "ALTERNATE"
  ],
  "pressurization": 0.96912891962523,
  "ritual": "Gambling",
  "ruthlessness": 0.0887817625590406,
  "seasAttr": [],
  "shakespearianism": 0.01,
  "soul": 6,
  "suppression": 0.5025722346042141,
  "tenaciousness": 0.7361771983198427,
  "thwackability": 0.16660170869963611,
  "totalFingers": 11,
  "tragicness": 0.1,
  "unthwackability": 0.48077759891534866,
  "watchfulness": 0.08016714817247872,
  "weekAttr": []
}