{
  "anticapitalism": 0.22082612708653748,
  "armor": "",
  "baseThirst": 0.07032514726163441,
  "bat": "",
  "blood": 12,
  "buoyancy": 0.9110764156278186,
  "chasiness": 0.23927714676539424,
  "cinnamon": 0.657491034652482,
  "coffee": 13,
  "coldness": 0.0013612559082931686,
  "continuation": 0.9965312369909056,
  "deceased": false,
  "divinity": 0.28240182216630316,
  "fate": 84,
  "gameAttr": [],
  "groundFriction": 0.4391843909320981,
  "id": "66cebbbf-9933-4329-924a-72bd3718f321",
  "indulgence": 0.24428460217505063,
  "laserlikeness": 0.02033545563827288,
  "martyrdom": 0.9719588326120396,
  "moxie": 0.33342451518378,
  "musclitude": 0.9766433122958208,
  "name": "Kennedy Cena",
  "omniscience": 0.2284572864366956,
  "overpowerment": 0.7303411031253346,
  "patheticism": 0.6299961893983028,
  "peanutAllergy": true,
  "permAttr": [
    "ALTERNATE"
  ],
  "pressurization": 0.96912891962523,
  "ritual": "Gambling",
  "ruthlessness": 0.1187817625590406,
  "seasAttr": [],
  "shakespearianism": 0.0311854954598747,
  "soul": 6,
  "suppression": 0.5325722346042141,
  "tenaciousness": 0.8661771983198427,
  "thwackability": 0.1966017086996361,
  "totalFingers": 10,
  "tragicness": 0.4450919921922034,
  "unthwackability": 0.5107775989153487,
  "watchfulness": 0.21016714817247872,
  "weekAttr": []
}