{
  "anticapitalism": 0.18939231356443517,
  "armor": "",
  "baseThirst": 0.13641703695504634,
  "bat": "",
  "blood": 12,
  "buoyancy": 0.9969892308630128,
  "chasiness": 0.2234417427144203,
  "cinnamon": 0.7192585972503521,
  "coffee": 13,
  "coldness": 0.12846171224208308,
  "continuation": 1.062347864556397,
  "deceased": false,
  "divinity": 0.3636789845223313,
  "fate": 84,
  "gameAttr": [],
  "groundFriction": 0.5148215142760998,
  "id": "66cebbbf-9933-4329-924a-72bd3718f321",
  "indulgence": 0.3294393209289385,
  "laserlikeness": 0.11781033324736208,
  "martyrdom": 1.0246780192392302,
  "moxie": 0.40864786314009166,
  "musclitude": 1.044354847245001,
  "name": "Kennedy Cena",
  "omniscience": 0.20568362733221,
  "overpowerment": 0.8186481646155884,
  "patheticism": 0.5543245017277406,
  "peanutAllergy": true,
  "permAttr": [
    "ALTERNATE"
  ],
  "pressurization": 0.96912891962523,
  "ritual": "Gambling",
  "ruthlessness": 0.18102424332401773,
  "seasAttr": [],
  "shakespearianism": 0.119113612587569,
  "soul": 6,
  "suppression": 0.5960339017325953,
  "tenaciousness": 0.8278259175904252,
  "thwackability": 0.25451401504933,
  "totalFingers": 12,
  "tragicness": 0.1,
  "unthwackability": 0.5627852401241875,
  "watchfulness": 0.19000310833447345,
  "weekAttr": []
}