{
  "anticapitalism": 0.845747627271479,
  "baseThirst": 0.9565841100400838,
  "baserunningRating": 0.42108916782532646,
  "blood": 5,
  "buoyancy": 0.5335625185346575,
  "chasiness": 0.5457206721474281,
  "cinnamon": 0.397828318669444,
  "coffee": 10,
  "coldness": 0.2728982540102274,
  "continuation": 0.9579419652922034,
  "deceased": false,
  "defenseRating": 0.435986108092874,
  "divinity": 0.246310263510116,
  "eDensity": 26.817541145025253,
  "evolution": 0,
  "fate": 8,
  "gameAttr": [],
  "groundFriction": 0.1844726372144052,
  "hitStreak": 0,
  "hittingRating": 0.10753388616016137,
  "id": "67718362-998c-400c-98a6-2e30ccaa78f9",
  "indulgence": 0.04545698390810027,
  "items": [],
  "laserlikeness": 0.469493033491202,
  "leagueTeamId": "bfd38797-8404-4b38-8b82-341da28b1f83",
  "martyrdom": 0.538851555165687,
  "moxie": 0.02573030239797669,
  "musclitude": 0.14600612082135678,
  "name": "Wyatt Mason XII",
  "omniscience": 0.15836033801833072,
  "overpowerment": 0.4297647581905888,
  "patheticism": 0.38394361368538577,
  "peanutAllergy": false,
  "permAttr": [
    "STATIC"
  ],
  "pitchingRating": 0.2950395729252453,
  "pressurization": 0.24758534472776697,
  "ritual": "OFFLINE",
  "ruthlessness": 0.5426935708171243,
  "seasAttr": [],
  "shakespearianism": 0.35601243123428006,
  "soul": 9,
  "state": {},
  "suppression": 0.010623955061358048,
  "tenaciousness": 0.5142455258218463,
  "thwackability": 0.025887134160963665,
  "totalFingers": 10,
  "tournamentTeamId": null,
  "tragicness": 0.4076928990251898,
  "unthwackability": 0.2399133913881646,
  "watchfulness": 0.08107396957122903,
  "weekAttr": []
}