{
  "anticapitalism": 0.5331039249242435,
  "baseThirst": 0.8359965269540387,
  "baserunningRating": 0.5322726454286063,
  "blood": 6,
  "buoyancy": 1.2085990876922703,
  "chasiness": 0.8368443649312527,
  "cinnamon": 0.7729472958235162,
  "coffee": 7,
  "coldness": 0.3482696776615212,
  "continuation": 0.42132419162689577,
  "deceased": false,
  "defenseRating": 0.7897912000856065,
  "divinity": 0.9626502431698732,
  "eDensity": 52.67476600332461,
  "evolution": 0,
  "fate": 13,
  "gameAttr": [],
  "groundFriction": 0.6726259532084057,
  "hitStreak": 0,
  "hittingRating": 1.0185695519674411,
  "id": "678170e4-0688-436d-a02d-c0467f9af8c0",
  "indulgence": 0.5218714254212586,
  "items": [],
  "laserlikeness": 0.4303647510812942,
  "leagueTeamId": "a37f9158-7f82-46bc-908c-c9e2dda7c33b",
  "martyrdom": 1.1565702239722784,
  "moxie": 0.584157915509236,
  "musclitude": 1.2684641560619216,
  "name": "B-by Doyle",
  "omniscience": 0.914516010338683,
  "overpowerment": 0.7561405512223635,
  "patheticism": 0.3115930177815921,
  "peanutAllergy": false,
  "permAttr": [
    "PERK",
    "SCATTERED"
  ],
  "pitchingRating": 0.3271903172790049,
  "pressurization": 0.12607732386364984,
  "ritual": "Wicker man ceremony",
  "ruthlessness": 0.21086360965559825,
  "seasAttr": [],
  "shakespearianism": 0.42454295899167943,
  "soul": 4,
  "state": {
    "unscatteredName": "Baby Doyle"
  },
  "suppression": 0.07965195748933633,
  "tenaciousness": 0.8467491116869367,
  "thwackability": 1.2230638545631345,
  "totalFingers": 11,
  "tournamentTeamId": "d8f82163-2e74-496b-8e4b-2ab35b2d3ff1",
  "tragicness": 0.04979533882482206,
  "unthwackability": 0.5059862390834362,
  "watchfulness": 0.3529995919256661,
  "weekAttr": []
}