{
  "anticapitalism": 0.6606026846288553,
  "baseThirst": 0.9729958583594832,
  "baserunningRating": 0.6472252127511321,
  "blood": 6,
  "buoyancy": 1.3414130874577164,
  "chasiness": 0.9611734426511278,
  "cinnamon": 0.8952093909108241,
  "coffee": 7,
  "coldness": 0.4565356631287349,
  "continuation": 0.5504132837066594,
  "deceased": false,
  "defenseRating": 0.8836950778469956,
  "divinity": 1.063010996887366,
  "eDensity": 56.01134906293565,
  "evolution": 0,
  "fate": 13,
  "gameAttr": [],
  "groundFriction": 0.797447666396302,
  "hitStreak": 0,
  "hittingRating": 1.124430057001952,
  "id": "678170e4-0688-436d-a02d-c0467f9af8c0",
  "indulgence": 0.6272106568921945,
  "itemAttr": [
    "ENTANGLED",
    "UNCERTAIN"
  ],
  "items": [
    {
      "baserunningRating": 0,
      "defenseRating": 0,
      "durability": 3,
      "forger": null,
      "forgerName": null,
      "health": 3,
      "hittingRating": 0.02149516610418134,
      "id": "5382b436-fe1d-46fd-b2b5-c75e26b3caca",
      "name": "Uncertain Necklace of Entanglement",
      "pitchingRating": 0,
      "postPrefix": null,
      "prePrefix": null,
      "prefixes": [
        {
          "adjustments": [
            {
              "mod": "UNCERTAIN",
              "type": 0
            }
          ],
          "name": "Uncertain"
        }
      ],
      "root": {
        "adjustments": [
          {
            "stat": 3,
            "type": 1,
            "value": 0.19536344289069607
          }
        ],
        "name": "Necklace"
      },
      "suffix": {
        "adjustments": [
          {
            "mod": "ENTANGLED",
            "type": 0
          }
        ],
        "name": "Entanglement"
      }
    }
  ],
  "laserlikeness": 0.5451647290182758,
  "leagueTeamId": "a37f9158-7f82-46bc-908c-c9e2dda7c33b",
  "martyrdom": 1.286895576615995,
  "moxie": 0.6801992301984426,
  "musclitude": 1.4032702100477217,
  "name": "Baby Doyle",
  "omniscience": 1.0666865721751346,
  "overpowerment": 0.8757833929848814,
  "patheticism": 0.2114327449833637,
  "peanutAllergy": false,
  "permAttr": [
    "PERK"
  ],
  "pitchingRating": 0.48912808996215607,
  "pressurization": 0.12607732386364984,
  "ritual": "Wicker man ceremony",
  "ruthlessness": 0.3670238376493731,
  "seasAttr": [],
  "shakespearianism": 0.51957042187695,
  "soul": 4,
  "state": {
    "itemModSources": {
      "ENTANGLED": [
        "5382b436-fe1d-46fd-b2b5-c75e26b3caca"
      ],
      "UNCERTAIN": [
        "5382b436-fe1d-46fd-b2b5-c75e26b3caca"
      ]
    }
  },
  "suppression": 0.1773529386176385,
  "tenaciousness": 0.9497233416175496,
  "thwackability": 1.3545874347266889,
  "totalFingers": 11,
  "tournamentTeamId": "d8f82163-2e74-496b-8e4b-2ab35b2d3ff1",
  "tragicness": 0.001,
  "unthwackability": 0.6580640414927001,
  "watchfulness": 0.4456710079127896,
  "weekAttr": []
}