{
  "anticapitalism": 0.1592975193035513,
  "armor": "",
  "baseThirst": 0.7131604307394885,
  "baserunningRating": 0.4687682098063721,
  "bat": "",
  "blood": 1,
  "buoyancy": 0.46244554718194086,
  "chasiness": 0.2019975959315592,
  "cinnamon": 0.6925114604937781,
  "coffee": 11,
  "coldness": 0.4058344870288866,
  "continuation": 0.6696575223135,
  "deceased": false,
  "defenseRating": 0.6551280385766092,
  "divinity": 0.94831750679021,
  "fate": 12,
  "gameAttr": [],
  "groundFriction": 0.4190826933240903,
  "hitStreak": 0,
  "hittingRating": 0.4081548163067931,
  "id": "6833ca7d-910e-48f5-b25d-2886cdb08d0e",
  "indulgence": 0.015406938194200135,
  "laserlikeness": 0.6984013850914503,
  "leagueTeamId": "c73b705c-40ad-4633-a6ed-d357ee2e2bcf",
  "martyrdom": 0.011747797774052549,
  "moxie": 0.09450934486808692,
  "musclitude": 0.5910927642335342,
  "name": "Dander Permadeath",
  "omniscience": 0.8771315311226637,
  "overpowerment": 0.9470935829780762,
  "patheticism": 0.5453321850216384,
  "peanutAllergy": true,
  "permAttr": [],
  "pitchingRating": 0.4441600671577068,
  "pressurization": 0.6856801160485264,
  "ritual": "Signing autographs",
  "ruthlessness": 0.5264296621684221,
  "seasAttr": [],
  "shakespearianism": 0.9313916249656676,
  "soul": 7,
  "suppression": 0.31382697036326945,
  "tenaciousness": 0.8920238623763272,
  "thwackability": 0.21881943476753185,
  "totalFingers": 10,
  "tournamentTeamId": null,
  "tragicness": 0.1,
  "unthwackability": 0.3555043811126266,
  "watchfulness": 0.7393060594680991,
  "weekAttr": []
}