{
  "anticapitalism": 0.2923515074805756,
  "armor": "",
  "baseThirst": 0.6059731611573984,
  "baserunningRating": 0.8418289827786518,
  "bat": "",
  "blood": 5,
  "buoyancy": 0.9047330732791584,
  "chasiness": 0.09528481886472218,
  "cinnamon": 0.724866291368724,
  "coffee": 11,
  "coldness": 0.6597830843065156,
  "continuation": 0.829201617389463,
  "deceased": false,
  "defenseRating": 0.5773702433579108,
  "divinity": 0.5182502403917155,
  "eDensity": 0,
  "evolution": 0,
  "fate": 32,
  "gameAttr": [],
  "groundFriction": 0.49463130410505873,
  "hitStreak": 0,
  "hittingRating": 0.5685308825189116,
  "id": "68462bfa-9006-4637-8830-2e7840d9089a",
  "indulgence": 0.8284744615377031,
  "laserlikeness": 0.9721043726430298,
  "leagueTeamId": "9debc64f-74b7-4ae1-a4d6-fce0144b6ea5",
  "martyrdom": 0.063358314524808,
  "moxie": 0.21179166516154255,
  "musclitude": 0.8017080424598586,
  "name": "Parker Horseman",
  "omniscience": 0.5550488786743444,
  "overpowerment": 0.7308961375914425,
  "patheticism": 0.195490656237274,
  "peanutAllergy": true,
  "permAttr": [],
  "pitchingRating": 0.23880730569754988,
  "pressurization": 0.7862573396325412,
  "ritual": "Getting taped up",
  "ruthlessness": 0.26466254155716107,
  "seasAttr": [],
  "shakespearianism": 0.3048028443843136,
  "soul": 8,
  "state": {},
  "suppression": 0.23448297012257305,
  "tenaciousness": 0.8428745391165982,
  "thwackability": 0.6808401084928712,
  "totalFingers": 10,
  "tournamentTeamId": null,
  "tragicness": 0.1,
  "unthwackability": 0.234969056281072,
  "watchfulness": 0.6751909204912032,
  "weekAttr": []
}