{
  "anticapitalism": 0.4990357164620085,
  "armor": "",
  "baseThirst": 0.2128113817088692,
  "baserunningRating": 0.5066019877002275,
  "bat": "",
  "blood": 2,
  "buoyancy": 1.0498743790685958,
  "chasiness": 0.4701241828066493,
  "cinnamon": 0.758397082508636,
  "coffee": 4,
  "coldness": 0.08722475628337295,
  "continuation": 0.3927982311941892,
  "deceased": false,
  "defenseRating": 0.8041292450876505,
  "divinity": 1.035956107826511,
  "fate": 34,
  "gameAttr": [],
  "groundFriction": 0.32527492163275995,
  "hitStreak": 0,
  "hittingRating": 0.4429427783146606,
  "id": "68dd9d47-b9a8-4fd3-a89c-5c112eb1982e",
  "indulgence": 0.22336063124494135,
  "laserlikeness": 0.7122778876601237,
  "martyrdom": 0.48161404306940914,
  "moxie": 0.25059525495765883,
  "musclitude": 0.6794440425413618,
  "name": "Durham Spaceman",
  "omniscience": 0.9446599191151628,
  "overpowerment": 0.8790542230765883,
  "patheticism": 0.8325435933174125,
  "peanutAllergy": false,
  "permAttr": [],
  "pitchingRating": 0.5155573441335515,
  "pressurization": 0.9114654038543172,
  "ritual": "Batting practice",
  "ruthlessness": 0.863749058241953,
  "seasAttr": [],
  "shakespearianism": 0.6992443409242233,
  "soul": 2,
  "suppression": 0.4167581796262887,
  "tenaciousness": 1.0598684606549016,
  "thwackability": 0.18590535429123609,
  "totalFingers": 10,
  "tragicness": 0.1,
  "unthwackability": 0.3769479678785837,
  "watchfulness": 0.48068374299940786,
  "weekAttr": []
}