{
  "anticapitalism": 0.5633426724165624,
  "armor": "",
  "baseThirst": 0.2589774190029981,
  "baserunningRating": 0.5578651324096369,
  "bat": "",
  "blood": 2,
  "buoyancy": 1.109678326503697,
  "chasiness": 0.531967389992469,
  "cinnamon": 0.8135501318383979,
  "coffee": 4,
  "coldness": 0.15838700685613571,
  "continuation": 0.46950217989914494,
  "deceased": false,
  "defenseRating": 0.852576107755116,
  "divinity": 1.0880017571537508,
  "fate": 34,
  "gameAttr": [],
  "groundFriction": 0.365574366950423,
  "hitStreak": 0,
  "hittingRating": 0.5154831573332758,
  "id": "68dd9d47-b9a8-4fd3-a89c-5c112eb1982e",
  "indulgence": 0.2652105585671049,
  "laserlikeness": 0.7564238688299098,
  "leagueTeamId": "105bc3ff-1320-4e37-8ef0-8d595cb95dd0",
  "martyrdom": 0.5456423932112467,
  "moxie": 0.3277051971394871,
  "musclitude": 0.7552024056300177,
  "name": "Durham Spaceman",
  "omniscience": 1.0090608496137157,
  "overpowerment": 0.954235396715146,
  "patheticism": 0.7831089811163433,
  "peanutAllergy": false,
  "permAttr": [],
  "pitchingRating": 0.6024141131547797,
  "pressurization": 0.9114654038543172,
  "ritual": "Batting practice",
  "ruthlessness": 0.9226281636635716,
  "seasAttr": [],
  "shakespearianism": 0.74664377714105,
  "soul": 2,
  "suppression": 0.481914205595417,
  "tenaciousness": 1.109030311877904,
  "thwackability": 0.24112606147457616,
  "totalFingers": 10,
  "tournamentTeamId": null,
  "tragicness": 0.1,
  "unthwackability": 0.4563137813933376,
  "watchfulness": 0.5406950256856237,
  "weekAttr": []
}