{
  "anticapitalism": 0.37115188294295703,
  "baseThirst": 0.08173321363220815,
  "baserunningRating": 0.3984397314996701,
  "blood": 2,
  "buoyancy": 0.943805075313206,
  "chasiness": 0.3870679235660946,
  "cinnamon": 0.6274234693945109,
  "coffee": 4,
  "coldness": 0.001,
  "continuation": 0.3456621199676857,
  "deceased": false,
  "defenseRating": 0.7175542084620359,
  "divinity": 0.9625329222978202,
  "eDensity": 15.179339469145424,
  "evolution": 0,
  "fate": 34,
  "gameAttr": [],
  "groundFriction": 0.2672786217859602,
  "hitStreak": 0,
  "hittingRating": 0.3080020547899475,
  "id": "68dd9d47-b9a8-4fd3-a89c-5c112eb1982e",
  "indulgence": 0.11457451388739706,
  "itemAttr": [],
  "items": [
    {
      "baserunningRating": 0,
      "defenseRating": 0,
      "durability": 4,
      "forger": null,
      "forgerName": null,
      "health": 4,
      "hittingRating": 0.11139757415520618,
      "id": "aab9ce81-6fd4-439b-867c-a9da07b3e011",
      "name": "Concrete Bat",
      "pitchingRating": 0,
      "postPrefix": {
        "adjustments": [
          {
            "type": 3,
            "value": 2
          }
        ],
        "name": "Concrete"
      },
      "prePrefix": null,
      "prefixes": null,
      "root": {
        "adjustments": [
          {
            "stat": 2,
            "type": 1,
            "value": 0.11636700336056469
          }
        ],
        "name": "Bat"
      },
      "suffix": null
    }
  ],
  "laserlikeness": 0.6505860628206628,
  "leagueTeamId": "105bc3ff-1320-4e37-8ef0-8d595cb95dd0",
  "martyrdom": 0.351159238529826,
  "moxie": 0.2612410404678779,
  "musclitude": 0.5886168585598743,
  "name": "Durham Spaceman",
  "omniscience": 0.8341115194537871,
  "overpowerment": 0.8147407855486195,
  "patheticism": 0.920711426486742,
  "peanutAllergy": false,
  "permAttr": [],
  "pitchingRating": 0.4587667865548356,
  "pressurization": 0.9114654038543172,
  "ritual": "Batting practice",
  "ruthlessness": 0.8498637679751282,
  "seasAttr": [],
  "shakespearianism": 0.5873462943044077,
  "soul": 1,
  "state": {},
  "suppression": 0.3906295374789493,
  "tenaciousness": 0.9485592106007812,
  "thwackability": 0.0821888487831352,
  "totalFingers": 10,
  "tournamentTeamId": "4d921519-410b-41e2-882e-9726a4e54a6a",
  "tragicness": 0.15131359819877035,
  "unthwackability": 0.40051593702989274,
  "watchfulness": 0.4023751757839536,
  "weekAttr": []
}