{
  "anticapitalism": 1.6368868133292724,
  "armor": "",
  "baseThirst": 1.0019664983486378,
  "baserunningRating": 0.7323506888628818,
  "bat": "",
  "blood": 1,
  "buoyancy": 0.39919978164852304,
  "chasiness": 1.8732387430571105,
  "cinnamon": 0.8971483749076354,
  "coffee": 10,
  "coldness": 0.024703816002963785,
  "continuation": 0.2049207932737432,
  "deceased": false,
  "defenseRating": 1.3204644182459775,
  "divinity": 0.518107568133711,
  "fate": 67,
  "gameAttr": [],
  "groundFriction": 0.6724049451982883,
  "hitStreak": 0,
  "hittingRating": 0.6067085159377694,
  "id": "68f98a04-204f-4675-92a7-8823f2277075",
  "indulgence": 0.4987493281271243,
  "laserlikeness": 0.9158992396490536,
  "leagueTeamId": "ca3f1c8c-c025-4d8e-8eef-5be6accbeb16",
  "martyrdom": 0.3672482679986918,
  "moxie": 0.34404910717526865,
  "musclitude": 0.8126248326321367,
  "name": "Isaac Johnson",
  "omniscience": 1.2898108939425736,
  "overpowerment": 0.3891413231669392,
  "patheticism": 0.16101376072560952,
  "peanutAllergy": true,
  "permAttr": [
    "SIPHON",
    "COFFEE_RALLY"
  ],
  "pitchingRating": 0.4139056667101144,
  "pressurization": 0.14081995586923335,
  "ritual": "Must be last on the field",
  "ruthlessness": 0.6703338391797911,
  "seasAttr": [],
  "shakespearianism": 0.9448501450311084,
  "soul": 6,
  "suppression": 0.7781585394403014,
  "tenaciousness": 1.5620124042011418,
  "thwackability": 0.6625017557096332,
  "totalFingers": 10,
  "tournamentTeamId": "a3ea6358-ce03-4f23-85f9-deb38cb81b20",
  "tragicness": 0.1,
  "unthwackability": 0.38108937039918733,
  "watchfulness": 1.294893976349878,
  "weekAttr": []
}