{
  "anticapitalism": 1.4368868133292725,
  "armor": "",
  "baseThirst": 0.9019664983486378,
  "baserunningRating": 0.615550651893001,
  "bat": "",
  "blood": 1,
  "buoyancy": 0.39919978164852304,
  "chasiness": 1.67323874305711,
  "cinnamon": 0.8971483749076354,
  "coffee": 10,
  "coldness": 0.024703816002963785,
  "continuation": 0.1049207932737432,
  "deceased": false,
  "defenseRating": 1.1921796251859544,
  "divinity": 0.518107568133711,
  "fate": 67,
  "gameAttr": [],
  "groundFriction": 0.5724049451982883,
  "hitStreak": 0,
  "hittingRating": 0.6067085159377694,
  "id": "68f98a04-204f-4675-92a7-8823f2277075",
  "indulgence": 0.3987493281271243,
  "laserlikeness": 0.8158992396490538,
  "martyrdom": 0.3672482679986918,
  "moxie": 0.34404910717526865,
  "musclitude": 0.8126248326321367,
  "name": "Isaac Johnson",
  "omniscience": 1.0898108939425737,
  "overpowerment": 0.3891413231669392,
  "patheticism": 0.16101376072560952,
  "peanutAllergy": true,
  "permAttr": [
    "SIPHON"
  ],
  "pitchingRating": 0.4139056667101144,
  "pressurization": 0.14081995586923335,
  "ritual": "Must be last on the field",
  "ruthlessness": 0.6703338391797911,
  "seasAttr": [],
  "shakespearianism": 0.9448501450311084,
  "soul": 6,
  "suppression": 0.7781585394403014,
  "tenaciousness": 1.3620124042011417,
  "thwackability": 0.6625017557096332,
  "totalFingers": 10,
  "tragicness": 0.1,
  "unthwackability": 0.38108937039918733,
  "watchfulness": 1.0948939763498775,
  "weekAttr": []
}