{
  "anticapitalism": 1.6886434293870856,
  "baseThirst": 1.0760110907355804,
  "baserunningRating": 0.7882559099487556,
  "blood": 1,
  "buoyancy": 0.4605813074406938,
  "chasiness": 1.916351361360641,
  "cinnamon": 0.9564625311435409,
  "coffee": 10,
  "coldness": 0.07435286024157425,
  "continuation": 0.25095729391574595,
  "deceased": false,
  "defenseRating": 1.349832011324387,
  "divinity": 0.5949434107782283,
  "eDensity": 34.984649765642956,
  "evolution": 0,
  "fate": 67,
  "gameAttr": [],
  "groundFriction": 0.7454086571826636,
  "hitStreak": 0,
  "hittingRating": 0.6690798765073338,
  "id": "68f98a04-204f-4675-92a7-8823f2277075",
  "indulgence": 0.573730918235695,
  "itemAttr": [],
  "items": [
    {
      "baserunningRating": 0,
      "defenseRating": 0,
      "durability": 1,
      "forger": null,
      "forgerName": null,
      "health": 0,
      "hittingRating": 0.03234124808333627,
      "id": "b2f7ee73-08c3-4185-93a7-100b97ca20f4",
      "name": "Bat",
      "pitchingRating": 0,
      "postPrefix": null,
      "prePrefix": null,
      "prefixes": null,
      "root": {
        "adjustments": [
          {
            "stat": 2,
            "type": 1,
            "value": 0.1019011253348694
          }
        ],
        "name": "Bat"
      },
      "suffix": null
    }
  ],
  "laserlikeness": 0.956820826254307,
  "leagueTeamId": "ca3f1c8c-c025-4d8e-8eef-5be6accbeb16",
  "martyrdom": 0.4228884534241948,
  "moxie": 0.41974684324121775,
  "musclitude": 0.8833915381140015,
  "name": "Isaac Johnson",
  "omniscience": 1.3335029149937188,
  "overpowerment": 0.4305911036549176,
  "patheticism": 0.1113834140742372,
  "peanutAllergy": false,
  "permAttr": [
    "SIPHON",
    "COFFEE_RALLY"
  ],
  "pitchingRating": 0.4763535973113752,
  "pressurization": 0.14081995586923335,
  "ritual": "Must be last on the field",
  "ruthlessness": 0.7279797621611563,
  "seasAttr": [],
  "shakespearianism": 0.9934344881579638,
  "soul": 6,
  "state": {},
  "suppression": 0.8266006572205651,
  "tenaciousness": 1.616260429980468,
  "thwackability": 0.7057370192464474,
  "totalFingers": 10,
  "tournamentTeamId": "a3ea6358-ce03-4f23-85f9-deb38cb81b20",
  "tragicness": 0.057961819383553846,
  "unthwackability": 0.4294881712866764,
  "watchfulness": 1.3358986736369245,
  "weekAttr": []
}