{
  "anticapitalism": 0.7198457026861921,
  "armor": "",
  "baseThirst": 0.7729833045496316,
  "bat": "",
  "blood": 9,
  "buoyancy": 0.9764854968842044,
  "chasiness": 0.09,
  "cinnamon": 0.5553556741212486,
  "coffee": 13,
  "coldness": 0.01,
  "continuation": 0.608963643900497,
  "deceased": false,
  "divinity": 0.3582547151587389,
  "fate": 5,
  "gameAttr": [],
  "groundFriction": 0.6063299372365879,
  "id": "69196296-f652-42ff-b2ca-0d9b50bd9b7b",
  "indulgence": 0.09,
  "laserlikeness": 0.1385242282037552,
  "martyrdom": 0.9522292042057572,
  "moxie": 0.37483677095358553,
  "musclitude": 0.5536826964701606,
  "name": "Joshua Butt",
  "omniscience": 0.7481452714340803,
  "overpowerment": 0.4813665134111963,
  "patheticism": 0.1987813512384096,
  "peanutAllergy": true,
  "permAttr": [],
  "pressurization": 0.5693768754108772,
  "ritual": "Wearing lucky socks",
  "ruthlessness": 0.01,
  "seasAttr": [],
  "shakespearianism": 0.01,
  "soul": 9,
  "suppression": 0.1095064918067274,
  "tenaciousness": 0.7527773088135704,
  "thwackability": 0.7930416368466836,
  "totalFingers": 11,
  "tragicness": 0.1,
  "unthwackability": 0.01,
  "watchfulness": 0.290930195041991,
  "weekAttr": []
}