{
  "_id": "69196296-f652-42ff-b2ca-0d9b50bd9b7b",
  "anticapitalism": 0.6398457026861921,
  "baseThirst": 0.6929833045496316,
  "bat": "",
  "buoyancy": 0.6050813860119664,
  "chasiness": 0.01,
  "cinnamon": 0.5553556741212486,
  "coldness": 0.01,
  "continuation": 0.528963643900497,
  "deceased": false,
  "divinity": 0.01,
  "fate": 5,
  "groundFriction": 0.5263299372365879,
  "indulgence": 0.01,
  "laserlikeness": 0.05852422820375519,
  "martyrdom": 0.493608789838446,
  "moxie": 0.5351887837280709,
  "musclitude": 0.01,
  "name": "Joshua Butt",
  "omniscience": 0.6681452714340803,
  "overpowerment": 0.4813665134111963,
  "patheticism": 0.99,
  "peanutAllergy": true,
  "pressurization": 0.5693768754108772,
  "ruthlessness": 0.01,
  "shakespearianism": 0.01,
  "soul": 9,
  "suppression": 0.1095064918067274,
  "tenaciousness": 0.6727773088135705,
  "thwackability": 0.021910210410892084,
  "totalFingers": 11,
  "tragicness": 0.30000000000000004,
  "unthwackability": 0.01,
  "watchfulness": 0.210930195041991
}