{
  "anticapitalism": 0.3091065460101923,
  "armor": "",
  "baseThirst": 0.497100131081315,
  "bat": "",
  "blood": 11,
  "buoyancy": 0.6863861606922377,
  "chasiness": 0.8563369375890912,
  "cinnamon": 0.1065820119916776,
  "coffee": 9,
  "coldness": 0.599125927215735,
  "continuation": 0.28121091093572237,
  "deceased": false,
  "divinity": 0.7449761062617775,
  "fate": 2,
  "groundFriction": 0.8247571142336854,
  "id": "695daf02-113d-4e76-b802-0862df16afbd",
  "indulgence": 0.30686269435864033,
  "laserlikeness": 0.5469007924969878,
  "martyrdom": 0.7763211502733802,
  "moxie": 0.4226676239627676,
  "musclitude": 0.17930746049806312,
  "name": "Pacheco Weeks",
  "omniscience": 0.2457832151255348,
  "overpowerment": 0.9270570696894496,
  "patheticism": 0.9457499241929496,
  "peanutAllergy": true,
  "pressurization": 0.2544756928626064,
  "ritual": "Repenting",
  "ruthlessness": 0.8470378727152965,
  "shakespearianism": 0.28664973892280843,
  "soul": 5,
  "suppression": 0.24782677869260983,
  "tenaciousness": 0.6116614912924991,
  "thwackability": 0.33148395353748783,
  "totalFingers": 10,
  "tragicness": 0.1,
  "unthwackability": 0.17907957536294994,
  "watchfulness": 0.4638638295035116
}