{
  "anticapitalism": 0.39608857845394446,
  "armor": "",
  "baseThirst": 0.001,
  "baserunningRating": 0.04778177574229894,
  "bat": "",
  "blood": 12,
  "buoyancy": 0.001,
  "chasiness": 0.38833310919178193,
  "cinnamon": 0.4554799988424486,
  "coffee": 10,
  "coldness": 0.8313493026380585,
  "continuation": 0.001,
  "deceased": false,
  "defenseRating": 0.5806333834344719,
  "divinity": 0.21696527441844193,
  "eDensity": 18.374681013697447,
  "evolution": 0,
  "fate": 90,
  "gameAttr": [],
  "groundFriction": 0.001,
  "hitStreak": 0,
  "hittingRating": 0.3337513188766739,
  "id": "6a567da6-7c96-44d3-85de-e5a08a919250",
  "indulgence": 0.011127221128983011,
  "laserlikeness": 0.35419891585806024,
  "leagueTeamId": "c73b705c-40ad-4633-a6ed-d357ee2e2bcf",
  "martyrdom": 0.001,
  "moxie": 0.6878237508868659,
  "musclitude": 0.44846630535408255,
  "name": "Cudi Di Batterino",
  "omniscience": 0.6196652148579529,
  "overpowerment": 0.8311286019094215,
  "patheticism": 0.3272922898448444,
  "peanutAllergy": true,
  "permAttr": [],
  "pitchingRating": 0.5199308096176193,
  "pressurization": 0.5666869411772861,
  "ritual": "Powerlifting",
  "ruthlessness": 0.5690289555830721,
  "seasAttr": [],
  "shakespearianism": 0.24681724073762984,
  "soul": 4,
  "state": {},
  "suppression": 0.22851636992011587,
  "tenaciousness": 0.5973120546887494,
  "thwackability": 0.40807336032195446,
  "totalFingers": 10,
  "tournamentTeamId": "a3ea6358-ce03-4f23-85f9-deb38cb81b20",
  "tragicness": 0.23331312381874217,
  "unthwackability": 0.5989890310885218,
  "watchfulness": 0.20668382278423256,
  "weekAttr": []
}