{
  "anticapitalism": 0.5046396122513825,
  "baseThirst": 0.0940481356200452,
  "baserunningRating": 0.2560067235174989,
  "blood": 12,
  "buoyancy": 0.0931213006592617,
  "chasiness": 0.4760997374532745,
  "cinnamon": 0.5327308756258482,
  "coffee": 10,
  "coldness": 0.9054925059136446,
  "continuation": 0.08065359407232411,
  "deceased": false,
  "defenseRating": 0.6603084451413267,
  "divinity": 0.32076665535867943,
  "eDensity": 21.979084468494406,
  "evolution": 0,
  "fate": 90,
  "gameAttr": [],
  "groundFriction": 0.09679858523041066,
  "hitStreak": 0,
  "hittingRating": 0.453313536557764,
  "id": "6a567da6-7c96-44d3-85de-e5a08a919250",
  "indulgence": 0.08962849252995125,
  "itemAttr": [],
  "items": [
    {
      "baserunningRating": 0,
      "defenseRating": 0,
      "durability": 1,
      "forger": null,
      "forgerName": null,
      "health": 1,
      "hittingRating": 0.03789330753838027,
      "id": "b2fb6d7a-c9e0-455f-b8ff-8e011d03339e",
      "name": "Bat",
      "pitchingRating": 0,
      "postPrefix": null,
      "prePrefix": null,
      "prefixes": null,
      "root": {
        "adjustments": [
          {
            "stat": 2,
            "type": 1,
            "value": 0.1224763776684748
          }
        ],
        "name": "Bat"
      },
      "suffix": null
    }
  ],
  "laserlikeness": 0.4496192938288901,
  "leagueTeamId": "c73b705c-40ad-4633-a6ed-d357ee2e2bcf",
  "martyrdom": 0.08294625718673101,
  "moxie": 0.7558450367753494,
  "musclitude": 0.534658181169466,
  "name": "Cudi Di Batterino",
  "omniscience": 0.7168379875046842,
  "overpowerment": 0.9235197537069112,
  "patheticism": 0.23709783481429691,
  "peanutAllergy": false,
  "permAttr": [],
  "pitchingRating": 0.6273833617111828,
  "pressurization": 0.5666869411772861,
  "ritual": "Powerlifting",
  "ruthlessness": 0.6640724744111135,
  "seasAttr": [],
  "shakespearianism": 0.3144533027397319,
  "soul": 4,
  "state": {},
  "suppression": 0.30132648157106207,
  "tenaciousness": 0.6599639318936384,
  "thwackability": 0.4750575381030739,
  "totalFingers": 10,
  "tournamentTeamId": "a3ea6358-ce03-4f23-85f9-deb38cb81b20",
  "tragicness": 0.13229208000721773,
  "unthwackability": 0.7084419644375505,
  "watchfulness": 0.29302644193001764,
  "weekAttr": []
}