{
  "anticapitalism": 0.4430187048515899,
  "baseThirst": 0.04333947064370454,
  "baserunningRating": 0.16711646542759487,
  "blood": 12,
  "buoyancy": 0.03177342986835714,
  "chasiness": 0.4279756871978326,
  "cinnamon": 0.4712066218331955,
  "coffee": 10,
  "coldness": 0.8596213172359595,
  "continuation": 0.03982278363037649,
  "deceased": false,
  "defenseRating": 0.6086499928130533,
  "divinity": 0.2565998875167822,
  "eDensity": 20.033916028597663,
  "evolution": 0,
  "fate": 90,
  "gameAttr": [],
  "groundFriction": 0.04816055698526844,
  "hitStreak": 0,
  "hittingRating": 0.3869534187017801,
  "id": "6a567da6-7c96-44d3-85de-e5a08a919250",
  "indulgence": 0.02438008623223758,
  "items": [],
  "laserlikeness": 0.38431743943182894,
  "leagueTeamId": "c73b705c-40ad-4633-a6ed-d357ee2e2bcf",
  "martyrdom": 0.020145517894756763,
  "moxie": 0.7102306482058462,
  "musclitude": 0.49271116107844254,
  "name": "Cudi Di Batterino",
  "omniscience": 0.6382659416027248,
  "overpowerment": 0.8506444001244045,
  "patheticism": 0.2777734538084016,
  "peanutAllergy": true,
  "permAttr": [],
  "pitchingRating": 0.5564109842858096,
  "pressurization": 0.5666869411772861,
  "ritual": "Powerlifting",
  "ruthlessness": 0.5990000221432318,
  "seasAttr": [],
  "shakespearianism": 0.2696928263596721,
  "soul": 4,
  "state": {},
  "suppression": 0.25982317745951056,
  "tenaciousness": 0.618341391591808,
  "thwackability": 0.42686944580410346,
  "totalFingers": 10,
  "tournamentTeamId": "a3ea6358-ce03-4f23-85f9-deb38cb81b20",
  "tragicness": 0.205850075058968,
  "unthwackability": 0.6412631251023512,
  "watchfulness": 0.23625177040716008,
  "weekAttr": []
}