{
  "anticapitalism": 0.5046396122513825,
  "baseThirst": 0.0940481356200452,
  "baserunningRating": 0.2560067235174989,
  "blood": 12,
  "buoyancy": 0.04913858662834678,
  "chasiness": 0.4760997374532745,
  "cinnamon": 0.5327308756258482,
  "coffee": 10,
  "coldness": 1.145920791550027,
  "continuation": 0.08065359407232411,
  "deceased": false,
  "defenseRating": 0.6603084451413267,
  "divinity": 0.28043789241574296,
  "eDensity": 21.979084468494406,
  "evolution": 0,
  "fate": 90,
  "gameAttr": [],
  "groundFriction": 0.09679858523041066,
  "hitStreak": 0,
  "hittingRating": 0.3893199160690805,
  "id": "6a567da6-7c96-44d3-85de-e5a08a919250",
  "indulgence": 0.08962849252995125,
  "itemAttr": [],
  "items": [
    {
      "baserunningRating": 0,
      "defenseRating": 0,
      "durability": 1,
      "forger": null,
      "forgerName": null,
      "health": 1,
      "hittingRating": 0.03789330753838027,
      "id": "b2fb6d7a-c9e0-455f-b8ff-8e011d03339e",
      "name": "Bat",
      "pitchingRating": 0,
      "postPrefix": null,
      "prePrefix": null,
      "prefixes": null,
      "root": {
        "adjustments": [
          {
            "stat": 2,
            "type": 1,
            "value": 0.1224763776684748
          }
        ],
        "name": "Bat"
      },
      "suffix": null
    }
  ],
  "laserlikeness": 0.4496192938288901,
  "leagueTeamId": "c73b705c-40ad-4633-a6ed-d357ee2e2bcf",
  "martyrdom": 0.020444804750182205,
  "moxie": 0.7035815651977222,
  "musclitude": 0.48725541540263406,
  "name": "Cudi Di Batterino",
  "omniscience": 0.7168379875046842,
  "overpowerment": 1.2083381729213896,
  "patheticism": 0.30591887246262367,
  "peanutAllergy": false,
  "permAttr": [],
  "pitchingRating": 0.8379886298073007,
  "pressurization": 0.5666869411772861,
  "ritual": "Powerlifting",
  "ruthlessness": 0.8544926172088498,
  "seasAttr": [],
  "shakespearianism": 0.48132614354220216,
  "soul": 4,
  "state": {},
  "suppression": 0.48349577318006354,
  "tenaciousness": 0.6599639318936384,
  "thwackability": 0.40114891035780664,
  "totalFingers": 10,
  "tournamentTeamId": "a3ea6358-ce03-4f23-85f9-deb38cb81b20",
  "tragicness": 0.2067124384149588,
  "unthwackability": 0.8649827193706764,
  "watchfulness": 0.29302644193001764,
  "weekAttr": []
}