{
  "anticapitalism": 0.1884944074552446,
  "armor": "",
  "baseThirst": 0.13031422627681954,
  "baserunningRating": 0.5486504070834326,
  "bat": "",
  "blood": 4,
  "buoyancy": 0.6368974046691362,
  "chasiness": 0.6306593762387678,
  "cinnamon": 0.4003296012544202,
  "coffee": 10,
  "coldness": 0.5367396440088366,
  "continuation": 0.22627174603634528,
  "deceased": false,
  "defenseRating": 0.5235508085481171,
  "divinity": 0.17018833222423102,
  "fate": 69,
  "gameAttr": [],
  "groundFriction": 0.47107182544739,
  "hitStreak": 0,
  "hittingRating": 0.4524895163950411,
  "id": "6a869b40-be99-4520-89e5-d382b07e4a3c",
  "indulgence": 0.8348750568960075,
  "laserlikeness": 0.7340493471076137,
  "leagueTeamId": "36569151-a2fb-43c1-9df7-2df512424c82",
  "martyrdom": 0.05942665197708408,
  "moxie": 0.955512866877499,
  "musclitude": 0.4946420945593202,
  "name": "Jake Swinger",
  "omniscience": 0.3560040577114161,
  "overpowerment": 0.315875388091581,
  "patheticism": 0.4543516791343756,
  "peanutAllergy": false,
  "permAttr": [],
  "pitchingRating": 0.09112721600652916,
  "pressurization": 0.14864834735333088,
  "ritual": "Reality TV",
  "ruthlessness": 0.4665624717204009,
  "seasAttr": [],
  "shakespearianism": 0.0009354728718322658,
  "soul": 8,
  "suppression": 0.9017402796833316,
  "tenaciousness": 0.3481909583509508,
  "thwackability": 0.920000579672556,
  "totalFingers": 10,
  "tournamentTeamId": null,
  "tragicness": 0.1,
  "unthwackability": 0.08987092314880463,
  "watchfulness": 0.8471301621131793,
  "weekAttr": []
}