{
  "anticapitalism": 0.6903797742462074,
  "armor": "",
  "baseThirst": 1.0593276797491462,
  "baserunningRating": 0.6534650304054985,
  "bat": "",
  "blood": 0,
  "buoyancy": 0.9183700521743718,
  "chasiness": 0.3496838899881713,
  "cinnamon": 0.9852954719354604,
  "coffee": 0,
  "coldness": 1.080467322894051,
  "continuation": 0.5866458779719521,
  "deceased": false,
  "defenseRating": 0.753449466483798,
  "divinity": 0.6457686104214744,
  "fate": 90,
  "gameAttr": [
    "TIRED"
  ],
  "groundFriction": 0.532442312270538,
  "hitStreak": 0,
  "hittingRating": 0.4807055620661662,
  "id": "6b2722a6-b371-4a7e-8adf-728da612a40c",
  "indulgence": 0.29235637679200555,
  "laserlikeness": 0.6812812054527941,
  "leagueTeamId": null,
  "martyrdom": 0.6037481968694518,
  "moxie": 0.8803455306875752,
  "musclitude": 0.33942673029167864,
  "name": "Jenny Quicksilver",
  "omniscience": 1.2016597117036745,
  "overpowerment": 0.3404311070140324,
  "patheticism": 0.535567855743859,
  "peanutAllergy": true,
  "permAttr": [],
  "pitchingRating": 0.9145428088386466,
  "pressurization": 0.6026328751435899,
  "ritual": "Magic Mic Karaoke",
  "ruthlessness": 0.952038692474906,
  "seasAttr": [],
  "shakespearianism": 0.8586108253147462,
  "soul": 6,
  "suppression": 0.9946709980709936,
  "tenaciousness": 0.5708657504762806,
  "thwackability": 0.2861118932705674,
  "totalFingers": 34,
  "tournamentTeamId": "3b0a289b-aebd-493c-bc11-96793e7216d5",
  "tragicness": 0.21540024569450744,
  "unthwackability": 1.2343427601288732,
  "watchfulness": 0.5189752362122049,
  "weekAttr": []
}