{
  "anticapitalism": 0.888059839050486,
  "baseThirst": 0.9249418977688818,
  "baserunningRating": 0.35025727876740026,
  "blood": 5,
  "buoyancy": 0.7148821822385913,
  "chasiness": 0.11694425106899804,
  "cinnamon": 0.5609839213910567,
  "coffee": 7,
  "coldness": 0.488117263862936,
  "continuation": 0.466762914920029,
  "deceased": false,
  "defenseRating": 0.5059017345281516,
  "divinity": 0.3757125695901599,
  "eDensity": 18.40443791671325,
  "evolution": 0,
  "fate": 10,
  "gameAttr": [],
  "groundFriction": 0.1605597202835483,
  "hitStreak": 0,
  "hittingRating": 0.5712828885303919,
  "id": "6b8d128f-ed51-496d-a965-6614476f8256",
  "indulgence": 0.10311704612332348,
  "itemAttr": [],
  "items": [
    {
      "baserunningRating": 0,
      "defenseRating": 0,
      "durability": 1,
      "forger": null,
      "forgerName": null,
      "health": 1,
      "hittingRating": 0.037127121742833835,
      "id": "7620d196-2337-4e27-a9b9-8f7dea139078",
      "name": "Bat",
      "pitchingRating": 0,
      "postPrefix": null,
      "prePrefix": null,
      "prefixes": null,
      "root": {
        "adjustments": [
          {
            "stat": 2,
            "type": 1,
            "value": 0.12355982132695796
          }
        ],
        "name": "Bat"
      },
      "suffix": null
    }
  ],
  "laserlikeness": 0.3295632415916062,
  "leagueTeamId": "b024e975-1c4a-4575-8936-a3754a08806a",
  "martyrdom": 0.8564677298401965,
  "moxie": 0.8178051655560172,
  "musclitude": 0.9527622480521808,
  "name": "Orville Manco",
  "omniscience": 1.0342224680006356,
  "overpowerment": 0.7253631065906119,
  "patheticism": 0.4614170843909727,
  "peanutAllergy": false,
  "permAttr": [
    "TRIPLE_THREAT"
  ],
  "pitchingRating": 0.6303349434188059,
  "pressurization": 0.501814646990403,
  "ritual": "Swearing an oath",
  "ruthlessness": 0.7206452040034892,
  "seasAttr": [],
  "shakespearianism": 0.16833218106653214,
  "soul": 2,
  "state": {},
  "suppression": 0.7568675376862085,
  "tenaciousness": 0.13165046950052534,
  "thwackability": 0.6269019168583696,
  "totalFingers": 10,
  "tournamentTeamId": null,
  "tragicness": 0.1,
  "unthwackability": 0.8416650412468916,
  "watchfulness": 0.5703846320786203,
  "weekAttr": []
}