{
  "anticapitalism": 0.710134693121804,
  "armor": "",
  "baseThirst": 0.039480188820229856,
  "baserunningRating": 0.4136180565839719,
  "bat": "",
  "blood": 9,
  "buoyancy": 0.3044592523337235,
  "chasiness": 0.635464413013433,
  "cinnamon": 0.8419054450646675,
  "coffee": 5,
  "coldness": 0.6219970449490113,
  "continuation": 0.42769239716218377,
  "deceased": false,
  "defenseRating": 0.7969790374780403,
  "divinity": 0.2904041311349941,
  "eDensity": 29.66881815658652,
  "evolution": 0,
  "fate": 82,
  "gameAttr": [],
  "groundFriction": 0.04412421310914061,
  "hitStreak": 0,
  "hittingRating": 0.3791435075425763,
  "id": "6bac62ad-7117-4e41-80f9-5a155a434856",
  "indulgence": 0.9346886321172068,
  "laserlikeness": 0.7321971639088576,
  "leagueTeamId": "9debc64f-74b7-4ae1-a4d6-fce0144b6ea5",
  "martyrdom": 0.4460532590932502,
  "moxie": 0.47075953928350867,
  "musclitude": 0.5319229042950058,
  "name": "Grit Freeman",
  "omniscience": 0.5902953642686561,
  "overpowerment": 0.7126635725418846,
  "patheticism": 0.5781770155171846,
  "peanutAllergy": true,
  "permAttr": [],
  "pitchingRating": 0.3629477064792001,
  "pressurization": 0.42753404103221704,
  "ritual": "Pre-visualizing",
  "ruthlessness": 0.29365806393448834,
  "seasAttr": [],
  "shakespearianism": 0.5758992501867493,
  "soul": 8,
  "state": {},
  "suppression": 0.5541973045415278,
  "tenaciousness": 0.9067937378194432,
  "thwackability": 0.3446159682481251,
  "totalFingers": 10,
  "tournamentTeamId": null,
  "tragicness": 0.1,
  "unthwackability": 0.4444168132990736,
  "watchfulness": 0.7996155859684568,
  "weekAttr": []
}