{
  "anticapitalism": 0.12303162369587615,
  "armor": "",
  "baseThirst": 0.6702466192028622,
  "baserunningRating": 0.5416103819302931,
  "bat": "",
  "blood": 2,
  "buoyancy": 0.3766217951019908,
  "chasiness": 0.902700834388614,
  "cinnamon": 0.35402668147429206,
  "coffee": 5,
  "coldness": 0.31643795640567185,
  "continuation": 0.6513230113506272,
  "deceased": false,
  "defenseRating": 0.6113932557213125,
  "divinity": 0.4964392990160764,
  "fate": 86,
  "gameAttr": [],
  "groundFriction": 0.6351829028451035,
  "hitStreak": 0,
  "hittingRating": 0.4673562178995289,
  "id": "6bd4cf6e-fefe-499a-aa7a-890bcc7b53fa",
  "indulgence": 0.6964262381347714,
  "laserlikeness": 0.4075800942524659,
  "leagueTeamId": "57ec08cc-0411-4643-b304-0e80dbc15ac7",
  "martyrdom": 0.8426511004837947,
  "moxie": 0.4807111624853515,
  "musclitude": 0.0908011287246666,
  "name": "Igneus Mcdaniel",
  "omniscience": 0.6611769722336274,
  "overpowerment": 0.21028962079108404,
  "patheticism": 0.9263121509191334,
  "peanutAllergy": true,
  "permAttr": [],
  "pitchingRating": 0.41123596469448664,
  "pressurization": 0.9494451337501236,
  "ritual": "Snooping",
  "ruthlessness": 0.9251908697458822,
  "seasAttr": [],
  "shakespearianism": 0.6406765205564857,
  "soul": 7,
  "suppression": 0.9876587413846214,
  "tenaciousness": 0.5308757733963643,
  "thwackability": 0.6592673002019718,
  "totalFingers": 10,
  "tournamentTeamId": null,
  "tragicness": 0.1,
  "unthwackability": 0.3326668804471644,
  "watchfulness": 0.533365088600642,
  "weekAttr": []
}