{
  "anticapitalism": 0.03458309549478167,
  "armor": "",
  "baseThirst": 1.0507789263076015,
  "bat": "",
  "blood": 10,
  "buoyancy": 0.26100844467739626,
  "chasiness": 0.691015421935367,
  "cinnamon": 0.06988307479676359,
  "coffee": 11,
  "coldness": 0.34547354935865227,
  "continuation": 0.36245468663202385,
  "deceased": false,
  "divinity": 0.7701603295689942,
  "fate": 37,
  "gameAttr": [],
  "groundFriction": 0.8430836910866141,
  "id": "6c346d8b-d186-4228-9adb-ae919d7131dd",
  "indulgence": 0.6850242864377799,
  "laserlikeness": 0.6269855631780151,
  "martyrdom": 0.4555153830031467,
  "moxie": 0.8017412350111232,
  "musclitude": 0.04144796379545289,
  "name": "Greer Gwiffin",
  "omniscience": 0.9348274784538716,
  "overpowerment": 0.3076591063750471,
  "patheticism": 0.45191508645325384,
  "peanutAllergy": false,
  "permAttr": [],
  "pressurization": 0.1691216457264812,
  "ritual": "Brushing teeth",
  "ruthlessness": 0.883735055362576,
  "seasAttr": [],
  "shakespearianism": 0.1638110613953716,
  "soul": 7,
  "suppression": 0.7687342653745155,
  "tenaciousness": 0.7809406269935866,
  "thwackability": 0.6680354327718755,
  "totalFingers": 10,
  "tragicness": 0.1,
  "unthwackability": 0.6979290691948368,
  "watchfulness": 0.7778822107215904,
  "weekAttr": []
}