{
  "anticapitalism": 0.13118137032401656,
  "baseThirst": 1.2723181868928826,
  "baserunningRating": 0.8810792390029583,
  "blood": 10,
  "buoyancy": 0.3972453160247591,
  "chasiness": 0.7199763682676292,
  "cinnamon": 0.20593251817607872,
  "coffee": 11,
  "coldness": 0.4667536902776214,
  "continuation": 0.5820888084758471,
  "deceased": false,
  "defenseRating": 0.7255120149659733,
  "divinity": 0.8873047375246589,
  "eDensity": 35.19812602965425,
  "evolution": 0,
  "fate": 37,
  "gameAttr": [],
  "groundFriction": 1.0869900399893038,
  "hitStreak": 0,
  "hittingRating": 0.7471569903968572,
  "id": "6c346d8b-d186-4228-9adb-ae919d7131dd",
  "indulgence": 0.8790576707537552,
  "itemAttr": [],
  "items": [
    {
      "baserunningRating": 0,
      "defenseRating": 0,
      "durability": 1,
      "forger": null,
      "forgerName": null,
      "health": 0,
      "hittingRating": 0.03331534666617997,
      "id": "1dab2891-a905-4816-a654-084d4988d75e",
      "name": "Bat",
      "pitchingRating": 0,
      "postPrefix": null,
      "prePrefix": null,
      "prefixes": null,
      "root": {
        "adjustments": [
          {
            "stat": 2,
            "type": 1,
            "value": 0.10733943750866642
          }
        ],
        "name": "Bat"
      },
      "suffix": null
    }
  ],
  "laserlikeness": 0.8318870287566201,
  "leagueTeamId": "36569151-a2fb-43c1-9df7-2df512424c82",
  "martyrdom": 0.5738067961154953,
  "moxie": 0.8902957899571664,
  "musclitude": 0.18618115625584353,
  "name": "Greer Gwiffin",
  "omniscience": 0.92648699830091,
  "overpowerment": 0.3978562868837994,
  "patheticism": 0.30373040779923544,
  "peanutAllergy": false,
  "permAttr": [],
  "pitchingRating": 0.6745554741562458,
  "pressurization": 0.1691216457264812,
  "ritual": "Brushing teeth",
  "ruthlessness": 0.9940738608361784,
  "seasAttr": [],
  "shakespearianism": 0.3043284619467073,
  "soul": 7,
  "state": {},
  "suppression": 0.9116270444935104,
  "tenaciousness": 0.793428642623319,
  "thwackability": 0.7835025418583255,
  "totalFingers": 10,
  "tournamentTeamId": "a7592bd7-1d3c-4ffb-8b3a-0b1e4bc321fd",
  "tragicness": 0.023257212738033717,
  "unthwackability": 0.7944373406182494,
  "watchfulness": 0.7917011547479437,
  "weekAttr": []
}