{
  "_id": "6c346d8b-d186-4228-9adb-ae919d7131dd",
  "anticapitalism": 0.03458309549478167,
  "baseThirst": 0.9507789263076014,
  "bat": "",
  "buoyancy": 0.22715726846255668,
  "chasiness": 0.691015421935367,
  "cinnamon": 0.06988307479676359,
  "coldness": 0.34547354935865227,
  "continuation": 0.26245468663202387,
  "deceased": false,
  "divinity": 0.7363091533541546,
  "fate": 37,
  "groundFriction": 0.7430836910866141,
  "indulgence": 0.5850242864377799,
  "laserlikeness": 0.5269855631780151,
  "martyrdom": 0.4216642067883072,
  "moxie": 0.7678900587962836,
  "musclitude": 0.007596787580613329,
  "name": "Greer Gwiffin",
  "omniscience": 0.9348274784538716,
  "overpowerment": 0.3076591063750471,
  "patheticism": 0.4857662626680934,
  "peanutAllergy": false,
  "pressurization": 0.0991216457264812,
  "ruthlessness": 0.883735055362576,
  "shakespearianism": 0.1638110613953716,
  "soul": 7,
  "suppression": 0.7687342653745155,
  "tenaciousness": 0.7809406269935866,
  "thwackability": 0.6341842565570359,
  "totalFingers": 10,
  "tragicness": 0.5221038440339381,
  "unthwackability": 0.6979290691948368,
  "watchfulness": 0.7778822107215904
}