{
  "anticapitalism": 0.34254837193703125,
  "armor": "",
  "baseThirst": 0.5618175915237187,
  "baserunningRating": 0.1746874041689001,
  "bat": "",
  "blood": 7,
  "buoyancy": 0.5117998309941454,
  "chasiness": 0.8916620864414624,
  "cinnamon": 0.9567695824714572,
  "coffee": 1,
  "coldness": 0.262332181498907,
  "continuation": 0.31225120873004797,
  "deceased": false,
  "defenseRating": 0.299583869379939,
  "divinity": 0.98774944190063,
  "eDensity": 0,
  "evolution": 0,
  "fate": 23,
  "gameAttr": [],
  "groundFriction": 0.721976189372153,
  "hitStreak": 0,
  "hittingRating": 0.5483636464025338,
  "id": "6caa8180-e178-4f8b-865c-f1af47119bc2",
  "indulgence": 0.9532430187011304,
  "laserlikeness": 0.04657554963058175,
  "leagueTeamId": "3f8bbb15-61c0-4e3f-8e4a-907a5fb1565e",
  "martyrdom": 0.645188584347608,
  "moxie": 0.4985907442286443,
  "musclitude": 0.17670122565131852,
  "name": "Tad Blortles",
  "omniscience": 0.0910947008306846,
  "overpowerment": 0.8472515169791068,
  "patheticism": 0.5239659693239103,
  "peanutAllergy": true,
  "permAttr": [],
  "pitchingRating": 0.3356402064441547,
  "pressurization": 0.9138150634774298,
  "ritual": "Gambling",
  "ruthlessness": 0.4521614201619151,
  "seasAttr": [],
  "shakespearianism": 0.6971599873858008,
  "soul": 5,
  "state": {},
  "suppression": 0.830283243829421,
  "tenaciousness": 0.3166049968496518,
  "thwackability": 0.36602685499836807,
  "totalFingers": 10,
  "tournamentTeamId": null,
  "tragicness": 0.8110560917082219,
  "unthwackability": 0.25674404543983,
  "watchfulness": 0.02292135521374417,
  "weekAttr": []
}