{
  "anticapitalism": 0.8924411467176991,
  "baseThirst": 0.133218608499047,
  "baserunningRating": 0.16294868292587986,
  "blood": 9,
  "buoyancy": 0.9618755666903844,
  "chasiness": 0.771043047363126,
  "cinnamon": 0.4681991933449785,
  "coffee": 10,
  "coldness": 0.1675340876074729,
  "continuation": 0.001769405488595277,
  "deceased": false,
  "defenseRating": 0.5007924930327607,
  "divinity": 0.7711391376742835,
  "eDensity": 0,
  "evolution": 0,
  "fate": 2,
  "gameAttr": [],
  "groundFriction": 0.9853605009620664,
  "hitStreak": 0,
  "hittingRating": 0.33577591895913517,
  "id": "6d9001ff-ba9f-40c0-9315-79feba541b65",
  "indulgence": 0.8524465738063189,
  "itemAttr": [],
  "items": [],
  "laserlikeness": 0.14614056856767732,
  "leagueTeamId": "9debc64f-74b7-4ae1-a4d6-fce0144b6ea5",
  "martyrdom": 0.5196071114888832,
  "moxie": 0.06825685157320471,
  "musclitude": 0.6236281747522605,
  "name": "Nepeta Chen",
  "omniscience": 0.052774126992904735,
  "overpowerment": 0.9563203619141885,
  "patheticism": 0.4823576368883127,
  "peanutAllergy": false,
  "permAttr": [],
  "pitchingRating": 0.5240203649470435,
  "pressurization": 0.8010237124324622,
  "ritual": "Praying",
  "ruthlessness": 0.5608363531655223,
  "seasAttr": [],
  "shakespearianism": 0.9398099844401064,
  "soul": 3,
  "state": {},
  "suppression": 0.6180781828905788,
  "tenaciousness": 0.8285853071393625,
  "thwackability": 0.14228860769311358,
  "totalFingers": 10,
  "tournamentTeamId": null,
  "tragicness": 0.970158893326598,
  "unthwackability": 0.4893653485524352,
  "watchfulness": 0.7540555114775638,
  "weekAttr": []
}