{
  "anticapitalism": 0.955291081522072,
  "baseThirst": 0.5727913402086557,
  "baserunningRating": 0.5734886178774047,
  "blood": 0,
  "buoyancy": 0.4460195339258235,
  "chasiness": 0.22444038431069985,
  "cinnamon": 0.6928019490602529,
  "coffee": 4,
  "coldness": 1.0664937585432277,
  "continuation": 0.32295058334674626,
  "deceased": false,
  "defenseRating": 0.819532081498573,
  "divinity": 0.42336245526852223,
  "eDensity": 29.94265107743407,
  "evolution": 1,
  "fate": 89,
  "gameAttr": [],
  "groundFriction": 0.9728661572851796,
  "hitStreak": 0,
  "hittingRating": 0.7719812586793261,
  "id": "6ebac746-6685-4d0f-8e84-6b21299b5169",
  "indulgence": 0.5774271286973629,
  "items": [],
  "laserlikeness": 0.5172649437351261,
  "leagueTeamId": "d9f89a8a-c563-493e-9d64-78e4f9a55d4a",
  "martyrdom": 1.1260602061442306,
  "moxie": 1.0342925019762303,
  "musclitude": 1.0493584143111774,
  "name": "Hercules Alighieri",
  "omniscience": 1.141849314500755,
  "overpowerment": 0.35872000716754404,
  "patheticism": 0.22981020693869075,
  "peanutAllergy": false,
  "permAttr": [],
  "pitchingRating": 0.6839481958638489,
  "pressurization": 0.2077636332497732,
  "ritual": "Burning an effigy",
  "ruthlessness": 0.760811622505718,
  "seasAttr": [],
  "shakespearianism": 0.29639740964933237,
  "soul": 5,
  "state": {},
  "suppression": 0.5226200746222568,
  "tenaciousness": 0.7062221630379671,
  "thwackability": 1.1520891977133574,
  "totalFingers": 10,
  "tournamentTeamId": null,
  "tragicness": 0.2572136690215937,
  "unthwackability": 1.0065265364252185,
  "watchfulness": 0.9802178085392615,
  "weekAttr": []
}