{
  "anticapitalism": 0.6821961494571047,
  "armor": "",
  "baseThirst": 0.7277074960833949,
  "baserunningRating": 0.7091010663888245,
  "bat": "",
  "blood": 6,
  "buoyancy": 0.8828879826465148,
  "chasiness": 0.17316426150543096,
  "cinnamon": 0.8494591805752494,
  "coffee": 4,
  "coldness": 0.008962601004631088,
  "continuation": 0.1904510567711044,
  "deceased": false,
  "defenseRating": 0.44853375860948064,
  "divinity": 0.3062087496195409,
  "eDensity": 0,
  "evolution": 0,
  "fate": 20,
  "gameAttr": [],
  "groundFriction": 0.5832099656754506,
  "hitStreak": 0,
  "hittingRating": 0.3320777504348233,
  "id": "6f71667b-59f2-46df-adac-a8885a4f6ac5",
  "indulgence": 0.655527592805156,
  "laserlikeness": 0.9048676192372852,
  "leagueTeamId": "747b8e4a-7e50-4638-a973-ea7950a3e739",
  "martyrdom": 0.7972372002081554,
  "moxie": 0.03405314830042405,
  "musclitude": 0.4049257195967073,
  "name": "Eris Street",
  "omniscience": 0.4781383769814349,
  "overpowerment": 0.7251282204147873,
  "patheticism": 0.7034059305896805,
  "peanutAllergy": false,
  "permAttr": [],
  "pitchingRating": 0.6635404090341392,
  "pressurization": 0.9016106595511504,
  "ritual": "Cookies",
  "ruthlessness": 0.663235315181341,
  "seasAttr": [],
  "shakespearianism": 0.879732533706501,
  "soul": 6,
  "state": {},
  "suppression": 0.38550781463089834,
  "tenaciousness": 0.1401987002662597,
  "thwackability": 0.4237443521640287,
  "totalFingers": 10,
  "tournamentTeamId": null,
  "tragicness": 0.1,
  "unthwackability": 0.8745494319095728,
  "watchfulness": 0.6208528016928798,
  "weekAttr": []
}