{
  "anticapitalism": 0.5238701532147039,
  "armor": "",
  "baseThirst": 0.8959740972532314,
  "baserunningRating": 0.8308681848263734,
  "bat": "",
  "blood": 10,
  "buoyancy": 0.19233676974181035,
  "chasiness": 0.729088062149388,
  "cinnamon": 0.7249822045073174,
  "coffee": 5,
  "coldness": 1.4949794360317326,
  "continuation": 0.27196050109565945,
  "deceased": false,
  "defenseRating": 0.555194604486818,
  "divinity": 1.0813957635021088,
  "eDensity": 35.38725564319162,
  "evolution": 0,
  "fate": 78,
  "gameAttr": [],
  "groundFriction": 0.744518209822547,
  "hitStreak": 0,
  "hittingRating": 0.5893918556088097,
  "id": "6f9de777-e812-4c84-915c-ef283c9f0cde",
  "indulgence": 0.822096447702917,
  "laserlikeness": 1.0100535105175452,
  "leagueTeamId": "105bc3ff-1320-4e37-8ef0-8d595cb95dd0",
  "martyrdom": 0.3989212277180485,
  "moxie": 0.9329532079645132,
  "musclitude": 1.1284811722072368,
  "name": "Arturo Huerta",
  "omniscience": 0.3402068683881581,
  "overpowerment": 0.8205179492892116,
  "patheticism": 0.29969449185979463,
  "peanutAllergy": false,
  "permAttr": [],
  "pitchingRating": 0.7941533041053739,
  "pressurization": 0.3771385271514646,
  "ritual": "Hypnosis",
  "ruthlessness": 0.9237707015109484,
  "seasAttr": [],
  "shakespearianism": 0.9622072085144324,
  "soul": 8,
  "state": {},
  "suppression": 1.0899691923460495,
  "tenaciousness": 0.4400667916439058,
  "thwackability": 0.2246221299242801,
  "totalFingers": 14,
  "tournamentTeamId": "e3f90fa1-0bbe-40df-88ce-578d0723a23b",
  "tragicness": 0.1,
  "unthwackability": 0.7042801355609387,
  "watchfulness": 0.3250314439237634,
  "weekAttr": []
}