{
  "anticapitalism": 0.6329565430676767,
  "armor": "",
  "baseThirst": 0.9941953122870284,
  "baserunningRating": 0.9444923195287328,
  "bat": "",
  "blood": 10,
  "buoyancy": 0.29973143809310016,
  "chasiness": 0.8628942017069596,
  "cinnamon": 0.8426209872702313,
  "coffee": 5,
  "coldness": 1.6078573994596597,
  "continuation": 0.37709454333880094,
  "deceased": false,
  "defenseRating": 0.6596114236928743,
  "divinity": 1.2062338593880224,
  "eDensity": 37.094469689667335,
  "evolution": 0,
  "fate": 78,
  "gameAttr": [],
  "groundFriction": 0.8838205102024365,
  "hitStreak": 0,
  "hittingRating": 0.7381833943199587,
  "id": "6f9de777-e812-4c84-915c-ef283c9f0cde",
  "indulgence": 0.944887051517386,
  "laserlikeness": 1.1252879668655291,
  "leagueTeamId": "105bc3ff-1320-4e37-8ef0-8d595cb95dd0",
  "martyrdom": 0.5182531677650578,
  "moxie": 1.063156049549625,
  "musclitude": 1.2386938551498723,
  "name": "Arturo Huerta",
  "omniscience": 0.45472654606365576,
  "overpowerment": 0.9750887987928888,
  "patheticism": 0.17466142909854318,
  "peanutAllergy": false,
  "permAttr": [],
  "pitchingRating": 0.9341004906245884,
  "pressurization": 0.3771385271514646,
  "ritual": "Hypnosis",
  "ruthlessness": 1.057850291796318,
  "seasAttr": [],
  "shakespearianism": 1.0556166249811674,
  "soul": 8,
  "state": {},
  "suppression": 1.2022468405500415,
  "tenaciousness": 0.5608725177735846,
  "thwackability": 0.35035535275304397,
  "totalFingers": 14,
  "tournamentTeamId": "e3f90fa1-0bbe-40df-88ce-578d0723a23b",
  "tragicness": 0.001,
  "unthwackability": 0.8119344360674812,
  "watchfulness": 0.43885525510760415,
  "weekAttr": []
}