{
  "_id": "6f9de777-e812-4c84-915c-ef283c9f0cde",
  "anticapitalism": 0.4280665038266205,
  "baseThirst": 0.7599659829157108,
  "bat": "",
  "buoyancy": 0.09295183653038364,
  "chasiness": 0.5920350355253852,
  "cinnamon": 0.6255348495373436,
  "coldness": 1.0899378710415302,
  "continuation": 0.13741270893553303,
  "deceased": false,
  "divinity": 0.9740069130705103,
  "fate": 78,
  "groundFriction": 0.6170413162746853,
  "indulgence": 0.6982915457782803,
  "laserlikeness": 0.9049723385446564,
  "martyrdom": 0.2993039923915275,
  "moxie": 0.7958287077990966,
  "musclitude": 0.9954293725159478,
  "name": "Arturo Huerta",
  "omniscience": 0.18648768046310993,
  "overpowerment": 0.3693140119046855,
  "patheticism": 0.4223580861350549,
  "peanutAllergy": false,
  "pressurization": 0.3071385271514646,
  "ruthlessness": 0.5026708447061171,
  "shakespearianism": 0.548396589100285,
  "soul": 8,
  "suppression": 0.675131167333136,
  "tenaciousness": 0.35698867765950015,
  "thwackability": 0.11023118942169564,
  "totalFingers": 11,
  "tragicness": 0.1,
  "unthwackability": 0.26402814166959654,
  "watchfulness": 0.1867527193699696
}