{
  "anticapitalism": 0.4761985546429785,
  "armor": "",
  "baseThirst": 0.8313223519744573,
  "baserunningRating": 0.7711085828547156,
  "bat": "",
  "blood": 10,
  "buoyancy": 0.14413499971888302,
  "chasiness": 0.6508455306895414,
  "cinnamon": 0.6699455707627039,
  "coffee": 5,
  "coldness": 1.4454430546780752,
  "continuation": 0.20860055979304276,
  "deceased": false,
  "defenseRating": 0.49261033455388986,
  "divinity": 1.0304592154486536,
  "fate": 78,
  "gameAttr": [],
  "groundFriction": 0.6891446088888671,
  "hitStreak": 0,
  "hittingRating": 0.5047431474612427,
  "id": "6f9de777-e812-4c84-915c-ef283c9f0cde",
  "indulgence": 0.755649855516326,
  "laserlikeness": 0.9618069155283572,
  "martyrdom": 0.34635196026704435,
  "moxie": 0.8638088103396178,
  "musclitude": 1.062078706664318,
  "name": "Arturo Huerta",
  "omniscience": 0.26140920976760984,
  "overpowerment": 0.7473121040034166,
  "patheticism": 0.36336468590599935,
  "peanutAllergy": false,
  "permAttr": [],
  "pitchingRating": 0.7158342858201147,
  "pressurization": 0.3771385271514646,
  "ritual": "Hypnosis",
  "ruthlessness": 0.8449790351488506,
  "seasAttr": [],
  "shakespearianism": 0.90485709432484,
  "soul": 8,
  "suppression": 1.0212504005180223,
  "tenaciousness": 0.3996180722766541,
  "thwackability": 0.1590397836459913,
  "totalFingers": 14,
  "tragicness": 0.043981462455601625,
  "unthwackability": 0.640887189782479,
  "watchfulness": 0.24879243923938923,
  "weekAttr": []
}