{
  "anticapitalism": 0.5846371134034805,
  "armor": "",
  "baseThirst": 0.9485321400843068,
  "baserunningRating": 0.8815598834680425,
  "bat": "",
  "blood": 10,
  "buoyancy": 0.23887797587655157,
  "chasiness": 0.7871539768198696,
  "cinnamon": 0.7888965600639226,
  "coffee": 5,
  "coldness": 1.5395336571210216,
  "continuation": 0.324633690861318,
  "deceased": false,
  "defenseRating": 0.6086602329624029,
  "divinity": 1.1493926505712724,
  "eDensity": 37.094469689667335,
  "evolution": 0,
  "fate": 78,
  "gameAttr": [],
  "groundFriction": 0.8155735960376295,
  "hitStreak": 0,
  "hittingRating": 0.6554199280145809,
  "id": "6f9de777-e812-4c84-915c-ef283c9f0cde",
  "indulgence": 0.8728490008052976,
  "laserlikeness": 1.0527713419812346,
  "leagueTeamId": "105bc3ff-1320-4e37-8ef0-8d595cb95dd0",
  "martyrdom": 0.4701483320624127,
  "moxie": 0.9847226999869996,
  "musclitude": 1.1753693271958288,
  "name": "Arturo Huerta",
  "omniscience": 0.3990184613951689,
  "overpowerment": 0.8989646213965512,
  "patheticism": 0.2388994022962335,
  "peanutAllergy": false,
  "permAttr": [],
  "pitchingRating": 0.8678556255074497,
  "pressurization": 0.3771385271514646,
  "ritual": "Hypnosis",
  "ruthlessness": 0.9963610155811448,
  "seasAttr": [],
  "shakespearianism": 1.0129159540088382,
  "soul": 8,
  "state": {},
  "suppression": 1.1329741444969494,
  "tenaciousness": 0.5073346597019012,
  "thwackability": 0.27416861553449834,
  "totalFingers": 14,
  "tournamentTeamId": "e3f90fa1-0bbe-40df-88ce-578d0723a23b",
  "tragicness": 0.051349167179526464,
  "unthwackability": 0.7612979541638241,
  "watchfulness": 0.370022521277702,
  "weekAttr": []
}