{
  "anticapitalism": 1.0203949296477368,
  "baseThirst": 1.136743834813345,
  "baserunningRating": 0.5092557127916388,
  "blood": 1,
  "buoyancy": 0.3803862699732856,
  "chasiness": 0.7536115854863772,
  "cinnamon": 0.20861212722809944,
  "coffee": 5,
  "coldness": 1.1028978454488096,
  "continuation": 0.4670617725008341,
  "deceased": false,
  "defenseRating": 0.7762654285472608,
  "divinity": 0.8090240752330304,
  "eDensity": 39.29989191844922,
  "evolution": 0,
  "fate": 41,
  "gameAttr": [],
  "groundFriction": 0.7195265265847695,
  "hitStreak": 0,
  "hittingRating": 0.7326962259930684,
  "id": "7007cbd3-7c7b-44fd-9d6b-393e82b1c06e",
  "indulgence": 0.7166728069589512,
  "itemAttr": [],
  "items": [
    {
      "baserunningRating": 0,
      "defenseRating": 0,
      "durability": 1,
      "forger": null,
      "forgerName": null,
      "health": 0,
      "hittingRating": 0.03938428784566772,
      "id": "acf9d7e9-81c1-4add-a680-79c80d60c591",
      "name": "Bat",
      "pitchingRating": 0,
      "postPrefix": null,
      "prePrefix": null,
      "prefixes": null,
      "root": {
        "adjustments": [
          {
            "stat": 2,
            "type": 1,
            "value": 0.12061693779438996
          }
        ],
        "name": "Bat"
      },
      "suffix": null
    }
  ],
  "laserlikeness": 0.3360399302527729,
  "leagueTeamId": "57ec08cc-0411-4643-b304-0e80dbc15ac7",
  "martyrdom": 1.099561479108445,
  "moxie": 1.0640169070487435,
  "musclitude": 0.3574552133869391,
  "name": "Rafael Davids",
  "omniscience": 0.9443443204108416,
  "overpowerment": 1.1325738707285535,
  "patheticism": 0.6969633015485188,
  "peanutAllergy": false,
  "permAttr": [
    "FRIEND_OF_CROWS",
    "TRIPLE_THREAT"
  ],
  "pitchingRating": 1.024624335303635,
  "pressurization": 0.7703105882464938,
  "ritual": "Analyzing probabilities",
  "ruthlessness": 1.1689806856529943,
  "seasAttr": [],
  "shakespearianism": 1.063991882202671,
  "soul": 9,
  "state": {},
  "suppression": 1.225367225377712,
  "tenaciousness": 0.3839566582466259,
  "thwackability": 0.7375639073174012,
  "totalFingers": 14,
  "tournamentTeamId": null,
  "tragicness": 0.001,
  "unthwackability": 0.8773019112847873,
  "watchfulness": 0.7858894166574021,
  "weekAttr": []
}