{
  "anticapitalism": 0.8957079970434197,
  "armor": "",
  "baseThirst": 1.0247731015437518,
  "baserunningRating": 0.35888702467725414,
  "bat": "",
  "blood": 1,
  "buoyancy": 0.2420755087441117,
  "chasiness": 0.6400587770614414,
  "cinnamon": 0.12332404455325546,
  "coffee": 5,
  "coldness": 0.9864146541818036,
  "continuation": 0.34371492644245927,
  "deceased": false,
  "defenseRating": 0.6679249648115334,
  "divinity": 0.6711211095898003,
  "fate": 41,
  "gameAttr": [],
  "groundFriction": 0.6015993131014217,
  "hitStreak": 0,
  "hittingRating": 0.6029538277811527,
  "id": "7007cbd3-7c7b-44fd-9d6b-393e82b1c06e",
  "indulgence": 0.5921225410664515,
  "laserlikeness": 0.1950771970254916,
  "martyrdom": 1.008797465421194,
  "moxie": 0.9551497677544388,
  "musclitude": 0.2374212531286889,
  "name": "Rafael Davids",
  "omniscience": 0.8098454948169871,
  "overpowerment": 0.9944707761798732,
  "patheticism": 0.8278480695209185,
  "peanutAllergy": false,
  "permAttr": [
    "FRIEND_OF_CROWS"
  ],
  "pitchingRating": 0.878356198122699,
  "pressurization": 0.7703105882464938,
  "ritual": "Analyzing probabilities",
  "ruthlessness": 1.0403692118576326,
  "seasAttr": [],
  "shakespearianism": 0.9660626549776098,
  "soul": 9,
  "suppression": 1.0848575005049246,
  "tenaciousness": 0.2678382372585989,
  "thwackability": 0.6202827050932896,
  "totalFingers": 14,
  "tragicness": 0.01,
  "unthwackability": 0.7544139408960622,
  "watchfulness": 0.6551503180333121,
  "weekAttr": []
}