{
  "anticapitalism": 0.8556461205185183,
  "armor": "",
  "baseThirst": 0.9485278528032453,
  "baserunningRating": 0.2684798125153116,
  "bat": "",
  "blood": 1,
  "buoyancy": 0.1647738938975512,
  "chasiness": 0.5958523019297053,
  "cinnamon": 0.06670795490286245,
  "coffee": 5,
  "coldness": 0.935056761835013,
  "continuation": 0.3027326612771496,
  "deceased": false,
  "defenseRating": 0.6041885387708907,
  "divinity": 0.6023128483029471,
  "fate": 41,
  "gameAttr": [],
  "groundFriction": 0.5609275684903838,
  "hitStreak": 0,
  "hittingRating": 0.5301020285629323,
  "id": "7007cbd3-7c7b-44fd-9d6b-393e82b1c06e",
  "indulgence": 0.5288780380978566,
  "laserlikeness": 0.11796384903995771,
  "martyrdom": 0.958563503733052,
  "moxie": 0.8930657792317209,
  "musclitude": 0.17111747727210358,
  "name": "Rafael Davids",
  "omniscience": 0.7376254520759156,
  "overpowerment": 0.9430270265193832,
  "patheticism": 0.8971219498566833,
  "peanutAllergy": false,
  "permAttr": [
    "FRIEND_OF_CROWS"
  ],
  "pitchingRating": 0.818753441334509,
  "pressurization": 0.7703105882464938,
  "ritual": "Analyzing probabilities",
  "ruthlessness": 0.991546125946494,
  "seasAttr": [],
  "shakespearianism": 0.8949434806600975,
  "soul": 9,
  "suppression": 1.0103559288300574,
  "tenaciousness": 0.20060302640903535,
  "thwackability": 0.562462768950273,
  "totalFingers": 14,
  "tragicness": 0.03904996700288912,
  "unthwackability": 0.7046892993447649,
  "watchfulness": 0.5806912338177864,
  "weekAttr": []
}