{
  "anticapitalism": 0.5136049973838042,
  "armor": "",
  "baseThirst": 0.3666392975501269,
  "bat": "",
  "blood": 11,
  "buoyancy": 0.16670432816475045,
  "chasiness": 0.14065884991674937,
  "cinnamon": 0.34256586531601707,
  "coffee": 12,
  "coldness": 0.1542482402505596,
  "continuation": 0.3559305646618476,
  "deceased": false,
  "divinity": 0.8493729027548766,
  "fate": 52,
  "gameAttr": [],
  "groundFriction": 0.4058608997966531,
  "id": "70ccff1e-6b53-40e2-8844-0a28621cb33e",
  "indulgence": 0.8894843902910299,
  "laserlikeness": 0.7796501045317563,
  "martyrdom": 0.5027131999385519,
  "moxie": 0.3768693955606533,
  "musclitude": 0.20997793078142224,
  "name": "Moody Cookbook",
  "omniscience": 0.26409166751694824,
  "overpowerment": 0.6764750636222774,
  "patheticism": 0.30445261358079745,
  "peanutAllergy": true,
  "permAttr": [],
  "pressurization": 0.4862968749440175,
  "ritual": "Grooming",
  "ruthlessness": 0.5904268163573891,
  "seasAttr": [],
  "shakespearianism": 0.08661060791940822,
  "soul": 7,
  "suppression": 0.5387884301349108,
  "tenaciousness": 0.17699086384274265,
  "thwackability": 0.9167812477441616,
  "totalFingers": 10,
  "tragicness": 0.1,
  "unthwackability": 0.6688454397866406,
  "watchfulness": 0.32564225678238823,
  "weekAttr": []
}