{
  "anticapitalism": 0.5235887086806481,
  "armor": "",
  "baseThirst": 0.11871063888996236,
  "bat": "",
  "blood": 11,
  "buoyancy": 0.8758287998918659,
  "chasiness": 0.608248324203907,
  "cinnamon": 0.4925658653160171,
  "coffee": 12,
  "coldness": 0.5277685051020304,
  "continuation": 0.602798582597434,
  "deceased": false,
  "divinity": 0.8212967478741713,
  "fate": 57,
  "gameAttr": [],
  "groundFriction": 0.7604162585814971,
  "id": "70ccff1e-6b53-40e2-8844-0a28621cb33e",
  "indulgence": 0.6875242801768724,
  "laserlikeness": 0.5277251018219957,
  "martyrdom": 0.6917858399209946,
  "moxie": 0.30679801584055966,
  "musclitude": 0.5909540706822591,
  "name": "Moody Cookbook",
  "omniscience": 0.6262469530258497,
  "overpowerment": 0.7822208859255044,
  "patheticism": 0.1150753910150324,
  "peanutAllergy": true,
  "permAttr": [
    "ALTERNATE"
  ],
  "pressurization": 0.4862968749440175,
  "ritual": "Grooming",
  "ruthlessness": 0.35677779672843335,
  "seasAttr": [],
  "shakespearianism": 0.0924706662849828,
  "soul": 7,
  "suppression": 0.7001228380010371,
  "tenaciousness": 0.21770486829256064,
  "thwackability": 0.8944952918101052,
  "totalFingers": 10,
  "tragicness": 0.34636904765041066,
  "unthwackability": 0.18167168371510337,
  "watchfulness": 0.8734335044630694,
  "weekAttr": []
}