{
  "anticapitalism": 0.4282666457034918,
  "baseThirst": 0.5226023015208081,
  "baserunningRating": 0.7682117276508444,
  "blood": 9,
  "buoyancy": 0.2816460496339841,
  "chasiness": 0.08925449158521226,
  "cinnamon": 0.07299836372047497,
  "coffee": 2,
  "coldness": 0.5880393321724278,
  "continuation": 0.3052789648083453,
  "deceased": false,
  "defenseRating": 0.4672391654436624,
  "divinity": 0.8275411221890707,
  "eDensity": 24.229454211956448,
  "evolution": 0,
  "fate": 45,
  "gameAttr": [],
  "groundFriction": 0.7467381279919318,
  "hitStreak": 0,
  "hittingRating": 0.45612531573137755,
  "id": "710541f4-bb89-4134-8973-958c82b29a41",
  "indulgence": 0.8883651115029753,
  "itemAttr": [],
  "items": [],
  "laserlikeness": 0.9247753858936636,
  "leagueTeamId": "3f8bbb15-61c0-4e3f-8e4a-907a5fb1565e",
  "martyrdom": 0.13700683672601643,
  "moxie": 0.71058379396775,
  "musclitude": 0.006386924338215971,
  "name": "Kiki Junior Jr",
  "omniscience": 0.17302517593949074,
  "overpowerment": 0.3660378449345394,
  "patheticism": 0.029903153825191486,
  "peanutAllergy": false,
  "permAttr": [],
  "pitchingRating": 0.13001795139318725,
  "pressurization": 0.6719149162402398,
  "ritual": "Eating fans",
  "ruthlessness": 0.07022641356007231,
  "seasAttr": [],
  "shakespearianism": 0.7197719815297885,
  "soul": 6,
  "state": {},
  "suppression": 0.816525691441377,
  "tenaciousness": 0.8956373748248443,
  "thwackability": 0.4600197520876659,
  "totalFingers": 10,
  "tournamentTeamId": null,
  "tragicness": 0.1,
  "unthwackability": 0.2098162607064309,
  "watchfulness": 0.5402130201839503,
  "weekAttr": []
}