{
  "anticapitalism": 0.7341615956739093,
  "armor": "",
  "baseThirst": 0.907887256246266,
  "bat": "",
  "blood": 4,
  "buoyancy": 0.5614154613877615,
  "chasiness": 1.0597527978075083,
  "cinnamon": 0.3131220741784371,
  "coffee": 3,
  "coldness": 0.9269518840350894,
  "continuation": 0.34290109570323546,
  "deceased": false,
  "divinity": 0.3081390843958651,
  "fate": 77,
  "gameAttr": [],
  "groundFriction": 0.8161676655771077,
  "id": "7158d158-e7bf-4e9b-9259-62e5b25e3de8",
  "indulgence": 0.9774824963024712,
  "laserlikeness": 0.5670324521972447,
  "martyrdom": 0.7195288044300387,
  "moxie": 0.652633426891446,
  "musclitude": 0.6191402038371336,
  "name": "Karato Bean",
  "omniscience": 0.959122971087561,
  "overpowerment": 0.3285816444790093,
  "patheticism": 0.1673550579187444,
  "peanutAllergy": true,
  "permAttr": [],
  "pressurization": 0.2908032957986796,
  "ritual": "Oiling glove",
  "ruthlessness": 0.9633585586264876,
  "seasAttr": [],
  "shakespearianism": 0.7680424824131784,
  "soul": 5,
  "suppression": 0.21048066119446784,
  "tenaciousness": 0.9765678780843152,
  "thwackability": 0.08197506451092518,
  "totalFingers": 10,
  "tragicness": 0.1,
  "unthwackability": 0.1478887594422531,
  "watchfulness": 1.0422982182538458,
  "weekAttr": []
}