{
  "anticapitalism": 0.7841615956739093,
  "armor": "",
  "baseThirst": 0.917887256246266,
  "baserunningRating": 0.6649731561700813,
  "bat": "",
  "blood": 4,
  "buoyancy": 0.5714154613877616,
  "chasiness": 1.1097527978075086,
  "cinnamon": 0.4631220741784371,
  "coffee": 3,
  "coldness": 0.9269518840350894,
  "continuation": 0.35290109570323547,
  "deceased": false,
  "defenseRating": 1.0019906221626451,
  "divinity": 0.31813908439586513,
  "eDensity": 25.130180288182736,
  "evolution": 0,
  "fate": 77,
  "gameAttr": [],
  "groundFriction": 0.8261676655771077,
  "hitStreak": 0,
  "hittingRating": 0.2677858088471523,
  "id": "7158d158-e7bf-4e9b-9259-62e5b25e3de8",
  "indulgence": 0.9874824963024712,
  "laserlikeness": 0.5770324521972447,
  "leagueTeamId": "9debc64f-74b7-4ae1-a4d6-fce0144b6ea5",
  "martyrdom": 0.7295288044300388,
  "moxie": 0.662633426891446,
  "musclitude": 0.6291402038371336,
  "name": "Karato Bean",
  "omniscience": 1.0091229710875609,
  "overpowerment": 0.3285816444790093,
  "patheticism": 0.1573550579187444,
  "peanutAllergy": true,
  "permAttr": [],
  "pitchingRating": 0.3116694365520373,
  "pressurization": 0.2908032957986796,
  "ritual": "Oiling glove",
  "ruthlessness": 0.9633585586264876,
  "seasAttr": [],
  "shakespearianism": 0.7680424824131784,
  "soul": 5,
  "state": {},
  "suppression": 0.21048066119446784,
  "tenaciousness": 1.026567878084315,
  "thwackability": 0.0919750645109252,
  "totalFingers": 13,
  "tournamentTeamId": null,
  "tragicness": 0.1,
  "unthwackability": 0.14788875944225308,
  "watchfulness": 1.092298218253846,
  "weekAttr": []
}