{
  "anticapitalism": 0.7441615956739093,
  "armor": "",
  "baseThirst": 0.8178872562462659,
  "baserunningRating": 0.564622327513364,
  "bat": "",
  "blood": 4,
  "buoyancy": 0.5714154613877616,
  "chasiness": 1.0697527978075083,
  "cinnamon": 0.4631220741784371,
  "coffee": 3,
  "coldness": 0.8869518840350894,
  "continuation": 0.25290109570323543,
  "deceased": false,
  "defenseRating": 0.9736662663765075,
  "divinity": 0.31813908439586513,
  "eDensity": 0,
  "evolution": 0,
  "fate": 77,
  "gameAttr": [],
  "groundFriction": 0.7261676655771078,
  "hitStreak": 0,
  "hittingRating": 0.2677858088471523,
  "id": "7158d158-e7bf-4e9b-9259-62e5b25e3de8",
  "indulgence": 0.8874824963024711,
  "laserlikeness": 0.4770324521972448,
  "leagueTeamId": "9debc64f-74b7-4ae1-a4d6-fce0144b6ea5",
  "martyrdom": 0.7295288044300388,
  "moxie": 0.662633426891446,
  "musclitude": 0.6291402038371336,
  "name": "Karato Bean",
  "omniscience": 0.969122971087561,
  "overpowerment": 0.2885816444790093,
  "patheticism": 0.1573550579187444,
  "peanutAllergy": true,
  "permAttr": [],
  "pitchingRating": 0.25502909548950675,
  "pressurization": 0.2908032957986796,
  "ritual": "Oiling glove",
  "ruthlessness": 0.9233585586264876,
  "seasAttr": [],
  "shakespearianism": 0.7280424824131784,
  "soul": 5,
  "state": {},
  "suppression": 0.1704806611944678,
  "tenaciousness": 0.9865678780843152,
  "thwackability": 0.0919750645109252,
  "totalFingers": 12,
  "tournamentTeamId": null,
  "tragicness": 0.1,
  "unthwackability": 0.10788875944225308,
  "watchfulness": 1.0522982182538458,
  "weekAttr": []
}