{
  "anticapitalism": 0.8471391133034987,
  "baseThirst": 1.0099387458374487,
  "baserunningRating": 0.7401399367811319,
  "blood": 4,
  "buoyancy": 0.676361739524386,
  "chasiness": 1.1810238459540718,
  "cinnamon": 0.5352271938239171,
  "coffee": 3,
  "coldness": 1.0479732312897454,
  "continuation": 0.43790587817417,
  "deceased": false,
  "defenseRating": 1.0595241685423948,
  "divinity": 0.3753129286652328,
  "eDensity": 26.587712733969703,
  "evolution": 0,
  "fate": 77,
  "gameAttr": [],
  "groundFriction": 0.918298427395638,
  "hitStreak": 0,
  "hittingRating": 0.3701816317443162,
  "id": "7158d158-e7bf-4e9b-9259-62e5b25e3de8",
  "indulgence": 1.062700248889222,
  "items": [],
  "laserlikeness": 0.6480575744775093,
  "leagueTeamId": "b72f3061-f573-40d7-832a-5ad475bd7909",
  "martyrdom": 0.8197373890254555,
  "moxie": 0.7896761543570386,
  "musclitude": 0.7419229567452139,
  "name": "Karato Bean",
  "omniscience": 1.102360863544224,
  "overpowerment": 0.4136641785487328,
  "patheticism": 0.06556072522297196,
  "peanutAllergy": true,
  "permAttr": [],
  "pitchingRating": 0.4327101030209645,
  "pressurization": 0.2908032957986796,
  "ritual": "Oiling glove",
  "ruthlessness": 1.0838852519635551,
  "seasAttr": [],
  "shakespearianism": 0.8434135491252395,
  "soul": 5,
  "state": {},
  "suppression": 0.2699211187252204,
  "tenaciousness": 1.1218297875533796,
  "thwackability": 0.17861661697771147,
  "totalFingers": 13,
  "tournamentTeamId": null,
  "tragicness": 0.041075474725330866,
  "unthwackability": 0.23614971538022256,
  "watchfulness": 1.1651820061436635,
  "weekAttr": []
}