{
  "anticapitalism": 0.9428924517524828,
  "armor": "",
  "baseThirst": 0.47224059483756187,
  "bat": "",
  "blood": 12,
  "buoyancy": 0.6096685074384532,
  "chasiness": 0.36807809743651065,
  "cinnamon": 1.12077818297276,
  "coffee": 2,
  "coldness": 0.7063236609167126,
  "continuation": 0.7456500313779726,
  "deceased": false,
  "divinity": 1.0811381283849315,
  "fate": 99,
  "gameAttr": [],
  "groundFriction": 0.45833834107150984,
  "hitStreak": 0,
  "id": "718dea1a-d9a8-4c2b-933a-f0667b5250e6",
  "indulgence": 0.39535347835583634,
  "laserlikeness": 0.870326513363187,
  "martyrdom": 0.9776271305493088,
  "moxie": 1.2419780893955366,
  "musclitude": 1.0688230236490346,
  "name": "Margarito Nava",
  "omniscience": 1.186894115771783,
  "overpowerment": 0.8695262733802428,
  "patheticism": 0.6733060767130541,
  "peanutAllergy": false,
  "permAttr": [
    "FIRE_EATER",
    "MAGMATIC"
  ],
  "pressurization": 0.1517417205347107,
  "ritual": "Coffee break",
  "ruthlessness": 0.2961016383956603,
  "seasAttr": [],
  "shakespearianism": 0.8949332685399747,
  "soul": 4,
  "suppression": 0.4647234517222312,
  "tenaciousness": 0.25742774260299006,
  "thwackability": 0.6328419374199072,
  "totalFingers": 13,
  "tragicness": 0.1,
  "unthwackability": 1.1358363120120238,
  "watchfulness": 0.7681680664480761,
  "weekAttr": []
}