{
  "anticapitalism": 0.850355118284957,
  "armor": "",
  "baseThirst": 0.3747286085523819,
  "bat": "",
  "blood": 5,
  "buoyancy": 0.5128568837935771,
  "chasiness": 0.2561009169734103,
  "cinnamon": 1.0408579244581284,
  "coffee": 2,
  "coldness": 0.6005527090126251,
  "continuation": 0.6343419828502653,
  "deceased": false,
  "divinity": 0.9735004828986856,
  "fate": 99,
  "gameAttr": [],
  "groundFriction": 0.3582951679216766,
  "id": "718dea1a-d9a8-4c2b-933a-f0667b5250e6",
  "indulgence": 0.29179836231989054,
  "laserlikeness": 0.7552482100149513,
  "martyrdom": 0.8765125864026772,
  "moxie": 1.1220240635992045,
  "musclitude": 0.9747847322514904,
  "name": "Margarito Nava",
  "omniscience": 1.0747229280327035,
  "overpowerment": 0.7816026644724361,
  "patheticism": 0.7545202468521136,
  "peanutAllergy": false,
  "permAttr": [],
  "pressurization": 0.1517417205347107,
  "ritual": "Coffee break",
  "ruthlessness": 0.17759770841910327,
  "seasAttr": [],
  "shakespearianism": 0.8137561502111526,
  "soul": 4,
  "suppression": 0.3701085855203933,
  "tenaciousness": 0.16208194156836755,
  "thwackability": 0.549316148570116,
  "totalFingers": 12,
  "tragicness": 0.01,
  "unthwackability": 1.02891727151309,
  "watchfulness": 0.674527238452908,
  "weekAttr": []
}