{
  "anticapitalism": 0.9228924517524828,
  "armor": "",
  "baseThirst": 0.45224059483756185,
  "bat": "",
  "blood": 5,
  "buoyancy": 0.5896685074384532,
  "chasiness": 0.34807809743651064,
  "cinnamon": 1.12077818297276,
  "coffee": 2,
  "coldness": 0.6863236609167126,
  "continuation": 0.7256500313779726,
  "deceased": false,
  "divinity": 1.0611381283849315,
  "fate": 99,
  "gameAttr": [],
  "groundFriction": 0.4383383410715098,
  "id": "718dea1a-d9a8-4c2b-933a-f0667b5250e6",
  "indulgence": 0.3753534783558363,
  "laserlikeness": 0.850326513363187,
  "martyrdom": 0.9576271305493088,
  "moxie": 1.2219780893955363,
  "musclitude": 1.0488230236490346,
  "name": "Margarito Nava",
  "omniscience": 1.166894115771783,
  "overpowerment": 0.8495262733802428,
  "patheticism": 0.6933060767130541,
  "peanutAllergy": false,
  "permAttr": [],
  "pressurization": 0.1517417205347107,
  "ritual": "Coffee break",
  "ruthlessness": 0.27610163839566026,
  "seasAttr": [],
  "shakespearianism": 0.8749332685399747,
  "soul": 4,
  "suppression": 0.4447234517222312,
  "tenaciousness": 0.23742774260299004,
  "thwackability": 0.6128419374199072,
  "totalFingers": 12,
  "tragicness": 0.1,
  "unthwackability": 1.1158363120120238,
  "watchfulness": 0.7481680664480761,
  "weekAttr": []
}