{
  "anticapitalism": 0.760582075709134,
  "baseThirst": 0.5631193883369001,
  "baserunningRating": 0.7972657522126461,
  "blood": 12,
  "buoyancy": 0.8266229199762953,
  "chasiness": 0.17696216038513585,
  "cinnamon": 1.1881134201350383,
  "coffee": 2,
  "coldness": 0.7615599605113554,
  "continuation": 0.8258112330686024,
  "deceased": false,
  "defenseRating": 0.5008214662388963,
  "divinity": 1.2844943629395995,
  "eDensity": 29.210310281328017,
  "evolution": 0,
  "fate": 99,
  "gameAttr": [],
  "groundFriction": 0.5411737254793298,
  "hitStreak": 0,
  "hittingRating": 1.0390119096799095,
  "id": "718dea1a-d9a8-4c2b-933a-f0667b5250e6",
  "indulgence": 0.490691939476092,
  "itemAttr": [],
  "items": [
    {
      "baserunningRating": 0,
      "defenseRating": 0,
      "durability": 1,
      "forger": null,
      "forgerName": null,
      "health": 1,
      "hittingRating": 0.05262100311058315,
      "id": "1a661685-d168-4460-a1ae-b0ee834a6800",
      "name": "Bat",
      "pitchingRating": 0,
      "postPrefix": null,
      "prePrefix": null,
      "prefixes": null,
      "root": {
        "adjustments": [
          {
            "stat": 2,
            "type": 1,
            "value": 0.12557952462326327
          }
        ],
        "name": "Bat"
      },
      "suffix": null
    }
  ],
  "laserlikeness": 0.9657858512588028,
  "leagueTeamId": "3f8bbb15-61c0-4e3f-8e4a-907a5fb1565e",
  "martyrdom": 1.1713317162892605,
  "moxie": 1.4446281077177734,
  "musclitude": 1.2844541027551974,
  "name": "Margarito Nava",
  "omniscience": 0.9682778392441324,
  "overpowerment": 0.913774529113725,
  "patheticism": 0.48271606131080663,
  "peanutAllergy": false,
  "permAttr": [
    "FIRE_EATER"
  ],
  "pitchingRating": 0.6929451977725503,
  "pressurization": 0.1517417205347107,
  "ritual": "Coffee break",
  "ruthlessness": 0.3367371597821223,
  "seasAttr": [],
  "shakespearianism": 0.9594808255692372,
  "soul": 4,
  "state": {},
  "suppression": 0.5165703919057647,
  "tenaciousness": 0.11871329140444448,
  "thwackability": 0.8283396267634447,
  "totalFingers": 13,
  "tournamentTeamId": "9e42c12a-7561-42a2-b2d0-7cf81a817a5e",
  "tragicness": 0.001,
  "unthwackability": 1.2045387159425978,
  "watchfulness": 0.5582184395122324,
  "weekAttr": []
}