{
  "anticapitalism": 0.7013091072218156,
  "baseThirst": 0.2179764248616679,
  "baserunningRating": 0.4088987445282507,
  "blood": 12,
  "buoyancy": 1.0248857101992994,
  "chasiness": 0.2548758306539927,
  "cinnamon": 0.6252598627420047,
  "coffee": 2,
  "coldness": 0.5239633445750348,
  "continuation": 0.1426276781736404,
  "deceased": false,
  "defenseRating": 0.4933831463568481,
  "divinity": 0.2413378372656934,
  "eDensity": 19.343763606522735,
  "evolution": 0,
  "fate": 82,
  "gameAttr": [],
  "groundFriction": 0.4868203123363226,
  "hitStreak": 0,
  "hittingRating": 0.478568496851976,
  "id": "72ca8ed5-a8c7-4571-9745-80de5a49b2d1",
  "indulgence": 0.1825920725987705,
  "itemAttr": [],
  "items": [
    {
      "baserunningRating": 0,
      "defenseRating": 0,
      "durability": 1,
      "forger": null,
      "forgerName": null,
      "health": 1,
      "hittingRating": 0.026671855471570582,
      "id": "a15f54fa-53ec-4c55-bc81-6189fc1f261f",
      "name": "Bat",
      "pitchingRating": 0,
      "postPrefix": null,
      "prePrefix": null,
      "prefixes": null,
      "root": {
        "adjustments": [
          {
            "stat": 2,
            "type": 1,
            "value": 0.14399148362409214
          }
        ],
        "name": "Bat"
      },
      "suffix": null
    }
  ],
  "laserlikeness": 0.5431737391197666,
  "leagueTeamId": "f02aeae2-5e6a-4098-9842-02d2273f25c7",
  "martyrdom": 0.150596191129225,
  "moxie": 0.40221514808442926,
  "musclitude": 0.9164839639876792,
  "name": "Kaj Statter Jr.",
  "omniscience": 0.5820698250970406,
  "overpowerment": 0.8384592245834771,
  "patheticism": 0.7657851703513929,
  "peanutAllergy": false,
  "permAttr": [
    "SMOOTH"
  ],
  "pitchingRating": 0.23968727033760187,
  "pressurization": 0.3202197430201299,
  "ritual": "Discourse",
  "ruthlessness": 0.4206755351037608,
  "seasAttr": [],
  "shakespearianism": 0.10629423023928412,
  "soul": 4,
  "state": {},
  "suppression": 0.7552967194034956,
  "tenaciousness": 0.2000610589880438,
  "thwackability": 0.8590986486923495,
  "totalFingers": 10,
  "tournamentTeamId": null,
  "tragicness": 0.09230447177004268,
  "unthwackability": 0.1958035523418503,
  "watchfulness": 0.3526384556680341,
  "weekAttr": []
}