{
  "anticapitalism": 0.7511562597123955,
  "armor": "",
  "baseThirst": 0.3603366354023458,
  "baserunningRating": 0.5844035647791749,
  "bat": "",
  "blood": 5,
  "buoyancy": 0.6900384212989035,
  "chasiness": 0.5556662063530546,
  "cinnamon": 0.2479501880108322,
  "coffee": 1,
  "coldness": 0.6072741521055339,
  "continuation": 0.26787258820675686,
  "deceased": false,
  "defenseRating": 0.6763586948455771,
  "divinity": 0.1002238423843568,
  "eDensity": 26.78160432789712,
  "evolution": 1,
  "fate": 18,
  "gameAttr": [],
  "groundFriction": 0.6135068137087912,
  "hitStreak": 0,
  "hittingRating": 0.37089012449060854,
  "id": "72fb797a-aea8-4723-b7e4-d110c301320e",
  "indulgence": 1.0179803659635909,
  "laserlikeness": 0.5989445476698425,
  "leagueTeamId": "bb4a9de5-c924-4923-a0cb-9d1445f1ee5d",
  "martyrdom": 0.5323788986170828,
  "moxie": 0.5426647178318091,
  "musclitude": 0.8591877230753496,
  "name": "Persephone Splotter",
  "omniscience": 0.4192878469815521,
  "overpowerment": 0.5097679735629315,
  "patheticism": 0.6355192663045623,
  "peanutAllergy": true,
  "permAttr": [],
  "pitchingRating": 0.3461160383111199,
  "pressurization": 0.29135734982653605,
  "ritual": "Whispering",
  "ruthlessness": 0.11970762349425548,
  "seasAttr": [],
  "shakespearianism": 0.5648210475725467,
  "soul": 7,
  "state": {},
  "suppression": 0.3836878189595078,
  "tenaciousness": 1.0662249394910834,
  "thwackability": 0.8431866909329835,
  "totalFingers": 10,
  "tournamentTeamId": null,
  "tragicness": 0.4897918996833006,
  "unthwackability": 0.9208371299480896,
  "watchfulness": 0.2401619911319511,
  "weekAttr": []
}