{
  "anticapitalism": 0.8972211653618685,
  "baseThirst": 0.4594396129264589,
  "baserunningRating": 0.6763390865557986,
  "blood": 5,
  "buoyancy": 0.818049254714162,
  "chasiness": 0.6620260745830897,
  "cinnamon": 0.30927829145220065,
  "coffee": 1,
  "coldness": 0.7617794943487758,
  "continuation": 0.336751296248913,
  "deceased": false,
  "defenseRating": 0.7899003933097779,
  "divinity": 0.17702344219111693,
  "eDensity": 31.989275316181807,
  "evolution": 1,
  "fate": 18,
  "gameAttr": [],
  "groundFriction": 0.7162527607187608,
  "hitStreak": 0,
  "hittingRating": 0.4954061398316937,
  "id": "72fb797a-aea8-4723-b7e4-d110c301320e",
  "indulgence": 1.121668461751467,
  "itemAttr": [],
  "items": [],
  "laserlikeness": 0.6941211329667459,
  "leagueTeamId": "bb4a9de5-c924-4923-a0cb-9d1445f1ee5d",
  "martyrdom": 0.6970385111295847,
  "moxie": 0.6812086635521312,
  "musclitude": 1.0082394901417937,
  "name": "Persephone Splotter",
  "omniscience": 0.5558025015829753,
  "overpowerment": 0.6914184856304861,
  "patheticism": 0.5247601198466166,
  "peanutAllergy": true,
  "permAttr": [],
  "pitchingRating": 0.608250854042988,
  "pressurization": 0.29135734982653605,
  "ritual": "Whispering",
  "ruthlessness": 0.3258577403078342,
  "seasAttr": [],
  "shakespearianism": 0.7712010917111041,
  "soul": 7,
  "state": {},
  "suppression": 0.5752988118291047,
  "tenaciousness": 1.1783608452031036,
  "thwackability": 0.9429881635035904,
  "totalFingers": 11,
  "tournamentTeamId": null,
  "tragicness": 0.2756712148801446,
  "unthwackability": 1.082170608827786,
  "watchfulness": 0.37115139311118145,
  "weekAttr": []
}