{
  "anticapitalism": 0.6693751175557219,
  "armor": "",
  "baseThirst": 0.29240887225436607,
  "baserunningRating": 0.4986983001516264,
  "bat": "",
  "blood": 5,
  "buoyancy": 0.5981410715701192,
  "chasiness": 0.4753421490227152,
  "cinnamon": 0.23674774902969808,
  "coffee": 1,
  "coldness": 0.5122508036077456,
  "continuation": 0.19849517720439724,
  "deceased": false,
  "defenseRating": 0.5895542420366351,
  "divinity": 0.02451607945210221,
  "eDensity": 24.596709227796563,
  "evolution": 1,
  "fate": 18,
  "gameAttr": [],
  "groundFriction": 0.5348298863016439,
  "hitStreak": 0,
  "hittingRating": 0.2110363408498424,
  "id": "72fb797a-aea8-4723-b7e4-d110c301320e",
  "indulgence": 0.9260027814685918,
  "laserlikeness": 0.5057805018470669,
  "leagueTeamId": "bb4a9de5-c924-4923-a0cb-9d1445f1ee5d",
  "martyrdom": 0.4716721467725309,
  "moxie": 0.4542936600661416,
  "musclitude": 0.7932160864682694,
  "name": "Persephone Splotter",
  "omniscience": 0.33078494027160277,
  "overpowerment": 0.440436161097717,
  "patheticism": 0.7242751551452362,
  "peanutAllergy": true,
  "permAttr": [],
  "pitchingRating": 0.21452672093283368,
  "pressurization": 0.29135734982653605,
  "ritual": "Whispering",
  "ruthlessness": 0.043746349627994834,
  "seasAttr": [],
  "shakespearianism": 0.5044784160225684,
  "soul": 7,
  "state": {},
  "suppression": 0.3096699373279854,
  "tenaciousness": 0.9799702944341172,
  "thwackability": 0.765059656416458,
  "totalFingers": 10,
  "tournamentTeamId": null,
  "tragicness": 0.5528202013505217,
  "unthwackability": 0.8531036351043042,
  "watchfulness": 0.15172058746697714,
  "weekAttr": []
}