{
  "anticapitalism": 0.8972211653618685,
  "armor": "",
  "baseThirst": 0.4594396129264589,
  "baserunningRating": 0.6763390865557986,
  "bat": "",
  "blood": 5,
  "buoyancy": 0.7942959720350059,
  "chasiness": 0.6620260745830897,
  "cinnamon": 0.30927829145220065,
  "coffee": 1,
  "coldness": 0.7274933661590223,
  "continuation": 0.336751296248913,
  "deceased": false,
  "defenseRating": 0.7899003933097779,
  "divinity": 0.1554619781723645,
  "eDensity": 30.288285821545205,
  "evolution": 1,
  "fate": 18,
  "gameAttr": [],
  "groundFriction": 0.7162527607187608,
  "hitStreak": 0,
  "hittingRating": 0.460627238014165,
  "id": "72fb797a-aea8-4723-b7e4-d110c301320e",
  "indulgence": 1.121668461751467,
  "laserlikeness": 0.6941211329667459,
  "leagueTeamId": "bb4a9de5-c924-4923-a0cb-9d1445f1ee5d",
  "martyrdom": 0.6492832818561507,
  "moxie": 0.655273730215556,
  "musclitude": 0.9389821153497302,
  "name": "Persephone Splotter",
  "omniscience": 0.5558025015829753,
  "overpowerment": 0.670214296313604,
  "patheticism": 0.5732323463503627,
  "peanutAllergy": true,
  "permAttr": [],
  "pitchingRating": 0.4970912523458552,
  "pressurization": 0.29135734982653605,
  "ritual": "Whispering",
  "ruthlessness": 0.220322177243753,
  "seasAttr": [],
  "shakespearianism": 0.6742278118527764,
  "soul": 7,
  "state": {},
  "suppression": 0.48700866000149695,
  "tenaciousness": 1.1783608452031036,
  "thwackability": 0.915043728158276,
  "totalFingers": 11,
  "tournamentTeamId": null,
  "tragicness": 0.39225178931898064,
  "unthwackability": 1.0273271808592863,
  "watchfulness": 0.37115139311118145,
  "weekAttr": []
}