{
  "anticapitalism": 0.8186629072314737,
  "baseThirst": 0.6712488720527097,
  "baserunningRating": 0.5390551957059843,
  "blood": 9,
  "buoyancy": 0.9132840631674504,
  "chasiness": 0.6869739211548501,
  "cinnamon": 0.5173776534720199,
  "coffee": 7,
  "coldness": 1.1212093556955107,
  "continuation": 0.41680858511809055,
  "deceased": false,
  "defenseRating": 0.7245054365597038,
  "divinity": 0.1402538177383512,
  "eDensity": 59.36947754191391,
  "evolution": 0,
  "fate": 38,
  "gameAttr": [],
  "groundFriction": 1.153312501046977,
  "hitStreak": 0,
  "hittingRating": 0.38955040919291406,
  "id": "73265ee3-bb35-40d1-b696-1f241a6f5966",
  "indulgence": 0.6300727399479434,
  "itemAttr": [],
  "items": [
    {
      "baserunningRating": 0,
      "defenseRating": 0,
      "durability": 1,
      "forger": null,
      "forgerName": null,
      "health": 1,
      "hittingRating": 0.015437521971387091,
      "id": "0dfcdd1d-9155-477e-bde2-52dd4ce68adf",
      "name": "Bat",
      "pitchingRating": 0,
      "postPrefix": null,
      "prePrefix": null,
      "prefixes": null,
      "root": {
        "adjustments": [
          {
            "stat": 2,
            "type": 1,
            "value": 0.12172791374285906
          }
        ],
        "name": "Bat"
      },
      "suffix": null
    }
  ],
  "laserlikeness": 0.3996086586271152,
  "leagueTeamId": "8d87c468-699a-47a8-b40d-cfb73a5660ad",
  "martyrdom": 0.3854890479112464,
  "moxie": 0.43758476174467986,
  "musclitude": 0.15307656321819235,
  "name": "Parker Meng",
  "omniscience": 0.4351356490782061,
  "overpowerment": 0.7548883040923156,
  "patheticism": 0.6476330133118593,
  "peanutAllergy": false,
  "permAttr": [
    "ALTERNATE",
    "PERK",
    "MINIMALIST"
  ],
  "pitchingRating": 0.9363605172570346,
  "pressurization": 0.6735110277965328,
  "ritual": "Showtunes",
  "ruthlessness": 1.009855284010923,
  "seasAttr": [],
  "shakespearianism": 0.9160617229032002,
  "soul": 8,
  "state": {},
  "suppression": 0.8208706568470774,
  "tenaciousness": 0.596871483828493,
  "thwackability": 1.0559209552508084,
  "totalFingers": 11,
  "tournamentTeamId": "d8f82163-2e74-496b-8e4b-2ab35b2d3ff1",
  "tragicness": 0.03290057565727623,
  "unthwackability": 0.9577337234665514,
  "watchfulness": 1.0504131062605175,
  "weekAttr": []
}