{
  "anticapitalism": 0.5732345686517277,
  "armor": "",
  "baseThirst": 0.45594902076990707,
  "bat": "",
  "blood": 3,
  "buoyancy": 0.8160685909666456,
  "chasiness": 0.4859948416080509,
  "cinnamon": 0.3087316948780716,
  "coffee": 7,
  "coldness": 0.9413632941645572,
  "continuation": 0.2491568893866436,
  "deceased": false,
  "divinity": 0.035453046375668595,
  "fate": 38,
  "gameAttr": [],
  "groundFriction": 0.9431835018298662,
  "id": "73265ee3-bb35-40d1-b696-1f241a6f5966",
  "indulgence": 0.3965280542713916,
  "laserlikeness": 0.19847109639567395,
  "martyrdom": 0.28407132394747214,
  "moxie": 0.27294044785951344,
  "musclitude": 0.03850963948932917,
  "name": "Parker Meng",
  "omniscience": 0.24757199128433216,
  "overpowerment": 0.5511616136471043,
  "patheticism": 0.7281725083616162,
  "peanutAllergy": true,
  "permAttr": [
    "ALTERNATE"
  ],
  "pressurization": 0.6735110277965328,
  "ritual": "Showtunes",
  "ruthlessness": 0.8145184132185623,
  "seasAttr": [],
  "shakespearianism": 0.6868902154135546,
  "soul": 8,
  "suppression": 0.6118928135507875,
  "tenaciousness": 0.36550971235347873,
  "thwackability": 0.9748736072114472,
  "totalFingers": 11,
  "tragicness": 0.1,
  "unthwackability": 0.7708089305936743,
  "watchfulness": 0.8497328439167242,
  "weekAttr": []
}