{
  "anticapitalism": 0.9145133190383484,
  "armor": "",
  "baseThirst": 0.3215842657856489,
  "bat": "",
  "blood": 0,
  "buoyancy": 0.07143645908373375,
  "chasiness": 0.27792558680433377,
  "cinnamon": 0.38152604047636496,
  "coffee": 0,
  "coldness": 0.5684773642202021,
  "continuation": 0.3391422547005769,
  "deceased": false,
  "divinity": 0.9300043999243816,
  "fate": 88,
  "gameAttr": [],
  "groundFriction": 0.27134340015243064,
  "hitStreak": 0,
  "id": "733d80f1-2485-40f7-828b-fd7cd8243a01",
  "indulgence": 0.730486590717011,
  "laserlikeness": 0.4920102646259621,
  "martyrdom": 0.9523496768059334,
  "moxie": 0.3985282873409228,
  "musclitude": 0.4752373628877271,
  "name": "Rai Spliff",
  "omniscience": 0.8854846616647971,
  "overpowerment": 0.33289760172680927,
  "patheticism": 0.09424430859108336,
  "peanutAllergy": false,
  "permAttr": [],
  "pressurization": 0.26452826639413507,
  "ritual": "",
  "ruthlessness": 0.003619047031312439,
  "seasAttr": [],
  "shakespearianism": 0.008882302152237509,
  "soul": 4,
  "suppression": 0.9178712664073864,
  "tenaciousness": 0.2055809306378955,
  "thwackability": 0.8182175909913263,
  "totalFingers": 10,
  "tragicness": 0.8405128269949247,
  "unthwackability": 0.7210353986196405,
  "watchfulness": 0.375946368180867,
  "weekAttr": []
}