{
  "anticapitalism": 0.18189678819492183,
  "baseThirst": 0.7617660409524758,
  "baserunningRating": 0.37144442481677664,
  "blood": 9,
  "buoyancy": 0.5783685942899044,
  "chasiness": 0.9305380265978824,
  "cinnamon": 0.9465741746762508,
  "coffee": 5,
  "coldness": 0.6055845035690526,
  "continuation": 0.762238410567611,
  "deceased": false,
  "defenseRating": 0.5530452011505778,
  "divinity": 0.3902489064863175,
  "eDensity": 14.752062632507243,
  "evolution": 0,
  "fate": 12,
  "gameAttr": [],
  "groundFriction": 0.6548360859513846,
  "hitStreak": 0,
  "hittingRating": 0.2803738600112386,
  "id": "73a934de-3db1-4553-97f2-9e7b57744b34",
  "indulgence": 0.01962010633127909,
  "itemAttr": [
    "DOUBLE_PAYOUTS"
  ],
  "items": [
    {
      "baserunningRating": 0,
      "defenseRating": 0.03920787774847989,
      "durability": 3,
      "forger": null,
      "forgerName": null,
      "health": 3,
      "hittingRating": 0,
      "id": "c9c31624-d389-4e8d-96d5-8b641da0519f",
      "name": "Golden Ring of Intelligence",
      "pitchingRating": 0.08838812610218238,
      "postPrefix": null,
      "prePrefix": null,
      "prefixes": [
        {
          "adjustments": [
            {
              "mod": "DOUBLE_PAYOUTS",
              "type": 0
            }
          ],
          "name": "Golden"
        }
      ],
      "root": {
        "adjustments": [
          {
            "stat": 19,
            "type": 1,
            "value": 0.1456438020882375
          }
        ],
        "name": "Ring"
      },
      "suffix": {
        "adjustments": [
          {
            "stat": 19,
            "type": 1,
            "value": 0.10029297232055744
          },
          {
            "stat": 24,
            "type": 1,
            "value": 0.17892438938286526
          },
          {
            "stat": 14,
            "type": 1,
            "value": 0.1851690538583871
          }
        ],
        "name": "Intelligence"
      }
    }
  ],
  "laserlikeness": 0.3674839777516616,
  "leagueTeamId": "3f8bbb15-61c0-4e3f-8e4a-907a5fb1565e",
  "martyrdom": 0.5249995292431402,
  "moxie": 0.2857236785720345,
  "musclitude": 0.11447658741274558,
  "name": "Salih Ultrabass",
  "omniscience": 0.3231972391141522,
  "overpowerment": 0.1901950493974558,
  "patheticism": 0.8886836306955259,
  "peanutAllergy": true,
  "permAttr": [],
  "pitchingRating": 0.04543117580815648,
  "pressurization": 0.6791030678407881,
  "ritual": "Hyperbaric chamber",
  "ruthlessness": 0.02712293587475667,
  "seasAttr": [],
  "shakespearianism": 0.04891010992459477,
  "soul": 3,
  "state": {
    "itemModSources": {
      "DOUBLE_PAYOUTS": [
        "c9c31624-d389-4e8d-96d5-8b641da0519f"
      ]
    }
  },
  "suppression": 0.5189203917855065,
  "tenaciousness": 0.5606130919555823,
  "thwackability": 0.20150764155589895,
  "totalFingers": 10,
  "tournamentTeamId": null,
  "tragicness": 0.21746321990285877,
  "unthwackability": 0.11410124106499442,
  "watchfulness": 0.4817096769846143,
  "weekAttr": []
}