{
  "anticapitalism": 0.20511052369020571,
  "baseThirst": 0.8028634233422811,
  "baserunningRating": 0.4171304420409282,
  "blood": 9,
  "buoyancy": 0.6038898477059617,
  "chasiness": 0.9599074957928336,
  "cinnamon": 0.9596493177152616,
  "coffee": 5,
  "coldness": 0.6462361236681361,
  "continuation": 0.7733904417284515,
  "deceased": false,
  "defenseRating": 0.5824502351611007,
  "divinity": 0.42503583871459927,
  "eDensity": 14.752062632507243,
  "evolution": 0,
  "fate": 12,
  "gameAttr": [],
  "groundFriction": 0.6914555329885838,
  "hitStreak": 0,
  "hittingRating": 0.31316992357844753,
  "id": "73a934de-3db1-4553-97f2-9e7b57744b34",
  "indulgence": 0.03685892122422882,
  "itemAttr": [
    "DOUBLE_PAYOUTS"
  ],
  "items": [
    {
      "baserunningRating": 0,
      "defenseRating": 0.03920787774847989,
      "durability": 3,
      "forger": null,
      "forgerName": null,
      "health": 3,
      "hittingRating": 0,
      "id": "c9c31624-d389-4e8d-96d5-8b641da0519f",
      "name": "Golden Ring of Intelligence",
      "pitchingRating": 0.08838812610218238,
      "postPrefix": null,
      "prePrefix": null,
      "prefixes": [
        {
          "adjustments": [
            {
              "mod": "DOUBLE_PAYOUTS",
              "type": 0
            }
          ],
          "name": "Golden"
        }
      ],
      "root": {
        "adjustments": [
          {
            "stat": 19,
            "type": 1,
            "value": 0.1456438020882375
          }
        ],
        "name": "Ring"
      },
      "suffix": {
        "adjustments": [
          {
            "stat": 19,
            "type": 1,
            "value": 0.10029297232055744
          },
          {
            "stat": 24,
            "type": 1,
            "value": 0.17892438938286526
          },
          {
            "stat": 14,
            "type": 1,
            "value": 0.1851690538583871
          }
        ],
        "name": "Intelligence"
      }
    }
  ],
  "laserlikeness": 0.3987257663223498,
  "leagueTeamId": "3f8bbb15-61c0-4e3f-8e4a-907a5fb1565e",
  "martyrdom": 0.562622592977674,
  "moxie": 0.32373564221766615,
  "musclitude": 0.13799503758680262,
  "name": "Salih Ultrabass",
  "omniscience": 0.3665855151517475,
  "overpowerment": 0.23073283477562825,
  "patheticism": 0.8505994981060132,
  "peanutAllergy": true,
  "permAttr": [],
  "pitchingRating": 0.07149769891297389,
  "pressurization": 0.6791030678407881,
  "ritual": "Hyperbaric chamber",
  "ruthlessness": 0.047619472451223346,
  "seasAttr": [],
  "shakespearianism": 0.07703968954393095,
  "soul": 3,
  "state": {
    "itemModSources": {
      "DOUBLE_PAYOUTS": [
        "c9c31624-d389-4e8d-96d5-8b641da0519f"
      ]
    }
  },
  "suppression": 0.5546199307469786,
  "tenaciousness": 0.582876293235671,
  "thwackability": 0.22635137185826523,
  "totalFingers": 10,
  "tournamentTeamId": null,
  "tragicness": 0.17186478264698052,
  "unthwackability": 0.1547252448388159,
  "watchfulness": 0.49988204449070234,
  "weekAttr": []
}