{
  "anticapitalism": 0.4220176452973421,
  "baseThirst": 1.0148054398763455,
  "baserunningRating": 1.0178336684043212,
  "blood": 1,
  "buoyancy": 0.5915987839153702,
  "chasiness": 0.6942269822233871,
  "cinnamon": 1.0004551042062326,
  "coffee": 1,
  "coldness": 1.1322176797405843,
  "continuation": 1.1772517153220663,
  "deceased": false,
  "defenseRating": 0.8108584755797916,
  "divinity": 1.226714067034717,
  "eDensity": 28.031347559498457,
  "evolution": 0,
  "fate": 25,
  "gameAttr": [],
  "groundFriction": 1.2586274605877654,
  "hitStreak": 0,
  "hittingRating": 0.992178794733426,
  "id": "740d5fef-d59f-4dac-9a75-739ec07f91cf",
  "indulgence": 1.089722590573846,
  "itemAttr": [],
  "items": [
    {
      "baserunningRating": 0,
      "defenseRating": 0,
      "durability": 1,
      "forger": null,
      "forgerName": null,
      "health": 1,
      "hittingRating": 0.039708067181838946,
      "id": "50642581-3032-423e-a087-a8f259834f14",
      "name": "Bat",
      "pitchingRating": 0,
      "postPrefix": null,
      "prePrefix": null,
      "prefixes": null,
      "root": {
        "adjustments": [
          {
            "stat": 2,
            "type": 1,
            "value": 0.13410658222567995
          }
        ],
        "name": "Bat"
      },
      "suffix": null
    }
  ],
  "laserlikeness": 0.9385568204658468,
  "leagueTeamId": "b024e975-1c4a-4575-8936-a3754a08806a",
  "martyrdom": 1.0813228629347686,
  "moxie": 0.3711271408671055,
  "musclitude": 0.6826185699225683,
  "name": "Conner Haley",
  "omniscience": 1.1348313295510883,
  "overpowerment": 0.7353969409022726,
  "patheticism": 0.32219282724334486,
  "peanutAllergy": true,
  "permAttr": [
    "SPICY"
  ],
  "pitchingRating": 0.6121787126393836,
  "pressurization": 0.08034602736685281,
  "ritual": "Podcasts",
  "ruthlessness": 0.7747131634659336,
  "seasAttr": [],
  "shakespearianism": 0.370241797431184,
  "soul": 2,
  "state": {},
  "suppression": 1.0811607684782398,
  "tenaciousness": 0.5610512945586021,
  "thwackability": 1.1303290969137765,
  "totalFingers": 11,
  "tournamentTeamId": "70eab4ab-6cb1-41e7-ac8b-1050ee12eecc",
  "tragicness": 0.1298230858298215,
  "unthwackability": 0.6110736652572494,
  "watchfulness": 1.034548213555568,
  "weekAttr": []
}