{
  "anticapitalism": 0.3852209639420683,
  "armor": "",
  "baseThirst": 0.8836164952137564,
  "bat": "",
  "blood": 7,
  "buoyancy": 0.5769059307692568,
  "chasiness": 0.6484337474604351,
  "cinnamon": 0.8682998909488482,
  "coffee": 1,
  "coldness": 1.0268811176378645,
  "continuation": 1.0339972553041052,
  "deceased": false,
  "divinity": 1.2018004903816446,
  "fate": 25,
  "gameAttr": [],
  "groundFriction": 1.1353915703206314,
  "id": "740d5fef-d59f-4dac-9a75-739ec07f91cf",
  "indulgence": 0.9678151150576526,
  "laserlikeness": 0.8116847864844323,
  "martyrdom": 1.0704829308627148,
  "moxie": 0.3352033747558001,
  "musclitude": 0.689047168015855,
  "name": "Conner Haley",
  "omniscience": 1.096214402292506,
  "overpowerment": 0.5956791518618345,
  "patheticism": 0.3402071096275461,
  "peanutAllergy": true,
  "permAttr": [],
  "pressurization": 0.08034602736685281,
  "ritual": "Podcasts",
  "ruthlessness": 0.6542952032185609,
  "seasAttr": [],
  "shakespearianism": 0.2513610494458016,
  "soul": 2,
  "suppression": 0.9517916658916016,
  "tenaciousness": 0.5328795871263738,
  "thwackability": 1.0748052763729687,
  "totalFingers": 11,
  "tragicness": 0.01,
  "unthwackability": 0.45267480615355327,
  "watchfulness": 1.008207836572033,
  "weekAttr": []
}