{
  "anticapitalism": 0.31842186988647986,
  "baseThirst": 0.4351845002868732,
  "baserunningRating": 0.6168427506061704,
  "blood": 6,
  "buoyancy": 0.6484186152951076,
  "chasiness": 1.1200440027980978,
  "cinnamon": 0.8884984360789077,
  "coffee": 9,
  "coldness": 0.9964288941130408,
  "continuation": 0.29858383677336037,
  "deceased": false,
  "defenseRating": 0.4473535873884383,
  "divinity": 0.46625927615390345,
  "eDensity": 24.38224461957526,
  "evolution": 1,
  "fate": 17,
  "gameAttr": [
    "TIRED"
  ],
  "groundFriction": 1.1173726864906588,
  "hitStreak": 0,
  "hittingRating": 0.653946299605653,
  "id": "750a7ba9-e595-40be-93e5-4021f1f9460d",
  "indulgence": 0.5164273977199526,
  "items": [],
  "laserlikeness": 0.6387920791740087,
  "leagueTeamId": "bb4a9de5-c924-4923-a0cb-9d1445f1ee5d",
  "martyrdom": 0.459145349472697,
  "moxie": 0.3528451418714863,
  "musclitude": 0.7012317205408533,
  "name": "Lenny Crumb",
  "omniscience": 0.27275690101385136,
  "overpowerment": 0.7241041992614968,
  "patheticism": 0.2759722818215309,
  "peanutAllergy": true,
  "permAttr": [],
  "pitchingRating": 0.336463736624775,
  "pressurization": 0.8194450156766846,
  "ritual": "Summoning circle",
  "ruthlessness": 0.6523103575526435,
  "seasAttr": [],
  "shakespearianism": 1.0007939868549485,
  "soul": 5,
  "state": {},
  "suppression": 0.22672061312340036,
  "tenaciousness": 0.16275569500427098,
  "thwackability": 0.949811138041205,
  "totalFingers": 10,
  "tournamentTeamId": null,
  "tragicness": 0.2731854855407116,
  "unthwackability": 0.1755421992250738,
  "watchfulness": 0.4567172209483232,
  "weekAttr": []
}