{
  "anticapitalism": 0.5646864584363069,
  "armor": "",
  "baseThirst": 1.028241624150687,
  "baserunningRating": 0.27637558689199637,
  "bat": "",
  "blood": 0,
  "buoyancy": 0.5419975218776811,
  "chasiness": 0.2049270537952864,
  "cinnamon": 0.5683682757654651,
  "coffee": 12,
  "coldness": 0.6998907572535968,
  "continuation": 1.0469374425653168,
  "deceased": false,
  "defenseRating": 0.705783589306973,
  "divinity": 0.6035590947223141,
  "eDensity": 15.637369306281652,
  "evolution": 1,
  "fate": 15,
  "gameAttr": [],
  "groundFriction": 0.8542564412816269,
  "hitStreak": 0,
  "hittingRating": 0.6199584709416452,
  "id": "7541fc4b-7e6b-446a-b6a3-755de46a0018",
  "indulgence": 0.08950259606099906,
  "laserlikeness": 0.1258668589035825,
  "leagueTeamId": "46358869-dce9-4a01-bfba-ac24fc56f57e",
  "martyrdom": 0.6914962403835201,
  "moxie": 0.6753099211684498,
  "musclitude": 0.7527721638282965,
  "name": "Quinns Jespersen",
  "omniscience": 0.9151401579342736,
  "overpowerment": 0.529227618269138,
  "patheticism": 0.9488722109860604,
  "peanutAllergy": false,
  "permAttr": [],
  "pitchingRating": 0.24393766855450816,
  "pressurization": 0.8550155754716338,
  "ritual": "Hallucinations",
  "ruthlessness": 0.3212490699118878,
  "seasAttr": [],
  "shakespearianism": 0.236202752251672,
  "soul": 2,
  "state": {},
  "suppression": 0.2068118318613833,
  "tenaciousness": 0.7431804894372377,
  "thwackability": 0.7754686969393533,
  "totalFingers": 10,
  "tournamentTeamId": null,
  "tragicness": 0.4282547328063902,
  "unthwackability": 0.24270737911435344,
  "watchfulness": 0.5729873905918397,
  "weekAttr": []
}