{
  "anticapitalism": 0.6712028330702628,
  "armor": "",
  "baseThirst": 0.7214477243869188,
  "baserunningRating": 0.6160330243787685,
  "bat": "",
  "blood": 12,
  "buoyancy": 0.019415394906785316,
  "chasiness": 0.01,
  "cinnamon": 1.0005204265413894,
  "coffee": 3,
  "coldness": 0.8792088083006384,
  "continuation": 0.8780436917682528,
  "deceased": false,
  "defenseRating": 0.28028300627318375,
  "divinity": 0.1782973296103102,
  "eDensity": 19.54387471816961,
  "evolution": 0,
  "fate": 54,
  "gameAttr": [],
  "groundFriction": 0.39926440868711105,
  "hitStreak": 0,
  "hittingRating": 0.2120844772404486,
  "id": "75f9d874-5e69-438d-900d-a3fcb1d429b3",
  "indulgence": 0.6478836995548476,
  "laserlikeness": 0.5448942935380976,
  "leagueTeamId": "3f8bbb15-61c0-4e3f-8e4a-907a5fb1565e",
  "martyrdom": 0.7516662207558382,
  "moxie": 0.5776361641009944,
  "musclitude": 0.353483157534853,
  "name": "Moses Mason",
  "omniscience": 0.5852893486574207,
  "overpowerment": 0.3968717682039182,
  "patheticism": 0.8914886194322493,
  "peanutAllergy": true,
  "permAttr": [],
  "pitchingRating": 0.2550101661318291,
  "pressurization": 0.7290459950758161,
  "ritual": "Playing pranks",
  "ruthlessness": 0.7851094485207777,
  "seasAttr": [],
  "shakespearianism": 0.2950006951239794,
  "soul": 5,
  "state": {},
  "suppression": 0.3878409948139672,
  "tenaciousness": 0.1555206059290387,
  "thwackability": 0.13213944827798663,
  "totalFingers": 13,
  "tournamentTeamId": null,
  "tragicness": 0.25854967556087466,
  "unthwackability": 0.13378473230169902,
  "watchfulness": 0.05380179539753127,
  "weekAttr": []
}