{
  "anticapitalism": 1.02,
  "armor": "",
  "baseThirst": 0.8615533374008422,
  "bat": "",
  "blood": 12,
  "buoyancy": 0.06138330734227783,
  "chasiness": 0.12233411596577648,
  "cinnamon": 0.946727903995479,
  "coffee": 3,
  "coldness": 1.033074295164759,
  "continuation": 1.0082662076472904,
  "deceased": false,
  "divinity": 0.23486704526753033,
  "fate": 54,
  "gameAttr": [],
  "groundFriction": 0.5203646590121682,
  "hitStreak": 0,
  "id": "75f9d874-5e69-438d-900d-a3fcb1d429b3",
  "indulgence": 0.7823041569286597,
  "laserlikeness": 0.6924217441939935,
  "martyrdom": 0.7746901160149309,
  "moxie": 0.6149004699982668,
  "musclitude": 0.375204714009284,
  "name": "Moses Mason",
  "omniscience": 0.9417046869157116,
  "overpowerment": 0.5478798517241865,
  "patheticism": 0.8382345624521517,
  "peanutAllergy": true,
  "permAttr": [],
  "pressurization": 0.7290459950758161,
  "ritual": "Playing pranks",
  "ruthlessness": 0.9403219080770224,
  "seasAttr": [],
  "shakespearianism": 0.4240616529283989,
  "soul": 5,
  "suppression": 0.5453984053385992,
  "tenaciousness": 0.5133443420786008,
  "thwackability": 0.18211251066629996,
  "totalFingers": 13,
  "tragicness": 0.1,
  "unthwackability": 0.27146847540147556,
  "watchfulness": 0.4071008114188408,
  "weekAttr": []
}