{
  "anticapitalism": 0.8200000000000001,
  "armor": "",
  "baseThirst": 0.8615533374008422,
  "baserunningRating": 0.7499622960985279,
  "bat": "",
  "blood": 12,
  "buoyancy": 0.16138330734227785,
  "chasiness": 0.01,
  "cinnamon": 0.946727903995479,
  "coffee": 3,
  "coldness": 1.033074295164759,
  "continuation": 1.0082662076472904,
  "deceased": false,
  "defenseRating": 0.39468456382975664,
  "divinity": 0.3348670452675303,
  "fate": 54,
  "gameAttr": [],
  "groundFriction": 0.5203646590121682,
  "hitStreak": 0,
  "hittingRating": 0.3762380921407744,
  "id": "75f9d874-5e69-438d-900d-a3fcb1d429b3",
  "indulgence": 0.7823041569286597,
  "laserlikeness": 0.6924217441939935,
  "martyrdom": 0.8746901160149309,
  "moxie": 0.7149004699982667,
  "musclitude": 0.475204714009284,
  "name": "Moses Mason",
  "omniscience": 0.7417046869157118,
  "overpowerment": 0.5478798517241865,
  "patheticism": 0.7382345624521517,
  "peanutAllergy": true,
  "permAttr": [],
  "pitchingRating": 0.4266476052500987,
  "pressurization": 0.7290459950758161,
  "ritual": "Playing pranks",
  "ruthlessness": 0.9403219080770224,
  "seasAttr": [],
  "shakespearianism": 0.4240616529283989,
  "soul": 5,
  "suppression": 0.5453984053385992,
  "tenaciousness": 0.31334434207860085,
  "thwackability": 0.28211251066629994,
  "totalFingers": 13,
  "tragicness": 0.1,
  "unthwackability": 0.27146847540147556,
  "watchfulness": 0.2071008114188408,
  "weekAttr": []
}