{
  "anticapitalism": 0.8712028330702629,
  "armor": "",
  "baseThirst": 0.9214477243869188,
  "baserunningRating": 0.8060342703212781,
  "bat": "",
  "blood": 12,
  "buoyancy": 0.21941539490678533,
  "chasiness": 0.08661056770234922,
  "cinnamon": 1.0005204265413894,
  "coffee": 3,
  "coldness": 1.0792088083006384,
  "continuation": 1.0780436917682528,
  "deceased": false,
  "defenseRating": 0.5216718259291684,
  "divinity": 0.3782973296103102,
  "eDensity": 25.76151882441249,
  "evolution": 0,
  "fate": 54,
  "gameAttr": [],
  "groundFriction": 0.5992644086871111,
  "hitStreak": 0,
  "hittingRating": 0.4275787354394029,
  "id": "75f9d874-5e69-438d-900d-a3fcb1d429b3",
  "indulgence": 0.8478836995548475,
  "laserlikeness": 0.7448942935380977,
  "leagueTeamId": "3f8bbb15-61c0-4e3f-8e4a-907a5fb1565e",
  "martyrdom": 0.9516662207558382,
  "moxie": 0.7776361641009943,
  "musclitude": 0.553483157534853,
  "name": "Moses Mason",
  "omniscience": 0.7852893486574206,
  "overpowerment": 0.5968717682039182,
  "patheticism": 0.6914886194322494,
  "peanutAllergy": true,
  "permAttr": [],
  "pitchingRating": 0.4963607146547922,
  "pressurization": 0.7290459950758161,
  "ritual": "Playing pranks",
  "ruthlessness": 0.9851094485207776,
  "seasAttr": [],
  "shakespearianism": 0.49500069512397943,
  "soul": 5,
  "state": {},
  "suppression": 0.5878409948139672,
  "tenaciousness": 0.3555206059290387,
  "thwackability": 0.33213944827798664,
  "totalFingers": 13,
  "tournamentTeamId": null,
  "tragicness": 0.058549675560874655,
  "unthwackability": 0.333784732301699,
  "watchfulness": 0.2538017953975313,
  "weekAttr": []
}