{
  "anticapitalism": 0.7112028330702629,
  "baseThirst": 0.7614477243869189,
  "baserunningRating": 0.6546559809272042,
  "blood": 12,
  "buoyancy": 0.05941539490678532,
  "chasiness": 0.05,
  "cinnamon": 1.0005204265413894,
  "coffee": 3,
  "coldness": 0.8792088083006384,
  "continuation": 0.9180436917682528,
  "deceased": false,
  "defenseRating": 0.37134037905685546,
  "divinity": 0.2182973296103102,
  "eDensity": 20.768965195110617,
  "evolution": 0,
  "fate": 54,
  "gameAttr": [],
  "groundFriction": 0.43926440868711103,
  "hitStreak": 0,
  "hittingRating": 0.25741707318562823,
  "id": "75f9d874-5e69-438d-900d-a3fcb1d429b3",
  "indulgence": 0.6878836995548476,
  "items": [],
  "laserlikeness": 0.5848942935380976,
  "leagueTeamId": "3f8bbb15-61c0-4e3f-8e4a-907a5fb1565e",
  "martyrdom": 0.7916662207558383,
  "moxie": 0.6176361641009944,
  "musclitude": 0.39348315753485297,
  "name": "Moses Mason",
  "omniscience": 0.6252893486574207,
  "overpowerment": 0.3968717682039182,
  "patheticism": 0.8514886194322493,
  "peanutAllergy": true,
  "permAttr": [
    "RECEIVER"
  ],
  "pitchingRating": 0.2550101661318291,
  "pressurization": 0.7290459950758161,
  "ritual": "Playing pranks",
  "ruthlessness": 0.7851094485207777,
  "seasAttr": [
    "ALTERNATE"
  ],
  "shakespearianism": 0.2950006951239794,
  "soul": 5,
  "state": {
    "permModSources": {},
    "seasModSources": {
      "ALTERNATE": [
        "RECEIVER"
      ]
    }
  },
  "suppression": 0.3878409948139672,
  "tenaciousness": 0.19552060592903872,
  "thwackability": 0.17213944827798663,
  "totalFingers": 13,
  "tournamentTeamId": null,
  "tragicness": 0.21854967556087465,
  "unthwackability": 0.13378473230169902,
  "watchfulness": 0.09380179539753128,
  "weekAttr": []
}