{
  "anticapitalism": 0.9255651070549534,
  "armor": "",
  "baseThirst": 0.4589932063902167,
  "bat": "",
  "blood": 2,
  "buoyancy": 0.27657187841534847,
  "chasiness": 0.9563491200655406,
  "cinnamon": 0.13530503108001635,
  "coffee": 12,
  "coldness": 0.7403439399304703,
  "continuation": 0.8479601436311499,
  "deceased": false,
  "divinity": 0.5869288004856045,
  "fate": 60,
  "gameAttr": [],
  "groundFriction": 0.2326188902270146,
  "id": "7663c3ca-40a1-4f13-a430-14637dce797a",
  "indulgence": 0.21089647350203375,
  "laserlikeness": 0.404086032476365,
  "martyrdom": 0.5239129824775924,
  "moxie": 0.01,
  "musclitude": 0.6723391977248597,
  "name": "PolkaDot Zavala",
  "omniscience": 0.2172196676515011,
  "overpowerment": 0.2013966785345454,
  "patheticism": 0.10249827678695814,
  "peanutAllergy": true,
  "permAttr": [],
  "pressurization": 0.1141506546514083,
  "ritual": "Hermetics",
  "ruthlessness": 0.575941700072528,
  "seasAttr": [],
  "shakespearianism": 0.42008618898560407,
  "soul": 5,
  "suppression": 0.5177663531503858,
  "tenaciousness": 0.942408187710691,
  "thwackability": 0.674063721145424,
  "totalFingers": 11,
  "tragicness": 0.2,
  "unthwackability": 0.1960483056919478,
  "watchfulness": 0.7947178716232041,
  "weekAttr": []
}