{
  "anticapitalism": 1.114212025384956,
  "baseThirst": 0.6475980875039404,
  "baserunningRating": 0.6153791512557508,
  "blood": 2,
  "buoyancy": 0.43728340595689047,
  "chasiness": 1.1215014044356066,
  "cinnamon": 0.3046073663027579,
  "coffee": 12,
  "coldness": 1.049975139277546,
  "continuation": 1.0436175613467462,
  "deceased": false,
  "defenseRating": 0.8536799394660218,
  "divinity": 0.7389512498304432,
  "eDensity": 29.24795493515026,
  "evolution": 0,
  "fate": 60,
  "gameAttr": [],
  "groundFriction": 0.4007065042199386,
  "hitStreak": 0,
  "hittingRating": 0.7312384539700644,
  "id": "7663c3ca-40a1-4f13-a430-14637dce797a",
  "indulgence": 0.37944026616559967,
  "itemAttr": [],
  "items": [
    {
      "baserunningRating": 0,
      "defenseRating": 0,
      "durability": 1,
      "forger": null,
      "forgerName": null,
      "health": 1,
      "hittingRating": 0.030856859133459813,
      "id": "7d5dc2b5-66cb-4dac-bd46-6810a63006f6",
      "name": "Bat",
      "pitchingRating": 0,
      "postPrefix": null,
      "prePrefix": null,
      "prefixes": null,
      "root": {
        "adjustments": [
          {
            "stat": 2,
            "type": 1,
            "value": 0.10616810150726388
          }
        ],
        "name": "Bat"
      },
      "suffix": null
    }
  ],
  "laserlikeness": 0.5969283537329928,
  "leagueTeamId": "adc5b394-8f76-416d-9ce9-813706877b84",
  "martyrdom": 0.6662440125457704,
  "moxie": 0.18220920558297893,
  "musclitude": 0.8416670371668347,
  "name": "PolkaDot Zavala",
  "omniscience": 0.3671031456517321,
  "overpowerment": 0.5152165863704763,
  "patheticism": 0.001,
  "peanutAllergy": true,
  "permAttr": [],
  "pitchingRating": 0.5494103031867715,
  "pressurization": 0.1141506546514083,
  "ritual": "Hermetics",
  "ruthlessness": 0.8509600986047692,
  "seasAttr": [],
  "shakespearianism": 0.7029173977101609,
  "soul": 5,
  "state": {},
  "suppression": 0.8330268302042553,
  "tenaciousness": 1.1207084469093207,
  "thwackability": 0.8469931167003191,
  "totalFingers": 12,
  "tournamentTeamId": null,
  "tragicness": 0.021344294835378055,
  "unthwackability": 0.4485692324286724,
  "watchfulness": 0.9719000298725272,
  "weekAttr": []
}