{
  "anticapitalism": 0.9255651070549534,
  "armor": "",
  "baseThirst": 0.4589932063902167,
  "bat": "",
  "blood": 2,
  "buoyancy": 0.3765718784153485,
  "chasiness": 0.9563491200655406,
  "cinnamon": 0.13530503108001635,
  "coffee": 12,
  "coldness": 0.6108188546400797,
  "continuation": 0.77296014363115,
  "deceased": false,
  "divinity": 0.6869288004856045,
  "fate": 60,
  "groundFriction": 0.1576188902270146,
  "id": "7663c3ca-40a1-4f13-a430-14637dce797a",
  "indulgence": 0.21089647350203375,
  "laserlikeness": 0.284086032476365,
  "martyrdom": 0.6239129824775924,
  "moxie": 0.02957010490294576,
  "musclitude": 0.7498391977248597,
  "name": "PolkaDot Zavala",
  "omniscience": 0.2172196676515011,
  "overpowerment": 0.07187159324415471,
  "patheticism": 0.0024982767869581313,
  "peanutAllergy": true,
  "pressurization": 0.2641506546514083,
  "ritual": "Hermetics",
  "ruthlessness": 0.44641661478213734,
  "shakespearianism": 0.2905611036952134,
  "soul": 5,
  "suppression": 0.38824126785999513,
  "tenaciousness": 0.942408187710691,
  "thwackability": 0.774063721145424,
  "totalFingers": 10,
  "tragicness": 0.1,
  "unthwackability": 0.06652322040155711,
  "watchfulness": 0.7947178716232041
}