{
  "anticapitalism": 0.8535712976145217,
  "armor": "",
  "baseThirst": 0.7394331674815497,
  "baserunningRating": 0.919546588916164,
  "bat": "",
  "blood": 6,
  "buoyancy": 1.0502129522769517,
  "chasiness": 0.271305519849221,
  "cinnamon": 1.1002620449472948,
  "coffee": 7,
  "coldness": 0.3693400232911438,
  "continuation": 0.9451924622173952,
  "deceased": false,
  "defenseRating": 0.6994432258938303,
  "divinity": 0.8776917333403125,
  "eDensity": 57.28861828089403,
  "evolution": 0,
  "fate": 64,
  "gameAttr": [],
  "groundFriction": 0.4552126234370428,
  "hitStreak": 0,
  "hittingRating": 0.8792879387794915,
  "id": "766dfd1e-11c3-42b6-a167-9b2d568b5dc0",
  "indulgence": 1.063454404830554,
  "laserlikeness": 1.0502120712662746,
  "leagueTeamId": "36569151-a2fb-43c1-9df7-2df512424c82",
  "martyrdom": 0.9873703565390292,
  "moxie": 0.4081808355013459,
  "musclitude": 0.8710098487993057,
  "name": "Sandie Turner",
  "omniscience": 0.46177395674893784,
  "overpowerment": 0.46947430901281434,
  "patheticism": 0.5618251712353066,
  "peanutAllergy": true,
  "permAttr": [
    "SPICY",
    "PERK"
  ],
  "pitchingRating": 0.8611141139789357,
  "pressurization": 0.5287515061488359,
  "ritual": "Pining for glory",
  "ruthlessness": 0.7164516110907182,
  "seasAttr": [],
  "shakespearianism": 1.2948011743087555,
  "soul": 7,
  "state": {},
  "suppression": 0.3107407623512066,
  "tenaciousness": 0.6944981253192113,
  "thwackability": 1.1086503513780874,
  "totalFingers": 10,
  "tournamentTeamId": "d8f82163-2e74-496b-8e4b-2ab35b2d3ff1",
  "tragicness": 0.001,
  "unthwackability": 1.212485180629863,
  "watchfulness": 1.1765901923904654,
  "weekAttr": []
}