{
  "anticapitalism": 0.6607333764974479,
  "baseThirst": 0.5963993298472201,
  "baserunningRating": 0.7795910776942706,
  "blood": 6,
  "buoyancy": 0.8502586789110096,
  "chasiness": 0.19944894296017104,
  "cinnamon": 0.9308259755533655,
  "coffee": 7,
  "coldness": 0.24964422796307367,
  "continuation": 0.8319952920669782,
  "deceased": false,
  "defenseRating": 0.5875672598942242,
  "divinity": 0.7961773480828651,
  "eDensity": 58.32589018978749,
  "evolution": 0,
  "fate": 64,
  "gameAttr": [],
  "groundFriction": 0.3544236883813392,
  "hitStreak": 0,
  "hittingRating": 0.7906966557202726,
  "id": "766dfd1e-11c3-42b6-a167-9b2d568b5dc0",
  "indulgence": 0.9157216890755216,
  "itemAttr": [],
  "items": [
    {
      "baserunningRating": 0,
      "defenseRating": 0,
      "durability": 1,
      "forger": null,
      "forgerName": null,
      "health": 0,
      "hittingRating": 0.035524693369518356,
      "id": "07e5d2bc-29ca-47dc-b54e-4359dbe9e15e",
      "name": "Bat",
      "pitchingRating": 0,
      "postPrefix": null,
      "prePrefix": null,
      "prefixes": null,
      "root": {
        "adjustments": [
          {
            "stat": 2,
            "type": 1,
            "value": 0.13710934150029253
          }
        ],
        "name": "Bat"
      },
      "suffix": null
    }
  ],
  "laserlikeness": 0.8756788665400987,
  "leagueTeamId": "36569151-a2fb-43c1-9df7-2df512424c82",
  "martyrdom": 0.8064289315605551,
  "moxie": 0.33622395264247384,
  "musclitude": 0.6844197499063772,
  "name": "Sandie Turner",
  "omniscience": 0.38085997836449537,
  "overpowerment": 0.384339644351599,
  "patheticism": 0.6197667597160794,
  "peanutAllergy": true,
  "permAttr": [
    "SPICY",
    "PERK"
  ],
  "pitchingRating": 0.7458436052323034,
  "pressurization": 0.5287515061488359,
  "ritual": "Pining for glory",
  "ruthlessness": 0.6503200490136459,
  "seasAttr": [],
  "shakespearianism": 1.2182831179351,
  "soul": 6,
  "state": {},
  "suppression": 0.18122710004566212,
  "tenaciousness": 0.49527052240246505,
  "thwackability": 1.024804773271753,
  "totalFingers": 10,
  "tournamentTeamId": "d8f82163-2e74-496b-8e4b-2ab35b2d3ff1",
  "tragicness": 0.07702438415213625,
  "unthwackability": 1.0773667038842143,
  "watchfulness": 1.0459291351913256,
  "weekAttr": []
}