{
  "anticapitalism": 0.2580577077347539,
  "baseThirst": 0.5066177204906466,
  "baserunningRating": 0.6858373207439707,
  "blood": 5,
  "buoyancy": 1.0478130143256696,
  "chasiness": 0.6746717572458545,
  "cinnamon": 0.870169187182227,
  "coffee": 3,
  "coldness": 0.007773547735503428,
  "continuation": 0.45462413979333705,
  "deceased": true,
  "defenseRating": 0.4994678636401495,
  "divinity": 0.8981241146442628,
  "eDensity": 0,
  "evolution": 0,
  "fate": 89,
  "gameAttr": [],
  "groundFriction": 0.2133049107558369,
  "hitStreak": 0,
  "hittingRating": 0.5244306102753482,
  "id": "76c4853b-7fbc-4688-8cda-c5b8de1724e4",
  "indulgence": 0.6367270806689709,
  "itemAttr": [],
  "items": [],
  "laserlikeness": 0.9405563491638552,
  "leagueTeamId": null,
  "martyrdom": 0.550752573099368,
  "moxie": 0.7894149006666579,
  "musclitude": 0.23518612026941313,
  "name": "Lars Mendoza",
  "omniscience": 0.5539643173939324,
  "overpowerment": 0.8668887985115055,
  "patheticism": 0.01,
  "peanutAllergy": null,
  "permAttr": [
    "INHABITING"
  ],
  "pitchingRating": 0.5377329685502967,
  "pressurization": 0.4372697478825551,
  "ritual": null,
  "ruthlessness": 0.8166693509561949,
  "seasAttr": [],
  "shakespearianism": 0.29984019163734765,
  "soul": 6,
  "state": {},
  "suppression": 0.6727608497375865,
  "tenaciousness": 0.7240762587689784,
  "thwackability": 0.2617591271673926,
  "totalFingers": 10,
  "tournamentTeamId": null,
  "tragicness": 0,
  "unthwackability": 0.57570284027576,
  "watchfulness": 0.034493236033106056,
  "weekAttr": []
}