{
  "anticapitalism": 0.293785133661039,
  "armor": "",
  "baseThirst": 0.13184027414733923,
  "baserunningRating": 0.3025689730237561,
  "bat": "",
  "blood": 10,
  "buoyancy": 1.0373010082504657,
  "chasiness": 0.07938947913221947,
  "cinnamon": 0.8182287800242906,
  "coffee": 3,
  "coldness": 0.009299483557885456,
  "continuation": 0.8767260835374231,
  "deceased": false,
  "defenseRating": 0.24113004798054735,
  "divinity": 1.0321731475569402,
  "fate": 76,
  "gameAttr": [],
  "groundFriction": 0.7324106328213644,
  "hitStreak": 0,
  "hittingRating": 0.7944194519282337,
  "id": "7932c7c7-babb-4245-b9f5-cdadb97c99fb",
  "indulgence": 0.5584378046837029,
  "laserlikeness": 0.16854679051142307,
  "leagueTeamId": "747b8e4a-7e50-4638-a973-ea7950a3e739",
  "martyrdom": 0.7442030409700068,
  "moxie": 0.19050595161366057,
  "musclitude": 0.6088905333855833,
  "name": "Randy Castillo",
  "omniscience": 0.10197356318462313,
  "overpowerment": 0.8235163473239724,
  "patheticism": 0.703871858851337,
  "peanutAllergy": true,
  "permAttr": [],
  "pitchingRating": 0.053046666106981,
  "pressurization": 0.24853449628553115,
  "ritual": "Inversion table",
  "ruthlessness": 0.9262856531747924,
  "seasAttr": [],
  "shakespearianism": 0.8753409934115801,
  "soul": 3,
  "suppression": 0.7326140986691405,
  "tenaciousness": 0.11777006372639262,
  "thwackability": 0.9667035147880852,
  "totalFingers": 10,
  "tournamentTeamId": null,
  "tragicness": 0.1,
  "unthwackability": 0.004114908441360754,
  "watchfulness": 0.19754932398044608,
  "weekAttr": []
}