{
  "anticapitalism": 0.4886633979025195,
  "armor": "",
  "baseThirst": 0.6972461460057677,
  "bat": "",
  "blood": 2,
  "buoyancy": 0.3865057394025685,
  "chasiness": 0.5928365473645767,
  "cinnamon": 0.014463705964151474,
  "coffee": 1,
  "coldness": 0.3987414031764805,
  "continuation": 0.21126086984931752,
  "deceased": false,
  "divinity": 1.0686874842258338,
  "fate": 71,
  "gameAttr": [],
  "groundFriction": 0.5212280292950331,
  "id": "7a75d626-d4fd-474f-a862-473138d8c376",
  "indulgence": 1.1659701174023718,
  "laserlikeness": 1.190264490349263,
  "martyrdom": 0.8233353381189045,
  "moxie": 1.0671721603504287,
  "musclitude": 0.8902351424362832,
  "name": "Beck Whitney",
  "omniscience": 0.6205630930720512,
  "overpowerment": 0.2718618690657042,
  "patheticism": 0.38351235555836055,
  "peanutAllergy": false,
  "permAttr": [],
  "pressurization": 0.978286247245412,
  "ritual": "Transforming",
  "ruthlessness": 0.7632131133771721,
  "seasAttr": [],
  "shakespearianism": 0.5782075865465057,
  "soul": 8,
  "suppression": 1.1907903753814093,
  "tenaciousness": 0.9484184910204324,
  "thwackability": 0.6311888336074242,
  "totalFingers": 13,
  "tragicness": 0.060000000000000005,
  "unthwackability": 0.7729236041428379,
  "watchfulness": 1.0778113371409628,
  "weekAttr": []
}