{
  "anticapitalism": 0.766673835624671,
  "baseThirst": 1.1582486384929007,
  "baserunningRating": 1.306208407699425,
  "blood": 8,
  "buoyancy": 0.9379252875288906,
  "chasiness": 0.8347497699607876,
  "cinnamon": 0.2761876219997212,
  "coffee": 1,
  "coldness": 0.763259248479133,
  "continuation": 0.6523875540234186,
  "deceased": false,
  "defenseRating": 0.991443876908854,
  "divinity": 1.6797229933685902,
  "eDensity": 48.59629216793094,
  "evolution": 0,
  "fate": 71,
  "gameAttr": [],
  "groundFriction": 0.9495768966280104,
  "hitStreak": 0,
  "hittingRating": 1.3681171267021135,
  "id": "7a75d626-d4fd-474f-a862-473138d8c376",
  "indulgence": 1.643859789398274,
  "itemAttr": [],
  "items": [
    {
      "baserunningRating": 0,
      "defenseRating": 0,
      "durability": 1,
      "forger": null,
      "forgerName": null,
      "health": 0,
      "hittingRating": 0.04478171039827528,
      "id": "1a9a7249-316d-4f46-999e-d290ffa6ac13",
      "name": "Bat",
      "pitchingRating": 0,
      "postPrefix": null,
      "prePrefix": null,
      "prefixes": null,
      "root": {
        "adjustments": [
          {
            "stat": 2,
            "type": 1,
            "value": 0.11150547970335307
          }
        ],
        "name": "Bat"
      },
      "suffix": null
    }
  ],
  "laserlikeness": 1.6507620427442389,
  "leagueTeamId": "979aee4a-6d80-4863-bf1c-ee1a78e06024",
  "martyrdom": 1.413924652293503,
  "moxie": 1.6701432408614405,
  "musclitude": 1.5061715894062349,
  "name": "Beck Whitney",
  "omniscience": 0.8554729518315557,
  "overpowerment": 0.6251944585326357,
  "patheticism": 0.001,
  "peanutAllergy": false,
  "permAttr": [
    "HIGH_PRESSURE"
  ],
  "pitchingRating": 0.9908437555368848,
  "pressurization": 0.978286247245412,
  "ritual": "Transforming",
  "ruthlessness": 1.07263676253173,
  "seasAttr": [],
  "shakespearianism": 0.8985897355116664,
  "soul": 8,
  "state": {},
  "suppression": 1.471856274054272,
  "tenaciousness": 1.205097120970177,
  "thwackability": 1.1730480340430174,
  "totalFingers": 15,
  "tournamentTeamId": "70eab4ab-6cb1-41e7-ac8b-1050ee12eecc",
  "tragicness": 0.001,
  "unthwackability": 1.106618129867163,
  "watchfulness": 1.3491422282889247,
  "weekAttr": []
}