{
  "_id": "7a75d626-d4fd-474f-a862-473138d8c376",
  "anticapitalism": 0.2886633979025195,
  "baseThirst": 0.4972461460057678,
  "bat": "",
  "buoyancy": 0.13650573940256838,
  "chasiness": 0.39283654736457674,
  "cinnamon": 0.014463705964151474,
  "coldness": 0.14874140317648044,
  "continuation": 0.011260869849317512,
  "deceased": false,
  "divinity": 0.8186874842258338,
  "fate": 1,
  "groundFriction": 0.32122802929503314,
  "indulgence": 0.9659701174023718,
  "laserlikeness": 0.990264490349263,
  "martyrdom": 0.5733353381189046,
  "moxie": 0.8171721603504287,
  "musclitude": 0.6402351424362833,
  "name": "Beck Whitney",
  "omniscience": 0.4205630930720512,
  "overpowerment": 0.0218618690657042,
  "patheticism": 0.6335123555583606,
  "peanutAllergy": true,
  "pressurization": 0.978286247245412,
  "ruthlessness": 0.5132131133771722,
  "shakespearianism": 0.3282075865465057,
  "soul": 8,
  "suppression": 0.9407903753814092,
  "tenaciousness": 0.7484184910204326,
  "thwackability": 0.3811888336074243,
  "totalFingers": 10,
  "tragicness": 0.1,
  "unthwackability": 0.522923604142838,
  "watchfulness": 0.8778113371409628
}