{
  "anticapitalism": 0.6517993018144447,
  "baseThirst": 0.12874961222807357,
  "baserunningRating": 0.20392739459571807,
  "blood": 10,
  "buoyancy": 0.7117851758534871,
  "chasiness": 0.031,
  "cinnamon": 0.9226690188674062,
  "coffee": 10,
  "coldness": 0.8784417403940222,
  "continuation": 0.051,
  "deceased": false,
  "defenseRating": 0.21884854392408204,
  "divinity": 0.27381763385651636,
  "eDensity": 20.16713450518688,
  "evolution": 1,
  "fate": 2,
  "gameAttr": [],
  "groundFriction": 0.1813901270019008,
  "hitStreak": 0,
  "hittingRating": 0.21170717118258536,
  "id": "7aeb8e0b-f6fb-4a9e-bba2-335dada5f0a3",
  "indulgence": 0.17798666213345068,
  "itemAttr": [],
  "items": [
    {
      "baserunningRating": 0,
      "defenseRating": 0,
      "durability": 1,
      "forger": null,
      "forgerName": null,
      "health": 1,
      "hittingRating": 0.07775448195437021,
      "id": "5b91f3a8-8c62-42d1-9847-26d96fb85bab",
      "name": "Bat",
      "pitchingRating": 0,
      "postPrefix": null,
      "prePrefix": null,
      "prefixes": null,
      "root": {
        "adjustments": [
          {
            "stat": 2,
            "type": 1,
            "value": 0.11647570135800608
          }
        ],
        "name": "Bat"
      },
      "suffix": null
    }
  ],
  "laserlikeness": 0.22578115973189028,
  "leagueTeamId": "747b8e4a-7e50-4638-a973-ea7950a3e739",
  "martyrdom": 0.5786547951344763,
  "moxie": 0.48665524368039714,
  "musclitude": 0.6875403915548206,
  "name": "Dunlap Figueroa",
  "omniscience": 0.29645321024205135,
  "overpowerment": 0.4875743182159292,
  "patheticism": 0.919,
  "peanutAllergy": false,
  "permAttr": [],
  "pitchingRating": 1.096410144320472,
  "pressurization": 0.9349959073298296,
  "ritual": "Floating",
  "ruthlessness": 1.3030055423235636,
  "seasAttr": [],
  "shakespearianism": 1.4584152123231924,
  "soul": 5,
  "state": {},
  "suppression": 1.1723950302194714,
  "tenaciousness": 0.031,
  "thwackability": 0.081,
  "totalFingers": 13,
  "tournamentTeamId": "a3ea6358-ce03-4f23-85f9-deb38cb81b20",
  "tragicness": 0.07897715422861991,
  "unthwackability": 1.1261985085736028,
  "watchfulness": 0.14768123883512468,
  "weekAttr": []
}