{
  "anticapitalism": 0.9374583647573472,
  "armor": "",
  "baseThirst": 0.42691820749894105,
  "baserunningRating": 0.509365125305961,
  "bat": "",
  "blood": 9,
  "buoyancy": 0.8617559518453568,
  "chasiness": 0.14585562458753,
  "cinnamon": 1.120691851712151,
  "coffee": 10,
  "coldness": 0.6960680409638522,
  "continuation": 0.38295262052844126,
  "deceased": false,
  "defenseRating": 0.4545236618068886,
  "divinity": 0.3643874960958413,
  "fate": 71,
  "gameAttr": [],
  "groundFriction": 0.466325688074952,
  "hitStreak": 0,
  "hittingRating": 0.3112155648577685,
  "id": "7aeb8e0b-f6fb-4a9e-bba2-335dada5f0a3",
  "indulgence": 0.495656182777398,
  "laserlikeness": 0.4995586640247904,
  "leagueTeamId": "747b8e4a-7e50-4638-a973-ea7950a3e739",
  "martyrdom": 0.7828835046411751,
  "moxie": 0.6442443073363715,
  "musclitude": 0.8117403045380693,
  "name": "Dunlap Figueroa",
  "omniscience": 0.43822223532941607,
  "overpowerment": 0.2662366120990905,
  "patheticism": 0.7986705745346121,
  "peanutAllergy": true,
  "permAttr": [],
  "pitchingRating": 0.7711500922188897,
  "pressurization": 0.9349959073298296,
  "ritual": "Floating",
  "ruthlessness": 1.1231660973129818,
  "seasAttr": [],
  "shakespearianism": 1.1990522323335493,
  "soul": 7,
  "suppression": 0.9493716458900564,
  "tenaciousness": 0.19306465102847437,
  "thwackability": 0.14361250306822337,
  "totalFingers": 12,
  "tournamentTeamId": "a3ea6358-ce03-4f23-85f9-deb38cb81b20",
  "tragicness": 0.1,
  "unthwackability": 0.7914839317491624,
  "watchfulness": 0.3844992086184267,
  "weekAttr": []
}