{
  "anticapitalism": 0.8010567305316608,
  "baseThirst": 0.34642273617856933,
  "baserunningRating": 0.4082361909006107,
  "blood": 9,
  "buoyancy": 0.7921935994180518,
  "chasiness": 0.04712612447309331,
  "cinnamon": 1.0493710814361938,
  "coffee": 10,
  "coldness": 0.643212850713982,
  "continuation": 0.21588114577447343,
  "deceased": false,
  "defenseRating": 0.20708512580802776,
  "divinity": 0.24522835086127315,
  "eDensity": 22.137347463750853,
  "evolution": 1,
  "fate": 2,
  "gameAttr": [],
  "groundFriction": 0.33935566659119865,
  "hitStreak": 0,
  "hittingRating": 0.21242691303875613,
  "id": "7aeb8e0b-f6fb-4a9e-bba2-335dada5f0a3",
  "indulgence": 0.34473442241705854,
  "itemAttr": [],
  "items": [
    {
      "baserunningRating": 0,
      "defenseRating": 0,
      "durability": 1,
      "forger": null,
      "forgerName": null,
      "health": 1,
      "hittingRating": 0.07775448195437021,
      "id": "5b91f3a8-8c62-42d1-9847-26d96fb85bab",
      "name": "Bat",
      "pitchingRating": 0,
      "postPrefix": null,
      "prePrefix": null,
      "prefixes": null,
      "root": {
        "adjustments": [
          {
            "stat": 2,
            "type": 1,
            "value": 0.11647570135800608
          }
        ],
        "name": "Bat"
      },
      "suffix": null
    }
  ],
  "laserlikeness": 0.4299627526125477,
  "leagueTeamId": "747b8e4a-7e50-4638-a973-ea7950a3e739",
  "martyrdom": 0.6822318895702044,
  "moxie": 0.5562273491991577,
  "musclitude": 0.7603236248262288,
  "name": "Dunlap Figueroa",
  "omniscience": 0.33847080717523026,
  "overpowerment": 0.11763217509076784,
  "patheticism": 0.8762720341209269,
  "peanutAllergy": true,
  "permAttr": [],
  "pitchingRating": 0.6204442650741558,
  "pressurization": 0.9349959073298296,
  "ritual": "Floating",
  "ruthlessness": 0.9558600820643732,
  "seasAttr": [],
  "shakespearianism": 1.0842322512082894,
  "soul": 6,
  "state": {},
  "suppression": 0.8971422584636383,
  "tenaciousness": 0.011,
  "thwackability": 0.081,
  "totalFingers": 13,
  "tournamentTeamId": "a3ea6358-ce03-4f23-85f9-deb38cb81b20",
  "tragicness": 0.08394858154129274,
  "unthwackability": 0.7629394129381661,
  "watchfulness": 0.27716364076919603,
  "weekAttr": []
}