{
  "anticapitalism": 0.9475612199372488,
  "baseThirst": 0.8797772030620754,
  "baserunningRating": 0.4524168374255195,
  "blood": 7,
  "buoyancy": 1.026512138490708,
  "chasiness": 0.4792927146337731,
  "cinnamon": 0.6702510883218056,
  "coffee": 5,
  "coldness": 0.6339745146326321,
  "continuation": 0.30560171781008716,
  "deceased": true,
  "defenseRating": 0.4936627807896755,
  "divinity": 0.13123236606997493,
  "eDensity": 0,
  "evolution": 0,
  "fate": 84,
  "gameAttr": [],
  "groundFriction": 0.15431030691044612,
  "hitStreak": 0,
  "hittingRating": 0.43315193116212336,
  "id": "7b0f91aa-4d66-4362-993d-6ff60f7ce0ef",
  "indulgence": 0.6959836313340313,
  "itemAttr": [],
  "items": [],
  "laserlikeness": 0.41588478087505054,
  "leagueTeamId": null,
  "martyrdom": 0.7797590637959216,
  "moxie": 0.8006794534095983,
  "musclitude": 0.941207789243272,
  "name": "Blankenship Fischer",
  "omniscience": 0.2208206667583363,
  "overpowerment": 0.16183530339065566,
  "patheticism": 0.01,
  "peanutAllergy": false,
  "permAttr": [],
  "pitchingRating": 0.14674363617225586,
  "pressurization": 0.380138148294108,
  "ritual": null,
  "ruthlessness": 0.07386238583932059,
  "seasAttr": [],
  "shakespearianism": 0.3506167050274469,
  "soul": 4,
  "state": {},
  "suppression": 0.4284843036275068,
  "tenaciousness": 0.4089657379645255,
  "thwackability": 0.7554733948743949,
  "totalFingers": 10,
  "tournamentTeamId": null,
  "tragicness": 0.1,
  "unthwackability": 0.37721399445242576,
  "watchfulness": 0.23208253615237817,
  "weekAttr": []
}