{
  "anticapitalism": 0.2675014185797049,
  "armor": "",
  "baseThirst": 0.2283545846155215,
  "baserunningRating": 0.4723159992344426,
  "bat": "",
  "blood": 2,
  "buoyancy": 0.5717170136839151,
  "chasiness": 0.06187118218462406,
  "cinnamon": 0.9377812519790288,
  "coffee": 7,
  "coldness": 0.648864287592869,
  "continuation": 0.104220395305064,
  "deceased": false,
  "defenseRating": 0.5190418845446169,
  "divinity": 0.2503364980324254,
  "fate": 89,
  "gameAttr": [],
  "groundFriction": 0.6155371863564763,
  "hitStreak": 0,
  "hittingRating": 0.4191322422514802,
  "id": "7b779947-46ef-4b77-be37-962d60875647",
  "indulgence": 0.7300802757292901,
  "laserlikeness": 0.5528761323665186,
  "leagueTeamId": "7966eb04-efcc-499b-8f03-d13916330531",
  "martyrdom": 0.46426640011989506,
  "moxie": 0.1515198875351873,
  "musclitude": 0.782080254943752,
  "name": "Nolastname Sokol",
  "omniscience": 0.8304184285320151,
  "overpowerment": 0.25066690291694016,
  "patheticism": 0.6884949469842108,
  "peanutAllergy": false,
  "permAttr": [],
  "pitchingRating": 0.3029448358670962,
  "pressurization": 0.6865591874489014,
  "ritual": "Discourse",
  "ruthlessness": 0.22254870775359037,
  "seasAttr": [],
  "shakespearianism": 0.6185928329865364,
  "soul": 4,
  "suppression": 0.016853300421521444,
  "tenaciousness": 0.616817646443522,
  "thwackability": 0.6517637054370602,
  "totalFingers": 10,
  "tournamentTeamId": null,
  "tragicness": 0.1293616206986743,
  "unthwackability": 0.5201987173197,
  "watchfulness": 0.3268150216236809,
  "weekAttr": []
}