{
  "_id": "7c5ae357-e079-4427-a90f-97d164c7262e",
  "anticapitalism": 0.5258935501727582,
  "baseThirst": 0.4130611854114716,
  "bat": "",
  "buoyancy": 0.8946104971912276,
  "chasiness": 0.35146309236982143,
  "cinnamon": 0.3215186155024976,
  "coldness": 0.6577745224735128,
  "continuation": 0.4640874211959567,
  "deceased": false,
  "divinity": 0.9001685235859593,
  "fate": 61,
  "groundFriction": 0.1349466346199497,
  "indulgence": 0.4288023978013374,
  "laserlikeness": 0.12511392530791565,
  "martyrdom": 0.9532738844907048,
  "moxie": 0.5104600402953294,
  "musclitude": 0.9491135581153776,
  "name": "Milo Brown",
  "omniscience": 0.7041640029447489,
  "overpowerment": 0.42526872181962183,
  "patheticism": 0.8200707163055589,
  "peanutAllergy": true,
  "pressurization": 0.6626654225357724,
  "ruthlessness": 0.06762347647264644,
  "shakespearianism": 0.7184250280114546,
  "soul": 6,
  "suppression": 0.4134245450407157,
  "tenaciousness": 0.5852282274754894,
  "thwackability": 0.5156962370441975,
  "totalFingers": 10,
  "tragicness": 0.1,
  "unthwackability": 0.3696435096719115,
  "watchfulness": 0.7691186542824
}