{
  "anticapitalism": 0.6058935501727581,
  "baseThirst": 0.4130611854114716,
  "baserunningRating": 0.22550499688112433,
  "blood": 9,
  "buoyancy": 0.8946104971912276,
  "chasiness": 0.43146309236982144,
  "cinnamon": 0.3215186155024976,
  "coffee": 4,
  "coldness": 0.7377745224735127,
  "continuation": 0.4640874211959567,
  "deceased": false,
  "defenseRating": 0.7552771582737056,
  "divinity": 0.9001685235859593,
  "eDensity": 25.420398673074335,
  "evolution": 0,
  "fate": 61,
  "gameAttr": [],
  "groundFriction": 0.1349466346199497,
  "hitStreak": 0,
  "hittingRating": 0.6631764428871928,
  "id": "7c5ae357-e079-4427-a90f-97d164c7262e",
  "indulgence": 0.4288023978013374,
  "itemAttr": [],
  "items": [
    {
      "baserunningRating": 0,
      "defenseRating": 0,
      "durability": 1,
      "forger": null,
      "forgerName": null,
      "health": 1,
      "hittingRating": 0.04991295348757296,
      "id": "0f757634-6726-4711-a0fc-9137d8e6f616",
      "name": "Bat",
      "pitchingRating": 0,
      "postPrefix": null,
      "prePrefix": null,
      "prefixes": null,
      "root": {
        "adjustments": [
          {
            "stat": 2,
            "type": 1,
            "value": 0.118810880868841
          }
        ],
        "name": "Bat"
      },
      "suffix": null
    }
  ],
  "laserlikeness": 0.12511392530791565,
  "leagueTeamId": "b72f3061-f573-40d7-832a-5ad475bd7909",
  "martyrdom": 0.9532738844907048,
  "moxie": 0.5104600402953294,
  "musclitude": 0.9491135581153776,
  "name": "Milo Brown",
  "omniscience": 0.7841640029447489,
  "overpowerment": 0.5052687218196218,
  "patheticism": 0.8200707163055589,
  "peanutAllergy": false,
  "permAttr": [
    "FRIEND_OF_CROWS"
  ],
  "pitchingRating": 0.27324121239716775,
  "pressurization": 0.6626654225357724,
  "ritual": "Research",
  "ruthlessness": 0.14762347647264645,
  "seasAttr": [],
  "shakespearianism": 0.7984250280114545,
  "soul": 6,
  "state": {},
  "suppression": 0.4934245450407157,
  "tenaciousness": 0.6652282274754894,
  "thwackability": 0.5156962370441975,
  "totalFingers": 11,
  "tournamentTeamId": null,
  "tragicness": 0.1,
  "unthwackability": 0.4496435096719115,
  "watchfulness": 0.8491186542824,
  "weekAttr": []
}