{
  "anticapitalism": 0.08789967539013974,
  "baseThirst": 0.7162848307395804,
  "baserunningRating": 0.49149307850243,
  "blood": 10,
  "buoyancy": 0.06488271350477964,
  "chasiness": 0.30035050317783496,
  "cinnamon": 0.40810183334256256,
  "coffee": 12,
  "coldness": 0.06544599401808532,
  "continuation": 0.35209582661902344,
  "deceased": false,
  "defenseRating": 0.548661147245205,
  "divinity": 0.7228943777984465,
  "eDensity": 33.027489433783884,
  "evolution": 0,
  "fate": 54,
  "gameAttr": [],
  "groundFriction": 0.49997227465001914,
  "hitStreak": 0,
  "hittingRating": 0.6517061811541823,
  "id": "7cf83bdc-f95f-49d3-b716-06f2cf60a78d",
  "indulgence": 0.46253320957646826,
  "itemAttr": [],
  "items": [
    {
      "baserunningRating": 0,
      "defenseRating": 0,
      "durability": 4,
      "forger": null,
      "forgerName": null,
      "health": 3,
      "hittingRating": 0,
      "id": "cd2c1663-f59f-4925-8771-1b9576d1e8bf",
      "name": "Concrete Cap",
      "pitchingRating": 0.05556543106027212,
      "postPrefix": {
        "adjustments": [
          {
            "type": 3,
            "value": 2
          }
        ],
        "name": "Concrete"
      },
      "prePrefix": null,
      "prefixes": null,
      "root": {
        "adjustments": [
          {
            "stat": 16,
            "type": 1,
            "value": 0.17856153992874893
          }
        ],
        "name": "Cap"
      },
      "suffix": null
    }
  ],
  "laserlikeness": 0.4264496062718273,
  "leagueTeamId": "747b8e4a-7e50-4638-a973-ea7950a3e739",
  "martyrdom": 0.07096796529265927,
  "moxie": 0.5672708086000037,
  "musclitude": 0.29915506446075135,
  "name": "Matteo Triumphant",
  "omniscience": 0.6583851042625657,
  "overpowerment": 0.5727902286984398,
  "patheticism": 0.18996824115994257,
  "peanutAllergy": false,
  "permAttr": [],
  "pitchingRating": 0.4549237979244517,
  "pressurization": 0.677570456970404,
  "ritual": "Philosophy",
  "ruthlessness": 0.4793433462597478,
  "seasAttr": [],
  "shakespearianism": 0.3584461442616178,
  "soul": 9,
  "state": {},
  "suppression": 0.5203226674696827,
  "tenaciousness": 0.5041395843496809,
  "thwackability": 0.7195662869781095,
  "totalFingers": 10,
  "tournamentTeamId": null,
  "tragicness": 0.2538945861845339,
  "unthwackability": 0.6198439026897046,
  "watchfulness": 0.8498941628030462,
  "weekAttr": []
}