{
  "anticapitalism": 0.013630011413864718,
  "baseThirst": 0.6424406994629164,
  "baserunningRating": 0.43116330174726464,
  "blood": 10,
  "buoyancy": 0.001,
  "chasiness": 0.23535061390366024,
  "cinnamon": 0.33802382030941613,
  "coffee": 12,
  "coldness": 0.01,
  "continuation": 0.30620276460839707,
  "deceased": false,
  "defenseRating": 0.42550725509535,
  "divinity": 0.6448562249830163,
  "eDensity": 30.354569718626134,
  "evolution": 0,
  "fate": 54,
  "gameAttr": [],
  "groundFriction": 0.4213257134317158,
  "hitStreak": 0,
  "hittingRating": 0.5378809169612049,
  "id": "7cf83bdc-f95f-49d3-b716-06f2cf60a78d",
  "indulgence": 0.404961933698098,
  "itemAttr": [],
  "items": [
    {
      "baserunningRating": 0,
      "defenseRating": 0,
      "durability": 4,
      "forger": null,
      "forgerName": null,
      "health": 4,
      "hittingRating": 0,
      "id": "cd2c1663-f59f-4925-8771-1b9576d1e8bf",
      "name": "Concrete Cap",
      "pitchingRating": 0.05556543106027212,
      "postPrefix": {
        "adjustments": [
          {
            "type": 3,
            "value": 2
          }
        ],
        "name": "Concrete"
      },
      "prePrefix": null,
      "prefixes": null,
      "root": {
        "adjustments": [
          {
            "stat": 16,
            "type": 1,
            "value": 0.17856153992874893
          }
        ],
        "name": "Cap"
      },
      "suffix": null
    }
  ],
  "laserlikeness": 0.3665293139208922,
  "leagueTeamId": "747b8e4a-7e50-4638-a973-ea7950a3e739",
  "martyrdom": 0.001,
  "moxie": 0.5000942533375323,
  "musclitude": 0.22676520635966407,
  "name": "Matteo Triumphant",
  "omniscience": 0.60868707845811,
  "overpowerment": 0.5117728381403797,
  "patheticism": 0.2557878889381165,
  "peanutAllergy": false,
  "permAttr": [],
  "pitchingRating": 0.3703870574284859,
  "pressurization": 0.677570456970404,
  "ritual": "Philosophy",
  "ruthlessness": 0.410943085721793,
  "seasAttr": [],
  "shakespearianism": 0.28303013748876443,
  "soul": 9,
  "state": {},
  "suppression": 0.46084401204879705,
  "tenaciousness": 0.4554250664360077,
  "thwackability": 0.6574034146838557,
  "totalFingers": 10,
  "tournamentTeamId": null,
  "tragicness": 0.30000000000000004,
  "unthwackability": 0.553600605940612,
  "watchfulness": 0.7892891149753158,
  "weekAttr": []
}