{
  "anticapitalism": 0.3551091705770786,
  "armor": "",
  "baseThirst": 0.2370811393513783,
  "baserunningRating": 0.6757347715194629,
  "bat": "",
  "blood": 11,
  "buoyancy": 0.27282892086606325,
  "chasiness": 0.040046054769621975,
  "cinnamon": 0.5017245273661204,
  "coffee": 2,
  "coldness": 0.176472091028407,
  "continuation": 0.5828709601372475,
  "deceased": false,
  "defenseRating": 0.34424406917548683,
  "divinity": 0.5094696173785349,
  "fate": 17,
  "gameAttr": [],
  "groundFriction": 0.665659348625889,
  "hitStreak": 0,
  "hittingRating": 0.559669296629208,
  "id": "7d388846-8f4c-407f-aacb-b844d2561c5e",
  "indulgence": 0.8955648961055218,
  "laserlikeness": 0.7522961338642171,
  "leagueTeamId": "b024e975-1c4a-4575-8936-a3754a08806a",
  "martyrdom": 0.4390760660531347,
  "moxie": 0.5982572879627452,
  "musclitude": 0.04932166259766113,
  "name": "Kit Adamses",
  "omniscience": 0.8380184418988099,
  "overpowerment": 0.690905517532387,
  "patheticism": 0.5907421232957877,
  "peanutAllergy": false,
  "permAttr": [],
  "pitchingRating": 0.1440694217068899,
  "pressurization": 0.9077260162603776,
  "ritual": "Programming",
  "ruthlessness": 0.32379183875697626,
  "seasAttr": [],
  "shakespearianism": 0.7808221308672405,
  "soul": 3,
  "suppression": 0.04745980831271046,
  "tenaciousness": 0.04921049296746727,
  "thwackability": 0.9499957398327346,
  "totalFingers": 10,
  "tournamentTeamId": null,
  "tragicness": 0.1,
  "unthwackability": 0.06550298398552923,
  "watchfulness": 0.9663188669104426,
  "weekAttr": []
}