{
  "anticapitalism": 0.44280888341641195,
  "baseThirst": 0.3329169520682752,
  "baserunningRating": 0.7540479499493499,
  "blood": 11,
  "buoyancy": 0.3574938519910668,
  "chasiness": 0.1549899916477015,
  "cinnamon": 0.6198754691878373,
  "coffee": 2,
  "coldness": 0.2665760221130617,
  "continuation": 0.652882643509786,
  "deceased": false,
  "defenseRating": 0.5079468752034798,
  "divinity": 0.6327442809520619,
  "eDensity": 21.620899565082077,
  "evolution": 0,
  "fate": 17,
  "gameAttr": [],
  "groundFriction": 0.7257713566358434,
  "hitStreak": 0,
  "hittingRating": 0.692426570576813,
  "id": "7d388846-8f4c-407f-aacb-b844d2561c5e",
  "indulgence": 0.9851739337663716,
  "itemAttr": [],
  "items": [],
  "laserlikeness": 0.8250897141882028,
  "leagueTeamId": "b024e975-1c4a-4575-8936-a3754a08806a",
  "martyrdom": 0.5595745071350888,
  "moxie": 0.6982586657335781,
  "musclitude": 0.13124240203329923,
  "name": "Kit Adamses",
  "omniscience": 0.9633947639936808,
  "overpowerment": 0.7673034046146415,
  "patheticism": 0.5128585760526576,
  "peanutAllergy": false,
  "permAttr": [],
  "pitchingRating": 0.2771356849963678,
  "pressurization": 0.9077260162603776,
  "ritual": "Programming",
  "ruthlessness": 0.3995876670226047,
  "seasAttr": [],
  "shakespearianism": 0.8598048432629964,
  "soul": 3,
  "state": {},
  "suppression": 0.14464194300283165,
  "tenaciousness": 0.1297918577768973,
  "thwackability": 1.057277482029317,
  "totalFingers": 10,
  "tournamentTeamId": null,
  "tragicness": 0.004365003789558168,
  "unthwackability": 0.1907366153801448,
  "watchfulness": 1.06551480671653,
  "weekAttr": []
}