{
  "_id": "7dca7137-b872-46f5-8e59-8c9c996e9d22",
  "anticapitalism": 0.8923407326733681,
  "armor": "",
  "baseThirst": 0.09170296981671756,
  "bat": "",
  "blood": 4,
  "buoyancy": 0.004519484883481528,
  "chasiness": 0.745567598107856,
  "cinnamon": 0.509330235414708,
  "coffee": 7,
  "coldness": 0.3645036386480824,
  "continuation": 0.7512639141646686,
  "deceased": false,
  "divinity": 0.21386321635098127,
  "fate": 97,
  "groundFriction": 0.6340117064157693,
  "indulgence": 0.06108253344319992,
  "laserlikeness": 0.09808862921947448,
  "martyrdom": 0.48486515312418055,
  "moxie": 0.3100578326794303,
  "musclitude": 0.4872449661423037,
  "name": "Emmett Tabby",
  "omniscience": 0.4012030471411392,
  "overpowerment": 0.5361341547372345,
  "patheticism": 0.32211734003390013,
  "peanutAllergy": true,
  "pressurization": 0.2517222291153789,
  "ritual": "Journaling",
  "ruthlessness": 0.97153451137658,
  "shakespearianism": 0.2940046450757712,
  "soul": 6,
  "suppression": 0.90840007507466,
  "tenaciousness": 0.4547692436768551,
  "thwackability": 0.7886610131223721,
  "totalFingers": 10,
  "tragicness": 0.1,
  "unthwackability": 0.5878728878188653,
  "watchfulness": 0.04601742005839582
}