{
  "anticapitalism": 0.5241746918639764,
  "baseThirst": 0.9277411123619592,
  "baserunningRating": 0.8759636133200195,
  "blood": 10,
  "buoyancy": 0.3909019404604968,
  "chasiness": 0.7703039275466731,
  "cinnamon": 0.5992766822380173,
  "coffee": 5,
  "coldness": 0.35546259405295494,
  "continuation": 1.0559284619111724,
  "deceased": false,
  "defenseRating": 0.7608127841639065,
  "divinity": 1.055985004601733,
  "eDensity": 24.97978185633767,
  "evolution": 1,
  "fate": 33,
  "gameAttr": [],
  "groundFriction": 0.4706451234626625,
  "hitStreak": 0,
  "hittingRating": 0.5593077756296333,
  "id": "7dcf6902-632f-48c5-936a-7cf88802b93a",
  "indulgence": 0.7243580852197735,
  "itemAttr": [],
  "items": [
    {
      "baserunningRating": 0,
      "defenseRating": 0,
      "durability": 1,
      "forger": null,
      "forgerName": null,
      "health": 0,
      "hittingRating": 0.05850288985617513,
      "id": "fd495e49-7a90-4c18-b717-0533931cc468",
      "name": "Bat",
      "pitchingRating": 0,
      "postPrefix": null,
      "prePrefix": null,
      "prefixes": null,
      "root": {
        "adjustments": [
          {
            "stat": 2,
            "type": 1,
            "value": 0.11860229936460084
          }
        ],
        "name": "Bat"
      },
      "suffix": null
    }
  ],
  "laserlikeness": 0.9554995744183622,
  "leagueTeamId": "8d87c468-699a-47a8-b40d-cfb73a5660ad",
  "martyrdom": 0.6212237517024976,
  "moxie": 0.7234225291312221,
  "musclitude": 0.17692195890636783,
  "name": "Parker Parra",
  "omniscience": 1.1413038793738477,
  "overpowerment": 0.6703577288827498,
  "patheticism": 0.7977546584758979,
  "peanutAllergy": false,
  "permAttr": [
    "FLINCH"
  ],
  "pitchingRating": 0.3439591243521057,
  "pressurization": 0.44295933110478813,
  "ritual": "Mourning",
  "ruthlessness": 0.11141374970414776,
  "seasAttr": [],
  "shakespearianism": 0.667059368648782,
  "soul": 4,
  "state": {},
  "suppression": 0.20716562397676572,
  "tenaciousness": 0.3112167178472958,
  "thwackability": 0.361521593583325,
  "totalFingers": 11,
  "tournamentTeamId": null,
  "tragicness": 0.03910946540530306,
  "unthwackability": 0.8814507616264374,
  "watchfulness": 1.275590956276748,
  "weekAttr": []
}