{
  "anticapitalism": 0.2849725534115488,
  "armor": "",
  "baseThirst": 0.39542285171760616,
  "baserunningRating": 0.5142595257970886,
  "bat": "",
  "blood": 2,
  "buoyancy": 0.22206954706515036,
  "chasiness": 0.8340528572783044,
  "cinnamon": 0.712929176289282,
  "coffee": 3,
  "coldness": 0.36691456585198834,
  "continuation": 0.45535257277685326,
  "deceased": false,
  "defenseRating": 0.7512348618488113,
  "divinity": 0.6297056274767858,
  "fate": 91,
  "gameAttr": [],
  "groundFriction": 0.8381550962910198,
  "hitStreak": 0,
  "hittingRating": 0.437369870008728,
  "id": "7e4f012e-828c-43bb-8b8a-6c33bdfd7e3f",
  "indulgence": 0.6063487796224365,
  "laserlikeness": 0.4266516197727044,
  "leagueTeamId": "ca3f1c8c-c025-4d8e-8eef-5be6accbeb16",
  "martyrdom": 0.2613958927157727,
  "moxie": 0.3041461531094569,
  "musclitude": 0.2819090656769414,
  "name": "Patel Olive",
  "omniscience": 0.7914751444333854,
  "overpowerment": 0.8837132672185004,
  "patheticism": 0.0701920953128865,
  "peanutAllergy": true,
  "permAttr": [],
  "pitchingRating": 0.4152389068879658,
  "pressurization": 0.47004257381821635,
  "ritual": "Shivering",
  "ruthlessness": 0.5736878127945546,
  "seasAttr": [],
  "shakespearianism": 0.03727655415248088,
  "soul": 8,
  "suppression": 0.7285993835258062,
  "tenaciousness": 0.6543302534867816,
  "thwackability": 0.27697335266006773,
  "totalFingers": 10,
  "tournamentTeamId": null,
  "tragicness": 0.1,
  "unthwackability": 0.5665611187104538,
  "watchfulness": 0.8980327290364387,
  "weekAttr": []
}