{
  "anticapitalism": 0.8212958461709234,
  "baseThirst": 0.4414567969426395,
  "baserunningRating": 0.5731997862033812,
  "blood": 2,
  "buoyancy": 0.6754167131309874,
  "chasiness": 0.13067662165166816,
  "cinnamon": 0.4436718224108316,
  "coffee": 3,
  "coldness": 0.5650969319227146,
  "continuation": 0.4610348366340653,
  "deceased": false,
  "defenseRating": 0.38499374997307206,
  "divinity": 0.2567720161104541,
  "eDensity": 30.826722151798155,
  "evolution": 0,
  "fate": 91,
  "gameAttr": [],
  "groundFriction": 0.19688624321392356,
  "hitStreak": 0,
  "hittingRating": 0.367689897227294,
  "id": "7e4f012e-828c-43bb-8b8a-6c33bdfd7e3f",
  "indulgence": 0.39529730441305144,
  "itemAttr": [],
  "items": [],
  "laserlikeness": 0.7527656691934423,
  "leagueTeamId": "ca3f1c8c-c025-4d8e-8eef-5be6accbeb16",
  "martyrdom": 0.6518711698397199,
  "moxie": 0.07598100696999155,
  "musclitude": 0.4948775975369093,
  "name": "Patel Olive",
  "omniscience": 0.7855460760564172,
  "overpowerment": 0.6065829406137884,
  "patheticism": 0.8488904118339462,
  "peanutAllergy": true,
  "permAttr": [
    "ALTERNATE"
  ],
  "pitchingRating": 0.23537045691078567,
  "pressurization": 0.6848845912037762,
  "ritual": "Shivering",
  "ruthlessness": 0.29400697380921126,
  "seasAttr": [],
  "shakespearianism": 0.0108284537190384,
  "soul": 8,
  "state": {},
  "suppression": 0.20473017811868344,
  "tenaciousness": 0.19743045458570507,
  "thwackability": 0.6057816314417219,
  "totalFingers": 10,
  "tournamentTeamId": null,
  "tragicness": 0.013420552358790916,
  "unthwackability": 0.4359445987331496,
  "watchfulness": 0.027711985885825685,
  "weekAttr": []
}