{
  "anticapitalism": 0.8463934066214799,
  "armor": "",
  "baseThirst": 0.7722294335560798,
  "baserunningRating": 0.48186114164555144,
  "bat": "",
  "blood": 2,
  "buoyancy": 0.8545266259126495,
  "chasiness": 0.35108979205937524,
  "cinnamon": 0.980376726310161,
  "coffee": 4,
  "coldness": 1.0069535494997484,
  "continuation": 0.8003751224656278,
  "deceased": false,
  "defenseRating": 0.8476432271086514,
  "divinity": 0.15624894379817986,
  "eDensity": 19.88405595299932,
  "evolution": 0,
  "fate": 84,
  "gameAttr": [],
  "groundFriction": 0.10705194219788006,
  "hitStreak": 0,
  "hittingRating": 0.35416981301302464,
  "id": "7e9a514a-7850-4ed0-93ab-f3a6e2f41c03",
  "indulgence": 0.10279095504012747,
  "laserlikeness": 0.6299787982661612,
  "leagueTeamId": "105bc3ff-1320-4e37-8ef0-8d595cb95dd0",
  "martyrdom": 0.5419098043435083,
  "moxie": 0.4166059433712634,
  "musclitude": 0.5215907909692988,
  "name": "Nolanestophia Patterson",
  "omniscience": 0.854143250954445,
  "overpowerment": 0.7808618699348424,
  "patheticism": 0.8794653603131797,
  "peanutAllergy": false,
  "permAttr": [],
  "pitchingRating": 0.585476668661247,
  "pressurization": 0.7965948938008762,
  "ritual": "Bottling up emotions",
  "ruthlessness": 0.3206399364668124,
  "seasAttr": [],
  "shakespearianism": 0.49978982735010047,
  "soul": 2,
  "state": {},
  "suppression": 0.35225280721464647,
  "tenaciousness": 0.9883416632603208,
  "thwackability": 0.6427716441524243,
  "totalFingers": 12,
  "tournamentTeamId": null,
  "tragicness": 0.1,
  "unthwackability": 1.053234013251663,
  "watchfulness": 0.9042007322605672,
  "weekAttr": []
}