{
  "anticapitalism": 0.8803011993931281,
  "armor": "",
  "baseThirst": 0.6923558085003116,
  "bat": "",
  "blood": 2,
  "buoyancy": 0.7816822808490369,
  "chasiness": 0.3701788676773289,
  "cinnamon": 0.8909028259971443,
  "coffee": 4,
  "coldness": 0.9086176488152508,
  "continuation": 0.718307620811121,
  "deceased": false,
  "divinity": 0.06934735684153727,
  "fate": 91,
  "gameAttr": [],
  "groundFriction": 0.03,
  "id": "7e9a514a-7850-4ed0-93ab-f3a6e2f41c03",
  "indulgence": 0.03,
  "laserlikeness": 0.554044226432379,
  "martyrdom": 0.4440472953642174,
  "moxie": 0.351725526744999,
  "musclitude": 0.4218860947862706,
  "name": "Nolanestophia Patterson",
  "omniscience": 0.8680910253237869,
  "overpowerment": 0.6886100230672851,
  "patheticism": 0.965859489016842,
  "peanutAllergy": false,
  "permAttr": [],
  "pressurization": 0.7965948938008762,
  "ritual": "Bottling up emotions",
  "ruthlessness": 0.2228967314346064,
  "seasAttr": [],
  "shakespearianism": 0.4107645773674664,
  "soul": 2,
  "suppression": 0.27756226793521677,
  "tenaciousness": 1.0182393455443493,
  "thwackability": 0.5822576517915663,
  "totalFingers": 12,
  "tragicness": 0.08,
  "unthwackability": 0.9633772105641576,
  "watchfulness": 0.9411873648063626,
  "weekAttr": []
}