{
  "anticapitalism": 0.9343889957527955,
  "armor": "",
  "baseThirst": 0.22654852680798032,
  "baserunningRating": 0.4637554022082383,
  "bat": "",
  "blood": 12,
  "buoyancy": 0.9129888864085248,
  "chasiness": 0.0057546013877769475,
  "cinnamon": 0.3637125336027687,
  "coffee": 13,
  "coldness": 0.3910376559850453,
  "continuation": 0.854861784001721,
  "deceased": false,
  "defenseRating": 0.2834221762783014,
  "divinity": 0.12165004278444692,
  "eDensity": 0,
  "evolution": 0,
  "fate": 84,
  "gameAttr": [],
  "groundFriction": 0.18779546271017455,
  "hitStreak": 0,
  "hittingRating": 0.32657026730535627,
  "id": "7f379b72-f4f0-4d8f-b88b-63211cf50ba6",
  "indulgence": 0.25201578918321665,
  "laserlikeness": 0.5497230724367395,
  "leagueTeamId": "23e4cbc1-e9cd-47fa-a35b-bfa06f726cb7",
  "martyrdom": 0.7579394990247867,
  "moxie": 0.3161376434940708,
  "musclitude": 0.06807212468831247,
  "name": "Jesús Rodriguez",
  "omniscience": 0.26742108235634143,
  "overpowerment": 0.28498937008196457,
  "patheticism": 0.09586692916470496,
  "peanutAllergy": true,
  "permAttr": [],
  "pitchingRating": 0.25635056798729683,
  "pressurization": 0.8817244842466112,
  "ritual": "Motivational speech",
  "ruthlessness": 0.6796460752725892,
  "seasAttr": [],
  "shakespearianism": 0.1866615640742697,
  "soul": 5,
  "state": {},
  "suppression": 0.8089214254034467,
  "tenaciousness": 0.09510433013253872,
  "thwackability": 0.7905600433774811,
  "totalFingers": 10,
  "tournamentTeamId": null,
  "tragicness": 0.1,
  "unthwackability": 0.19123695053147485,
  "watchfulness": 0.9616199331392457,
  "weekAttr": []
}