{
  "anticapitalism": 0.3846782304289355,
  "armor": "",
  "baseThirst": 0.22719593333499688,
  "baserunningRating": 0.4467066796827731,
  "bat": "",
  "blood": 3,
  "buoyancy": 0.37508370644017575,
  "chasiness": 0.7212655417369902,
  "cinnamon": 0.624952671353725,
  "coffee": 3,
  "coldness": 0.5411612059101465,
  "continuation": 0.6321963365974312,
  "deceased": false,
  "defenseRating": 0.5325470769204774,
  "divinity": 0.9836194505505738,
  "eDensity": 0,
  "evolution": 0,
  "fate": 68,
  "gameAttr": [],
  "groundFriction": 0.5250500957341657,
  "hitStreak": 0,
  "hittingRating": 0.6784231964874684,
  "id": "7f7042de-7fc1-45f9-b7c4-9169d1454653",
  "indulgence": 0.5486402710442384,
  "laserlikeness": 0.3773085986645413,
  "leagueTeamId": null,
  "martyrdom": 0.38432214372819473,
  "moxie": 0.28189432351201305,
  "musclitude": 0.103122931839966,
  "name": "HANDSOME SCARF",
  "omniscience": 0.9840830742041788,
  "overpowerment": 0.4043507558473287,
  "patheticism": 0.4567194280795306,
  "peanutAllergy": true,
  "permAttr": [
    "NON_IDOLIZED"
  ],
  "pitchingRating": 0.20465210034763529,
  "pressurization": 0.32652206420164376,
  "ritual": "petting dogs",
  "ruthlessness": 0.05255559029203383,
  "seasAttr": [],
  "shakespearianism": 0.5148509164744723,
  "soul": 3,
  "state": {},
  "suppression": 0.4832124890259415,
  "tenaciousness": 0.28353169146979695,
  "thwackability": 0.8354186949784896,
  "totalFingers": 14,
  "tournamentTeamId": "3b0a289b-aebd-493c-bc11-96793e7216d5",
  "tragicness": 0.34814665134474865,
  "unthwackability": 0.683135994679386,
  "watchfulness": 0.08494161549759127,
  "weekAttr": []
}