{
  "anticapitalism": 0.3425054567070022,
  "baseThirst": 0.1839320727210978,
  "baserunningRating": 0.296502897973627,
  "blood": null,
  "buoyancy": 0.8961994147163668,
  "chasiness": 0.9323837832823096,
  "cinnamon": 0.9512224632434918,
  "coffee": null,
  "coldness": 0.677336085435655,
  "continuation": 0.6142911658273018,
  "deceased": true,
  "defenseRating": 0.8176014637750298,
  "divinity": 0.9991827941055064,
  "eDensity": 0,
  "evolution": 0,
  "fate": 57,
  "gameAttr": [],
  "groundFriction": 0.4866370539779339,
  "hitStreak": 0,
  "hittingRating": 0.26317567991917684,
  "id": "80a2f015-9d40-426b-a4f6-b9911ba3add8",
  "indulgence": 0.971418631016644,
  "itemAttr": [],
  "items": [],
  "laserlikeness": 0.1579534868155417,
  "leagueTeamId": null,
  "martyrdom": 0.01826302765422594,
  "moxie": 0.20804530960452827,
  "musclitude": 0.7105670568705098,
  "name": "Paul Barnes",
  "omniscience": 0.6391721459423335,
  "overpowerment": 0.1344254028726703,
  "patheticism": 0.7694327304278041,
  "peanutAllergy": true,
  "permAttr": [],
  "pitchingRating": 0.2559507660086093,
  "pressurization": 0.3664997540563302,
  "ritual": null,
  "ruthlessness": 0.5062545072026517,
  "seasAttr": [],
  "shakespearianism": 0.4106317238170764,
  "soul": 3,
  "state": {},
  "suppression": 0.313203390365379,
  "tenaciousness": 0.9924634320280692,
  "thwackability": 0.051700797194289105,
  "totalFingers": 11,
  "tournamentTeamId": null,
  "tragicness": 0.1,
  "unthwackability": 0.25121330125500435,
  "watchfulness": 1.0386989376105886,
  "weekAttr": []
}