{
  "anticapitalism": 1.17426486320666,
  "baseThirst": 1.0415349786397037,
  "baserunningRating": 0.7476822970724374,
  "blood": 2,
  "buoyancy": 1.2258253329478197,
  "chasiness": 1.0930178836721087,
  "cinnamon": 1.0896748720026523,
  "coffee": 4,
  "coldness": 0.433855914897627,
  "continuation": 0.5298288956168904,
  "deceased": false,
  "defenseRating": 0.9711227090482708,
  "divinity": 0.5786613990030349,
  "eDensity": 24.632425481603164,
  "evolution": 0,
  "fate": 12,
  "gameAttr": [],
  "groundFriction": 0.5717473222406828,
  "hitStreak": 0,
  "hittingRating": 0.7615373021257136,
  "id": "80de2b05-e0d4-4d33-9297-9951b2b5c950",
  "indulgence": 0.743899749295479,
  "items": [],
  "laserlikeness": 0.7470137325104813,
  "leagueTeamId": "8d87c468-699a-47a8-b40d-cfb73a5660ad",
  "martyrdom": 1.0834729457114476,
  "moxie": 0.6290523145582643,
  "musclitude": 0.8834257961544263,
  "name": "Alyssa Harrell",
  "omniscience": 1.2858053343220175,
  "overpowerment": 1.0991785710670503,
  "patheticism": 0.2041946991460408,
  "peanutAllergy": false,
  "permAttr": [
    "ALTERNATE"
  ],
  "pitchingRating": 0.7528613319826016,
  "pressurization": 0.5024576781229815,
  "ritual": "Landscapes",
  "ruthlessness": 0.4842960843984927,
  "seasAttr": [],
  "shakespearianism": 1.029790951217721,
  "soul": 1,
  "state": {},
  "suppression": 1.38989687472098,
  "tenaciousness": 1.1039615281122304,
  "thwackability": 0.9341346407375092,
  "totalFingers": 12,
  "tournamentTeamId": "4d921519-410b-41e2-882e-9726a4e54a6a",
  "tragicness": 0.2758444464884633,
  "unthwackability": 1.0200081714290512,
  "watchfulness": 0.2884625519290589,
  "weekAttr": []
}