{
  "anticapitalism": 1.5080465397169671,
  "armor": "",
  "baseThirst": 1.3673557453485063,
  "baserunningRating": 0.9957216135780712,
  "bat": "",
  "blood": 2,
  "buoyancy": 1.3703107887707286,
  "chasiness": 1.444948152170974,
  "cinnamon": 1.330781118697394,
  "coffee": 4,
  "coldness": 0.7487843589545609,
  "continuation": 0.7139729609217587,
  "deceased": false,
  "defenseRating": 1.1467298625159197,
  "divinity": 0.8879864621183684,
  "eDensity": 35.33522358463077,
  "evolution": 0,
  "fate": 12,
  "gameAttr": [],
  "groundFriction": 0.900920958128338,
  "hitStreak": 0,
  "hittingRating": 1.0169490489266693,
  "id": "80de2b05-e0d4-4d33-9297-9951b2b5c950",
  "indulgence": 0.9713509144371786,
  "laserlikeness": 1.0231767026145766,
  "leagueTeamId": "8d87c468-699a-47a8-b40d-cfb73a5660ad",
  "martyrdom": 1.3991360137762143,
  "moxie": 0.84539204303455,
  "musclitude": 1.130803563360078,
  "name": "Alyssa Harrell",
  "omniscience": 1.4750560101984795,
  "overpowerment": 1.289656838522289,
  "patheticism": 0.001,
  "peanutAllergy": true,
  "permAttr": [
    "ALTERNATE"
  ],
  "pitchingRating": 1.031345701355164,
  "pressurization": 0.5024576781229815,
  "ritual": "Landscapes",
  "ruthlessness": 0.6724910044712757,
  "seasAttr": [],
  "shakespearianism": 1.3625275246089,
  "soul": 3,
  "state": {},
  "suppression": 1.6285982352405144,
  "tenaciousness": 1.3313425684898992,
  "thwackability": 1.1705188679050138,
  "totalFingers": 12,
  "tournamentTeamId": "4d921519-410b-41e2-882e-9726a4e54a6a",
  "tragicness": 0.001,
  "unthwackability": 1.2910117571797604,
  "watchfulness": 0.4678940849884276,
  "weekAttr": []
}