{
  "anticapitalism": 1.461909373904433,
  "armor": "",
  "baseThirst": 1.3254683231486115,
  "baserunningRating": 0.9396236272453908,
  "bat": "",
  "blood": 2,
  "buoyancy": 1.31373965722671,
  "chasiness": 1.3682813649302616,
  "cinnamon": 1.2886974837790666,
  "coffee": 4,
  "coldness": 0.6946870529218248,
  "continuation": 0.659573816564957,
  "deceased": false,
  "defenseRating": 1.1051569324694142,
  "divinity": 0.8410817415213374,
  "eDensity": 33.93183386423013,
  "evolution": 0,
  "fate": 12,
  "gameAttr": [],
  "groundFriction": 0.8377892531929333,
  "hitStreak": 0,
  "hittingRating": 0.9714610881902952,
  "id": "80de2b05-e0d4-4d33-9297-9951b2b5c950",
  "indulgence": 0.925120693941506,
  "laserlikeness": 0.9543653637608528,
  "leagueTeamId": "979aee4a-6d80-4863-bf1c-ee1a78e06024",
  "martyrdom": 1.3498894137493045,
  "moxie": 0.7803418053649339,
  "musclitude": 1.072311160437127,
  "name": "Alyssa Harrell",
  "omniscience": 1.423625121018895,
  "overpowerment": 1.2460622201667118,
  "patheticism": 0.001,
  "peanutAllergy": true,
  "permAttr": [
    "ALTERNATE"
  ],
  "pitchingRating": 0.974020332699204,
  "pressurization": 0.5024576781229815,
  "ritual": "Landscapes",
  "ruthlessness": 0.6317375765426892,
  "seasAttr": [],
  "shakespearianism": 1.2908408179327735,
  "soul": 3,
  "state": {},
  "suppression": 1.572552973492018,
  "tenaciousness": 1.2712454999528164,
  "thwackability": 1.1180153423339418,
  "totalFingers": 12,
  "tournamentTeamId": "4d921519-410b-41e2-882e-9726a4e54a6a",
  "tragicness": 0.001,
  "unthwackability": 1.2410256590025546,
  "watchfulness": 0.4148523140319074,
  "weekAttr": []
}