{
  "anticapitalism": 1.0197725151406496,
  "armor": "",
  "baseThirst": 0.7784491658937276,
  "bat": "",
  "blood": 2,
  "buoyancy": 0.6587531958752408,
  "chasiness": 0.9527242096897072,
  "cinnamon": 0.7638978092930149,
  "coffee": 4,
  "coldness": 0.18388645685095129,
  "continuation": 0.0922128607769084,
  "deceased": false,
  "divinity": 0.3127052433707418,
  "fate": 53,
  "gameAttr": [],
  "groundFriction": 0.2958506282893165,
  "id": "80de2b05-e0d4-4d33-9297-9951b2b5c950",
  "indulgence": 0.3127210065384083,
  "laserlikeness": 0.2902802551847281,
  "martyrdom": 0.7581249910286019,
  "moxie": 0.2273159159557867,
  "musclitude": 0.5159859454732172,
  "name": "Alyssa Harrell",
  "omniscience": 1.0252603362084942,
  "overpowerment": 0.669481283643337,
  "patheticism": 0.21260881255226827,
  "peanutAllergy": true,
  "permAttr": [
    "ALTERNATE"
  ],
  "pressurization": 0.5024576781229815,
  "ritual": "Landscapes",
  "ruthlessness": 0.06907766496435631,
  "seasAttr": [],
  "shakespearianism": 0.7088161804375253,
  "soul": 3,
  "suppression": 0.958428294993273,
  "tenaciousness": 0.8451025422822899,
  "thwackability": 0.6428174289921624,
  "totalFingers": 12,
  "tragicness": 0.08,
  "unthwackability": 0.7319387036955727,
  "watchfulness": 0.13,
  "weekAttr": []
}