{
  "anticapitalism": 0.8997725151406497,
  "armor": "",
  "baseThirst": 0.7584491658937276,
  "bat": "",
  "blood": 2,
  "buoyancy": 0.6387531958752408,
  "chasiness": 0.8327242096897072,
  "cinnamon": 0.7638978092930149,
  "coffee": 4,
  "coldness": 0.1638864568509513,
  "continuation": 0.07221286077690839,
  "deceased": false,
  "divinity": 0.2927052433707418,
  "fate": 53,
  "gameAttr": [],
  "groundFriction": 0.2758506282893165,
  "id": "80de2b05-e0d4-4d33-9297-9951b2b5c950",
  "indulgence": 0.29272100653840827,
  "laserlikeness": 0.2702802551847281,
  "martyrdom": 0.7381249910286019,
  "moxie": 0.20731591595578672,
  "musclitude": 0.4959859454732172,
  "name": "Alyssa Harrell",
  "omniscience": 0.905260336208494,
  "overpowerment": 0.649481283643337,
  "patheticism": 0.23260881255226823,
  "peanutAllergy": true,
  "permAttr": [
    "ALTERNATE"
  ],
  "pressurization": 0.5024576781229815,
  "ritual": "Landscapes",
  "ruthlessness": 0.04907766496435631,
  "seasAttr": [],
  "shakespearianism": 0.6888161804375252,
  "soul": 3,
  "suppression": 0.938428294993273,
  "tenaciousness": 0.7251025422822899,
  "thwackability": 0.6228174289921624,
  "totalFingers": 11,
  "tragicness": 0.1,
  "unthwackability": 0.7119387036955727,
  "watchfulness": 0.01,
  "weekAttr": []
}