{
  "anticapitalism": 0.9297725151406496,
  "armor": "",
  "baseThirst": 0.7884491658937276,
  "bat": "",
  "blood": 2,
  "buoyancy": 0.6687531958752408,
  "chasiness": 0.8627242096897072,
  "cinnamon": 0.7638978092930149,
  "coffee": 4,
  "coldness": 0.1938864568509513,
  "continuation": 0.1022128607769084,
  "deceased": false,
  "divinity": 0.3227052433707418,
  "fate": 53,
  "gameAttr": [],
  "groundFriction": 0.30585062828931653,
  "id": "80de2b05-e0d4-4d33-9297-9951b2b5c950",
  "indulgence": 0.3227210065384083,
  "laserlikeness": 0.3002802551847281,
  "martyrdom": 0.7681249910286019,
  "moxie": 0.23731591595578672,
  "musclitude": 0.5259859454732172,
  "name": "Alyssa Harrell",
  "omniscience": 0.935260336208494,
  "overpowerment": 0.679481283643337,
  "patheticism": 0.20260881255226823,
  "peanutAllergy": true,
  "permAttr": [
    "ALTERNATE"
  ],
  "pressurization": 0.5024576781229815,
  "ritual": "Landscapes",
  "ruthlessness": 0.07907766496435631,
  "seasAttr": [],
  "shakespearianism": 0.7188161804375253,
  "soul": 3,
  "suppression": 0.968428294993273,
  "tenaciousness": 0.7551025422822899,
  "thwackability": 0.6528174289921624,
  "totalFingers": 10,
  "tragicness": 0.1,
  "unthwackability": 0.7419387036955727,
  "watchfulness": 0.0305824475199874,
  "weekAttr": []
}