{
  "anticapitalism": 0.6838500893155661,
  "baseThirst": 0.5263113177511015,
  "baserunningRating": 0.4900661686068836,
  "blood": 2,
  "buoyancy": 0.36364187108976065,
  "chasiness": 0.959365967444535,
  "cinnamon": 0.7433232120471469,
  "coffee": 9,
  "coldness": 0.51475243150865,
  "continuation": 0.4513782091677691,
  "deceased": false,
  "defenseRating": 0.9621321889338892,
  "divinity": 0.5159655672951564,
  "eDensity": 31.762882456308056,
  "evolution": 0,
  "fate": 80,
  "gameAttr": [],
  "groundFriction": 0.3093508349960521,
  "hitStreak": 0,
  "hittingRating": 0.7694161186601444,
  "id": "80dff591-2393-448a-8d88-122bd424fa4c",
  "indulgence": 0.387276266089261,
  "itemAttr": [],
  "items": [
    {
      "baserunningRating": 0,
      "defenseRating": 0,
      "durability": 1,
      "forger": null,
      "forgerName": null,
      "health": 1,
      "hittingRating": 0,
      "id": "59b0d098-aba1-4146-9911-ae31bcb5aa05",
      "name": "Ring",
      "pitchingRating": 0.06314094772960921,
      "postPrefix": null,
      "prePrefix": null,
      "prefixes": null,
      "root": {
        "adjustments": [
          {
            "stat": 19,
            "type": 1,
            "value": 0.1689917691996876
          }
        ],
        "name": "Ring"
      },
      "suffix": null
    }
  ],
  "laserlikeness": 0.4893936725268506,
  "leagueTeamId": "23e4cbc1-e9cd-47fa-a35b-bfa06f726cb7",
  "martyrdom": 0.3799878261482401,
  "moxie": 1.1100895649142255,
  "musclitude": 0.859532884600056,
  "name": "Elvis Figueroa",
  "omniscience": 1.1139111458595627,
  "overpowerment": 1.1347388338472617,
  "patheticism": 0.001,
  "peanutAllergy": true,
  "permAttr": [],
  "pitchingRating": 1.1730830175573763,
  "pressurization": 0.5638952031876983,
  "ritual": "Biting fingernails",
  "ruthlessness": 1.2067180729529263,
  "seasAttr": [],
  "shakespearianism": 0.851240044304567,
  "soul": 4,
  "state": {},
  "suppression": 0.7724218917642315,
  "tenaciousness": 1.1383584243755411,
  "thwackability": 0.9785442636996724,
  "totalFingers": 12,
  "tournamentTeamId": "49181b72-7f1c-4f1c-929f-928d763ad7fb",
  "tragicness": 0.001,
  "unthwackability": 1.2170648975797649,
  "watchfulness": 0.6443815226087308,
  "weekAttr": []
}