{
  "anticapitalism": 0.3135909797047335,
  "armor": "",
  "baseThirst": 0.30052864740766094,
  "bat": "",
  "blood": 11,
  "buoyancy": 0.07564969961788105,
  "chasiness": 0.5625581160962857,
  "cinnamon": 0.480061915489322,
  "coffee": 9,
  "coldness": 0.2398587694524363,
  "continuation": 0.17013776550053183,
  "deceased": false,
  "divinity": 0.27721908675667795,
  "fate": 80,
  "gameAttr": [],
  "groundFriction": 0.04269413845935045,
  "id": "80dff591-2393-448a-8d88-122bd424fa4c",
  "indulgence": 0.1124944871992406,
  "laserlikeness": 0.2191937322582964,
  "martyrdom": 0.07990301483882935,
  "moxie": 0.8405701339595302,
  "musclitude": 0.5782432491900036,
  "name": "Elvis Figueroa",
  "omniscience": 0.7778472505104091,
  "overpowerment": 0.8551561819892015,
  "patheticism": 0.26819237392106365,
  "peanutAllergy": true,
  "permAttr": [],
  "pressurization": 0.5638952031876983,
  "ritual": "Biting fingernails",
  "ruthlessness": 0.9366486055675884,
  "seasAttr": [],
  "shakespearianism": 0.6274082427315357,
  "soul": 4,
  "suppression": 0.525254417147577,
  "tenaciousness": 0.7916541941832757,
  "thwackability": 0.7558365637455811,
  "totalFingers": 12,
  "tragicness": 0.1,
  "unthwackability": 0.9402800523457162,
  "watchfulness": 0.28443656916164095,
  "weekAttr": []
}