{
  "anticapitalism": 0.6236215448310982,
  "baseThirst": 0.47825989147513215,
  "baserunningRating": 0.4266639870082731,
  "blood": 11,
  "buoyancy": 0.2991459576350116,
  "chasiness": 0.8887055261452762,
  "cinnamon": 0.6988749634297184,
  "coffee": 9,
  "coldness": 0.4614053088781848,
  "continuation": 0.3940149129733906,
  "deceased": false,
  "defenseRating": 0.9182450686518844,
  "divinity": 0.47122252602499176,
  "eDensity": 30.14521354895541,
  "evolution": 0,
  "fate": 80,
  "gameAttr": [],
  "groundFriction": 0.24389252656683877,
  "hitStreak": 0,
  "hittingRating": 0.7220600959416318,
  "id": "80dff591-2393-448a-8d88-122bd424fa4c",
  "indulgence": 0.3248512578036426,
  "items": [],
  "laserlikeness": 0.422046245837464,
  "leagueTeamId": "23e4cbc1-e9cd-47fa-a35b-bfa06f726cb7",
  "martyrdom": 0.31713441945541504,
  "moxie": 1.0391635740565492,
  "musclitude": 0.7979540037223143,
  "name": "Elvis Figueroa",
  "omniscience": 1.0584403143973924,
  "overpowerment": 1.0726824415825504,
  "patheticism": 0.05683899998315439,
  "peanutAllergy": true,
  "permAttr": [],
  "pitchingRating": 1.0966327839632697,
  "pressurization": 0.5638952031876983,
  "ritual": "Biting fingernails",
  "ruthlessness": 1.1361430783455753,
  "seasAttr": [],
  "shakespearianism": 0.7860894631429579,
  "soul": 4,
  "state": {},
  "suppression": 0.7212032669731425,
  "tenaciousness": 1.095713713901478,
  "thwackability": 0.9381468121324712,
  "totalFingers": 12,
  "tournamentTeamId": "49181b72-7f1c-4f1c-929f-928d763ad7fb",
  "tragicness": 0.001,
  "unthwackability": 1.1596746200364267,
  "watchfulness": 0.5717156946846681,
  "weekAttr": []
}