{
  "_id": "80e474a3-7d2b-431d-8192-2f1e27162607",
  "anticapitalism": 0.05676051738455734,
  "armor": "",
  "baseThirst": 0.23563069415262472,
  "bat": "",
  "blood": 9,
  "buoyancy": 0.5807826861358929,
  "chasiness": 0.10806359687528055,
  "cinnamon": 0.8467112734887021,
  "coffee": 5,
  "coldness": 0.08709530882243977,
  "continuation": 0.0249306768040396,
  "deceased": false,
  "divinity": 0.8053930222900731,
  "fate": 69,
  "groundFriction": 0.9507759320383192,
  "indulgence": 0.0489290922436183,
  "laserlikeness": 0.35062681941529683,
  "martyrdom": 0.5276637738347372,
  "moxie": 0.01690315261493236,
  "musclitude": 0.9511425760639304,
  "name": "Summers Preston",
  "omniscience": 0.8590083723896667,
  "overpowerment": 0.04327780706628848,
  "patheticism": 0.18098283699659443,
  "peanutAllergy": true,
  "pressurization": 0.2625056906223122,
  "ritual": "Shivering",
  "ruthlessness": 0.31933943024993905,
  "shakespearianism": 0.08352099927709555,
  "soul": 7,
  "suppression": 0.8844104452479704,
  "tenaciousness": 0.5253741798686251,
  "thwackability": 0.5777816260276754,
  "totalFingers": 10,
  "tragicness": 0.1,
  "unthwackability": 0.5766735545649035,
  "watchfulness": 0.19565003344750065
}