{
  "anticapitalism": 0.046760517384557346,
  "armor": "",
  "baseThirst": 0.2256306941526247,
  "bat": "",
  "blood": 9,
  "buoyancy": 0.5707826861358929,
  "chasiness": 0.09806359687528056,
  "cinnamon": 0.8467112734887021,
  "coffee": 5,
  "coldness": 0.07709530882243977,
  "continuation": 0.03,
  "deceased": false,
  "divinity": 0.7953930222900731,
  "fate": 69,
  "gameAttr": [],
  "groundFriction": 0.9407759320383192,
  "id": "80e474a3-7d2b-431d-8192-2f1e27162607",
  "indulgence": 0.038929092243618305,
  "laserlikeness": 0.3406268194152968,
  "martyrdom": 0.5176637738347372,
  "moxie": 0.03,
  "musclitude": 0.9411425760639304,
  "name": "Summers Preston",
  "omniscience": 0.8490083723896666,
  "overpowerment": 0.03327780706628848,
  "patheticism": 0.1909828369965945,
  "peanutAllergy": true,
  "permAttr": [],
  "pressurization": 0.2625056906223122,
  "ritual": "Shivering",
  "ruthlessness": 0.30933943024993904,
  "seasAttr": [],
  "shakespearianism": 0.07352099927709556,
  "soul": 7,
  "suppression": 0.8744104452479704,
  "tenaciousness": 0.5153741798686251,
  "thwackability": 0.5677816260276753,
  "totalFingers": 12,
  "tragicness": 0.08,
  "unthwackability": 0.5666735545649035,
  "watchfulness": 0.18565003344750064,
  "weekAttr": []
}