{
  "anticapitalism": 0.08661669898658275,
  "armor": "",
  "baseThirst": 0.3459166087438177,
  "baserunningRating": 0.40414246896827966,
  "bat": "",
  "blood": 9,
  "buoyancy": 0.6764477278648839,
  "chasiness": 0.06509701446188351,
  "cinnamon": 0.9425420029290088,
  "coffee": 5,
  "coldness": 0.2035295838506585,
  "continuation": 0.11610288851720156,
  "deceased": false,
  "defenseRating": 0.3437194042791818,
  "divinity": 0.9264480129552192,
  "fate": 69,
  "gameAttr": [],
  "groundFriction": 1.0568469736170654,
  "hitStreak": 0,
  "hittingRating": 0.7388959817345158,
  "id": "80e474a3-7d2b-431d-8192-2f1e27162607",
  "indulgence": 0.14024252302904444,
  "laserlikeness": 0.4551218937782423,
  "martyrdom": 0.6407150081199372,
  "moxie": 0.14198643784777118,
  "musclitude": 1.0309563363857297,
  "name": "Summers Preston",
  "omniscience": 0.6776437491399753,
  "overpowerment": 0.1215941173338876,
  "patheticism": 0.05598411416926434,
  "peanutAllergy": true,
  "permAttr": [],
  "pitchingRating": 0.34484100846538945,
  "pressurization": 0.2625056906223122,
  "ritual": "Shivering",
  "ruthlessness": 0.40781032083262503,
  "seasAttr": [],
  "shakespearianism": 0.17774272700456806,
  "soul": 7,
  "suppression": 1.024682614104333,
  "tenaciousness": 0.3226442478252268,
  "thwackability": 0.7107771772778373,
  "totalFingers": 12,
  "tragicness": 0.046013668019450296,
  "unthwackability": 0.7014677812371358,
  "watchfulness": 0.08539394509906216,
  "weekAttr": []
}