{
  "anticapitalism": 0.11104644659818652,
  "baseThirst": 0.19608776471102723,
  "baserunningRating": 0.3298344843768503,
  "blood": 9,
  "buoyancy": 0.7835552420409809,
  "chasiness": 0.13753236373198513,
  "cinnamon": 1.310242894499652,
  "coffee": 5,
  "coldness": 0.20604930456859533,
  "continuation": 0.07602825206405253,
  "deceased": false,
  "defenseRating": 0.3766073382247974,
  "divinity": 1.2443461277092398,
  "eDensity": 28.203799925571456,
  "evolution": 0,
  "fate": 91,
  "gameAttr": [],
  "groundFriction": 0.9612579660619298,
  "hitStreak": 0,
  "hittingRating": 0.9749902880883174,
  "id": "80e474a3-7d2b-431d-8192-2f1e27162607",
  "indulgence": 0.09359459814721956,
  "itemAttr": [],
  "items": [
    {
      "baserunningRating": 0,
      "defenseRating": 0,
      "durability": 1,
      "forger": null,
      "forgerName": null,
      "health": 0,
      "hittingRating": 0.044717165101904155,
      "id": "107f15ca-fe31-4c8b-bd08-bb6803f7dbe2",
      "name": "Bat",
      "pitchingRating": 0,
      "postPrefix": null,
      "prePrefix": null,
      "prefixes": null,
      "root": {
        "adjustments": [
          {
            "stat": 2,
            "type": 1,
            "value": 0.14493487349340675
          }
        ],
        "name": "Bat"
      },
      "suffix": null
    }
  ],
  "laserlikeness": 0.40840295080277694,
  "leagueTeamId": "b63be8c2-576a-4d6e-8daf-814f8bcea96f",
  "martyrdom": 0.8488519485121838,
  "moxie": 0.3604954052504814,
  "musclitude": 1.2277720598792885,
  "name": "Summers Preston",
  "omniscience": 0.609381483660035,
  "overpowerment": 0.1504699471458119,
  "patheticism": 0.001,
  "peanutAllergy": false,
  "permAttr": [],
  "pitchingRating": 0.34768216439167104,
  "pressurization": 0.2625056906223122,
  "ritual": "Shivering",
  "ruthlessness": 0.4177626436503766,
  "seasAttr": [],
  "shakespearianism": 0.14138589905842713,
  "soul": 7,
  "state": {},
  "suppression": 1.007886595341469,
  "tenaciousness": 0.2776064964648136,
  "thwackability": 0.8987226482910201,
  "totalFingers": 12,
  "tournamentTeamId": "e3f90fa1-0bbe-40df-88ce-578d0723a23b",
  "tragicness": 0.001,
  "unthwackability": 0.6864460892763001,
  "watchfulness": 0.13132289530069574,
  "weekAttr": []
}