{
  "anticapitalism": 0.01558348326724987,
  "baseThirst": 0.1882906134375391,
  "baserunningRating": 0.20173252654196555,
  "blood": 9,
  "buoyancy": 0.531691330242793,
  "chasiness": 0.06574953176061632,
  "cinnamon": 1.2448872662610864,
  "coffee": 5,
  "coldness": 0.13198681736068424,
  "continuation": 0.001,
  "deceased": false,
  "defenseRating": 0.2420996767128709,
  "divinity": 0.8702704340770768,
  "eDensity": 23.06707940575581,
  "evolution": 0,
  "fate": 69,
  "gameAttr": [],
  "groundFriction": 0.9289193220683558,
  "hitStreak": 0,
  "hittingRating": 0.6010831493860013,
  "id": "80e474a3-7d2b-431d-8192-2f1e27162607",
  "indulgence": 0.071491151060942,
  "items": [],
  "laserlikeness": 0.3891706360907638,
  "leagueTeamId": "57ec08cc-0411-4643-b304-0e80dbc15ac7",
  "martyrdom": 0.485551589383433,
  "moxie": 0.030245436053731145,
  "musclitude": 0.8885655919256457,
  "name": "Summ-rs Presto-",
  "omniscience": 0.5282484555174085,
  "overpowerment": 0.09905125700173124,
  "patheticism": 0.25284685794634054,
  "peanutAllergy": true,
  "permAttr": [
    "SCATTERED"
  ],
  "pitchingRating": 0.25038170532427756,
  "pressurization": 0.2625056906223122,
  "ritual": "Shivering",
  "ruthlessness": 0.3319973849429591,
  "seasAttr": [],
  "shakespearianism": 0.05903456637820498,
  "soul": 7,
  "state": {
    "unscatteredName": "Summers Preston"
  },
  "suppression": 0.9256678560084916,
  "tenaciousness": 0.21344824788416888,
  "thwackability": 0.6369367831030537,
  "totalFingers": 12,
  "tournamentTeamId": "e3f90fa1-0bbe-40df-88ce-578d0723a23b",
  "tragicness": 0.201,
  "unthwackability": 0.5905975690312613,
  "watchfulness": 0.05310351045832595,
  "weekAttr": []
}