{
  "anticapitalism": 0.14686289165163563,
  "armor": "",
  "baseThirst": 0.4133373889964574,
  "baserunningRating": 0.4876591677936967,
  "bat": "",
  "blood": 9,
  "buoyancy": 0.7516400748691154,
  "chasiness": 0.13192328690716237,
  "cinnamon": 1.0142796119907305,
  "coffee": 5,
  "coldness": 0.2800691218228114,
  "continuation": 0.19575655936986608,
  "deceased": false,
  "defenseRating": 0.43011751361764655,
  "divinity": 0.990893252531523,
  "fate": 69,
  "gameAttr": [],
  "groundFriction": 1.1184371007015488,
  "hitStreak": 0,
  "hittingRating": 0.8064175951075699,
  "id": "80e474a3-7d2b-431d-8192-2f1e27162607",
  "indulgence": 0.1947579571417345,
  "laserlikeness": 0.5333437722407317,
  "leagueTeamId": "57ec08cc-0411-4643-b304-0e80dbc15ac7",
  "martyrdom": 0.6956752922879231,
  "moxie": 0.21024450975756892,
  "musclitude": 1.0809107797941062,
  "name": "Summers Preston",
  "omniscience": 0.7224831463650458,
  "overpowerment": 0.1810410319219604,
  "patheticism": 0.01,
  "peanutAllergy": true,
  "permAttr": [],
  "pitchingRating": 0.41450569492698625,
  "pressurization": 0.2625056906223122,
  "ritual": "Shivering",
  "ruthlessness": 0.4767515810473049,
  "seasAttr": [],
  "shakespearianism": 0.23062194830060784,
  "soul": 7,
  "suppression": 1.0813999649435555,
  "tenaciousness": 0.398413767258605,
  "thwackability": 0.7667345336326307,
  "totalFingers": 12,
  "tournamentTeamId": "e3f90fa1-0bbe-40df-88ce-578d0723a23b",
  "tragicness": 0.01,
  "unthwackability": 0.741567684436968,
  "watchfulness": 0.13499373461776393,
  "weekAttr": []
}