{
  "anticapitalism": 0.361916034701566,
  "armor": "",
  "baseThirst": 0.34253425996298914,
  "bat": "",
  "blood": 6,
  "buoyancy": 0.23601355738063912,
  "chasiness": 0.9506809553625526,
  "cinnamon": 1.1424802961718703,
  "coffee": 11,
  "coldness": 0.19688812446039963,
  "continuation": 0.26197448135159074,
  "deceased": false,
  "divinity": 0.8161278976846789,
  "fate": 32,
  "gameAttr": [],
  "groundFriction": 0.26577704908893096,
  "id": "814bae61-071a-449b-981e-e7afc839d6d6",
  "indulgence": 0.8440061428889699,
  "laserlikeness": 1.0028877069430406,
  "martyrdom": 0.8379324472468943,
  "moxie": 1.0601549963847214,
  "musclitude": 1.1261143266618248,
  "name": "Ruslan Greatness",
  "omniscience": 0.8341211216217281,
  "overpowerment": 0.8279484520950022,
  "patheticism": 0.01,
  "peanutAllergy": false,
  "permAttr": [],
  "pressurization": 0.9777448533424058,
  "ritual": "Channeling chi",
  "ruthlessness": 0.3796490984215199,
  "seasAttr": [],
  "shakespearianism": 0.5952041671758811,
  "soul": 2,
  "suppression": 0.96584669438509,
  "tenaciousness": 0.4615091965453171,
  "thwackability": 0.2307560596013528,
  "totalFingers": 12,
  "tragicness": 0.01,
  "unthwackability": 0.3298201548742302,
  "watchfulness": 0.4663420810776795,
  "weekAttr": []
}