{
  "anticapitalism": 0.631430729043998,
  "baseThirst": 0.47001995293245674,
  "baserunningRating": 0.5126614431749645,
  "blood": 1,
  "buoyancy": 1.0463038269429248,
  "chasiness": 0.4862258814438704,
  "cinnamon": 0.6019298082423794,
  "coffee": 7,
  "coldness": 0.3814886731116224,
  "continuation": 0.6630086669928545,
  "deceased": false,
  "defenseRating": 0.7529137196644621,
  "divinity": 0.964203433319864,
  "eDensity": 49.44507924250481,
  "evolution": 0,
  "fate": 13,
  "gameAttr": [],
  "groundFriction": 0.6327342228477755,
  "hitStreak": 0,
  "hittingRating": 0.5789835679340535,
  "id": "817dee99-9ccf-4f41-84e3-dc9773237bc8",
  "indulgence": 0.6941055318837217,
  "itemAttr": [],
  "items": [
    {
      "baserunningRating": 0,
      "defenseRating": 0,
      "durability": 1,
      "forger": null,
      "forgerName": null,
      "health": 0,
      "hittingRating": 0.06097377166052109,
      "id": "33273f0c-96d6-42fe-b6cb-78862dd047dc",
      "name": "Bat",
      "pitchingRating": 0,
      "postPrefix": null,
      "prePrefix": null,
      "prefixes": null,
      "root": {
        "adjustments": [
          {
            "stat": 2,
            "type": 1,
            "value": 0.13046667651384838
          }
        ],
        "name": "Bat"
      },
      "suffix": null
    }
  ],
  "laserlikeness": 0.3912054039678643,
  "leagueTeamId": "b024e975-1c4a-4575-8936-a3754a08806a",
  "martyrdom": 0.25992898183601154,
  "moxie": 0.362185775179731,
  "musclitude": 0.3740747988169833,
  "name": "Holden Stanton",
  "omniscience": 0.7494511327104285,
  "overpowerment": 0.2166261136676943,
  "patheticism": 0.4199666157083527,
  "peanutAllergy": true,
  "permAttr": [
    "PERK"
  ],
  "pitchingRating": 0.07616687529863599,
  "pressurization": 0.42209720410348023,
  "ritual": "Intermittent fasting",
  "ruthlessness": 0.2090088404033834,
  "seasAttr": [],
  "shakespearianism": 0.24703847079392832,
  "soul": 5,
  "state": {},
  "suppression": 0.23677785985184496,
  "tenaciousness": 0.816928967883215,
  "thwackability": 0.3939250003303862,
  "totalFingers": 10,
  "tournamentTeamId": "d8f82163-2e74-496b-8e4b-2ab35b2d3ff1",
  "tragicness": 0.30000000000000004,
  "unthwackability": 0.04457181414962463,
  "watchfulness": 0.508666446602736,
  "weekAttr": []
}