{
  "anticapitalism": 0.7214146572574238,
  "armor": "",
  "baseThirst": 0.5495953217361942,
  "bat": "SHRINK_RAY",
  "blood": 12,
  "buoyancy": 0.8547765610239197,
  "chasiness": 0.5580468981895914,
  "cinnamon": 0.46461704563852835,
  "coffee": 7,
  "coldness": 0.45972659823151774,
  "continuation": 0.7685805481662675,
  "deceased": false,
  "divinity": 0.7653406262221221,
  "fate": 13,
  "gameAttr": [],
  "groundFriction": 0.6805057542395977,
  "id": "817dee99-9ccf-4f41-84e3-dc9773237bc8",
  "indulgence": 0.7903413927994221,
  "laserlikeness": 0.4700924605763968,
  "martyrdom": 0.011424424247414631,
  "moxie": 0.12752752739175302,
  "musclitude": 0.1598884305341653,
  "name": "Holden Stanton",
  "omniscience": 0.8493617582789184,
  "overpowerment": 0.27673699637506477,
  "patheticism": 0.6228800365183513,
  "peanutAllergy": true,
  "permAttr": [],
  "pressurization": 0.42209720410348023,
  "ritual": "Intermittent fasting",
  "ruthlessness": 0.2835087161448049,
  "seasAttr": [],
  "shakespearianism": 0.32484155128641,
  "soul": 5,
  "suppression": 0.31292036054045513,
  "tenaciousness": 0.8811440991287571,
  "thwackability": 0.19498492738490247,
  "totalFingers": 10,
  "tragicness": 0.1,
  "unthwackability": 0.1168778086301434,
  "watchfulness": 0.6049726764359511,
  "weekAttr": []
}