{
  "anticapitalism": 0.18886760643158304,
  "baseThirst": 1.176124008772406,
  "baserunningRating": 0.5262598573670704,
  "blood": 8,
  "buoyancy": 0.7121212040782062,
  "chasiness": 0.3970831823755037,
  "cinnamon": 0.9644972575847288,
  "coffee": 5,
  "coldness": 1.0128479449690635,
  "continuation": 0.3992675856708456,
  "deceased": false,
  "defenseRating": 0.5818155599689917,
  "divinity": 1.0593249349330915,
  "eDensity": 25.68422382826626,
  "evolution": 0,
  "fate": 9,
  "gameAttr": [],
  "groundFriction": 1.340840925636301,
  "hitStreak": 0,
  "hittingRating": 0.7360343139758913,
  "id": "81a0889a-4606-4f49-b419-866b57331383",
  "indulgence": 0.8595815473064361,
  "itemAttr": [],
  "items": [],
  "laserlikeness": 0.31312964477445576,
  "leagueTeamId": "105bc3ff-1320-4e37-8ef0-8d595cb95dd0",
  "martyrdom": 1.1965302742679709,
  "moxie": 0.6126527325358709,
  "musclitude": 0.985698682869072,
  "name": "Summers Pony",
  "omniscience": 0.7902117659660886,
  "overpowerment": 0.9806578092854408,
  "patheticism": 0.6346647715926059,
  "peanutAllergy": false,
  "permAttr": [],
  "pitchingRating": 0.8105917236436117,
  "pressurization": 0.6484522848703613,
  "ritual": "Fist-fighting the sea",
  "ruthlessness": 1.2449555624233848,
  "seasAttr": [],
  "shakespearianism": 0.5415616354633699,
  "soul": 4,
  "state": {},
  "suppression": 0.6133571048703859,
  "tenaciousness": 0.46564054195593063,
  "thwackability": 0.5020959795794717,
  "totalFingers": 10,
  "tournamentTeamId": "e3f90fa1-0bbe-40df-88ce-578d0723a23b",
  "tragicness": 0.08850555660296903,
  "unthwackability": 0.6266415853362532,
  "watchfulness": 0.43774963386095334,
  "weekAttr": []
}