{
  "anticapitalism": 0.14763611762852594,
  "armor": "",
  "baseThirst": 1.0358861252918437,
  "bat": "",
  "blood": 8,
  "buoyancy": 0.6397610124943877,
  "chasiness": 0.5360941967585267,
  "cinnamon": 0.8985839648647409,
  "coffee": 5,
  "coldness": 0.8845357990949575,
  "continuation": 0.2972268016528041,
  "deceased": false,
  "divinity": 0.9488960902635596,
  "fate": 27,
  "gameAttr": [],
  "groundFriction": 1.12714005875876,
  "hitStreak": 0,
  "id": "81a0889a-4606-4f49-b419-866b57331383",
  "indulgence": 0.7040124245086457,
  "laserlikeness": 0.20488551882322964,
  "martyrdom": 1.094856220179775,
  "moxie": 0.5288931751829916,
  "musclitude": 0.912118630980618,
  "name": "Summers Pony",
  "omniscience": 0.9509499312072064,
  "overpowerment": 0.8471750184792092,
  "patheticism": 0.7361311334444809,
  "peanutAllergy": false,
  "permAttr": [],
  "pressurization": 0.6484522848703613,
  "ritual": "Fist-fighting the sea",
  "ruthlessness": 1.0695639653473927,
  "seasAttr": [],
  "shakespearianism": 0.4339109082952473,
  "soul": 4,
  "suppression": 0.4633260299827226,
  "tenaciousness": 0.6133860087768557,
  "thwackability": 0.4188661327496535,
  "totalFingers": 10,
  "tragicness": 0.1,
  "unthwackability": 0.5471151392295533,
  "watchfulness": 0.5890507344799374,
  "weekAttr": []
}