{
  "anticapitalism": 0.058982727467589174,
  "armor": "",
  "baseThirst": 1.1109597777573543,
  "baserunningRating": 0.4719375008039377,
  "bat": "",
  "blood": 8,
  "buoyancy": 0.6940911500356362,
  "chasiness": 0.3014351436580168,
  "cinnamon": 0.9398497722150472,
  "coffee": 5,
  "coldness": 0.956751905446005,
  "continuation": 0.3441746116621148,
  "deceased": false,
  "defenseRating": 0.4576523394821239,
  "divinity": 1.0257272822556087,
  "fate": 9,
  "gameAttr": [],
  "groundFriction": 1.199431931587534,
  "hitStreak": 0,
  "hittingRating": 0.708421658103869,
  "id": "81a0889a-4606-4f49-b419-866b57331383",
  "indulgence": 0.7630579043132836,
  "laserlikeness": 0.27476848740761506,
  "leagueTeamId": "105bc3ff-1320-4e37-8ef0-8d595cb95dd0",
  "martyrdom": 1.1726116454087328,
  "moxie": 0.5814687466353973,
  "musclitude": 0.9745004478780076,
  "name": "Summers Pony",
  "omniscience": 0.7059807915150692,
  "overpowerment": 0.8894145744394062,
  "patheticism": 0.6581503071041553,
  "peanutAllergy": false,
  "permAttr": [],
  "pitchingRating": 0.7422744086836728,
  "pressurization": 0.6484522848703613,
  "ritual": "Fist-fighting the sea",
  "ruthlessness": 1.1452766134737788,
  "seasAttr": [],
  "shakespearianism": 0.4802116947867806,
  "soul": 4,
  "suppression": 0.5352836624159483,
  "tenaciousness": 0.36864100830654856,
  "thwackability": 0.4764788266608163,
  "totalFingers": 10,
  "tournamentTeamId": "e3f90fa1-0bbe-40df-88ce-578d0723a23b",
  "tragicness": 0.1,
  "unthwackability": 0.5942139941909872,
  "watchfulness": 0.33469179982295083,
  "weekAttr": []
}