{
  "anticapitalism": 0.9071577123622988,
  "armor": "",
  "baseThirst": 0.6658678733380128,
  "bat": "",
  "blood": 4,
  "buoyancy": 0.3081595547702366,
  "chasiness": 0.5871396699215752,
  "cinnamon": 0.17653752542267176,
  "coffee": 6,
  "coldness": 0.6929434154252231,
  "continuation": 0.7003600239845706,
  "deceased": false,
  "divinity": 0.8478298032982327,
  "fate": 54,
  "gameAttr": [],
  "groundFriction": 0.35201147148356815,
  "hitStreak": 0,
  "id": "82d1b7b4-ce00-4536-8631-a025f05150ce",
  "indulgence": 0.6619056408799066,
  "laserlikeness": 0.568767962958767,
  "martyrdom": 0.6667130951871734,
  "moxie": 0.6558004746040378,
  "musclitude": 1.0892942359669031,
  "name": "Sam Scandal",
  "omniscience": 0.4943786158332787,
  "overpowerment": 0.6216040904367071,
  "patheticism": 0.7802689042147102,
  "peanutAllergy": false,
  "permAttr": [],
  "pressurization": 0.23109357401656405,
  "ritual": "Spinning",
  "ruthlessness": 1.0152971828471131,
  "seasAttr": [],
  "shakespearianism": 0.9391600223804766,
  "soul": 2,
  "suppression": 0.8271795469797377,
  "tenaciousness": 0.3153597432305212,
  "thwackability": 0.858293586322904,
  "totalFingers": 10,
  "tragicness": 0.1,
  "unthwackability": 1.0108434658153196,
  "watchfulness": 0.07828971220350775,
  "weekAttr": []
}