{
  "anticapitalism": 0.8918809398733545,
  "armor": "",
  "baseThirst": 0.8304172264670596,
  "baserunningRating": 0.7932411055717189,
  "bat": "",
  "blood": 4,
  "buoyancy": 0.4750085590116671,
  "chasiness": 0.5747524552694464,
  "cinnamon": 0.383952616464006,
  "coffee": 6,
  "coldness": 0.8536588641632921,
  "continuation": 0.881585650138155,
  "deceased": false,
  "defenseRating": 0.5203074937665066,
  "divinity": 0.9830718792005626,
  "eDensity": 27.86386065379337,
  "evolution": 0,
  "fate": 54,
  "gameAttr": [],
  "groundFriction": 0.551121597109602,
  "hitStreak": 0,
  "hittingRating": 0.9604158686310582,
  "id": "82d1b7b4-ce00-4536-8631-a025f05150ce",
  "indulgence": 0.8868079939400693,
  "laserlikeness": 0.7728279920415496,
  "leagueTeamId": "b024e975-1c4a-4575-8936-a3754a08806a",
  "martyrdom": 0.8050574404939833,
  "moxie": 0.8688810845163086,
  "musclitude": 1.254426632304761,
  "name": "Sam Scandal",
  "omniscience": 0.46070615571102547,
  "overpowerment": 0.8187757348533555,
  "patheticism": 0.633461034239931,
  "peanutAllergy": false,
  "permAttr": [],
  "pitchingRating": 1.1351584825726266,
  "pressurization": 0.23109357401656405,
  "ritual": "Spinning",
  "ruthlessness": 1.1753985067166512,
  "seasAttr": [],
  "shakespearianism": 1.1354725093101257,
  "soul": 2,
  "state": {},
  "suppression": 0.9910661262761762,
  "tenaciousness": 0.26502238793112476,
  "thwackability": 1.0397892364570738,
  "totalFingers": 10,
  "tournamentTeamId": "4e5d0063-73b4-440a-b2d1-214a7345cf16",
  "tragicness": 0.001,
  "unthwackability": 1.1814513919957472,
  "watchfulness": 0.1902829760299033,
  "weekAttr": []
}