{
  "anticapitalism": 0.7639353786205237,
  "armor": "",
  "baseThirst": 0.7163125731688886,
  "baserunningRating": 0.67198880000279,
  "bat": "",
  "blood": 4,
  "buoyancy": 0.3715944824608557,
  "chasiness": 0.44315673932960176,
  "cinnamon": 0.2343961935035382,
  "coffee": 6,
  "coldness": 0.7367774722885485,
  "continuation": 0.7479337877530913,
  "deceased": false,
  "defenseRating": 0.39276572534369936,
  "divinity": 0.8889555369090814,
  "fate": 54,
  "gameAttr": [],
  "groundFriction": 0.4219387779669217,
  "hitStreak": 0,
  "hittingRating": 0.8571878380670361,
  "id": "82d1b7b4-ce00-4536-8631-a025f05150ce",
  "indulgence": 0.7387005913306655,
  "laserlikeness": 0.6459328124229563,
  "leagueTeamId": "b024e975-1c4a-4575-8936-a3754a08806a",
  "martyrdom": 0.7203848413659234,
  "moxie": 0.7221037462884765,
  "musclitude": 1.1562145117139622,
  "name": "Sam Scandal",
  "omniscience": 0.3365014292357365,
  "overpowerment": 0.6783453003029454,
  "patheticism": 0.7401495582118383,
  "peanutAllergy": false,
  "permAttr": [],
  "pitchingRating": 0.9941817526739152,
  "pressurization": 0.23109357401656405,
  "ritual": "Spinning",
  "ruthlessness": 1.0742987337114114,
  "seasAttr": [],
  "shakespearianism": 0.9951790110829932,
  "soul": 2,
  "suppression": 0.8783875628041812,
  "tenaciousness": 0.16256064265653852,
  "thwackability": 0.9327340833925472,
  "totalFingers": 10,
  "tournamentTeamId": null,
  "tragicness": 0.1,
  "unthwackability": 1.065734978180232,
  "watchfulness": 0.08624167808227755,
  "weekAttr": []
}