{
  "anticapitalism": 0.2390885504936009,
  "armor": "",
  "baseThirst": 0.5033084811972055,
  "baserunningRating": 0.5320068239882495,
  "bat": "",
  "blood": 12,
  "buoyancy": 0.8640833283144922,
  "chasiness": 0.20393435607224153,
  "cinnamon": 0.7107473290617381,
  "coffee": 2,
  "coldness": 0.1040700443820437,
  "continuation": 0.6574585948376734,
  "deceased": false,
  "defenseRating": 0.5077417675288279,
  "divinity": 0.538927213201635,
  "eDensity": 28.336472678728985,
  "evolution": 0,
  "fate": 0,
  "gameAttr": [],
  "groundFriction": 0.36400738600272864,
  "hitStreak": 0,
  "hittingRating": 0.4991669072724372,
  "id": "84a17f48-0393-4166-864a-f7cd27557701",
  "indulgence": 0.19920382258690417,
  "laserlikeness": 0.5967773092667499,
  "leagueTeamId": "46358869-dce9-4a01-bfba-ac24fc56f57e",
  "martyrdom": 0.8050597108232911,
  "moxie": 0.8199020034055535,
  "musclitude": 0.15073734452868992,
  "name": "Arches Candle",
  "omniscience": 0.8989735245217141,
  "overpowerment": 0.2234246652072629,
  "patheticism": 0.6628872187924844,
  "peanutAllergy": true,
  "permAttr": [],
  "pitchingRating": 0.5091520267431977,
  "pressurization": 0.22954621341054393,
  "ritual": "Washing the blood off",
  "ruthlessness": 0.628723444129907,
  "seasAttr": [],
  "shakespearianism": 0.383943387862123,
  "soul": 7,
  "state": {},
  "suppression": 0.09636560338974665,
  "tenaciousness": 0.29005241980467167,
  "thwackability": 0.47562224392365615,
  "totalFingers": 10,
  "tournamentTeamId": null,
  "tragicness": 0.24760529562639189,
  "unthwackability": 0.7988553896439305,
  "watchfulness": 0.34350490362789676,
  "weekAttr": []
}