{
  "anticapitalism": 0.7470267085751029,
  "baseThirst": 1.0922055430886617,
  "baserunningRating": 0.8408569627330851,
  "blood": 9,
  "buoyancy": 0.5489584734180647,
  "chasiness": 0.5987344646654015,
  "cinnamon": 0.8473212568172245,
  "coffee": 10,
  "coldness": 1.059569201553192,
  "continuation": 0.8621955102271541,
  "deceased": false,
  "defenseRating": 0.9209488291069068,
  "divinity": 1.27225475950982,
  "eDensity": 34.092723533435986,
  "evolution": 1,
  "fate": 83,
  "gameAttr": [],
  "groundFriction": 1.4232236925830093,
  "hitStreak": 0,
  "hittingRating": 0.9421647445220492,
  "id": "84a2b5f6-4955-4007-9299-3d35ae7135d3",
  "indulgence": 0.66937458816888,
  "itemAttr": [],
  "items": [
    {
      "baserunningRating": 0,
      "defenseRating": 0,
      "durability": 1,
      "forger": null,
      "forgerName": null,
      "health": 1,
      "hittingRating": 0.05279372272808658,
      "id": "38266ea3-8936-4ff7-b1da-7d9d0058d82f",
      "name": "Bat",
      "pitchingRating": 0,
      "postPrefix": null,
      "prePrefix": null,
      "prefixes": null,
      "root": {
        "adjustments": [
          {
            "stat": 2,
            "type": 1,
            "value": 0.13387313020189948
          }
        ],
        "name": "Bat"
      },
      "suffix": null
    }
  ],
  "laserlikeness": 0.7225597166489696,
  "leagueTeamId": "8d87c468-699a-47a8-b40d-cfb73a5660ad",
  "martyrdom": 0.9235596045568532,
  "moxie": 0.6477745139266842,
  "musclitude": 0.5846314470715406,
  "name": "Kennedy Loser",
  "omniscience": 1.0190833857672483,
  "overpowerment": 0.4761249434486203,
  "patheticism": 0.001,
  "peanutAllergy": false,
  "permAttr": [
    "REVERBERATING",
    "HAUNTED"
  ],
  "pitchingRating": 0.9534872134778812,
  "pressurization": 0.45612744390847126,
  "ritual": "Tarot",
  "ruthlessness": 0.9874221298794444,
  "seasAttr": [],
  "shakespearianism": 1.4116393681019703,
  "soul": 5,
  "state": {},
  "suppression": 1.1930666375242664,
  "tenaciousness": 1.2503470007104025,
  "thwackability": 0.820188246464128,
  "totalFingers": 12,
  "tournamentTeamId": null,
  "tragicness": 0.001,
  "unthwackability": 1.067849289275808,
  "watchfulness": 0.6043716125336084,
  "weekAttr": []
}