{
  "anticapitalism": 0.4163307239991634,
  "armor": "",
  "baseThirst": 0.9032851495332476,
  "baserunningRating": 0.6690276873604838,
  "bat": "",
  "blood": 9,
  "buoyancy": 0.3789715608992948,
  "chasiness": 0.27488694903551303,
  "cinnamon": 0.6858267018521764,
  "coffee": 10,
  "coldness": 0.9117830548411008,
  "continuation": 0.6792577510480381,
  "deceased": false,
  "defenseRating": 0.6416904934218265,
  "divinity": 1.1175613696926168,
  "eDensity": 29.64910981314348,
  "evolution": 1,
  "fate": 83,
  "gameAttr": [],
  "groundFriction": 1.211833325450084,
  "hitStreak": 0,
  "hittingRating": 0.7675952307379957,
  "id": "84a2b5f6-4955-4007-9299-3d35ae7135d3",
  "indulgence": 0.49548027102898384,
  "laserlikeness": 0.5465406087242815,
  "leagueTeamId": "8d87c468-699a-47a8-b40d-cfb73a5660ad",
  "martyrdom": 0.7473957322893914,
  "moxie": 0.4898845342105789,
  "musclitude": 0.37551099125304127,
  "name": "Kennedy Loser",
  "omniscience": 0.6504888079308198,
  "overpowerment": 0.29032596572441205,
  "patheticism": 0.01,
  "peanutAllergy": false,
  "permAttr": [
    "FLINCH"
  ],
  "pitchingRating": 0.7287022760716193,
  "pressurization": 0.45612744390847126,
  "ritual": "Tarot",
  "ruthlessness": 0.7706864161754488,
  "seasAttr": [],
  "shakespearianism": 1.2278771127655472,
  "soul": 5,
  "state": {},
  "suppression": 1.0229009535525355,
  "tenaciousness": 0.9224885877307732,
  "thwackability": 0.6169535290537769,
  "totalFingers": 12,
  "tournamentTeamId": null,
  "tragicness": 0.1,
  "unthwackability": 0.9139170257920726,
  "watchfulness": 0.2872511716092947,
  "weekAttr": []
}