{
  "anticapitalism": 0.6163307239991633,
  "armor": "",
  "baseThirst": 1.0032851495332475,
  "baserunningRating": 0.7653904851306538,
  "bat": "",
  "blood": 9,
  "buoyancy": 0.3789715608992948,
  "chasiness": 0.474886949035513,
  "cinnamon": 0.6858267018521764,
  "coffee": 10,
  "coldness": 0.9117830548411008,
  "continuation": 0.7792577510480381,
  "deceased": false,
  "defenseRating": 0.8154283412626457,
  "divinity": 1.1175613696926168,
  "fate": 83,
  "gameAttr": [],
  "groundFriction": 1.311833325450084,
  "hitStreak": 0,
  "hittingRating": 0.7675952307379957,
  "id": "84a2b5f6-4955-4007-9299-3d35ae7135d3",
  "indulgence": 0.5954802710289838,
  "laserlikeness": 0.6465406087242814,
  "martyrdom": 0.7473957322893914,
  "moxie": 0.4898845342105789,
  "musclitude": 0.37551099125304127,
  "name": "Kennedy Loser",
  "omniscience": 0.8504888079308197,
  "overpowerment": 0.29032596572441205,
  "patheticism": 0.01,
  "peanutAllergy": false,
  "permAttr": [],
  "pitchingRating": 0.7287022760716193,
  "pressurization": 0.45612744390847126,
  "ritual": "Tarot",
  "ruthlessness": 0.7706864161754488,
  "seasAttr": [],
  "shakespearianism": 1.2278771127655472,
  "soul": 5,
  "suppression": 1.0229009535525355,
  "tenaciousness": 1.122488587730773,
  "thwackability": 0.6169535290537769,
  "totalFingers": 12,
  "tragicness": 0.1,
  "unthwackability": 0.9139170257920726,
  "watchfulness": 0.48725117160929465,
  "weekAttr": []
}