{
  "anticapitalism": 0.2612575380423574,
  "armor": "",
  "baseThirst": 0.6695174342457947,
  "baserunningRating": 0.607798237970932,
  "bat": "",
  "blood": 12,
  "buoyancy": 1.104404926260705,
  "chasiness": 0.14566396029784387,
  "cinnamon": 0.9234968551736128,
  "coffee": 5,
  "coldness": 0.8674224067849045,
  "continuation": 0.6777250728208174,
  "deceased": false,
  "defenseRating": 0.2615874939975717,
  "divinity": 1.0366214396711295,
  "eDensity": 0,
  "evolution": 0,
  "fate": 28,
  "gameAttr": [],
  "groundFriction": 0.6070985328105211,
  "hitStreak": 0,
  "hittingRating": 0.73142869104777,
  "id": "855775c1-266f-40f6-b07b-3a67ccdf8551",
  "indulgence": 0.3933137474937951,
  "laserlikeness": 0.5761772716556391,
  "leagueTeamId": "3f8bbb15-61c0-4e3f-8e4a-907a5fb1565e",
  "martyrdom": 0.6167150069489128,
  "moxie": 0.7670025328530743,
  "musclitude": 0.3756153800690274,
  "name": "Nic Winkler",
  "omniscience": 0.2912983046274075,
  "overpowerment": 0.612528428374113,
  "patheticism": 0.01,
  "peanutAllergy": true,
  "permAttr": [],
  "pitchingRating": 0.33943807417585187,
  "pressurization": 0.36269468580325337,
  "ritual": "Doing a good deed and telling everyone about it",
  "ruthlessness": 0.3156745621731667,
  "seasAttr": [],
  "shakespearianism": 0.8969785591867517,
  "soul": 2,
  "state": {},
  "suppression": 0.7713934436768186,
  "tenaciousness": 0.08124610084337767,
  "thwackability": 0.5314346896085285,
  "totalFingers": 15,
  "tournamentTeamId": "e3f90fa1-0bbe-40df-88ce-578d0723a23b",
  "tragicness": 0.05626529125166313,
  "unthwackability": 0.34556012381032497,
  "watchfulness": 0.07038301408528146,
  "weekAttr": []
}