{
  "anticapitalism": 0.5195856119756238,
  "armor": "",
  "baseThirst": 0.5931166670768667,
  "bat": "",
  "blood": 12,
  "buoyancy": 0.927625214226009,
  "chasiness": 0.37460377818022367,
  "cinnamon": 0.8582903396074095,
  "coffee": 5,
  "coldness": 0.8159687732258181,
  "continuation": 0.6202057019374843,
  "deceased": false,
  "divinity": 0.8638933132795827,
  "fate": 28,
  "gameAttr": [],
  "groundFriction": 0.5278059694887334,
  "hitStreak": 0,
  "id": "855775c1-266f-40f6-b07b-3a67ccdf8551",
  "indulgence": 0.3397467200870332,
  "laserlikeness": 0.5028923118545403,
  "martyrdom": 0.4692241117509729,
  "moxie": 0.5924642129886051,
  "musclitude": 0.22546748759860527,
  "name": "Nic Winkler",
  "omniscience": 0.525412858796652,
  "overpowerment": 0.5325530852340841,
  "patheticism": 0.01,
  "peanutAllergy": true,
  "permAttr": [],
  "pressurization": 0.36269468580325337,
  "ritual": "Doing a good deed and telling everyone about it",
  "ruthlessness": 0.26604598711973054,
  "seasAttr": [],
  "shakespearianism": 0.8422242468113552,
  "soul": 2,
  "suppression": 0.69541048919463,
  "tenaciousness": 0.1963740562584687,
  "thwackability": 0.3667293826725708,
  "totalFingers": 15,
  "tragicness": 0.08,
  "unthwackability": 0.2801775997831041,
  "watchfulness": 0.2498012060053043,
  "weekAttr": []
}