{
  "anticapitalism": 0.21958561197562385,
  "armor": "",
  "baseThirst": 0.5931166670768667,
  "baserunningRating": 0.5403411508856856,
  "bat": "",
  "blood": 12,
  "buoyancy": 1.027625214226009,
  "chasiness": 0.07460377818022362,
  "cinnamon": 0.8582903396074095,
  "coffee": 5,
  "coldness": 0.8159687732258181,
  "continuation": 0.6202057019374843,
  "deceased": false,
  "defenseRating": 0.12360390957001348,
  "divinity": 0.9638933132795828,
  "fate": 28,
  "gameAttr": [],
  "groundFriction": 0.5278059694887334,
  "hitStreak": 0,
  "hittingRating": 0.6678473001864805,
  "id": "855775c1-266f-40f6-b07b-3a67ccdf8551",
  "indulgence": 0.3397467200870332,
  "laserlikeness": 0.5028923118545403,
  "martyrdom": 0.5692241117509729,
  "moxie": 0.692464212988605,
  "musclitude": 0.3254674875986053,
  "name": "Nic Winkler",
  "omniscience": 0.22541285879665204,
  "overpowerment": 0.5325530852340841,
  "patheticism": 0.001,
  "peanutAllergy": true,
  "permAttr": [],
  "pitchingRating": 0.2773246276412058,
  "pressurization": 0.36269468580325337,
  "ritual": "Doing a good deed and telling everyone about it",
  "ruthlessness": 0.26604598711973054,
  "seasAttr": [],
  "shakespearianism": 0.8422242468113552,
  "soul": 2,
  "suppression": 0.69541048919463,
  "tenaciousness": 0.01,
  "thwackability": 0.4667293826725708,
  "totalFingers": 15,
  "tragicness": 0.1,
  "unthwackability": 0.2801775997831041,
  "watchfulness": 0.01,
  "weekAttr": []
}