{
  "_id": "855775c1-266f-40f6-b07b-3a67ccdf8551",
  "anticapitalism": 0.5388132015324665,
  "baseThirst": 0.6186994103019647,
  "bat": "",
  "buoyancy": 0.9080135631243272,
  "chasiness": 0.37421917030947727,
  "cinnamon": 0.7132962990593348,
  "coldness": 0.8978882397240375,
  "continuation": 0.6328814842018766,
  "deceased": false,
  "divinity": 0.8392679764014015,
  "fate": 28,
  "groundFriction": 0.5591273988058278,
  "indulgence": 0.3558475329750206,
  "laserlikeness": 0.5130075342859026,
  "martyrdom": 0.46159452908458,
  "moxie": 0.5517220287235953,
  "musclitude": 0.1950201289930125,
  "name": "Nic Winkler",
  "omniscience": 0.5555256962424677,
  "overpowerment": 0.6090157215877825,
  "patheticism": 0.060174692570360344,
  "peanutAllergy": false,
  "pressurization": 0.36269468580325337,
  "ruthlessness": 0.34923567219045837,
  "shakespearianism": 0.8935789121762463,
  "soul": 2,
  "suppression": 0.7660753150382669,
  "tenaciousness": 0.03643022384945649,
  "thwackability": 0.33000378619591575,
  "totalFingers": 10,
  "tragicness": 0.1,
  "unthwackability": 0.34875863491512704,
  "watchfulness": 0.2310005111049371
}