{
  "anticapitalism": 0.49958561197562384,
  "armor": "",
  "baseThirst": 0.5731166670768667,
  "bat": "",
  "blood": 12,
  "buoyancy": 0.907625214226009,
  "chasiness": 0.35460377818022365,
  "cinnamon": 0.8582903396074095,
  "coffee": 5,
  "coldness": 0.795968773225818,
  "continuation": 0.6002057019374842,
  "deceased": false,
  "divinity": 0.8438933132795827,
  "fate": 28,
  "gameAttr": [],
  "groundFriction": 0.5078059694887334,
  "hitStreak": 0,
  "id": "855775c1-266f-40f6-b07b-3a67ccdf8551",
  "indulgence": 0.3197467200870332,
  "laserlikeness": 0.4828923118545403,
  "martyrdom": 0.4492241117509729,
  "moxie": 0.5724642129886051,
  "musclitude": 0.20546748759860528,
  "name": "Nic Winkler",
  "omniscience": 0.505412858796652,
  "overpowerment": 0.512553085234084,
  "patheticism": 0.02402169164835441,
  "peanutAllergy": true,
  "permAttr": [],
  "pressurization": 0.36269468580325337,
  "ritual": "Doing a good deed and telling everyone about it",
  "ruthlessness": 0.24604598711973055,
  "seasAttr": [],
  "shakespearianism": 0.8222242468113552,
  "soul": 2,
  "suppression": 0.67541048919463,
  "tenaciousness": 0.17637405625846875,
  "thwackability": 0.3467293826725708,
  "totalFingers": 14,
  "tragicness": 0.1,
  "unthwackability": 0.26017759978310406,
  "watchfulness": 0.22980120600530432,
  "weekAttr": []
}