{
  "_id": "855775c1-266f-40f6-b07b-3a67ccdf8551",
  "anticapitalism": 0.33881320153246647,
  "armor": "",
  "baseThirst": 0.4186994103019647,
  "bat": "",
  "blood": 5,
  "buoyancy": 0.7080135631243274,
  "chasiness": 0.17421917030947726,
  "cinnamon": 0.7132962990593348,
  "coffee": 5,
  "coldness": 0.6978882397240376,
  "continuation": 0.4328814842018766,
  "deceased": false,
  "divinity": 0.6392679764014015,
  "fate": 28,
  "groundFriction": 0.35912739880582784,
  "indulgence": 0.15584753297502058,
  "laserlikeness": 0.3130075342859026,
  "martyrdom": 0.26159452908458,
  "moxie": 0.3517220287235953,
  "musclitude": 0.01,
  "name": "Nic Winkler",
  "omniscience": 0.3555256962424677,
  "overpowerment": 0.4090157215877825,
  "patheticism": 0.26017469257036036,
  "peanutAllergy": true,
  "pressurization": 0.36269468580325337,
  "ritual": "Doing a good deed and telling everyone about it",
  "ruthlessness": 0.14923567219045836,
  "shakespearianism": 0.6935789121762463,
  "soul": 2,
  "suppression": 0.5660753150382669,
  "tenaciousness": 0.01,
  "thwackability": 0.13000378619591574,
  "totalFingers": 11,
  "tragicness": 0.1,
  "unthwackability": 0.14875863491512703,
  "watchfulness": 0.031000511104937123
}