{
  "anticapitalism": 1.0157003393818382,
  "armor": "",
  "baseThirst": 0.16036356263236845,
  "baserunningRating": 0.6195997886778636,
  "bat": "",
  "blood": 11,
  "buoyancy": 0.6127709103858703,
  "chasiness": 0.7844769597018733,
  "cinnamon": 0.47132633557238934,
  "coffee": 2,
  "coldness": 0.20560036587357935,
  "continuation": 0.23585039033496552,
  "deceased": false,
  "defenseRating": 0.44508016527928296,
  "divinity": 0.1789919370123762,
  "eDensity": 17.322915809297953,
  "evolution": 1,
  "fate": 52,
  "gameAttr": [],
  "groundFriction": 0.900646273195365,
  "hitStreak": 0,
  "hittingRating": 0.26920174538736763,
  "id": "8605af4b-b235-43f8-81aa-6381ecdda756",
  "indulgence": 0.32966364556120115,
  "laserlikeness": 0.9422128008182498,
  "leagueTeamId": "bb4a9de5-c924-4923-a0cb-9d1445f1ee5d",
  "martyrdom": 0.12346744863772444,
  "moxie": 0.6410379554924537,
  "musclitude": 0.972478877006528,
  "name": "Muse Scantron",
  "omniscience": 0.15128657923008076,
  "overpowerment": 0.23981915793912573,
  "patheticism": 0.16300715471917163,
  "peanutAllergy": true,
  "permAttr": [],
  "pitchingRating": 0.25939471397250796,
  "pressurization": 0.10225442847138756,
  "ritual": "Meditation",
  "ruthlessness": 0.4224860924783475,
  "seasAttr": [],
  "shakespearianism": 0.7008118984298966,
  "soul": 4,
  "state": {},
  "suppression": 0.26597644902393686,
  "tenaciousness": 0.45424742369123056,
  "thwackability": 0.1774652051785321,
  "totalFingers": 10,
  "tournamentTeamId": null,
  "tragicness": 0.847871659951952,
  "unthwackability": 0.2390758232037164,
  "watchfulness": 0.08106826236217697,
  "weekAttr": []
}