{
  "anticapitalism": 0.9657003393818382,
  "armor": "",
  "baseThirst": 0.11036356263236846,
  "baserunningRating": 0.5547172172495588,
  "bat": "",
  "blood": 11,
  "buoyancy": 0.5627709103858702,
  "chasiness": 0.7344769597018732,
  "cinnamon": 0.47132633557238934,
  "coffee": 2,
  "coldness": 0.15560036587357937,
  "continuation": 0.18585039033496553,
  "deceased": false,
  "defenseRating": 0.3603741121248899,
  "divinity": 0.12899193701237618,
  "eDensity": 17.322915809297953,
  "evolution": 1,
  "fate": 52,
  "gameAttr": [],
  "groundFriction": 0.850646273195365,
  "hitStreak": 0,
  "hittingRating": 0.20798823096761243,
  "id": "8605af4b-b235-43f8-81aa-6381ecdda756",
  "indulgence": 0.27966364556120116,
  "laserlikeness": 0.8922128008182497,
  "leagueTeamId": "bb4a9de5-c924-4923-a0cb-9d1445f1ee5d",
  "martyrdom": 0.07346744863772445,
  "moxie": 0.5910379554924536,
  "musclitude": 0.922478877006528,
  "name": "Muse Scantron",
  "omniscience": 0.10128657923008078,
  "overpowerment": 0.18981915793912577,
  "patheticism": 0.21300715471917164,
  "peanutAllergy": true,
  "permAttr": [],
  "pitchingRating": 0.20876555527193216,
  "pressurization": 0.10225442847138756,
  "ritual": "Meditation",
  "ruthlessness": 0.3724860924783475,
  "seasAttr": [],
  "shakespearianism": 0.6508118984298965,
  "soul": 4,
  "state": {},
  "suppression": 0.21597644902393687,
  "tenaciousness": 0.40424742369123057,
  "thwackability": 0.12746520517853208,
  "totalFingers": 10,
  "tournamentTeamId": null,
  "tragicness": 0.8978716599519521,
  "unthwackability": 0.1890758232037164,
  "watchfulness": 0.031068262362176968,
  "weekAttr": []
}