{
  "anticapitalism": 1.1379808220722096,
  "baseThirst": 0.2670569885034597,
  "baserunningRating": 0.7260761157025348,
  "blood": 11,
  "buoyancy": 0.7796147651326124,
  "chasiness": 0.8875661069805987,
  "cinnamon": 0.5429545135068211,
  "coffee": 2,
  "coldness": 0.2680480152196655,
  "continuation": 0.30466680056160417,
  "deceased": false,
  "defenseRating": 0.5726071534558558,
  "divinity": 0.38802006243129217,
  "eDensity": 22.76771369224987,
  "evolution": 1,
  "fate": 52,
  "gameAttr": [
    "WIRED"
  ],
  "groundFriction": 0.994173095244251,
  "hitStreak": 0,
  "hittingRating": 0.4817156611236084,
  "id": "8605af4b-b235-43f8-81aa-6381ecdda756",
  "indulgence": 0.4278863738186505,
  "itemAttr": [],
  "items": [
    {
      "baserunningRating": 0,
      "defenseRating": 0,
      "durability": 1,
      "forger": null,
      "forgerName": null,
      "health": 1,
      "hittingRating": 0.05331648089456309,
      "id": "882b3e21-d187-45e0-b600-1a199edb2c23",
      "name": "Bat",
      "pitchingRating": 0,
      "postPrefix": null,
      "prePrefix": null,
      "prefixes": null,
      "root": {
        "adjustments": [
          {
            "stat": 2,
            "type": 1,
            "value": 0.12340399705048086
          }
        ],
        "name": "Bat"
      },
      "suffix": null
    }
  ],
  "laserlikeness": 1.033047743512916,
  "leagueTeamId": "bb4a9de5-c924-4923-a0cb-9d1445f1ee5d",
  "martyrdom": 0.30381454317953666,
  "moxie": 0.8518621279675402,
  "musclitude": 1.1676751747855147,
  "name": "Muse Scantron",
  "omniscience": 0.2863049548789378,
  "overpowerment": 0.31636990736300735,
  "patheticism": 0.001,
  "peanutAllergy": false,
  "permAttr": [],
  "pitchingRating": 0.32927445432512575,
  "pressurization": 0.10225442847138756,
  "ritual": "Meditation",
  "ruthlessness": 0.4919696953150738,
  "seasAttr": [],
  "shakespearianism": 0.7743656650614946,
  "soul": 4,
  "state": {},
  "suppression": 0.3031801971977371,
  "tenaciousness": 0.5529039853671064,
  "thwackability": 0.35283093735936266,
  "totalFingers": 10,
  "tournamentTeamId": null,
  "tragicness": 0.6380759336173648,
  "unthwackability": 0.3036036569946788,
  "watchfulness": 0.14971829435888173,
  "weekAttr": []
}