{
  "anticapitalism": 0.6349714587800663,
  "armor": "",
  "baseThirst": 0.08109881677206165,
  "bat": "",
  "blood": 0,
  "buoyancy": 0.8553818003268248,
  "chasiness": 0.6859314733810804,
  "cinnamon": 0.5741069274866686,
  "coffee": 3,
  "coldness": 0.7000654890072839,
  "continuation": 0.9168731767791544,
  "deceased": false,
  "divinity": 0.07087617989759476,
  "fate": 33,
  "gameAttr": [],
  "groundFriction": 0.1805283222757248,
  "id": "86adac6f-c694-44ac-9560-758de7eac937",
  "indulgence": 0.2637553293627233,
  "laserlikeness": 0.4331553731381861,
  "martyrdom": 0.9692475075808972,
  "moxie": 0.8836552885826778,
  "musclitude": 0.6518336938700171,
  "name": "Quack Enjoyable",
  "omniscience": 0.6514276365296472,
  "overpowerment": 0.22983323655768384,
  "patheticism": 0.8783467207711955,
  "peanutAllergy": true,
  "permAttr": [],
  "pressurization": 0.7953263253708514,
  "ritual": "Gaming",
  "ruthlessness": 0.5365071300073565,
  "seasAttr": [],
  "shakespearianism": 0.6220975442089625,
  "soul": 3,
  "suppression": 0.13177880189820135,
  "tenaciousness": 0.2247344358245007,
  "thwackability": 0.5519887935943917,
  "totalFingers": 10,
  "tragicness": 0.1,
  "unthwackability": 0.393173677080664,
  "watchfulness": 0.20178242627941456,
  "weekAttr": []
}