{
  "anticapitalism": 0.6033364281001468,
  "baseThirst": 0.316235158030302,
  "baserunningRating": 0.6203913852816694,
  "blood": 11,
  "buoyancy": 1.1317512389631166,
  "chasiness": 0.5930084700004453,
  "cinnamon": 0.8096350311636757,
  "coffee": 3,
  "coldness": 0.9325155198988948,
  "continuation": 1.129020003093254,
  "deceased": false,
  "defenseRating": 0.4568060071018068,
  "divinity": 0.27923477359479715,
  "eDensity": 21.625633976459326,
  "evolution": 0,
  "fate": 26,
  "gameAttr": [],
  "groundFriction": 0.41080385685767384,
  "hitStreak": 0,
  "hittingRating": 0.5523561181239458,
  "id": "86adac6f-c694-44ac-9560-758de7eac937",
  "indulgence": 0.4777283545524061,
  "itemAttr": [],
  "items": [
    {
      "baserunningRating": 0.02266996542973443,
      "defenseRating": null,
      "durability": 2,
      "forger": null,
      "forgerName": null,
      "health": 2,
      "hittingRating": 0.04782546160421519,
      "id": "e5f551e9-f39a-4b46-b427-c1a1be854583",
      "name": "Sharp Bat",
      "pitchingRating": 0.07250952359309903,
      "postPrefix": null,
      "prePrefix": null,
      "prefixes": [
        {
          "adjustments": [
            {
              "stat": 2,
              "type": 1,
              "value": 0.10534656380742774
            },
            {
              "stat": 16,
              "type": 1,
              "value": 0.15475317743075456
            },
            {
              "stat": 13,
              "type": 1,
              "value": 0.17736362551979726
            },
            {
              "stat": 22,
              "type": 1,
              "value": -0.19159235508993663
            }
          ],
          "name": "Sharp"
        }
      ],
      "root": {
        "adjustments": [
          {
            "stat": 2,
            "type": 1,
            "value": 0.10147766014325615
          }
        ],
        "name": "Bat"
      },
      "suffix": null
    }
  ],
  "laserlikeness": 0.6549770055002062,
  "leagueTeamId": "105bc3ff-1320-4e37-8ef0-8d595cb95dd0",
  "martyrdom": 1.2398492268140031,
  "moxie": 1.0805460252698782,
  "musclitude": 0.9005599260082016,
  "name": "Quack Enjoyable",
  "omniscience": 0.5739736532842887,
  "overpowerment": 0.4792657135960241,
  "patheticism": 0.6898489888278695,
  "peanutAllergy": true,
  "permAttr": [
    "SHELLED"
  ],
  "pitchingRating": 0.602679914701053,
  "pressurization": 0.7953263253708514,
  "ritual": "Gaming",
  "ruthlessness": 0.7249812402261016,
  "seasAttr": [],
  "shakespearianism": 0.8543267871704414,
  "soul": 3,
  "state": {},
  "suppression": 0.3357731728923279,
  "tenaciousness": 0.15388176182199137,
  "thwackability": 0.7724112038121917,
  "totalFingers": 10,
  "tournamentTeamId": "b3b9636a-f88a-47dc-a91d-86ecc79f9934",
  "tragicness": 0.03946835522271389,
  "unthwackability": 0.6066406450317458,
  "watchfulness": 0.14175533207425595,
  "weekAttr": []
}