{
  "anticapitalism": 0.7138492241399823,
  "armor": "",
  "baseThirst": 0.25306104847681293,
  "baserunningRating": 0.5522972957499029,
  "bat": "",
  "blood": 11,
  "buoyancy": 1.0363794821794128,
  "chasiness": 0.7389397025327821,
  "cinnamon": 0.7298263363376538,
  "coffee": 3,
  "coldness": 0.8432652594439404,
  "continuation": 1.058888665088906,
  "deceased": false,
  "defenseRating": 0.5970172241334992,
  "divinity": 0.22292169669367057,
  "fate": 26,
  "gameAttr": [],
  "groundFriction": 0.35042638771885304,
  "hitStreak": 0,
  "hittingRating": 0.4850418744912098,
  "id": "86adac6f-c694-44ac-9560-758de7eac937",
  "indulgence": 0.4296141127311721,
  "laserlikeness": 0.5796897813408264,
  "martyrdom": 1.1531831601556015,
  "moxie": 1.0288710374421228,
  "musclitude": 0.8341266506028824,
  "name": "Quack Enjoyable",
  "omniscience": 0.7111650830688888,
  "overpowerment": 0.3895757323619348,
  "patheticism": 0.7512124152455752,
  "peanutAllergy": true,
  "permAttr": [],
  "pitchingRating": 0.5302998036240303,
  "pressurization": 0.7953263253708514,
  "ritual": "Gaming",
  "ruthlessness": 0.6671894795195927,
  "seasAttr": [],
  "shakespearianism": 0.7931544678075055,
  "soul": 3,
  "suppression": 0.2844179064849761,
  "tenaciousness": 0.2710589642288741,
  "thwackability": 0.7118436627465634,
  "totalFingers": 10,
  "tragicness": 0.1,
  "unthwackability": 0.5448742029979522,
  "watchfulness": 0.29348419314865704,
  "weekAttr": []
}