{
  "anticapitalism": 0.7353529536069288,
  "armor": "",
  "baseThirst": 0.3672936602092609,
  "baserunningRating": 0.501128575792566,
  "bat": "",
  "blood": 12,
  "buoyancy": 1.2593094698539085,
  "chasiness": 0.2951854198906845,
  "cinnamon": 0.9383021426684448,
  "coffee": 12,
  "coldness": 0.3043536965750927,
  "continuation": 0.9521487364939016,
  "deceased": true,
  "defenseRating": 0.6978768467655102,
  "divinity": 1.1383965378033092,
  "eDensity": 44.54070737361519,
  "evolution": 0,
  "fate": 76,
  "gameAttr": [],
  "groundFriction": 0.0327796447289124,
  "hitStreak": 0,
  "hittingRating": 1.1035345156335554,
  "id": "86d4e22b-f107-4bcf-9625-32d387fcb521",
  "indulgence": 0.8519680649130618,
  "laserlikeness": 0.6337955406003984,
  "leagueTeamId": "eb67ae5e-c4bf-46ca-bbbc-425cd34182ff",
  "martyrdom": 0.5376279455892786,
  "moxie": 0.9902878925285324,
  "musclitude": 1.1764011605143947,
  "name": "York Silk",
  "omniscience": 0.32820397920832645,
  "overpowerment": 0.6784513042443595,
  "patheticism": 0.306328316225548,
  "peanutAllergy": false,
  "permAttr": [
    "DOUBLE_PAYOUTS",
    "HONEY_ROASTED",
    "EGO2"
  ],
  "pitchingRating": 0.5604182580391098,
  "pressurization": 0.32762547788474816,
  "ritual": "LARPing",
  "ruthlessness": 0.3465096329679718,
  "seasAttr": [],
  "shakespearianism": 0.4706456440205379,
  "soul": 9,
  "state": {},
  "suppression": 0.8369510830718048,
  "tenaciousness": 1.0423421538813835,
  "thwackability": 1.2298351431014618,
  "totalFingers": 12,
  "tournamentTeamId": "9a5ab308-41f2-4889-a3c3-733b9aab806e",
  "tragicness": 0.001,
  "unthwackability": 1.0164568792530158,
  "watchfulness": 1.0786706692905197,
  "weekAttr": []
}