{
  "anticapitalism": 0.7353529536069288,
  "armor": "",
  "baseThirst": 0.4672936602092609,
  "baserunningRating": 0.6488280619858534,
  "bat": "GUNBLADE_B",
  "blood": 12,
  "buoyancy": 1.1593094698539084,
  "chasiness": 0.2951854198906845,
  "cinnamon": 0.9383021426684448,
  "coffee": 12,
  "coldness": 0.3043536965750927,
  "continuation": 1.0521487364939015,
  "deceased": false,
  "defenseRating": 0.6978768467655102,
  "divinity": 1.038396537803309,
  "eDensity": 24.41360920812989,
  "evolution": 0,
  "fate": 76,
  "gameAttr": [],
  "groundFriction": 0.1327796447289124,
  "hitStreak": 0,
  "hittingRating": 1.009106720085225,
  "id": "86d4e22b-f107-4bcf-9625-32d387fcb521",
  "indulgence": 0.9519680649130616,
  "laserlikeness": 0.7337955406003984,
  "leagueTeamId": "eb67ae5e-c4bf-46ca-bbbc-425cd34182ff",
  "martyrdom": 0.43762794558927864,
  "moxie": 0.8902878925285324,
  "musclitude": 1.0764011605143946,
  "name": "York Silk",
  "omniscience": 0.32820397920832645,
  "overpowerment": 0.6784513042443595,
  "patheticism": 0.406328316225548,
  "peanutAllergy": false,
  "permAttr": [
    "DOUBLE_PAYOUTS",
    "HONEY_ROASTED",
    "ELSEWHERE"
  ],
  "pitchingRating": 0.5604182580391098,
  "pressurization": 0.32762547788474816,
  "ritual": "LARPing",
  "ruthlessness": 0.3465096329679718,
  "seasAttr": [],
  "shakespearianism": 0.4706456440205379,
  "soul": 2,
  "state": {
    "elsewhere": {
      "day": 91,
      "season": 11
    }
  },
  "suppression": 0.8369510830718048,
  "tenaciousness": 1.0423421538813835,
  "thwackability": 1.1298351431014615,
  "totalFingers": 12,
  "tournamentTeamId": "9a5ab308-41f2-4889-a3c3-733b9aab806e",
  "tragicness": 0.1,
  "unthwackability": 1.0164568792530158,
  "watchfulness": 1.0786706692905197,
  "weekAttr": []
}