{
  "anticapitalism": 0.31131995949920155,
  "armor": "",
  "baseThirst": 0.5003057247130851,
  "baserunningRating": 0.422164221154793,
  "bat": "",
  "blood": 0,
  "buoyancy": 0.6758209551078325,
  "chasiness": 0.32782400015890967,
  "cinnamon": 0.23607525381214112,
  "coffee": 0,
  "coldness": 0.4194133069376613,
  "continuation": 0.408865897745696,
  "deceased": false,
  "defenseRating": 0.4414150369555187,
  "divinity": 0.4489423003183797,
  "eDensity": 0,
  "evolution": 0,
  "fate": 10,
  "gameAttr": [],
  "groundFriction": 0.5707548060987964,
  "hitStreak": 0,
  "hittingRating": 0.36880491210347016,
  "id": "87983006-c9c5-459f-8e7c-e7edcbd902dc",
  "indulgence": 0.9329495524910294,
  "laserlikeness": 0.2776757972374597,
  "leagueTeamId": null,
  "martyrdom": 0.28571066975326986,
  "moxie": 0.9173372427982236,
  "musclitude": 0.034545131458370903,
  "name": "Schism Thrones",
  "omniscience": 0.5209344591104035,
  "overpowerment": 0.05248383509221122,
  "patheticism": 0.7178483968578342,
  "peanutAllergy": false,
  "permAttr": [
    "NON_IDOLIZED"
  ],
  "pitchingRating": 0.1973069352307331,
  "pressurization": 0.6748215782572045,
  "ritual": "Stacking objects",
  "ruthlessness": 0.4401066408533452,
  "seasAttr": [],
  "shakespearianism": 0.5107056166827295,
  "soul": 9,
  "state": {},
  "suppression": 0.5573127266483051,
  "tenaciousness": 0.3065981546177201,
  "thwackability": 0.3786536387172057,
  "totalFingers": 10,
  "tournamentTeamId": null,
  "tragicness": 0.950638095231248,
  "unthwackability": 0.21710231691682091,
  "watchfulness": 0.10787437145154843,
  "weekAttr": []
}