{
  "anticapitalism": 0.8760608274181954,
  "armor": "",
  "baseThirst": 1.2952877569467849,
  "baserunningRating": 0.9503191764489068,
  "bat": "",
  "blood": 5,
  "buoyancy": 0.6093907332899008,
  "chasiness": 0.9476553169445564,
  "cinnamon": 0.9163476391806188,
  "coffee": 11,
  "coldness": 1.2528164936599644,
  "continuation": 0.9782133328803508,
  "deceased": false,
  "defenseRating": 0.9037506197682338,
  "divinity": 1.38759895788999,
  "eDensity": 36.01409738606732,
  "evolution": 0,
  "fate": 29,
  "gameAttr": [],
  "groundFriction": 0.8581859797509543,
  "hitStreak": 0,
  "hittingRating": 0.7888460774102884,
  "id": "87e6ae4b-67de-4973-aa56-0fc9835a1e1e",
  "indulgence": 0.4310842085359652,
  "laserlikeness": 1.0508731899382748,
  "leagueTeamId": "adc5b394-8f76-416d-9ce9-813706877b84",
  "martyrdom": 0.4054648822420993,
  "moxie": 0.5724709966636113,
  "musclitude": 1.0601099943725787,
  "name": "Marco Stink",
  "omniscience": 0.5369130686985558,
  "overpowerment": 0.5714441579920773,
  "patheticism": 0.365843933356968,
  "peanutAllergy": false,
  "permAttr": [],
  "pitchingRating": 0.7876694672393317,
  "pressurization": 0.6753075779870938,
  "ritual": "Repenting",
  "ruthlessness": 1.1287562210280415,
  "seasAttr": [],
  "shakespearianism": 1.0745349892877525,
  "soul": 6,
  "state": {},
  "suppression": 0.3555145854264332,
  "tenaciousness": 1.1815907544488595,
  "thwackability": 0.4583934039289151,
  "totalFingers": 11,
  "tournamentTeamId": "a7592bd7-1d3c-4ffb-8b3a-0b1e4bc321fd",
  "tragicness": 0.052726722598234806,
  "unthwackability": 0.6491981476524781,
  "watchfulness": 1.0878256575942424,
  "weekAttr": []
}