{
  "anticapitalism": 1.1350888716585956,
  "baseThirst": 0.4271891916692669,
  "baserunningRating": 0.9911862399373682,
  "blood": 7,
  "buoyancy": 0.6813860798685879,
  "chasiness": 1.1657701740762347,
  "cinnamon": 0.38737070640665183,
  "coffee": 10,
  "coldness": 1.0673373106386856,
  "continuation": 1.3518286513151745,
  "deceased": false,
  "defenseRating": 0.8961539798189102,
  "divinity": 1.051874619407149,
  "eDensity": 35.60216938341973,
  "evolution": 1,
  "fate": 46,
  "gameAttr": [],
  "groundFriction": 0.5239370424273294,
  "hitStreak": 0,
  "hittingRating": 0.7085497350232269,
  "id": "888fce7a-0d21-478a-9b45-4662193fe9aa",
  "indulgence": 0.8903961499992175,
  "items": [],
  "laserlikeness": 1.277114020083538,
  "leagueTeamId": "46358869-dce9-4a01-bfba-ac24fc56f57e",
  "martyrdom": 0.9106951308296364,
  "moxie": 0.27657201314900337,
  "musclitude": 0.9835886334775984,
  "name": "Jolene Willowtree",
  "omniscience": 0.6365807877665077,
  "overpowerment": 0.942370297270338,
  "patheticism": 0.6527100049643116,
  "peanutAllergy": false,
  "permAttr": [],
  "pitchingRating": 0.7758485285661706,
  "pressurization": 0.4457096455860312,
  "ritual": "Air drumming",
  "ruthlessness": 1.2571849886980535,
  "seasAttr": [],
  "shakespearianism": 0.5388453895419041,
  "soul": 6,
  "state": {},
  "suppression": 0.8159036603586242,
  "tenaciousness": 0.85850256871715,
  "thwackability": 0.5641005845891781,
  "totalFingers": 10,
  "tournamentTeamId": null,
  "tragicness": 0.6118986032998832,
  "unthwackability": 0.5755196239457284,
  "watchfulness": 0.8452658439323886,
  "weekAttr": []
}