{
  "anticapitalism": 0.7675932420337073,
  "armor": "",
  "baseThirst": 0.029401854594934163,
  "baserunningRating": 0.5540730483944364,
  "bat": "",
  "blood": 7,
  "buoyancy": 0.33616924723836283,
  "chasiness": 0.786073504017931,
  "cinnamon": 0.050272908048845544,
  "coffee": 10,
  "coldness": 0.6592397805874104,
  "continuation": 0.9693545337961462,
  "deceased": false,
  "defenseRating": 0.6059879564806843,
  "divinity": 0.6856752508733939,
  "eDensity": 24.780131079814083,
  "evolution": 1,
  "fate": 46,
  "gameAttr": [],
  "groundFriction": 0.20103690671472577,
  "hitStreak": 0,
  "hittingRating": 0.32698229627387937,
  "id": "888fce7a-0d21-478a-9b45-4662193fe9aa",
  "indulgence": 0.5452432934067482,
  "laserlikeness": 0.9731714318772527,
  "leagueTeamId": "46358869-dce9-4a01-bfba-ac24fc56f57e",
  "martyrdom": 0.6200638921258612,
  "moxie": 0.011541874017788167,
  "musclitude": 0.6839541208097006,
  "name": "Jolene Willowtree",
  "omniscience": 0.3294062708419714,
  "overpowerment": 0.5983386062529938,
  "patheticism": 0.939440124145806,
  "peanutAllergy": false,
  "permAttr": [],
  "pitchingRating": 0.3386897102530117,
  "pressurization": 0.4457096455860312,
  "ritual": "Air drumming",
  "ruthlessness": 0.8489061485719931,
  "seasAttr": [],
  "shakespearianism": 0.2402044942840993,
  "soul": 6,
  "state": {},
  "suppression": 0.5201069471656825,
  "tenaciousness": 0.479130025796767,
  "thwackability": 0.28288119388245225,
  "totalFingers": 10,
  "tournamentTeamId": null,
  "tragicness": 0.954651579867574,
  "unthwackability": 0.2071875991856809,
  "watchfulness": 0.4442987885672387,
  "weekAttr": []
}