{
  "anticapitalism": 1.0782314937023274,
  "baseThirst": 0.36916839663791046,
  "baserunningRating": 0.9233753667193788,
  "blood": 7,
  "buoyancy": 0.6138056226268248,
  "chasiness": 1.1002815565143818,
  "cinnamon": 0.3081895207065258,
  "coffee": 10,
  "coldness": 0.9941851948050056,
  "continuation": 1.2756114924587667,
  "deceased": false,
  "defenseRating": 0.8487551018485618,
  "divinity": 0.9933292576337556,
  "eDensity": 33.979828285160124,
  "evolution": 1,
  "fate": 46,
  "gameAttr": [],
  "groundFriction": 0.4624556088775202,
  "hitStreak": 0,
  "hittingRating": 0.6478326890822276,
  "id": "888fce7a-0d21-478a-9b45-4662193fe9aa",
  "indulgence": 0.82005804062895,
  "items": [],
  "laserlikeness": 1.2033308552472035,
  "leagueTeamId": "46358869-dce9-4a01-bfba-ac24fc56f57e",
  "martyrdom": 0.8505458145673329,
  "moxie": 0.2241632057422185,
  "musclitude": 0.9356541058733788,
  "name": "Jolene Willowtree",
  "omniscience": 0.5633244623203078,
  "overpowerment": 0.8835933096807773,
  "patheticism": 0.7055186906685846,
  "peanutAllergy": false,
  "permAttr": [
    "TRIPLE_THREAT"
  ],
  "pitchingRating": 0.7200123116584218,
  "pressurization": 0.4457096455860312,
  "ritual": "Air drumming",
  "ruthlessness": 1.2086793696334113,
  "seasAttr": [],
  "shakespearianism": 0.4983633944282151,
  "soul": 6,
  "state": {},
  "suppression": 0.7622716316244913,
  "tenaciousness": 0.8054197293684886,
  "thwackability": 0.5051898888988836,
  "totalFingers": 10,
  "tournamentTeamId": null,
  "tragicness": 0.6765340223242362,
  "unthwackability": 0.5315849053327437,
  "watchfulness": 0.7944130742800748,
  "weekAttr": []
}