{
  "anticapitalism": 0.8770280634911789,
  "armor": "",
  "baseThirst": 0.08211476618712577,
  "bat": "",
  "blood": 5,
  "buoyancy": 0.2683809542870361,
  "chasiness": 0.4573347769019631,
  "cinnamon": 0.9262913374058928,
  "coffee": 2,
  "coldness": 0.8506488521348183,
  "continuation": 0.454177881885373,
  "deceased": false,
  "divinity": 0.496451595895135,
  "fate": 2,
  "gameAttr": [],
  "groundFriction": 0.8091938904868134,
  "id": "889c9ef9-d521-4436-b41c-9021b81b4dfb",
  "indulgence": 0.9826530520462022,
  "laserlikeness": 0.5537667108918316,
  "martyrdom": 0.497596137531366,
  "moxie": 0.09046009196201532,
  "musclitude": 0.11871546057774474,
  "name": "Liam Snail",
  "omniscience": 0.10781958477695476,
  "overpowerment": 0.5830891743065818,
  "patheticism": 0.765942173732872,
  "peanutAllergy": false,
  "permAttr": [],
  "pressurization": 0.9726748972143404,
  "ritual": "Coloring",
  "ruthlessness": 0.7104690044073372,
  "seasAttr": [],
  "shakespearianism": 0.9144995718033092,
  "soul": 6,
  "suppression": 0.8213677116071694,
  "tenaciousness": 0.9968848606964976,
  "thwackability": 0.7345286106581608,
  "totalFingers": 10,
  "tragicness": 0.1,
  "unthwackability": 0.8111488781849847,
  "watchfulness": 0.7445090237044811,
  "weekAttr": []
}