{
  "anticapitalism": 0.7606951058375067,
  "baseThirst": 0.7977626074045436,
  "baserunningRating": 0.6440251630199559,
  "blood": 2,
  "buoyancy": 0.6009937903669396,
  "chasiness": 0.6106537848440017,
  "cinnamon": 0.2581684490848424,
  "coffee": 5,
  "coldness": 0.6138133954039116,
  "continuation": 0.12570959978184537,
  "deceased": false,
  "defenseRating": 0.5934652588220278,
  "divinity": 0.37317211952241913,
  "eDensity": 18.578772552492552,
  "evolution": 0,
  "fate": 31,
  "gameAttr": [],
  "groundFriction": 0.3499236563101966,
  "hitStreak": 0,
  "hittingRating": 0.5066158079095658,
  "id": "88ca603e-b2e5-4916-bef5-d6bba03235f5",
  "indulgence": 0.44158304142492777,
  "itemAttr": [],
  "items": [],
  "laserlikeness": 0.9544652261382588,
  "leagueTeamId": "ca3f1c8c-c025-4d8e-8eef-5be6accbeb16",
  "martyrdom": 0.7766268960917462,
  "moxie": 0.1953511613051031,
  "musclitude": 0.3399292503292006,
  "name": "Clare Mccall",
  "omniscience": 0.2570744250876862,
  "overpowerment": 0.6629001938345431,
  "patheticism": 0.6231009471487161,
  "peanutAllergy": true,
  "permAttr": [
    "ALTERNATE"
  ],
  "pitchingRating": 0.5856408555530135,
  "pressurization": 0.20535462093009405,
  "ritual": "Eating fans",
  "ruthlessness": 0.4855617624067507,
  "seasAttr": [],
  "shakespearianism": 0.27958041697485503,
  "soul": 3,
  "state": {},
  "suppression": 0.5106579967143037,
  "tenaciousness": 0.6611190534847555,
  "thwackability": 0.8011871525195082,
  "totalFingers": 10,
  "tournamentTeamId": null,
  "tragicness": 0.017621600694962325,
  "unthwackability": 0.9143859368009428,
  "watchfulness": 0.40389663706634793,
  "weekAttr": []
}