{
  "anticapitalism": 1.232935357575098,
  "armor": "",
  "baseThirst": 1.0642858064810028,
  "baserunningRating": 1.0414454617197555,
  "bat": "",
  "blood": 11,
  "buoyancy": 1.0841420819697387,
  "chasiness": 0.249375227729332,
  "cinnamon": 0.205328636254891,
  "coffee": 13,
  "coldness": 1.0316739279788438,
  "continuation": 1.3113850989092686,
  "deceased": false,
  "defenseRating": 0.8945024266186137,
  "divinity": 0.7271945262249206,
  "eDensity": 25.399683786415817,
  "evolution": 0,
  "fate": 43,
  "gameAttr": [],
  "groundFriction": 0.6348909723914257,
  "hitStreak": 0,
  "hittingRating": 0.7804710939922769,
  "id": "88cd6efa-dbf2-4309-aabe-ec1d6f21f98a",
  "indulgence": 0.35844042837360324,
  "laserlikeness": 1.364244252286543,
  "leagueTeamId": "adc5b394-8f76-416d-9ce9-813706877b84",
  "martyrdom": 0.8352206887208322,
  "moxie": 1.16646899043285,
  "musclitude": 0.9522455190128488,
  "name": "Hewitt Best",
  "omniscience": 0.9731154165408716,
  "overpowerment": 0.933562375078914,
  "patheticism": 0.4121018987705216,
  "peanutAllergy": false,
  "permAttr": [
    "REPEATING"
  ],
  "pitchingRating": 0.5666063105537246,
  "pressurization": 0.19174640935235124,
  "ritual": "Talking to god",
  "ruthlessness": 0.5850769127122538,
  "seasAttr": [],
  "shakespearianism": 0.4943525976151182,
  "soul": 2,
  "state": {},
  "suppression": 0.28490673360693874,
  "tenaciousness": 1.0670090447991545,
  "thwackability": 0.7218701043595858,
  "totalFingers": 10,
  "tournamentTeamId": null,
  "tragicness": 0.001,
  "unthwackability": 0.5784488426636539,
  "watchfulness": 0.9893653727728328,
  "weekAttr": []
}