{
  "anticapitalism": 0.7694842674400588,
  "armor": "",
  "baseThirst": 0.6343989124980884,
  "bat": "",
  "blood": 8,
  "buoyancy": 0.8953877582196468,
  "chasiness": 0.3974777192970544,
  "cinnamon": 0.5170130407313422,
  "coffee": 3,
  "coldness": 0.14959863825208908,
  "continuation": 0.35640068466549346,
  "deceased": false,
  "divinity": 0.1847002354942049,
  "fate": 89,
  "gameAttr": [],
  "groundFriction": 0.4529185719694122,
  "id": "8903a74f-f322-41d2-bd75-dbf7563c4abb",
  "indulgence": 0.7151327877610265,
  "laserlikeness": 0.5419246917088454,
  "martyrdom": 0.7595415331284421,
  "moxie": 0.02451242136968368,
  "musclitude": 0.507395584562405,
  "name": "Francisca Sasquatch",
  "omniscience": 0.023322623014790933,
  "overpowerment": 0.2296057186678244,
  "patheticism": 0.5536183282194418,
  "peanutAllergy": true,
  "permAttr": [],
  "pressurization": 0.17603007399444465,
  "ritual": "Levitating",
  "ruthlessness": 0.4089717214105284,
  "seasAttr": [],
  "shakespearianism": 0.55892424198079,
  "soul": 6,
  "suppression": 0.1952549522033118,
  "tenaciousness": 0.2611637336989412,
  "thwackability": 0.9631332104290335,
  "totalFingers": 10,
  "tragicness": 0.1,
  "unthwackability": 0.26112055601156725,
  "watchfulness": 0.4047830257261978,
  "weekAttr": []
}