{
  "anticapitalism": 0.7694842674400588,
  "armor": "",
  "baseThirst": 0.6343989124980884,
  "bat": "",
  "blood": 8,
  "buoyancy": 0.9453877582196468,
  "chasiness": 0.3974777192970544,
  "cinnamon": 0.5170130407313422,
  "coffee": 3,
  "coldness": 0.19959863825208907,
  "continuation": 0.35640068466549346,
  "deceased": false,
  "divinity": 0.23470023549420488,
  "fate": 51,
  "gameAttr": [],
  "groundFriction": 0.4529185719694122,
  "id": "8903a74f-f322-41d2-bd75-dbf7563c4abb",
  "indulgence": 0.7151327877610265,
  "laserlikeness": 0.5419246917088454,
  "martyrdom": 0.809541533128442,
  "moxie": 0.07451242136968368,
  "musclitude": 0.5573955845624049,
  "name": "Francisca Sasquatch",
  "omniscience": 0.023322623014790933,
  "overpowerment": 0.27960571866782447,
  "patheticism": 0.5036183282194419,
  "peanutAllergy": true,
  "permAttr": [],
  "pressurization": 0.17603007399444465,
  "ritual": "Levitating",
  "ruthlessness": 0.4589717214105285,
  "seasAttr": [],
  "shakespearianism": 0.60892424198079,
  "soul": 6,
  "suppression": 0.2452549522033118,
  "tenaciousness": 0.2611637336989412,
  "thwackability": 1.0131332104290336,
  "totalFingers": 12,
  "tragicness": 0.1,
  "unthwackability": 0.3111205560115673,
  "watchfulness": 0.4047830257261978,
  "weekAttr": []
}