{
  "anticapitalism": 0.5432186297895549,
  "armor": "",
  "baseThirst": 0.4094567641677654,
  "baserunningRating": 0.49809548260947617,
  "bat": "",
  "blood": 3,
  "buoyancy": 0.567338261982373,
  "chasiness": 0.5047361809234832,
  "cinnamon": 0.20208844106130688,
  "coffee": 13,
  "coldness": 0.9826385145765772,
  "continuation": 0.7689729364417797,
  "deceased": false,
  "defenseRating": 0.5738438274868661,
  "divinity": 0.05498847102087612,
  "eDensity": 29.389819345707913,
  "evolution": 0,
  "fate": 99,
  "gameAttr": [],
  "groundFriction": 0.22461702431982977,
  "hitStreak": 0,
  "hittingRating": 0.1641572590735994,
  "id": "89c8f6bf-94a2-4e56-8412-bdb0182509a9",
  "indulgence": 0.5066816196457837,
  "laserlikeness": 0.4827983986905189,
  "leagueTeamId": "c73b705c-40ad-4633-a6ed-d357ee2e2bcf",
  "martyrdom": 0.5270327048005248,
  "moxie": 0.623688353691066,
  "musclitude": 0.4109387363036801,
  "name": "Concrete Mandible",
  "omniscience": 0.36905793705140755,
  "overpowerment": 0.42599295367003664,
  "patheticism": 0.6892673779859608,
  "peanutAllergy": false,
  "permAttr": [],
  "pitchingRating": 0.3910204802169031,
  "pressurization": 0.01628423391447975,
  "ritual": "Surgery",
  "ruthlessness": 0.43574237500327206,
  "seasAttr": [],
  "shakespearianism": 0.5072702499432613,
  "soul": 9,
  "state": {},
  "suppression": 0.7766733201591776,
  "tenaciousness": 0.32378129804618094,
  "thwackability": 0.1714077332535755,
  "totalFingers": 10,
  "tournamentTeamId": null,
  "tragicness": 0.1,
  "unthwackability": 0.4400751849762041,
  "watchfulness": 0.989020817756126,
  "weekAttr": []
}