{
  "anticapitalism": 0.6749055433779423,
  "armor": "",
  "baseThirst": 0.9701461637049577,
  "bat": "",
  "blood": 2,
  "buoyancy": 1.0274733933984233,
  "chasiness": 0.7775906160628879,
  "cinnamon": 0.3370839494896826,
  "coffee": 3,
  "coldness": 0.9459260243768643,
  "continuation": 0.5867546782602403,
  "deceased": false,
  "divinity": 0.5521641223196705,
  "fate": 70,
  "gameAttr": [],
  "groundFriction": 0.5261682666400225,
  "hitStreak": 0,
  "id": "89ec77d8-c186-4027-bd45-f407b4800c2c",
  "indulgence": 0.8770554564854083,
  "laserlikeness": 0.30969548006728526,
  "martyrdom": 1.0716661279997424,
  "moxie": 0.6756106855715273,
  "musclitude": 0.9364822909903768,
  "name": "James Mora",
  "omniscience": 0.8804983221953356,
  "overpowerment": 0.7873676703210059,
  "patheticism": 0.01,
  "peanutAllergy": true,
  "permAttr": [],
  "pressurization": 0.5408376821510407,
  "ritual": "Pre-visualizing",
  "ruthlessness": 0.4753201642355948,
  "seasAttr": [],
  "shakespearianism": 0.9660970473488316,
  "soul": 3,
  "suppression": 1.1842800005288616,
  "tenaciousness": 0.6440811639880815,
  "thwackability": 1.1077429174448157,
  "totalFingers": 12,
  "tragicness": 0.1,
  "unthwackability": 0.6817935398657732,
  "watchfulness": 1.2655144199337895,
  "weekAttr": []
}