{
  "anticapitalism": 0.367734789585864,
  "armor": "",
  "baseThirst": 0.8101120030029931,
  "bat": "",
  "blood": 2,
  "buoyancy": 0.8692278923428411,
  "chasiness": 0.4342962213467947,
  "cinnamon": 0.10217211189528053,
  "coffee": 3,
  "coldness": 0.10140945212292896,
  "continuation": 0.4211557066848002,
  "deceased": false,
  "divinity": 0.3678205252031881,
  "fate": 70,
  "gameAttr": [],
  "groundFriction": 0.33508819617603813,
  "id": "89ec77d8-c186-4027-bd45-f407b4800c2c",
  "indulgence": 0.6691594819251168,
  "laserlikeness": 0.12217295850958564,
  "martyrdom": 0.8685416126500853,
  "moxie": 0.5020473788290791,
  "musclitude": 0.7702294716200146,
  "name": "James Mora",
  "omniscience": 0.5491616214419761,
  "overpowerment": 0.5971091683257788,
  "patheticism": 0.08827239909071927,
  "peanutAllergy": true,
  "permAttr": [],
  "pressurization": 0.6908376821510407,
  "ritual": "Pre-visualizing",
  "ruthlessness": 0.5251170430702781,
  "seasAttr": [],
  "shakespearianism": 0.1250421860731581,
  "soul": 3,
  "suppression": 0.015609888478541611,
  "tenaciousness": 0.3202404207559848,
  "thwackability": 0.9293621744059668,
  "totalFingers": 10,
  "tragicness": 0.1,
  "unthwackability": 0.24275411565203675,
  "watchfulness": 0.9402998899341626,
  "weekAttr": []
}