{
  "anticapitalism": 0.5591491283744119,
  "armor": "",
  "baseThirst": 0.8788310610794962,
  "bat": "",
  "blood": 2,
  "buoyancy": 0.9057835527325424,
  "chasiness": 0.6533878242067215,
  "cinnamon": 0.22500481620818932,
  "coffee": 3,
  "coldness": 0.8184772489181981,
  "continuation": 0.465050125654956,
  "deceased": false,
  "divinity": 0.4139169968999834,
  "fate": 70,
  "gameAttr": [],
  "groundFriction": 0.3960836006968525,
  "hitStreak": 0,
  "id": "89ec77d8-c186-4027-bd45-f407b4800c2c",
  "indulgence": 0.7314150757775487,
  "laserlikeness": 0.16293100228488516,
  "martyrdom": 0.9239166977196306,
  "moxie": 0.558470978717524,
  "musclitude": 0.8042763639946282,
  "name": "James Mora",
  "omniscience": 0.7662352449157601,
  "overpowerment": 0.6729149720730632,
  "patheticism": 0.020316158689345207,
  "peanutAllergy": true,
  "permAttr": [],
  "pressurization": 0.5408376821510407,
  "ritual": "Pre-visualizing",
  "ruthlessness": 0.38686437149895503,
  "seasAttr": [],
  "shakespearianism": 0.8387797037538409,
  "soul": 3,
  "suppression": 1.061753609242965,
  "tenaciousness": 0.535600264733684,
  "thwackability": 0.9609073671306696,
  "totalFingers": 12,
  "tragicness": 0.04895703881632933,
  "unthwackability": 0.5792937272759807,
  "watchfulness": 1.1597967120642887,
  "weekAttr": []
}