{
  "anticapitalism": 0.7789502888082445,
  "armor": "",
  "baseThirst": 1.0928885517921263,
  "baserunningRating": 0.6112258985407218,
  "bat": "",
  "blood": 2,
  "buoyancy": 1.168716453966575,
  "chasiness": 0.8901705813583899,
  "cinnamon": 0.45721224080014566,
  "coffee": 3,
  "coldness": 1.0785212758270806,
  "continuation": 0.715372638370732,
  "deceased": false,
  "defenseRating": 0.9381934070310832,
  "divinity": 0.6459404918726056,
  "eDensity": 28.32558740074982,
  "evolution": 0,
  "fate": 72,
  "gameAttr": [],
  "groundFriction": 0.6805577878927029,
  "hitStreak": 0,
  "hittingRating": 0.9185407323178282,
  "id": "89ec77d8-c186-4027-bd45-f407b4800c2c",
  "indulgence": 1.0004167911270074,
  "laserlikeness": 0.42381142372654046,
  "leagueTeamId": "7966eb04-efcc-499b-8f03-d13916330531",
  "martyrdom": 1.1621480073095711,
  "moxie": 0.7930612567870181,
  "musclitude": 1.056123563827368,
  "name": "James Mora",
  "omniscience": 0.9953181677705972,
  "overpowerment": 0.8710566659928699,
  "patheticism": 0.001,
  "peanutAllergy": true,
  "permAttr": [],
  "pitchingRating": 0.7214095907889124,
  "pressurization": 0.5408376821510407,
  "ritual": "Pre-visualizing",
  "ruthlessness": 0.591783641219835,
  "seasAttr": [],
  "shakespearianism": 1.0818176062977856,
  "soul": 3,
  "state": {},
  "suppression": 1.2963737943821505,
  "tenaciousness": 0.7428480240310821,
  "thwackability": 1.2526831502867497,
  "totalFingers": 12,
  "tournamentTeamId": "b3b9636a-f88a-47dc-a91d-86ecc79f9934",
  "tragicness": 0.05016198848066051,
  "unthwackability": 0.8093703515060102,
  "watchfulness": 1.3938530158547808,
  "weekAttr": []
}