{
  "anticapitalism": 0.8655229181702417,
  "armor": "",
  "baseThirst": 0.765760080077192,
  "bat": "",
  "blood": 10,
  "buoyancy": 0.3548677620284269,
  "chasiness": 0.5308750704174197,
  "cinnamon": 0.9709840271587102,
  "coffee": 5,
  "coldness": 0.07950791843532068,
  "continuation": 0.10984045326029056,
  "deceased": false,
  "divinity": 1.19403347350919,
  "fate": 96,
  "gameAttr": [],
  "groundFriction": 0.8872605978207908,
  "id": "89f74891-2e25-4b5a-bd99-c95ba3f36aa0",
  "indulgence": 0.6992253420122743,
  "laserlikeness": 0.49412138658862736,
  "martyrdom": 0.325413484415966,
  "moxie": 1.0500436653819842,
  "musclitude": 0.28117618557919416,
  "name": "Nagomi Nava",
  "omniscience": 0.07405278953897598,
  "overpowerment": 0.8131693031700238,
  "patheticism": 0.5575077020219334,
  "peanutAllergy": false,
  "permAttr": [],
  "pressurization": 0.649560568963705,
  "ritual": "Advanced Mathematics",
  "ruthlessness": 0.06349275456171566,
  "seasAttr": [],
  "shakespearianism": 0.28456602024213185,
  "soul": 2,
  "suppression": 0.590066346412109,
  "tenaciousness": 0.13477100441431178,
  "thwackability": 0.20793579176065397,
  "totalFingers": 10,
  "tragicness": 0.1,
  "unthwackability": 0.2575330278960444,
  "watchfulness": 0.5261157410474817,
  "weekAttr": []
}