{
  "anticapitalism": 0.8393519570540451,
  "armor": "",
  "baseThirst": 0.8505881992915489,
  "baserunningRating": 0.6158344686621005,
  "bat": "",
  "blood": 4,
  "buoyancy": 0.603307992436814,
  "chasiness": 0.5144356051165759,
  "cinnamon": 1.0481090610025694,
  "coffee": 5,
  "coldness": 0.192697567525868,
  "continuation": 0.2035209129491882,
  "deceased": false,
  "defenseRating": 0.3252893319621185,
  "divinity": 1.4237509420552206,
  "fate": 96,
  "gameAttr": [],
  "groundFriction": 0.981594685780632,
  "hitStreak": 0,
  "hittingRating": 0.7814498483179052,
  "id": "89f74891-2e25-4b5a-bd99-c95ba3f36aa0",
  "indulgence": 0.7788617701005978,
  "laserlikeness": 0.568308026390629,
  "leagueTeamId": "f02aeae2-5e6a-4098-9842-02d2273f25c7",
  "martyrdom": 0.5576124384773883,
  "moxie": 1.2868736439848276,
  "musclitude": 0.49608086007370367,
  "name": "Nagomi Nava",
  "omniscience": 0.07897109061657441,
  "overpowerment": 0.949185975481279,
  "patheticism": 0.326523725167539,
  "peanutAllergy": false,
  "permAttr": [
    "FIRE_EATER"
  ],
  "pitchingRating": 0.28025147154813385,
  "pressurization": 0.649560568963705,
  "ritual": "Advanced Mathematics",
  "ruthlessness": 0.20426548091314375,
  "seasAttr": [],
  "shakespearianism": 0.4022300140639125,
  "soul": 2,
  "suppression": 0.7350707775659142,
  "tenaciousness": 0.09697292944739376,
  "thwackability": 0.4194343142132642,
  "totalFingers": 13,
  "tournamentTeamId": null,
  "tragicness": 0.1,
  "unthwackability": 0.3703358183177148,
  "watchfulness": 0.5238244635151499,
  "weekAttr": []
}