{
  "anticapitalism": 0.8855229181702418,
  "armor": "",
  "baseThirst": 0.785760080077192,
  "bat": "",
  "blood": 4,
  "buoyancy": 0.42486776202842697,
  "chasiness": 0.5508750704174197,
  "cinnamon": 0.9709840271587102,
  "coffee": 5,
  "coldness": 0.14950791843532066,
  "continuation": 0.12984045326029056,
  "deceased": false,
  "divinity": 1.26403347350919,
  "fate": 96,
  "gameAttr": [],
  "groundFriction": 0.9072605978207908,
  "hitStreak": 0,
  "id": "89f74891-2e25-4b5a-bd99-c95ba3f36aa0",
  "indulgence": 0.7192253420122743,
  "laserlikeness": 0.5141213865886274,
  "martyrdom": 0.3954134844159661,
  "moxie": 1.1200436653819843,
  "musclitude": 0.3511761855791942,
  "name": "Nagomi Nava",
  "omniscience": 0.094052789538976,
  "overpowerment": 0.8831693031700237,
  "patheticism": 0.4875077020219335,
  "peanutAllergy": false,
  "permAttr": [
    "FIRE_EATER",
    "MAGMATIC"
  ],
  "pressurization": 0.649560568963705,
  "ritual": "Advanced Mathematics",
  "ruthlessness": 0.1334927545617157,
  "seasAttr": [],
  "shakespearianism": 0.3545660202421319,
  "soul": 2,
  "suppression": 0.6600663464121089,
  "tenaciousness": 0.15477100441431177,
  "thwackability": 0.277935791760654,
  "totalFingers": 13,
  "tragicness": 0.1,
  "unthwackability": 0.32753302789604444,
  "watchfulness": 0.5461157410474817,
  "weekAttr": []
}