{
  "anticapitalism": 0.8655229181702417,
  "armor": "",
  "baseThirst": 0.765760080077192,
  "bat": "",
  "blood": 10,
  "buoyancy": 0.40486776202842695,
  "chasiness": 0.5308750704174197,
  "cinnamon": 0.9709840271587102,
  "coffee": 5,
  "coldness": 0.12950791843532067,
  "continuation": 0.10984045326029056,
  "deceased": false,
  "divinity": 1.24403347350919,
  "fate": 96,
  "gameAttr": [],
  "groundFriction": 0.8872605978207908,
  "id": "89f74891-2e25-4b5a-bd99-c95ba3f36aa0",
  "indulgence": 0.6992253420122743,
  "laserlikeness": 0.49412138658862736,
  "martyrdom": 0.37541348441596606,
  "moxie": 1.1000436653819845,
  "musclitude": 0.3311761855791942,
  "name": "Nagomi Nava",
  "omniscience": 0.07405278953897598,
  "overpowerment": 0.8631693031700237,
  "patheticism": 0.5075077020219335,
  "peanutAllergy": false,
  "permAttr": [],
  "pressurization": 0.649560568963705,
  "ritual": "Advanced Mathematics",
  "ruthlessness": 0.11349275456171566,
  "seasAttr": [],
  "shakespearianism": 0.3345660202421319,
  "soul": 2,
  "suppression": 0.6400663464121089,
  "tenaciousness": 0.13477100441431178,
  "thwackability": 0.257935791760654,
  "totalFingers": 12,
  "tragicness": 0.060000000000000005,
  "unthwackability": 0.3075330278960444,
  "watchfulness": 0.5261157410474817,
  "weekAttr": []
}