{
  "anticapitalism": 0.3615123707506923,
  "armor": "",
  "baseThirst": 0.4406201324564474,
  "bat": "",
  "blood": 2,
  "buoyancy": 0.7424914097141821,
  "chasiness": 0.9919141261361912,
  "cinnamon": 0.4133499667922727,
  "coffee": 1,
  "coldness": 0.945985716841644,
  "continuation": 0.08100858197474681,
  "deceased": false,
  "divinity": 0.0468454172336461,
  "fate": 71,
  "gameAttr": [],
  "groundFriction": 0.09822749645038575,
  "id": "8a6fc67d-a7fe-443b-a084-744294cec647",
  "indulgence": 0.9841404701479656,
  "laserlikeness": 0.44418678104129183,
  "martyrdom": 0.17529850078305542,
  "moxie": 0.3501956921893612,
  "musclitude": 0.4167754915134067,
  "name": "Terrell Bradley",
  "omniscience": 0.9911957589629844,
  "overpowerment": 0.8368130461074581,
  "patheticism": 0.13139155550211878,
  "peanutAllergy": true,
  "permAttr": [
    "ALTERNATE"
  ],
  "pressurization": 0.496657474604253,
  "ritual": "Glossolalia",
  "ruthlessness": 0.469764275634738,
  "seasAttr": [],
  "shakespearianism": 0.7313466402028435,
  "soul": 3,
  "suppression": 0.06596790320158363,
  "tenaciousness": 0.24733745080608424,
  "thwackability": 0.520114539728193,
  "totalFingers": 10,
  "tragicness": 0.7737225465372286,
  "unthwackability": 0.7222859949054374,
  "watchfulness": 0.600316397917115,
  "weekAttr": []
}