{
  "anticapitalism": 0.4214753099091408,
  "baseThirst": 0.41157284324609383,
  "baserunningRating": 0.499597116426656,
  "blood": 6,
  "buoyancy": 0.4346708264168817,
  "chasiness": 0.6711193585369886,
  "cinnamon": 0.21921702015464128,
  "coffee": 4,
  "coldness": 0.6227755513700952,
  "continuation": 0.6996487981673347,
  "deceased": false,
  "defenseRating": 0.6025187670515002,
  "divinity": 0.8962249542261764,
  "eDensity": 19.50329300802128,
  "evolution": 0,
  "fate": 33,
  "gameAttr": [],
  "groundFriction": 0.11605264742827656,
  "hitStreak": 0,
  "hittingRating": 0.45983678042977416,
  "id": "8acc97fa-4bf1-49f6-bb93-fb52513a015b",
  "indulgence": 0.3127224819681162,
  "itemAttr": [],
  "items": [
    {
      "baserunningRating": -0.020513400223220343,
      "defenseRating": 0,
      "durability": 2,
      "forger": null,
      "forgerName": null,
      "health": 2,
      "hittingRating": 0.03512256492815291,
      "id": "91b2f449-e9e0-422d-9ece-fc97f59801ff",
      "name": "Blood Cap",
      "pitchingRating": 0.023755644324762622,
      "postPrefix": {
        "adjustments": [
          {
            "stat": 7,
            "type": 1,
            "value": 0.1251892828093201
          },
          {
            "stat": 9,
            "type": 1,
            "value": -0.140951791667456
          },
          {
            "stat": 4,
            "type": 1,
            "value": 0.19870748420364984
          }
        ],
        "name": "Blood"
      },
      "prePrefix": null,
      "prefixes": null,
      "root": {
        "adjustments": [
          {
            "stat": 16,
            "type": 1,
            "value": 0.1577931861432142
          }
        ],
        "name": "Cap"
      },
      "suffix": null
    }
  ],
  "laserlikeness": 0.6214578155044939,
  "leagueTeamId": "3f8bbb15-61c0-4e3f-8e4a-907a5fb1565e",
  "martyrdom": 0.6517032103202278,
  "moxie": 0.1459646740489595,
  "musclitude": 0.4536451082118406,
  "name": "Zesty Yaboi",
  "omniscience": 0.24455374088091683,
  "overpowerment": 0.12401780325673362,
  "patheticism": 0.7998355712015892,
  "peanutAllergy": false,
  "permAttr": [],
  "pitchingRating": 0.08137490866653793,
  "pressurization": 0.24870169836802192,
  "ritual": "Fixating on their impending death",
  "ruthlessness": 0.05590588535062557,
  "seasAttr": [],
  "shakespearianism": 0.0460480832048904,
  "soul": 4,
  "state": {},
  "suppression": 0.35840995187089053,
  "tenaciousness": 0.949944274871108,
  "thwackability": 0.2905637091209891,
  "totalFingers": 10,
  "tournamentTeamId": null,
  "tragicness": 0.7369354729332862,
  "unthwackability": 0.23583643713005564,
  "watchfulness": 0.413037042009944,
  "weekAttr": []
}