{
  "anticapitalism": 0.9604832366671636,
  "baseThirst": 1.1060597927528484,
  "baserunningRating": 0.5814646437092733,
  "blood": 6,
  "buoyancy": 0.6376821083626597,
  "chasiness": 0.3452345196626939,
  "cinnamon": 0.826153300894639,
  "coffee": 5,
  "coldness": 0.7250803092571447,
  "continuation": 0.2118860253509109,
  "deceased": false,
  "defenseRating": 0.8979176653276654,
  "divinity": 0.28102233652373243,
  "eDensity": 22.658157212218757,
  "evolution": 0,
  "fate": 71,
  "gameAttr": [],
  "groundFriction": 0.8549046687216506,
  "hitStreak": 0,
  "hittingRating": 0.3712873600601499,
  "id": "8adb084b-19fe-4295-bcd2-f92afdb62bd7",
  "indulgence": 0.6207647536517344,
  "itemAttr": [],
  "items": [
    {
      "baserunningRating": 0.10324569324386013,
      "defenseRating": 0,
      "durability": 1,
      "forger": null,
      "forgerName": null,
      "health": 0,
      "hittingRating": 0,
      "id": "7b352bd1-7ec8-4b38-8ea7-c8cd111b9343",
      "name": "Shoes",
      "pitchingRating": 0,
      "postPrefix": null,
      "prePrefix": null,
      "prefixes": null,
      "root": {
        "adjustments": [
          {
            "stat": 10,
            "type": 1,
            "value": 0.19834467285659793
          }
        ],
        "name": "Shoes"
      },
      "suffix": null
    }
  ],
  "laserlikeness": 0.5129812517493181,
  "leagueTeamId": "7966eb04-efcc-499b-8f03-d13916330531",
  "martyrdom": 1.106461501910646,
  "moxie": 0.37401755467142744,
  "musclitude": 0.4218210296477622,
  "name": "Logan Rodriguez",
  "omniscience": 0.9365341165911456,
  "overpowerment": 0.962318533414268,
  "patheticism": 0.001,
  "peanutAllergy": false,
  "permAttr": [
    "SIPHON"
  ],
  "pitchingRating": 0.5290670755055911,
  "pressurization": 0.4283501541053425,
  "ritual": "Biting fingernails",
  "ruthlessness": 0.3917500168197712,
  "seasAttr": [],
  "shakespearianism": 1.1357655174557513,
  "soul": 3,
  "state": {},
  "suppression": 0.6668852989660476,
  "tenaciousness": 1.0963219884888855,
  "thwackability": 0.31027524377989335,
  "totalFingers": 12,
  "tournamentTeamId": null,
  "tragicness": 0.03819730566410828,
  "unthwackability": 0.5936651510109021,
  "watchfulness": 0.9746253425654,
  "weekAttr": []
}