{
  "anticapitalism": 0.36767872822684233,
  "armor": "",
  "baseThirst": 0.4899337947466431,
  "bat": "",
  "blood": 7,
  "buoyancy": 0.7258629577204123,
  "chasiness": 0.4719050543029395,
  "cinnamon": 0.5504075858811854,
  "coffee": 11,
  "coldness": 0.7752559463013429,
  "continuation": 0.30152126081275044,
  "deceased": false,
  "divinity": 0.88935915299718,
  "fate": 51,
  "groundFriction": 0.22551758273532352,
  "id": "8b0d717f-ae42-4492-b2ed-106912e2b530",
  "indulgence": 0.33040346210795546,
  "laserlikeness": 0.8655575631039965,
  "martyrdom": 0.49664752488282526,
  "moxie": 0.7531319968676682,
  "musclitude": 0.13224125035555634,
  "name": "Avila Baker",
  "omniscience": 0.21608032934123125,
  "overpowerment": 0.21997942304058804,
  "patheticism": 0.2829017090184942,
  "peanutAllergy": true,
  "pressurization": 0.6254836949252938,
  "ritual": "Shouting 'GAMETIME!'",
  "ruthlessness": 0.1364093855017401,
  "shakespearianism": 0.8163447337725167,
  "soul": 7,
  "suppression": 0.1484795184651233,
  "tenaciousness": 0.2650947973160782,
  "thwackability": 0.4263102659882512,
  "totalFingers": 10,
  "tragicness": 0.1,
  "unthwackability": 0.8585201712534611,
  "watchfulness": 0.6461280369636953
}