{
  "_id": "8b53ce82-4b1a-48f0-999d-1774b3719202",
  "anticapitalism": 0.4510674462348137,
  "baseThirst": 0.0752942999015851,
  "bat": "",
  "buoyancy": 0.3842738103860246,
  "chasiness": 0.720063895286182,
  "cinnamon": 0.42169511004787075,
  "coldness": 0.6402385582499026,
  "continuation": 0.4636715098216775,
  "deceased": false,
  "divinity": 0.38001693019520855,
  "fate": 42,
  "groundFriction": 0.873982897303949,
  "indulgence": 0.5591340242777256,
  "laserlikeness": 0.1266587159865662,
  "martyrdom": 0.8558434408782314,
  "moxie": 0.7367719563598238,
  "musclitude": 0.07320199134289274,
  "name": "Oliver Mueller",
  "omniscience": 0.0904129170156327,
  "overpowerment": 0.31736651031387075,
  "patheticism": 0.1749588694650921,
  "peanutAllergy": false,
  "pressurization": 0.9416190656532684,
  "ruthlessness": 0.7607422098958234,
  "shakespearianism": 0.6822727244514708,
  "soul": 2,
  "suppression": 0.1436452348157029,
  "tenaciousness": 0.5160708809128154,
  "thwackability": 0.8217051474827244,
  "totalFingers": 10,
  "tragicness": 0.1,
  "unthwackability": 0.8028879500467829,
  "watchfulness": 0.045096110878767526
}