{
  "anticapitalism": 0.18477854437889107,
  "baseThirst": 0.08908902428064988,
  "baserunningRating": 0.2746760100704502,
  "blood": 5,
  "buoyancy": 0.2837409175842077,
  "chasiness": 0.5166158447730834,
  "cinnamon": 0.4145488243555387,
  "coffee": 7,
  "coldness": 0.6258388287123362,
  "continuation": 0.4840692711010095,
  "deceased": false,
  "defenseRating": 0.2630128420429919,
  "divinity": 0.4034490762319023,
  "eDensity": 13.3904901254017,
  "evolution": 0,
  "fate": 42,
  "gameAttr": [],
  "groundFriction": 0.9824772146580352,
  "hitStreak": 0,
  "hittingRating": 0.5631792512241736,
  "id": "8b53ce82-4b1a-48f0-999d-1774b3719202",
  "indulgence": 0.5687847861637644,
  "itemAttr": [],
  "items": [
    {
      "baserunningRating": 0,
      "defenseRating": 0,
      "durability": 1,
      "forger": null,
      "forgerName": null,
      "health": 1,
      "hittingRating": 0.03006628107380127,
      "id": "8178bda2-370a-4638-99e3-2d9be2e5f284",
      "name": "Bat",
      "pitchingRating": 0,
      "postPrefix": null,
      "prePrefix": null,
      "prefixes": null,
      "root": {
        "adjustments": [
          {
            "stat": 2,
            "type": 1,
            "value": 0.13898916539891992
          }
        ],
        "name": "Bat"
      },
      "suffix": null
    }
  ],
  "laserlikeness": 0.15894286072933295,
  "leagueTeamId": "105bc3ff-1320-4e37-8ef0-8d595cb95dd0",
  "martyrdom": 0.8206342496887663,
  "moxie": 0.7705131518899765,
  "musclitude": 0.10514543425796918,
  "name": "Oliver Mueller",
  "omniscience": 0.06864603977871482,
  "overpowerment": 0.22493243275956917,
  "patheticism": 0.22541323182891224,
  "peanutAllergy": false,
  "permAttr": [],
  "pitchingRating": 0.5263447717197703,
  "pressurization": 1.0116190656532684,
  "ritual": "TV",
  "ruthlessness": 0.6592822647409565,
  "seasAttr": [],
  "shakespearianism": 0.6264431271215183,
  "soul": 1,
  "state": {},
  "suppression": 0.06621558854236642,
  "tenaciousness": 0.2491527631551924,
  "thwackability": 0.8675428614002295,
  "totalFingers": 10,
  "tournamentTeamId": null,
  "tragicness": 0.14108915286507823,
  "unthwackability": 0.6799366218761669,
  "watchfulness": 0.056726747948024125,
  "weekAttr": []
}