{
  "anticapitalism": 0.4510674462348137,
  "armor": "FIREPROOF",
  "baseThirst": 0.1752942999015851,
  "bat": "",
  "blood": 5,
  "buoyancy": 0.41812498660086417,
  "chasiness": 0.720063895286182,
  "cinnamon": 0.42169511004787075,
  "coffee": 7,
  "coldness": 0.6402385582499026,
  "continuation": 0.5636715098216775,
  "deceased": false,
  "divinity": 0.4138681064100481,
  "fate": 42,
  "gameAttr": [],
  "groundFriction": 0.9739828973039488,
  "id": "8b53ce82-4b1a-48f0-999d-1774b3719202",
  "indulgence": 0.6591340242777256,
  "laserlikeness": 0.2266587159865662,
  "martyrdom": 0.889694617093071,
  "moxie": 0.7706231325746634,
  "musclitude": 0.1070531675577323,
  "name": "Oliver Mueller",
  "omniscience": 0.0904129170156327,
  "overpowerment": 0.31736651031387075,
  "patheticism": 0.14110769325025252,
  "peanutAllergy": false,
  "permAttr": [],
  "pressurization": 1.0116190656532684,
  "ritual": "TV",
  "ruthlessness": 0.7607422098958234,
  "seasAttr": [],
  "shakespearianism": 0.6822727244514708,
  "soul": 2,
  "suppression": 0.1436452348157029,
  "tenaciousness": 0.5160708809128154,
  "thwackability": 0.855556323697564,
  "totalFingers": 10,
  "tragicness": 0.1,
  "unthwackability": 0.8028879500467829,
  "watchfulness": 0.045096110878767526,
  "weekAttr": []
}