{
  "anticapitalism": 0.2713487027412606,
  "baseThirst": 0.13792014372092928,
  "baserunningRating": 0.3413416102618646,
  "blood": 5,
  "buoyancy": 0.371304222010692,
  "chasiness": 0.604973209646973,
  "cinnamon": 0.49978531761664047,
  "coffee": 7,
  "coldness": 0.6761334300275911,
  "continuation": 0.5643364467848264,
  "deceased": false,
  "defenseRating": 0.3617010246406824,
  "divinity": 0.4624869841800008,
  "eDensity": 13.3904901254017,
  "evolution": 0,
  "fate": 42,
  "gameAttr": [],
  "groundFriction": 1.034587148587991,
  "hitStreak": 0,
  "hittingRating": 0.6360729287903291,
  "id": "8b53ce82-4b1a-48f0-999d-1774b3719202",
  "indulgence": 0.6453711783623701,
  "itemAttr": [],
  "items": [
    {
      "baserunningRating": 0,
      "defenseRating": 0,
      "durability": 1,
      "forger": null,
      "forgerName": null,
      "health": 1,
      "hittingRating": 0.03006628107380127,
      "id": "8178bda2-370a-4638-99e3-2d9be2e5f284",
      "name": "Bat",
      "pitchingRating": 0,
      "postPrefix": null,
      "prePrefix": null,
      "prefixes": null,
      "root": {
        "adjustments": [
          {
            "stat": 2,
            "type": 1,
            "value": 0.13898916539891992
          }
        ],
        "name": "Bat"
      },
      "suffix": null
    }
  ],
  "laserlikeness": 0.2104892771074803,
  "leagueTeamId": "105bc3ff-1320-4e37-8ef0-8d595cb95dd0",
  "martyrdom": 0.8792197305445539,
  "moxie": 0.8282251164653108,
  "musclitude": 0.17695511024796473,
  "name": "Oliver Mueller",
  "omniscience": 0.12189439861598889,
  "overpowerment": 0.32083161223276646,
  "patheticism": 0.1484847657826906,
  "peanutAllergy": false,
  "permAttr": [],
  "pitchingRating": 0.6227179695429941,
  "pressurization": 1.0116190656532684,
  "ritual": "TV",
  "ruthlessness": 0.7469082000595172,
  "seasAttr": [],
  "shakespearianism": 0.6778808947018036,
  "soul": 1,
  "state": {},
  "suppression": 0.11714167300639748,
  "tenaciousness": 0.33801444997491836,
  "thwackability": 0.925136549167149,
  "totalFingers": 10,
  "tournamentTeamId": null,
  "tragicness": 0.06510979768403757,
  "unthwackability": 0.759195401777485,
  "watchfulness": 0.1375293741306075,
  "weekAttr": []
}