{
  "anticapitalism": 0.8504390665168229,
  "baseThirst": 0.5366986942466343,
  "baserunningRating": 0.715532771752775,
  "blood": 6,
  "buoyancy": 0.5236224572123136,
  "chasiness": 0.3507922568239341,
  "cinnamon": 0.030934524394393925,
  "coffee": 3,
  "coldness": 0.6911036574724798,
  "continuation": 0.5144328038207766,
  "deceased": true,
  "defenseRating": 0.23542833467413635,
  "divinity": 0.9465341916081031,
  "eDensity": 0,
  "evolution": 0,
  "fate": 28,
  "gameAttr": [],
  "groundFriction": 0.4255858850221159,
  "hitStreak": 0,
  "hittingRating": 0.5828853611770598,
  "id": "8ba7e1ff-4c6d-4963-8e0f-7096d14f4b12",
  "indulgence": 0.8994672340375551,
  "itemAttr": [],
  "items": [],
  "laserlikeness": 0.8025141666159705,
  "leagueTeamId": null,
  "martyrdom": 0.370224980269092,
  "moxie": 0.8403039582130332,
  "musclitude": 0.954098322170258,
  "name": "Jenna Maldonado",
  "omniscience": 0.031492422542321874,
  "overpowerment": 0.7153240054928165,
  "patheticism": 0.9790818676315336,
  "peanutAllergy": null,
  "permAttr": [],
  "pitchingRating": 0.2893931325337669,
  "pressurization": 0.4544032756973546,
  "ritual": null,
  "ruthlessness": 0.16166462682584992,
  "seasAttr": [],
  "shakespearianism": 0.08190553192630179,
  "soul": 7,
  "state": {},
  "suppression": 0.6901995577096376,
  "tenaciousness": 0.08748057066993664,
  "thwackability": 0.43576340858962426,
  "totalFingers": 10,
  "tournamentTeamId": null,
  "tragicness": 0,
  "unthwackability": 0.6684882712533506,
  "watchfulness": 0.2310248787084548,
  "weekAttr": []
}