{
  "_id": "8c8cc584-199b-4b76-b2cd-eaa9a74965e5",
  "anticapitalism": 0.7841993169335597,
  "baseThirst": 0.3121966005334176,
  "bat": "",
  "buoyancy": 0.36689248254070184,
  "chasiness": 0.9134489378875909,
  "cinnamon": 0.18844067998440073,
  "coldness": 0.09232514697602157,
  "continuation": 0.9934385322059678,
  "deceased": false,
  "divinity": 0.5014314904688024,
  "fate": 86,
  "groundFriction": 0.7433765952174438,
  "indulgence": 0.5531694653922357,
  "laserlikeness": 0.16859128752630248,
  "martyrdom": 0.723927592214914,
  "moxie": 0.6427472285017748,
  "musclitude": 0.6235905566526743,
  "name": "Ziwa Mueller",
  "omniscience": 0.1652185585763406,
  "overpowerment": 0.7569804737708568,
  "patheticism": 0.955500831547035,
  "peanutAllergy": false,
  "pressurization": 0.15247190283655088,
  "ruthlessness": 0.32570618625861436,
  "shakespearianism": 0.07366940301823566,
  "soul": 3,
  "suppression": 0.7651374064842087,
  "tenaciousness": 0.3176456878350016,
  "thwackability": 0.07240495448160522,
  "totalFingers": 10,
  "tragicness": 0.08542002787338276,
  "unthwackability": 0.6373980576592595,
  "watchfulness": 0.18926206762579167
}