{
  "anticapitalism": 0.8294195722332385,
  "armor": "",
  "baseThirst": 0.6754686430353597,
  "baserunningRating": 0.7113246985336847,
  "bat": "",
  "blood": 12,
  "buoyancy": 0.7436907082927828,
  "chasiness": 0.9857803055179956,
  "cinnamon": 0.24765952751550507,
  "coffee": 12,
  "coldness": 0.33341688745877707,
  "continuation": 1.3480196034391794,
  "deceased": false,
  "defenseRating": 0.5130304162202344,
  "divinity": 0.8516088808596287,
  "fate": 86,
  "gameAttr": [],
  "groundFriction": 1.0912328575117038,
  "hitStreak": 0,
  "hittingRating": 0.669583330754064,
  "id": "8c8cc584-199b-4b76-b2cd-eaa9a74965e5",
  "indulgence": 0.9199669496371874,
  "laserlikeness": 0.5151545795307949,
  "leagueTeamId": "eb67ae5e-c4bf-46ca-bbbc-425cd34182ff",
  "martyrdom": 1.0911395064697538,
  "moxie": 0.9998341008990996,
  "musclitude": 0.9644464419686418,
  "name": "Ziwa Mueller",
  "omniscience": 0.21241327382552008,
  "overpowerment": 0.99834061749383,
  "patheticism": 0.5903437285049112,
  "peanutAllergy": false,
  "permAttr": [],
  "pitchingRating": 0.6691311962971682,
  "pressurization": 0.15247190283655088,
  "ritual": "Theft",
  "ruthlessness": 0.5882761364485769,
  "seasAttr": [],
  "shakespearianism": 0.3139258552462378,
  "soul": 3,
  "suppression": 1.0167686688843471,
  "tenaciousness": 0.3611124759741311,
  "thwackability": 0.42653491122090526,
  "totalFingers": 11,
  "tournamentTeamId": null,
  "tragicness": 0.1,
  "unthwackability": 0.9121350656780952,
  "watchfulness": 0.2625599207463222,
  "weekAttr": []
}