{
  "anticapitalism": 1.0294195722332384,
  "armor": "",
  "baseThirst": 0.6754686430353597,
  "bat": "",
  "blood": 12,
  "buoyancy": 0.6436907082927829,
  "chasiness": 1.1857803055179956,
  "cinnamon": 0.24765952751550507,
  "coffee": 12,
  "coldness": 0.33341688745877707,
  "continuation": 1.3480196034391794,
  "deceased": false,
  "divinity": 0.7516088808596287,
  "fate": 86,
  "gameAttr": [],
  "groundFriction": 1.0912328575117038,
  "hitStreak": 0,
  "id": "8c8cc584-199b-4b76-b2cd-eaa9a74965e5",
  "indulgence": 0.9199669496371874,
  "laserlikeness": 0.5151545795307949,
  "martyrdom": 0.9911395064697538,
  "moxie": 0.8998341008990995,
  "musclitude": 0.8644464419686418,
  "name": "Ziwa Mueller",
  "omniscience": 0.41241327382552007,
  "overpowerment": 0.99834061749383,
  "patheticism": 0.6903437285049112,
  "peanutAllergy": false,
  "permAttr": [],
  "pressurization": 0.15247190283655088,
  "ritual": "Theft",
  "ruthlessness": 0.5882761364485769,
  "seasAttr": [],
  "shakespearianism": 0.3139258552462378,
  "soul": 3,
  "suppression": 1.0167686688843471,
  "tenaciousness": 0.561112475974131,
  "thwackability": 0.3265349112209052,
  "totalFingers": 11,
  "tragicness": 0.1,
  "unthwackability": 0.9121350656780952,
  "watchfulness": 0.4625599207463222,
  "weekAttr": []
}