{
  "anticapitalism": 0.8294195722332385,
  "baseThirst": 0.6754686430353597,
  "baserunningRating": 0.7113246985336847,
  "blood": 12,
  "buoyancy": 0.8436907082927828,
  "chasiness": 0.9857803055179956,
  "cinnamon": 0.24765952751550507,
  "coffee": 12,
  "coldness": 0.33341688745877707,
  "continuation": 1.3480196034391794,
  "deceased": false,
  "defenseRating": 0.5130304162202344,
  "divinity": 0.9516088808596288,
  "eDensity": 24.65038777889529,
  "evolution": 0,
  "fate": 86,
  "gameAttr": [],
  "groundFriction": 1.0912328575117038,
  "hitStreak": 0,
  "hittingRating": 0.7708548002196683,
  "id": "8c8cc584-199b-4b76-b2cd-eaa9a74965e5",
  "indulgence": 0.9199669496371874,
  "itemAttr": [],
  "items": [
    {
      "baserunningRating": 0,
      "defenseRating": 0,
      "durability": 1,
      "forger": null,
      "forgerName": null,
      "health": 1,
      "hittingRating": 0.009060091178893392,
      "id": "52664d28-509c-46a9-8d8b-62c34790ed32",
      "name": "Necklace",
      "pitchingRating": 0,
      "postPrefix": null,
      "prePrefix": null,
      "prefixes": null,
      "root": {
        "adjustments": [
          {
            "stat": 3,
            "type": 1,
            "value": 0.18541981154207207
          }
        ],
        "name": "Necklace"
      },
      "suffix": null
    }
  ],
  "laserlikeness": 0.5151545795307949,
  "leagueTeamId": "eb67ae5e-c4bf-46ca-bbbc-425cd34182ff",
  "martyrdom": 1.191139506469754,
  "moxie": 1.0998341008990995,
  "musclitude": 1.064446441968642,
  "name": "Ziwa Mueller",
  "omniscience": 0.21241327382552008,
  "overpowerment": 0.99834061749383,
  "patheticism": 0.49034372850491126,
  "peanutAllergy": false,
  "permAttr": [
    "ELSEWHERE"
  ],
  "pitchingRating": 0.6691311962971682,
  "pressurization": 0.15247190283655088,
  "ritual": "Theft",
  "ruthlessness": 0.5882761364485769,
  "seasAttr": [],
  "shakespearianism": 0.3139258552462378,
  "soul": 3,
  "state": {
    "elsewhere": {
      "day": 69,
      "season": 16
    }
  },
  "suppression": 1.0167686688843471,
  "tenaciousness": 0.3611124759741311,
  "thwackability": 0.5265349112209052,
  "totalFingers": 11,
  "tournamentTeamId": "9a5ab308-41f2-4889-a3c3-733b9aab806e",
  "tragicness": 0.001,
  "unthwackability": 0.9121350656780952,
  "watchfulness": 0.2625599207463222,
  "weekAttr": []
}