{
  "anticapitalism": 0.613585264440268,
  "armor": "",
  "baseThirst": 1.0158005008847222,
  "baserunningRating": 0.4750931566382817,
  "bat": "",
  "blood": 12,
  "buoyancy": 0.7138956665084661,
  "chasiness": 0.7996698377413797,
  "cinnamon": 1.164818026884157,
  "coffee": 4,
  "coldness": 0.41678152871236834,
  "continuation": 0.591390485330353,
  "deceased": false,
  "defenseRating": 0.6127779793732133,
  "divinity": 0.7526125613155988,
  "eDensity": 28.028263999506635,
  "evolution": 0,
  "fate": 91,
  "gameAttr": [],
  "groundFriction": 0.9485774400591176,
  "hitStreak": 0,
  "hittingRating": 0.5326571266093627,
  "id": "8cd06abf-be10-4a35-a3ab-1a408a329147",
  "indulgence": 0.9947274232025004,
  "laserlikeness": 0.25285155096433487,
  "leagueTeamId": "3f8bbb15-61c0-4e3f-8e4a-907a5fb1565e",
  "martyrdom": 0.32403901196716367,
  "moxie": 0.8845328282822068,
  "musclitude": 0.3045214962638674,
  "name": "Gloria Bugsnax",
  "omniscience": 0.21980689600202472,
  "overpowerment": 0.5989986001426899,
  "patheticism": 0.11853663752745042,
  "peanutAllergy": true,
  "permAttr": [
    "ELSEWHERE"
  ],
  "pitchingRating": 0.6692237373086619,
  "pressurization": 0.004850129929768743,
  "ritual": "Sleep-pitching",
  "ruthlessness": 1.048194372368032,
  "seasAttr": [],
  "shakespearianism": 1.0206601542733855,
  "soul": 6,
  "state": {
    "elsewhere": {
      "day": 78,
      "season": 12
    }
  },
  "suppression": 0.8638300103297617,
  "tenaciousness": 1.0073613975033138,
  "thwackability": 0.3173243875547769,
  "totalFingers": 13,
  "tournamentTeamId": null,
  "tragicness": 0.13414138685498034,
  "unthwackability": 0.5233470945209806,
  "watchfulness": 0.3103077551985735,
  "weekAttr": []
}