{
  "anticapitalism": 0.4830442109211861,
  "armor": "",
  "baseThirst": 0.7404640551576784,
  "bat": "",
  "blood": 10,
  "buoyancy": 0.45280307071013265,
  "chasiness": 0.6724010691943034,
  "cinnamon": 0.9725481671759896,
  "coffee": 4,
  "coldness": 0.1298385993375319,
  "continuation": 0.35662872470954277,
  "deceased": false,
  "divinity": 0.5374516643757689,
  "fate": 91,
  "gameAttr": [],
  "groundFriction": 0.7443518673708547,
  "id": "8cd06abf-be10-4a35-a3ab-1a408a329147",
  "indulgence": 0.7645194744186319,
  "laserlikeness": 0.017746790360374298,
  "martyrdom": 0.09468614773082935,
  "moxie": 0.6397868195138253,
  "musclitude": 0.05140284487588227,
  "name": "Gloria Bugsnax",
  "omniscience": 0.04763741451509884,
  "overpowerment": 0.3718721709614379,
  "patheticism": 0.35995908732546417,
  "peanutAllergy": true,
  "permAttr": [],
  "pressurization": 0.004850129929768743,
  "ritual": "Sleep-pitching",
  "ruthlessness": 0.8269135837253855,
  "seasAttr": [],
  "shakespearianism": 0.8063158537693477,
  "soul": 6,
  "suppression": 0.6243829760676146,
  "tenaciousness": 0.847334274194022,
  "thwackability": 0.06700368516770423,
  "totalFingers": 12,
  "tragicness": 0.1,
  "unthwackability": 0.24513921597471008,
  "watchfulness": 0.1697471140358906,
  "weekAttr": []
}