{
  "anticapitalism": 0.5679194161796699,
  "armor": "",
  "baseThirst": 1.044730861294143,
  "bat": "",
  "blood": 12,
  "buoyancy": 0.6537536300631202,
  "chasiness": 0.7523562807630453,
  "cinnamon": 1.1043002988582713,
  "coffee": 4,
  "coldness": 0.3413082488479974,
  "continuation": 0.6299402434826866,
  "deceased": false,
  "divinity": 0.6984092245616059,
  "fate": 91,
  "gameAttr": [],
  "groundFriction": 1.0078416824516114,
  "hitStreak": 0,
  "id": "8cd06abf-be10-4a35-a3ab-1a408a329147",
  "indulgence": 1.0512810797367795,
  "laserlikeness": 0.30040330250857183,
  "martyrdom": 0.25349162220976934,
  "moxie": 0.8398897062934558,
  "musclitude": 0.25964019845902114,
  "name": "Gloria Bugsnax",
  "omniscience": 0.1699843294310802,
  "overpowerment": 0.5571306087888388,
  "patheticism": 0.1659478572045799,
  "peanutAllergy": true,
  "permAttr": [],
  "pressurization": 0.004850129929768743,
  "ritual": "Sleep-pitching",
  "ruthlessness": 0.9926591438991292,
  "seasAttr": [],
  "shakespearianism": 0.9546360240629916,
  "soul": 6,
  "suppression": 0.7890023996535646,
  "tenaciousness": 0.9525904077615892,
  "thwackability": 0.2427989360180132,
  "totalFingers": 13,
  "tragicness": 0.08,
  "unthwackability": 0.4522733633608813,
  "watchfulness": 0.2538502116577016,
  "weekAttr": []
}