{
  "_id": "8cf78b49-d0ca-4703-88e8-4bcad26c44b1",
  "anticapitalism": 0.9019589897957788,
  "baseThirst": 0.03691970758849661,
  "bat": "",
  "buoyancy": 0.3630719540997689,
  "chasiness": 0.6923257786392287,
  "cinnamon": 0.8692311321555983,
  "coldness": 0.07086331789882494,
  "continuation": 0.1328644619963193,
  "deceased": false,
  "divinity": 0.9922416328623648,
  "fate": 29,
  "groundFriction": 0.18547329724508857,
  "indulgence": 0.7695387343268396,
  "laserlikeness": 0.9333759227016198,
  "martyrdom": 0.38079816404312017,
  "moxie": 0.9256733830910212,
  "musclitude": 0.6928131150331784,
  "name": "Avila Guzman",
  "omniscience": 0.8997467690954459,
  "overpowerment": 0.05621471511246123,
  "patheticism": 0.632148138501955,
  "peanutAllergy": true,
  "pressurization": 0.5396551927487363,
  "ruthlessness": 0.1007229115511694,
  "shakespearianism": 0.9334416033954968,
  "soul": 4,
  "suppression": 0.6384454438560097,
  "tenaciousness": 0.26677939102034576,
  "thwackability": 0.045240359619306725,
  "totalFingers": 10,
  "tragicness": 0.1,
  "unthwackability": 0.1610594264861358,
  "watchfulness": 0.7790208335278752
}