{
  "anticapitalism": 0.9455924925133132,
  "baseThirst": 0.42723549915169223,
  "baserunningRating": 0.9486474421232722,
  "blood": 8,
  "buoyancy": 0.7163835954910194,
  "chasiness": 0.7395583081103951,
  "cinnamon": 0.9628789708253868,
  "coffee": 6,
  "coldness": 0.13503305186464315,
  "continuation": 0.5394169990712948,
  "deceased": false,
  "defenseRating": 0.7447204732720558,
  "divinity": 1.3385950289080484,
  "eDensity": 26.53705653836574,
  "evolution": 0,
  "fate": 29,
  "gameAttr": [],
  "groundFriction": 0.5669358745884467,
  "hitStreak": 0,
  "hittingRating": 0.7954740342864162,
  "id": "8cf78b49-d0ca-4703-88e8-4bcad26c44b1",
  "indulgence": 1.1603534800706976,
  "items": [],
  "laserlikeness": 1.3124006550503693,
  "leagueTeamId": "b63be8c2-576a-4d6e-8daf-814f8bcea96f",
  "martyrdom": 0.690931469493742,
  "moxie": 1.2747936114895215,
  "musclitude": 1.0091158722142874,
  "name": "Avila Guzman",
  "omniscience": 0.9402549804334752,
  "overpowerment": 0.12204411643945384,
  "patheticism": 0.2849396249320549,
  "peanutAllergy": false,
  "permAttr": [],
  "pitchingRating": 0.15930898437050414,
  "pressurization": 0.6096551927487364,
  "ritual": "Summoning circle",
  "ruthlessness": 0.15999211935846522,
  "seasAttr": [],
  "shakespearianism": 0.976774784011226,
  "soul": 4,
  "state": {},
  "suppression": 0.7171270536209091,
  "tenaciousness": 0.3200930955919145,
  "thwackability": 0.3951276642343939,
  "totalFingers": 13,
  "tournamentTeamId": null,
  "tragicness": 0.060000000000000005,
  "unthwackability": 0.22949103170113835,
  "watchfulness": 0.8283475634542742,
  "weekAttr": []
}