{
  "anticapitalism": 1.0184671348875824,
  "baseThirst": 0.4963561920148066,
  "baserunningRating": 1.004649064727178,
  "blood": 11,
  "buoyancy": 0.7646571218685064,
  "chasiness": 0.8025847557513567,
  "cinnamon": 1.0123954201013037,
  "coffee": 6,
  "coldness": 0.1963896596753766,
  "continuation": 0.5931768219823167,
  "deceased": false,
  "defenseRating": 0.8159758884903385,
  "divinity": 1.4132594900442177,
  "eDensity": 28.439839513619788,
  "evolution": 0,
  "fate": 18,
  "gameAttr": [
    "WIRED"
  ],
  "groundFriction": 0.6158521614479113,
  "hitStreak": 0,
  "hittingRating": 0.8775785501312833,
  "id": "8cf78b49-d0ca-4703-88e8-4bcad26c44b1",
  "indulgence": 1.2066614648358038,
  "itemAttr": [],
  "items": [
    {
      "baserunningRating": 0,
      "defenseRating": 0,
      "durability": 1,
      "forger": null,
      "forgerName": null,
      "health": 0,
      "hittingRating": 0.07611701058963127,
      "id": "fd10e7a7-16e4-415b-b668-7ad1384abb0d",
      "name": "Bat",
      "pitchingRating": 0,
      "postPrefix": null,
      "prePrefix": null,
      "prefixes": null,
      "root": {
        "adjustments": [
          {
            "stat": 2,
            "type": 1,
            "value": 0.12713583800455114
          }
        ],
        "name": "Bat"
      },
      "suffix": null
    }
  ],
  "laserlikeness": 1.3677945295074267,
  "leagueTeamId": "9debc64f-74b7-4ae1-a4d6-fce0144b6ea5",
  "martyrdom": 0.7580016052292036,
  "moxie": 1.325348871955272,
  "musclitude": 1.0781523805567457,
  "name": "Avila Guzman",
  "omniscience": 1.033545994846631,
  "overpowerment": 0.19595654168039567,
  "patheticism": 0.20573288826892497,
  "peanutAllergy": false,
  "permAttr": [],
  "pitchingRating": 0.22177357002545556,
  "pressurization": 0.6096551927487364,
  "ritual": "Summoning circle",
  "ruthlessness": 0.22541545037824215,
  "seasAttr": [],
  "shakespearianism": 1.0498631529742286,
  "soul": 4,
  "state": {},
  "suppression": 0.7804002299818609,
  "tenaciousness": 0.4029995336253904,
  "thwackability": 0.4739150263562379,
  "totalFingers": 13,
  "tournamentTeamId": null,
  "tragicness": 0.001,
  "unthwackability": 0.28372802289588867,
  "watchfulness": 0.9227129777961556,
  "weekAttr": []
}