{
  "anticapitalism": 0.9019589897957788,
  "armor": "",
  "baseThirst": 0.2869197075884966,
  "bat": "",
  "blood": 12,
  "buoyancy": 0.4469231303146085,
  "chasiness": 0.6923257786392287,
  "cinnamon": 0.8692311321555983,
  "coffee": 6,
  "coldness": 0.12086331789882494,
  "continuation": 0.3828644619963193,
  "deceased": false,
  "divinity": 1.0760928090772044,
  "fate": 29,
  "gameAttr": [],
  "groundFriction": 0.43547329724508854,
  "id": "8cf78b49-d0ca-4703-88e8-4bcad26c44b1",
  "indulgence": 1.0195387343268396,
  "laserlikeness": 1.1833759227016198,
  "martyrdom": 0.4646493402579598,
  "moxie": 1.0095245593058608,
  "musclitude": 0.776664291248018,
  "name": "Avila Guzman",
  "omniscience": 0.8997467690954459,
  "overpowerment": 0.11,
  "patheticism": 0.5482969622871154,
  "peanutAllergy": false,
  "permAttr": [],
  "pressurization": 0.6096551927487364,
  "ritual": "Summoning circle",
  "ruthlessness": 0.1507229115511694,
  "seasAttr": [],
  "shakespearianism": 0.9834416033954968,
  "soul": 4,
  "suppression": 0.6884454438560096,
  "tenaciousness": 0.26677939102034576,
  "thwackability": 0.1290915358341463,
  "totalFingers": 12,
  "tragicness": 0.1,
  "unthwackability": 0.2110594264861358,
  "watchfulness": 0.7790208335278752,
  "weekAttr": []
}