{
  "anticapitalism": 0.9055924925133132,
  "armor": "",
  "baseThirst": 0.38723549915169225,
  "baserunningRating": 0.9079607478548272,
  "bat": "",
  "blood": 8,
  "buoyancy": 0.6763835954910193,
  "chasiness": 0.6995583081103951,
  "cinnamon": 0.9628789708253868,
  "coffee": 6,
  "coldness": 0.13503305186464315,
  "continuation": 0.4994169990712948,
  "deceased": false,
  "defenseRating": 0.7082409494416562,
  "divinity": 1.2985950289080483,
  "eDensity": 25.683619799724212,
  "evolution": 0,
  "fate": 29,
  "gameAttr": [],
  "groundFriction": 0.5269358745884467,
  "hitStreak": 0,
  "hittingRating": 0.750720718293614,
  "id": "8cf78b49-d0ca-4703-88e8-4bcad26c44b1",
  "indulgence": 1.1203534800706976,
  "laserlikeness": 1.2724006550503693,
  "leagueTeamId": "b63be8c2-576a-4d6e-8daf-814f8bcea96f",
  "martyrdom": 0.6509314694937419,
  "moxie": 1.2347936114895215,
  "musclitude": 0.9691158722142876,
  "name": "Avila Guzman",
  "omniscience": 0.9002549804334751,
  "overpowerment": 0.12204411643945384,
  "patheticism": 0.32493962493205486,
  "peanutAllergy": false,
  "permAttr": [],
  "pitchingRating": 0.15930898437050414,
  "pressurization": 0.6096551927487364,
  "ritual": "Summoning circle",
  "ruthlessness": 0.15999211935846522,
  "seasAttr": [],
  "shakespearianism": 0.976774784011226,
  "soul": 4,
  "state": {},
  "suppression": 0.7171270536209091,
  "tenaciousness": 0.28009309559191453,
  "thwackability": 0.3551276642343939,
  "totalFingers": 13,
  "tournamentTeamId": null,
  "tragicness": 0.1,
  "unthwackability": 0.22949103170113835,
  "watchfulness": 0.7883475634542741,
  "weekAttr": []
}