{
  "anticapitalism": 0.2336500125384429,
  "armor": "",
  "baseThirst": 0.39109649586477824,
  "baserunningRating": 0.2247650359170504,
  "bat": "",
  "blood": 0,
  "buoyancy": 0.96265938674066,
  "chasiness": 0.21890359945981208,
  "cinnamon": 0.7723607965416026,
  "coffee": 0,
  "coldness": 0.6969771541271204,
  "continuation": 0.5029616211116139,
  "deceased": false,
  "defenseRating": 0.2388339225189644,
  "divinity": 0.8744689749377168,
  "eDensity": 0,
  "evolution": 0,
  "fate": 95,
  "gameAttr": [],
  "groundFriction": 0.25109935002597594,
  "hitStreak": 0,
  "hittingRating": 0.43593045791683743,
  "id": "8cfb7ee9-cfa4-445c-830e-2723797fa7b3",
  "indulgence": 0.20563804553019516,
  "laserlikeness": 0.1265039080989847,
  "leagueTeamId": null,
  "martyrdom": 0.17359549928776463,
  "moxie": 0.6247778603542593,
  "musclitude": 0.4303093170831538,
  "name": "Boxplot Jones",
  "omniscience": 0.04967616932920382,
  "overpowerment": 0.753969409908744,
  "patheticism": 0.6397546614523184,
  "peanutAllergy": true,
  "permAttr": [],
  "pitchingRating": 0.29481179148874553,
  "pressurization": 0.0365990449297704,
  "ritual": "Doing a good deed and telling everyone about it",
  "ruthlessness": 0.14415983462580173,
  "seasAttr": [],
  "shakespearianism": 0.1908652559728199,
  "soul": 3,
  "state": {},
  "suppression": 0.1967633729866356,
  "tenaciousness": 0.09799244314154398,
  "thwackability": 0.18921879381018855,
  "totalFingers": 10,
  "tournamentTeamId": null,
  "tragicness": 0.7988356148489477,
  "unthwackability": 0.6316868826791349,
  "watchfulness": 0.498264600609827,
  "weekAttr": []
}