{
  "anticapitalism": 0.7013901456974239,
  "armor": "",
  "baseThirst": 0.8875327060341416,
  "bat": "",
  "blood": 8,
  "buoyancy": 0.10747580669264112,
  "chasiness": 0.9618850696326258,
  "cinnamon": 0.17651141606572085,
  "coffee": 3,
  "coldness": 0.6230211432491797,
  "continuation": 0.5422909344820543,
  "deceased": false,
  "divinity": 0.06647455669057956,
  "fate": 71,
  "gameAttr": [],
  "groundFriction": 0.12829702889739303,
  "hitStreak": 0,
  "id": "8d337b47-2a7d-418d-a44e-ef81e401c2ef",
  "indulgence": 0.5600546772264872,
  "laserlikeness": 0.719872385727611,
  "martyrdom": 0.05964017416542755,
  "moxie": 0.32825063037248214,
  "musclitude": 0.4965660842473531,
  "name": "Case Sports",
  "omniscience": 0.7080158163749231,
  "overpowerment": 0.6400554875475883,
  "patheticism": 0.05445580366797986,
  "peanutAllergy": true,
  "permAttr": [],
  "pressurization": 0.7841553152794742,
  "ritual": "Solitaire",
  "ruthlessness": 0.19791639505687184,
  "seasAttr": [],
  "shakespearianism": 0.9770496669828675,
  "soul": 4,
  "suppression": 0.07795318754774572,
  "tenaciousness": 0.7527513836361308,
  "thwackability": 0.7287055920929928,
  "totalFingers": 10,
  "tragicness": 0.1,
  "unthwackability": 0.6639224589416008,
  "watchfulness": 0.56242108068227,
  "weekAttr": []
}