{
  "anticapitalism": 0.5013901456974239,
  "baseThirst": 0.6875327060341416,
  "baserunningRating": 0.3554300121218053,
  "blood": 8,
  "buoyancy": 0.01,
  "chasiness": 0.7618850696326258,
  "cinnamon": 0.17651141606572085,
  "coffee": 3,
  "coldness": 0.42302114324917967,
  "continuation": 0.34229093448205433,
  "deceased": true,
  "defenseRating": 0.6365159418091009,
  "divinity": 0.01,
  "eDensity": 16.366284817039208,
  "evolution": 0,
  "fate": 71,
  "gameAttr": [],
  "groundFriction": 0.01,
  "hitStreak": 0,
  "hittingRating": 0.11215135770340838,
  "id": "8d337b47-2a7d-418d-a44e-ef81e401c2ef",
  "indulgence": 0.36005467722648715,
  "itemAttr": [],
  "items": [],
  "laserlikeness": 0.5198723857276111,
  "leagueTeamId": "57ec08cc-0411-4643-b304-0e80dbc15ac7",
  "martyrdom": 0.01,
  "moxie": 0.12825063037248213,
  "musclitude": 0.29656608424735315,
  "name": "Case Sports",
  "omniscience": 0.5080158163749231,
  "overpowerment": 0.44005548754758833,
  "patheticism": 0.2544558036679799,
  "peanutAllergy": true,
  "permAttr": [
    "INHABITING"
  ],
  "pitchingRating": 0.09108623365700114,
  "pressurization": 0.7841553152794742,
  "ritual": "Solitaire",
  "ruthlessness": 0.01,
  "seasAttr": [],
  "shakespearianism": 0.7770496669828677,
  "soul": 4,
  "state": {},
  "suppression": 0.01,
  "tenaciousness": 0.5527513836361309,
  "thwackability": 0.5287055920929928,
  "totalFingers": 11,
  "tournamentTeamId": null,
  "tragicness": 0.1,
  "unthwackability": 0.4639224589416008,
  "watchfulness": 0.36242108068227,
  "weekAttr": []
}