{
  "anticapitalism": 0.0996663232149464,
  "baseThirst": 0.33307015434709153,
  "baserunningRating": 0.606748548955335,
  "blood": 1,
  "buoyancy": 0.229038026917042,
  "chasiness": 0.7734746789326605,
  "cinnamon": 0.37443056471052527,
  "coffee": 2,
  "coldness": 0.7759062739397877,
  "continuation": 0.2546340379951031,
  "deceased": true,
  "defenseRating": 0.2470996994694828,
  "divinity": 0.5759449881488075,
  "eDensity": 0,
  "evolution": 0,
  "fate": 57,
  "gameAttr": [],
  "groundFriction": 0.5463620669804428,
  "hitStreak": 0,
  "hittingRating": 0.2609373062944622,
  "id": "8e1fd784-99d5-41c1-a6c5-6b947cec6714",
  "indulgence": 0.228086225954816,
  "itemAttr": [],
  "items": [],
  "laserlikeness": 0.9145577576826684,
  "leagueTeamId": null,
  "martyrdom": 0.4064115375636146,
  "moxie": 0.24269788873631315,
  "musclitude": 0.6047317048646013,
  "name": "Velasquez Meadows",
  "omniscience": 0.011884257285472488,
  "overpowerment": 0.6564843541303,
  "patheticism": 0.6015412287089019,
  "peanutAllergy": false,
  "permAttr": [],
  "pitchingRating": 0.604767592267228,
  "pressurization": 0.9810754231411428,
  "ritual": null,
  "ruthlessness": 0.793790775168367,
  "seasAttr": [],
  "shakespearianism": 0.7515035309936304,
  "soul": 8,
  "state": {},
  "suppression": 0.859563855570241,
  "tenaciousness": 0.5643315726327609,
  "thwackability": 0.06790461551317195,
  "totalFingers": 10,
  "tournamentTeamId": null,
  "tragicness": 0.1,
  "unthwackability": 0.5352642039833047,
  "watchfulness": 0.24474557388245932,
  "weekAttr": []
}