{
  "_id": "8ecea7e0-b1fb-4b74-8c8c-3271cb54f659",
  "anticapitalism": 0.6314206410966099,
  "baseThirst": 0.1593145308672559,
  "bat": "",
  "buoyancy": 0.938213750355772,
  "chasiness": 0.7103742854362252,
  "cinnamon": 0.3751048755164448,
  "coldness": 0.07769644188668967,
  "continuation": 0.07659200288934742,
  "deceased": false,
  "divinity": 0.9941396458730356,
  "fate": 41,
  "groundFriction": 0.2605401811139616,
  "indulgence": 0.5494767266862037,
  "laserlikeness": 0.09736403824835116,
  "martyrdom": 0.405528065228121,
  "moxie": 0.44833092099098026,
  "musclitude": 0.32059262630379926,
  "name": "Fitzgerald Blackburn",
  "omniscience": 0.2860972217569513,
  "overpowerment": 0.6133636298747034,
  "patheticism": 0.9884497306318896,
  "peanutAllergy": false,
  "pressurization": 0.09242999732426482,
  "ruthlessness": 0.6457332575956718,
  "shakespearianism": 0.3758850361395816,
  "soul": 4,
  "suppression": 0.4301733008692714,
  "tenaciousness": 0.8826837602619726,
  "thwackability": 0.2731537179024628,
  "totalFingers": 10,
  "tragicness": 0.1,
  "unthwackability": 0.5138220254666948,
  "watchfulness": 0.4904886285562997
}