{
  "anticapitalism": 0.9233496631095688,
  "armor": "",
  "baseThirst": 0.4608644062751545,
  "baserunningRating": 0,
  "bat": "",
  "blood": 7,
  "buoyancy": 1.3733363774406215,
  "chasiness": 1.0030150934890951,
  "cinnamon": 0.43837851090687335,
  "coffee": 6,
  "coldness": 0.41103640684928267,
  "continuation": 0.388166853855096,
  "deceased": false,
  "defenseRating": 0,
  "divinity": 1.4548269721148588,
  "fate": 41,
  "gameAttr": [],
  "groundFriction": 0.5756682711338208,
  "hitStreak": 0,
  "hittingRating": 0,
  "id": "8ecea7e0-b1fb-4b74-8c8c-3271cb54f659",
  "indulgence": 0.8657173415848677,
  "laserlikeness": 0.3782485834351689,
  "martyrdom": 0.8710623854103536,
  "moxie": 0.8938762994312609,
  "musclitude": 0.7551895116429447,
  "name": "Fitzgerald Blackburn",
  "omniscience": 0.5815023463013088,
  "overpowerment": 0.982413397375642,
  "patheticism": 0.5212072264348405,
  "peanutAllergy": false,
  "permAttr": [],
  "pitchingRating": 0,
  "pressurization": 0.16242999732426483,
  "ritual": "Showtunes",
  "ruthlessness": 0.980478960093874,
  "seasAttr": [],
  "shakespearianism": 0.7383504455427701,
  "soul": 4,
  "suppression": 0.7750654677302978,
  "tenaciousness": 1.201841983738389,
  "thwackability": 0.7190488425989006,
  "totalFingers": 14,
  "tragicness": 0.1,
  "unthwackability": 0.8490774179802056,
  "watchfulness": 0.792124909913485,
  "weekAttr": []
}