{
  "anticapitalism": 0.6392350326070779,
  "baseThirst": 0.7031071904783763,
  "baserunningRating": 0.5380496737090263,
  "blood": 7,
  "buoyancy": 0.7743640330089583,
  "chasiness": 1.003210908033513,
  "cinnamon": 0.994673790804804,
  "coffee": 1,
  "coldness": 0.7628209579814607,
  "continuation": 0.3955185673173054,
  "deceased": false,
  "defenseRating": 0.821179486023785,
  "divinity": 0.8917646580077729,
  "eDensity": 25.585537110183143,
  "evolution": 0,
  "fate": 68,
  "gameAttr": [],
  "groundFriction": 0.08777323786012789,
  "hitStreak": 0,
  "hittingRating": 0.4229618159120472,
  "id": "8f11ad58-e0b9-465c-9442-f46991274557",
  "indulgence": 0.5318963604903488,
  "itemAttr": [],
  "items": [
    {
      "baserunningRating": 0,
      "defenseRating": 0,
      "durability": 1,
      "forger": null,
      "forgerName": null,
      "health": 1,
      "hittingRating": 0.024441634769731768,
      "id": "dacabc54-a5cc-4bb7-ad41-05f50500c223",
      "name": "Necklace",
      "pitchingRating": 0,
      "postPrefix": null,
      "prePrefix": null,
      "prefixes": null,
      "root": {
        "adjustments": [
          {
            "stat": 3,
            "type": 1,
            "value": 0.11916897615766514
          }
        ],
        "name": "Necklace"
      },
      "suffix": null
    }
  ],
  "laserlikeness": 0.6901909081730968,
  "leagueTeamId": "eb67ae5e-c4bf-46ca-bbbc-425cd34182ff",
  "martyrdom": 0.11193824118519231,
  "moxie": 0.1068786932684078,
  "musclitude": 0.927406121044286,
  "name": "Amos Melon",
  "omniscience": 0.5904592844850816,
  "overpowerment": 0.8242770157199242,
  "patheticism": 0.2755621940179509,
  "peanutAllergy": false,
  "permAttr": [],
  "pitchingRating": 0.730028611524162,
  "pressurization": 0.9519353864051414,
  "ritual": "Eating grass",
  "ruthlessness": 0.5022065963672633,
  "seasAttr": [],
  "shakespearianism": 0.973487189802849,
  "soul": 4,
  "state": {},
  "suppression": 0.5779324648880486,
  "tenaciousness": 0.9377944988521214,
  "thwackability": 0.18741243373511504,
  "totalFingers": 10,
  "tournamentTeamId": null,
  "tragicness": 0.1,
  "unthwackability": 0.9985382294684138,
  "watchfulness": 0.7091413823626382,
  "weekAttr": []
}