{
  "anticapitalism": 0.117666158497004,
  "armor": "",
  "baseThirst": 0.5841531496895949,
  "baserunningRating": 0.4753557606985397,
  "bat": "",
  "blood": 1,
  "buoyancy": 0.13237925169990983,
  "chasiness": 0.512049026670091,
  "cinnamon": 0.9089792859926862,
  "coffee": 5,
  "coldness": 0.6910413627755061,
  "continuation": 0.15283701245500048,
  "deceased": false,
  "defenseRating": 0.43238901514967215,
  "divinity": 0.43955600881123535,
  "eDensity": 30.69000972803,
  "evolution": 0,
  "fate": 38,
  "gameAttr": [],
  "groundFriction": 0.009878931402450553,
  "hitStreak": 0,
  "hittingRating": 0.6401127640921378,
  "id": "8f357c9c-521a-4062-a771-2e547746a164",
  "indulgence": 0.989217739833194,
  "laserlikeness": 0.924455684031148,
  "leagueTeamId": "c73b705c-40ad-4633-a6ed-d357ee2e2bcf",
  "martyrdom": 0.5788929826507394,
  "moxie": 0.7091784808532071,
  "musclitude": 0.9812869123415626,
  "name": "Kit Honey",
  "omniscience": 0.7684167185086532,
  "overpowerment": 0.2547686474237587,
  "patheticism": 0.4864872653143408,
  "peanutAllergy": true,
  "permAttr": [],
  "pitchingRating": 0.2650009926353643,
  "pressurization": 0.5104564575739448,
  "ritual": "Fighting",
  "ruthlessness": 0.1419466536144096,
  "seasAttr": [],
  "shakespearianism": 0.35853458553503836,
  "soul": 9,
  "state": {},
  "suppression": 0.0459540525268487,
  "tenaciousness": 0.2964099249831944,
  "thwackability": 0.7823387335844434,
  "totalFingers": 10,
  "tournamentTeamId": null,
  "tragicness": 0.1,
  "unthwackability": 0.631058566982438,
  "watchfulness": 0.07308097085178078,
  "weekAttr": []
}