{
  "anticapitalism": 0.251383095099306,
  "baseThirst": 0.7914861206778269,
  "baserunningRating": 0.375584512747859,
  "blood": 9,
  "buoyancy": 1.104717874221194,
  "chasiness": 0.6112399116935008,
  "cinnamon": 0.3538392087265827,
  "coffee": 2,
  "coldness": 1.0327488635246762,
  "continuation": 0.35121215524702387,
  "deceased": false,
  "defenseRating": 0.37008798518297514,
  "divinity": 0.8382326730191755,
  "eDensity": 31.16869789322714,
  "evolution": 0,
  "fate": 35,
  "gameAttr": [],
  "groundFriction": 0.2895686397302656,
  "hitStreak": 0,
  "hittingRating": 0.8852751568769262,
  "id": "90768354-957e-4b4c-bb6d-eab6bbda0ba3",
  "indulgence": 0.2366787008080446,
  "itemAttr": [],
  "items": [
    {
      "baserunningRating": 0,
      "defenseRating": 0,
      "durability": 2,
      "forger": null,
      "forgerName": null,
      "health": 2,
      "hittingRating": 0.01170488080888754,
      "id": "fc59ce8b-9b08-4049-a990-a4174afd82f5",
      "name": "Inflatable Necklace",
      "pitchingRating": -0.011579912196247544,
      "postPrefix": null,
      "prePrefix": null,
      "prefixes": [
        {
          "adjustments": [
            {
              "stat": 1,
              "type": 1,
              "value": 0.2253335621444967
            },
            {
              "stat": 18,
              "type": 1,
              "value": -0.06228925211034911
            },
            {
              "stat": 6,
              "type": 1,
              "value": 0.10271223818480628
            }
          ],
          "name": "Inflatable"
        }
      ],
      "root": {
        "adjustments": [
          {
            "stat": 3,
            "type": 1,
            "value": 0.11571796579920736
          }
        ],
        "name": "Necklace"
      },
      "suffix": null
    }
  ],
  "laserlikeness": 0.31148034189307927,
  "leagueTeamId": "eb67ae5e-c4bf-46ca-bbbc-425cd34182ff",
  "martyrdom": 1.1843073356356104,
  "moxie": 0.4121412369870784,
  "musclitude": 0.37838181883120126,
  "name": "Eugenia Garbage",
  "omniscience": 0.06646621909086135,
  "overpowerment": 0.6899701513120295,
  "patheticism": 0.001,
  "peanutAllergy": false,
  "permAttr": [],
  "pitchingRating": 0.8217234727961171,
  "pressurization": 0.49077389948719286,
  "ritual": "Kissing up to ownership",
  "ruthlessness": 0.9957352631826504,
  "seasAttr": [],
  "shakespearianism": 0.7810719645979081,
  "soul": 7,
  "state": {},
  "suppression": 0.5959362816499624,
  "tenaciousness": 1.024260205523409,
  "thwackability": 1.2423405373329628,
  "totalFingers": 10,
  "tournamentTeamId": "9e42c12a-7561-42a2-b2d0-7cf81a817a5e",
  "tragicness": 0.001,
  "unthwackability": 0.7944182975528054,
  "watchfulness": 0.06768299028309699,
  "weekAttr": []
}