{
  "anticapitalism": 0.6070606296393118,
  "baseThirst": 1.551000636624711,
  "baserunningRating": 1.0384099391275827,
  "blood": 8,
  "buoyancy": 0.3313421787031362,
  "chasiness": 1.2160805313138856,
  "cinnamon": 0.5151285367283283,
  "coffee": 8,
  "coldness": 0.9192853984947874,
  "continuation": 1.022088198040897,
  "deceased": false,
  "defenseRating": 0.963021109359207,
  "divinity": 0.9785643082395016,
  "eDensity": 28.98165784243294,
  "evolution": 1,
  "fate": 82,
  "gameAttr": [
    "TIRED"
  ],
  "groundFriction": 1.0429847079073848,
  "hitStreak": 0,
  "hittingRating": 0.7480975503525489,
  "id": "90c2cec7-0ed5-426a-9de8-754f34d59b39",
  "indulgence": 1.414625547413696,
  "itemAttr": [],
  "items": [
    {
      "baserunningRating": 0,
      "defenseRating": 0,
      "durability": 1,
      "forger": null,
      "forgerName": null,
      "health": 0,
      "hittingRating": 0.07082314519733135,
      "id": "561db603-f7cd-4416-8e3b-2203cbc7741c",
      "name": "Bat",
      "pitchingRating": 0,
      "postPrefix": null,
      "prePrefix": null,
      "prefixes": null,
      "root": {
        "adjustments": [
          {
            "stat": 2,
            "type": 1,
            "value": 0.13329332768405
          }
        ],
        "name": "Bat"
      },
      "suffix": null
    }
  ],
  "laserlikeness": 0.9097744063273208,
  "leagueTeamId": "8d87c468-699a-47a8-b40d-cfb73a5660ad",
  "martyrdom": 0.4249837686866689,
  "moxie": 1.1207754225425914,
  "musclitude": 1.1075657920720885,
  "name": "Tot Fox",
  "omniscience": 0.6842156070388938,
  "overpowerment": 0.3898549168928418,
  "patheticism": 0.07297530128818258,
  "peanutAllergy": false,
  "permAttr": [
    "FLINCH"
  ],
  "pitchingRating": 0.8192796643653674,
  "pressurization": 0.1967169760847065,
  "ritual": "Smoke Cleansing",
  "ruthlessness": 0.5919525880517638,
  "seasAttr": [],
  "shakespearianism": 1.1262703878953348,
  "soul": 2,
  "state": {},
  "suppression": 0.4796881707942455,
  "tenaciousness": 1.2399315538408378,
  "thwackability": 0.45198282321606054,
  "totalFingers": 11,
  "tournamentTeamId": null,
  "tragicness": 0.001,
  "unthwackability": 1.3281981025213203,
  "watchfulness": 1.2911666169713034,
  "weekAttr": []
}