{
  "anticapitalism": 0.3808756778681502,
  "armor": "",
  "baseThirst": 1.440176284312083,
  "baserunningRating": 0.8717580020023629,
  "bat": "",
  "blood": 8,
  "buoyancy": 0.08793527783680387,
  "chasiness": 1.0350271397464244,
  "cinnamon": 0.29046814553738776,
  "coffee": 8,
  "coldness": 0.7647970960348434,
  "continuation": 0.8240385046949962,
  "deceased": false,
  "defenseRating": 0.7764067409404738,
  "divinity": 0.7810010039868047,
  "eDensity": 22.961659416483656,
  "evolution": 1,
  "fate": 82,
  "gameAttr": [],
  "groundFriction": 0.8437008146006438,
  "hitStreak": 0,
  "hittingRating": 0.5502052734663548,
  "id": "90c2cec7-0ed5-426a-9de8-754f34d59b39",
  "indulgence": 1.317271481222893,
  "laserlikeness": 0.7190291566346767,
  "leagueTeamId": "8d87c468-699a-47a8-b40d-cfb73a5660ad",
  "martyrdom": 0.1953582458490345,
  "moxie": 0.8633796474552939,
  "musclitude": 0.928310887529034,
  "name": "Tot Fox",
  "omniscience": 0.4520656592097848,
  "overpowerment": 0.1487657164401761,
  "patheticism": 0.26657445087273896,
  "peanutAllergy": false,
  "permAttr": [
    "FLINCH",
    "ELSEWHERE"
  ],
  "pitchingRating": 0.5104384716599021,
  "pressurization": 0.1967169760847065,
  "ritual": "Smoke Cleansing",
  "ruthlessness": 0.37379036301374313,
  "seasAttr": [],
  "shakespearianism": 0.8745634162411235,
  "soul": 2,
  "state": {
    "elsewhere": {
      "day": 85,
      "season": 13
    }
  },
  "suppression": 0.2133898522052033,
  "tenaciousness": 0.9422307839939376,
  "thwackability": 0.2797873835036456,
  "totalFingers": 11,
  "tournamentTeamId": null,
  "tragicness": 0.03832872624086571,
  "unthwackability": 1.055596371761509,
  "watchfulness": 1.1128596156482904,
  "weekAttr": []
}