{
  "anticapitalism": 0.7781891249212823,
  "baseThirst": 0.8858676261726838,
  "baserunningRating": 0.5842524614937241,
  "blood": 12,
  "buoyancy": 0.7387734488690362,
  "chasiness": 0.9744475459949704,
  "cinnamon": 0.5039395605455211,
  "coffee": 12,
  "coldness": 1.0034983025557664,
  "continuation": 0.3721981768161996,
  "deceased": false,
  "defenseRating": 0.6080987860666593,
  "divinity": 0.938086905430696,
  "eDensity": 22.54926068481519,
  "evolution": 1,
  "fate": 75,
  "gameAttr": [],
  "groundFriction": 0.21160327393501804,
  "hitStreak": 0,
  "hittingRating": 0.7887760163910154,
  "id": "91f5298e-a2ec-4f54-a541-1818702d1b6d",
  "indulgence": 0.34055004558683677,
  "itemAttr": [],
  "items": [],
  "laserlikeness": 0.721160318719098,
  "leagueTeamId": "d9f89a8a-c563-493e-9d64-78e4f9a55d4a",
  "martyrdom": 0.159258810979103,
  "moxie": 0.5593958397518464,
  "musclitude": 0.5636517803073118,
  "name": "Mint Shupe",
  "omniscience": 0.2268914211028097,
  "overpowerment": 0.4581501404720049,
  "patheticism": 0.37605727470665495,
  "peanutAllergy": true,
  "permAttr": [],
  "pitchingRating": 0.3830528338793426,
  "pressurization": 0.05991269912827568,
  "ritual": "Maniacal laughter",
  "ruthlessness": 0.5801078900281564,
  "seasAttr": [],
  "shakespearianism": 0.4064842055374938,
  "soul": 3,
  "state": {},
  "suppression": 0.7031827200489275,
  "tenaciousness": 0.4591246240562409,
  "thwackability": 0.8703406560221799,
  "totalFingers": 10,
  "tournamentTeamId": null,
  "tragicness": 0.8563415446438253,
  "unthwackability": 0.34318115147093786,
  "watchfulness": 0.840234324269138,
  "weekAttr": []
}