{
  "anticapitalism": 0.8185383698952999,
  "armor": "",
  "baseThirst": 0.9034105602375588,
  "baserunningRating": 0.4487050402998167,
  "bat": "",
  "blood": 12,
  "buoyancy": 0.7347962132307737,
  "chasiness": 0.982218026203758,
  "cinnamon": 0.3261136595838743,
  "coffee": 12,
  "coldness": 0.9217191945307774,
  "continuation": 0.3561376243304111,
  "deceased": false,
  "defenseRating": 0.6283945826748975,
  "divinity": 0.95259328103357,
  "eDensity": 0,
  "evolution": 1,
  "fate": 75,
  "gameAttr": [],
  "groundFriction": 0.01744369452655614,
  "hitStreak": 0,
  "hittingRating": 0.7822556857101896,
  "id": "91f5298e-a2ec-4f54-a541-1818702d1b6d",
  "indulgence": 0.3434799950091816,
  "laserlikeness": 0.702931989299064,
  "leagueTeamId": "d9f89a8a-c563-493e-9d64-78e4f9a55d4a",
  "martyrdom": 0.056386472036633384,
  "moxie": 0.555905960666786,
  "musclitude": 0.5558030548779149,
  "name": "Mint Shupe",
  "omniscience": 0.23613645172656897,
  "overpowerment": 0.41934904853662536,
  "patheticism": 0.3391788207235207,
  "peanutAllergy": true,
  "permAttr": [],
  "pitchingRating": 0.3058725764300585,
  "pressurization": 0.05991269912827568,
  "ritual": "Maniacal laughter",
  "ruthlessness": 0.46848463604945456,
  "seasAttr": [],
  "shakespearianism": 0.3144950567570217,
  "soul": 3,
  "state": {},
  "suppression": 0.6313216761665139,
  "tenaciousness": 0.507412885534009,
  "thwackability": 0.889222282484891,
  "totalFingers": 10,
  "tournamentTeamId": null,
  "tragicness": 0.8796180154597524,
  "unthwackability": 0.2818379072597035,
  "watchfulness": 0.8318180336589756,
  "weekAttr": []
}