{
  "anticapitalism": 0.7272583880014685,
  "armor": "",
  "baseThirst": 0.8361402731783047,
  "baserunningRating": 0.5025326040475548,
  "bat": "",
  "blood": 12,
  "buoyancy": 0.6590475720250148,
  "chasiness": 0.9174620886663316,
  "cinnamon": 0.4387040946739742,
  "coffee": 12,
  "coldness": 0.951151259798628,
  "continuation": 0.30313125858630147,
  "deceased": false,
  "defenseRating": 0.5348960733512853,
  "divinity": 0.8769154172956456,
  "eDensity": 20.571348783433265,
  "evolution": 1,
  "fate": 75,
  "gameAttr": [],
  "groundFriction": 0.13348635115256957,
  "hitStreak": 0,
  "hittingRating": 0.7199309425058537,
  "id": "91f5298e-a2ec-4f54-a541-1818702d1b6d",
  "indulgence": 0.2669662966668999,
  "laserlikeness": 0.6473927848420085,
  "leagueTeamId": "d9f89a8a-c563-493e-9d64-78e4f9a55d4a",
  "martyrdom": 0.11222439650948578,
  "moxie": 0.49241884593963886,
  "musclitude": 0.4925465007426078,
  "name": "Mint Shupe",
  "omniscience": 0.150526271961976,
  "overpowerment": 0.4178967710709016,
  "patheticism": 0.427500575127391,
  "peanutAllergy": true,
  "permAttr": [],
  "pitchingRating": 0.32426163487148674,
  "pressurization": 0.05991269912827568,
  "ritual": "Maniacal laughter",
  "ruthlessness": 0.5012759946225228,
  "seasAttr": [],
  "shakespearianism": 0.327708118644246,
  "soul": 3,
  "state": {},
  "suppression": 0.6279933753586143,
  "tenaciousness": 0.4056893194209442,
  "thwackability": 0.7919806988628791,
  "totalFingers": 10,
  "tournamentTeamId": null,
  "tragicness": 0.9009990727676472,
  "unthwackability": 0.2974397352991183,
  "watchfulness": 0.7705582445064275,
  "weekAttr": []
}