{
  "anticapitalism": 0.6185383698953,
  "armor": "",
  "baseThirst": 0.7034105602375589,
  "baserunningRating": 0.2346958500951568,
  "bat": "",
  "blood": 12,
  "buoyancy": 0.5347962132307738,
  "chasiness": 0.7822180262037581,
  "cinnamon": 0.3261136595838743,
  "coffee": 12,
  "coldness": 0.8217191945307776,
  "continuation": 0.15613762433041106,
  "deceased": false,
  "defenseRating": 0.3611288318791026,
  "divinity": 0.75259328103357,
  "eDensity": 21.156595195804737,
  "evolution": 1,
  "fate": 75,
  "gameAttr": [],
  "groundFriction": 0.001,
  "hitStreak": 0,
  "hittingRating": 0.5322177662270215,
  "id": "91f5298e-a2ec-4f54-a541-1818702d1b6d",
  "indulgence": 0.14347999500918157,
  "laserlikeness": 0.502931989299064,
  "leagueTeamId": "d9f89a8a-c563-493e-9d64-78e4f9a55d4a",
  "martyrdom": 0.001,
  "moxie": 0.355905960666786,
  "musclitude": 0.3558030548779149,
  "name": "Mint Shupe",
  "omniscience": 0.03613645172656893,
  "overpowerment": 0.31934904853662544,
  "patheticism": 0.5391788207235206,
  "peanutAllergy": true,
  "permAttr": [],
  "pitchingRating": 0.20561728705565116,
  "pressurization": 0.05991269912827568,
  "ritual": "Maniacal laughter",
  "ruthlessness": 0.36848463604945464,
  "seasAttr": [],
  "shakespearianism": 0.21449505675702177,
  "soul": 3,
  "state": {},
  "suppression": 0.5313216761665139,
  "tenaciousness": 0.307412885534009,
  "thwackability": 0.689222282484891,
  "totalFingers": 10,
  "tournamentTeamId": null,
  "tragicness": 0.999,
  "unthwackability": 0.1818379072597035,
  "watchfulness": 0.6318180336589756,
  "weekAttr": []
}