{
  "anticapitalism": 0.6203820165832463,
  "baseThirst": 1.0990926887706274,
  "baserunningRating": 0.5924394566416625,
  "blood": 5,
  "buoyancy": 0.5238655968846091,
  "chasiness": 1.2213702754201967,
  "cinnamon": 0.4087906877841383,
  "coffee": 12,
  "coldness": 1.1473966273809293,
  "continuation": 0.3748143056052683,
  "deceased": false,
  "defenseRating": 0.815929031715077,
  "divinity": 0.631318875713335,
  "eDensity": 38.446060994453454,
  "evolution": 1,
  "fate": 0,
  "gameAttr": [],
  "groundFriction": 0.6459655940337321,
  "hitStreak": 0,
  "hittingRating": 0.755067865752555,
  "id": "924de86d-260b-495b-80e1-57af5767703c",
  "indulgence": 1.1340746956727394,
  "items": [],
  "laserlikeness": 0.44601313114541385,
  "leagueTeamId": "bb4a9de5-c924-4923-a0cb-9d1445f1ee5d",
  "martyrdom": 0.7199069734932435,
  "moxie": 0.9330280280824812,
  "musclitude": 0.6738637630905217,
  "name": "Patchwork Southwick",
  "omniscience": 1.027449135511057,
  "overpowerment": 1.1502772922174176,
  "patheticism": 0.001,
  "peanutAllergy": false,
  "permAttr": [],
  "pitchingRating": 0.7574295022411991,
  "pressurization": 0.23063977451941353,
  "ritual": "Blacking out",
  "ruthlessness": 0.4933770804818297,
  "seasAttr": [],
  "shakespearianism": 0.2860092644745657,
  "soul": 9,
  "state": {},
  "suppression": 0.6905216024825425,
  "tenaciousness": 0.4177105487769145,
  "thwackability": 0.7996357408261404,
  "totalFingers": 11,
  "tournamentTeamId": null,
  "tragicness": 0.027737282508957753,
  "unthwackability": 1.2349199167999283,
  "watchfulness": 0.9370133241935932,
  "weekAttr": []
}