{
  "anticapitalism": 0.5803820165832463,
  "armor": "",
  "baseThirst": 1.0990926887706274,
  "baserunningRating": 0.5924394566416625,
  "bat": "",
  "blood": 5,
  "buoyancy": 0.5238655968846091,
  "chasiness": 1.181370275420197,
  "cinnamon": 0.4087906877841383,
  "coffee": 12,
  "coldness": 1.1073966273809293,
  "continuation": 0.3748143056052683,
  "deceased": false,
  "defenseRating": 0.7820322400646319,
  "divinity": 0.631318875713335,
  "eDensity": 37.842703725070365,
  "evolution": 1,
  "fate": 0,
  "gameAttr": [],
  "groundFriction": 0.6459655940337321,
  "hitStreak": 0,
  "hittingRating": 0.755067865752555,
  "id": "924de86d-260b-495b-80e1-57af5767703c",
  "indulgence": 1.1340746956727394,
  "laserlikeness": 0.44601313114541385,
  "leagueTeamId": "bb4a9de5-c924-4923-a0cb-9d1445f1ee5d",
  "martyrdom": 0.7199069734932435,
  "moxie": 0.9330280280824812,
  "musclitude": 0.6738637630905217,
  "name": "Patchwork Southwick",
  "omniscience": 0.9874491355110574,
  "overpowerment": 1.1102772922174176,
  "patheticism": 0.001,
  "peanutAllergy": false,
  "permAttr": [],
  "pitchingRating": 0.7051323982654883,
  "pressurization": 0.23063977451941353,
  "ritual": "Blacking out",
  "ruthlessness": 0.4533770804818298,
  "seasAttr": [],
  "shakespearianism": 0.2460092644745657,
  "soul": 9,
  "state": {},
  "suppression": 0.6505216024825424,
  "tenaciousness": 0.3777105487769145,
  "thwackability": 0.7996357408261404,
  "totalFingers": 10,
  "tournamentTeamId": null,
  "tragicness": 0.027737282508957753,
  "unthwackability": 1.1949199167999285,
  "watchfulness": 0.897013324193593,
  "weekAttr": []
}