{
  "anticapitalism": 0.616287585937847,
  "baseThirst": 1.130636677196797,
  "baserunningRating": 0.6272582960927795,
  "blood": 5,
  "buoyancy": 0.5570537866268727,
  "chasiness": 1.1650619400645414,
  "cinnamon": 0.4488430797380707,
  "coffee": 12,
  "coldness": 1.3881002127963098,
  "continuation": 0.4112881751793111,
  "deceased": false,
  "defenseRating": 0.8023217288353307,
  "divinity": 0.6675581936975705,
  "eDensity": 40.89164269542931,
  "evolution": 1,
  "fate": 0,
  "gameAttr": [],
  "groundFriction": 0.6913639770755089,
  "hitStreak": 0,
  "hittingRating": 0.778397839212405,
  "id": "924de86d-260b-495b-80e1-57af5767703c",
  "indulgence": 1.1654444426548598,
  "itemAttr": [],
  "items": [
    {
      "baserunningRating": 0,
      "defenseRating": 0,
      "durability": 1,
      "forger": null,
      "forgerName": null,
      "health": 0,
      "hittingRating": 0.04685101001022973,
      "id": "c5825c6a-2ed9-41db-9429-366ce6bda908",
      "name": "Bat",
      "pitchingRating": 0,
      "postPrefix": null,
      "prePrefix": null,
      "prefixes": null,
      "root": {
        "adjustments": [
          {
            "stat": 2,
            "type": 1,
            "value": 0.14725729684058714
          }
        ],
        "name": "Bat"
      },
      "suffix": null
    }
  ],
  "laserlikeness": 0.4788056922567853,
  "leagueTeamId": "bb4a9de5-c924-4923-a0cb-9d1445f1ee5d",
  "martyrdom": 0.7541548257743302,
  "moxie": 0.9614140052719968,
  "musclitude": 0.7010920790852007,
  "name": "Patchwork Southwick",
  "omniscience": 1.00821528586097,
  "overpowerment": 1.346364357715811,
  "patheticism": 0.001,
  "peanutAllergy": false,
  "permAttr": [
    "TRIPLE_THREAT"
  ],
  "pitchingRating": 1.062256806635101,
  "pressurization": 0.23063977451941353,
  "ritual": "Blacking out",
  "ruthlessness": 0.6971519507324662,
  "seasAttr": [],
  "shakespearianism": 0.5264875986860289,
  "soul": 9,
  "state": {},
  "suppression": 0.9707417249345436,
  "tenaciousness": 0.4041478132396753,
  "thwackability": 0.8102417747023708,
  "totalFingers": 11,
  "tournamentTeamId": null,
  "tragicness": 0.014536031270376568,
  "unthwackability": 1.540457197268044,
  "watchfulness": 0.927184333154336,
  "weekAttr": []
}