{
  "anticapitalism": 0.5541461698973226,
  "armor": "",
  "baseThirst": 1.0733433524924356,
  "baserunningRating": 0.5507966638805785,
  "bat": "",
  "blood": 5,
  "buoyancy": 0.4935889724246722,
  "chasiness": 1.1391525053594542,
  "cinnamon": 0.37839707644556425,
  "coffee": 12,
  "coldness": 1.0889789239690733,
  "continuation": 0.33384922829386054,
  "deceased": false,
  "defenseRating": 0.760301943324928,
  "divinity": 0.6200007636587885,
  "eDensity": 36.920034931395286,
  "evolution": 1,
  "fate": 0,
  "gameAttr": [],
  "groundFriction": 0.603491756869799,
  "hitStreak": 0,
  "hittingRating": 0.7334611850547705,
  "id": "924de86d-260b-495b-80e1-57af5767703c",
  "indulgence": 1.119196536679622,
  "laserlikeness": 0.40291111907390514,
  "leagueTeamId": "bb4a9de5-c924-4923-a0cb-9d1445f1ee5d",
  "martyrdom": 0.6814927028063283,
  "moxie": 0.8976683656885055,
  "musclitude": 0.6362174069623321,
  "name": "Patchwork Southwick",
  "omniscience": 0.944048282361533,
  "overpowerment": 1.0624270451830973,
  "patheticism": 0.001,
  "peanutAllergy": false,
  "permAttr": [],
  "pitchingRating": 0.6583023407961927,
  "pressurization": 0.23063977451941353,
  "ritual": "Blacking out",
  "ruthlessness": 0.41776363238242,
  "seasAttr": [],
  "shakespearianism": 0.22425168616678695,
  "soul": 9,
  "state": {},
  "suppression": 0.6191931482123691,
  "tenaciousness": 0.36582588166791274,
  "thwackability": 0.7683519578526123,
  "totalFingers": 10,
  "tournamentTeamId": null,
  "tragicness": 0.06842510158477252,
  "unthwackability": 1.1487312659955284,
  "watchfulness": 0.8572698129714396,
  "weekAttr": []
}