{
  "anticapitalism": 0.9125231441394436,
  "armor": "",
  "baseThirst": 0.4512934587828754,
  "baserunningRating": 0.7178033829367702,
  "bat": "",
  "blood": 0,
  "buoyancy": 0.2461422020476901,
  "chasiness": 0.9389397742536358,
  "cinnamon": 0.6298919738455333,
  "coffee": 0,
  "coldness": 1.019578294614494,
  "continuation": 0.27315195265472936,
  "deceased": false,
  "defenseRating": 0.7980853287454085,
  "divinity": 1.0776578129446297,
  "fate": 33,
  "gameAttr": [],
  "groundFriction": 0.24217480530584623,
  "hitStreak": 0,
  "hittingRating": 0.8879203672646119,
  "id": "92ff8e42-dcca-4a94-a83d-24d2900b811a",
  "indulgence": 0.784144785723613,
  "laserlikeness": 1.0917753592628046,
  "leagueTeamId": null,
  "martyrdom": 0.4773574418883373,
  "moxie": 0.44119662990711506,
  "musclitude": 0.9725792203643276,
  "name": "Nebula Holstein",
  "omniscience": 0.5752962520715263,
  "overpowerment": 0.5655210527058923,
  "patheticism": 0.01,
  "peanutAllergy": false,
  "permAttr": [
    "TRIPLE_THREAT"
  ],
  "pitchingRating": 0.32580768962667006,
  "pressurization": 0.7580195419993145,
  "ritual": "Burning an effigy",
  "ruthlessness": 0.2469965570193472,
  "seasAttr": [],
  "shakespearianism": 1.0724158051656607,
  "soul": 7,
  "suppression": 0.27742087492059786,
  "tenaciousness": 1.1921208340890317,
  "thwackability": 0.8366253458543942,
  "totalFingers": 31,
  "tournamentTeamId": "d2634113-b650-47b9-ad95-673f8e28e687",
  "tragicness": 0.32088525747237284,
  "unthwackability": 0.3797883489294984,
  "watchfulness": 0.2601285392040341,
  "weekAttr": []
}