{
  "anticapitalism": 0.12954408733892286,
  "armor": "",
  "baseThirst": 0.16584510947815767,
  "bat": "",
  "blood": 1,
  "buoyancy": 0.30873264635118014,
  "chasiness": 0.5697769622779616,
  "cinnamon": 0.975700154701783,
  "coffee": 5,
  "coldness": 0.033444951913998544,
  "continuation": 0.8728098026515261,
  "deceased": false,
  "divinity": 0.0646932932438462,
  "fate": 95,
  "groundFriction": 0.6657317569606163,
  "id": "9313e41c-3bf7-436d-8bdc-013d3a1ecdeb",
  "indulgence": 0.11998503453378008,
  "laserlikeness": 0.24266461813158055,
  "martyrdom": 0.18773090177342944,
  "moxie": 0.23719198462739224,
  "musclitude": 0.7956780081271662,
  "name": "Sandie Nelson",
  "omniscience": 0.9868602913432244,
  "overpowerment": 0.8365694498404037,
  "patheticism": 0.975724240564291,
  "peanutAllergy": true,
  "pressurization": 0.9733596192007408,
  "ritual": "Feeding the bugs",
  "ruthlessness": 0.03147516709598874,
  "shakespearianism": 0.6740186670458004,
  "soul": 8,
  "suppression": 0.4240176963766924,
  "tenaciousness": 0.5854815697789864,
  "thwackability": 0.5052358614952632,
  "totalFingers": 10,
  "tragicness": 0.1,
  "unthwackability": 0.950501823485686,
  "watchfulness": 0.1466508269261524
}