{
  "anticapitalism": 1,
  "armor": "",
  "baseThirst": 0.8471322340409233,
  "bat": "",
  "blood": 9,
  "buoyancy": 0.21150825351514313,
  "chasiness": 0.8251042098544901,
  "cinnamon": 0.2083692896119325,
  "coffee": 11,
  "coldness": 0.9828238712541896,
  "continuation": 0.6318621665836575,
  "deceased": false,
  "divinity": 0.5691989648213407,
  "fate": 3,
  "gameAttr": [],
  "groundFriction": 0.04645413141999244,
  "id": "937c1a37-4b05-4dc5-a86d-d75226f8490a",
  "indulgence": 0.2483098011957514,
  "laserlikeness": 0.6743580411894219,
  "martyrdom": 0.5423572159036223,
  "moxie": 0.9766009148081648,
  "musclitude": 0.215842886341866,
  "name": "Pippin Carpenter",
  "omniscience": 0.5601584336615268,
  "overpowerment": 0.5529476922542957,
  "patheticism": 0.8230486457568762,
  "peanutAllergy": true,
  "permAttr": [],
  "pressurization": 0.6345400083398436,
  "ritual": "Hanging",
  "ruthlessness": 0.5252784418102894,
  "seasAttr": [],
  "shakespearianism": 0.02469958999020294,
  "soul": 2,
  "suppression": 0.8231931282036926,
  "tenaciousness": 0.9394803017492968,
  "thwackability": 0.5892968112322263,
  "totalFingers": 10,
  "tragicness": 0.1,
  "unthwackability": 0.0987407926750692,
  "watchfulness": 0.027694400839278543,
  "weekAttr": []
}