{
  "anticapitalism": 0.6276273651545582,
  "armor": "",
  "baseThirst": 0.7862133740212821,
  "bat": "",
  "blood": 7,
  "buoyancy": 0.10364350286593624,
  "chasiness": 0.8526744881459096,
  "cinnamon": 0.2105493124779536,
  "coffee": 5,
  "coldness": 0.7325526807246248,
  "continuation": 0.23758922546550584,
  "deceased": false,
  "divinity": 0.918268968119378,
  "fate": 9,
  "gameAttr": [],
  "groundFriction": 0.7924241580162588,
  "hitStreak": 0,
  "id": "9397ed91-608e-4b13-98ea-e94c795f651e",
  "indulgence": 0.17874486391832453,
  "laserlikeness": 0.6557101083665859,
  "martyrdom": 0.5372561133783339,
  "moxie": 0.804128362745893,
  "musclitude": 0.6023179087320261,
  "name": "Yeong-Ho Garcia",
  "omniscience": 0.5662666712241478,
  "overpowerment": 0.35311155170518016,
  "patheticism": 0.15162618570524547,
  "peanutAllergy": true,
  "permAttr": [
    "ALTERNATE"
  ],
  "pressurization": 0.929983952627068,
  "ritual": "Singing",
  "ruthlessness": 0.7390991502895843,
  "seasAttr": [],
  "shakespearianism": 0.2050176882829886,
  "soul": 2,
  "suppression": 0.6775850882247549,
  "tenaciousness": 0.6401175142497447,
  "thwackability": 0.19863390198626543,
  "totalFingers": 12,
  "tragicness": 0.1,
  "unthwackability": 0.3044009250676668,
  "watchfulness": 0.2876653370486106,
  "weekAttr": []
}