{
  "anticapitalism": 0.7312943528325184,
  "armor": "",
  "baseThirst": 0.9089121553233837,
  "baserunningRating": 0.6896051381443469,
  "bat": "",
  "blood": 6,
  "buoyancy": 0.25234131680242883,
  "chasiness": 0.9367549567762788,
  "cinnamon": 0.3095305726249118,
  "coffee": 5,
  "coldness": 0.760798909188042,
  "continuation": 0.3523839042953375,
  "deceased": false,
  "defenseRating": 0.7809745786887053,
  "divinity": 1.0591722645974395,
  "eDensity": 0,
  "evolution": 0,
  "fate": 9,
  "gameAttr": [],
  "groundFriction": 0.9085082515644396,
  "hitStreak": 0,
  "hittingRating": 0.6535260864174753,
  "id": "9397ed91-608e-4b13-98ea-e94c795f651e",
  "indulgence": 0.2882634062959107,
  "laserlikeness": 0.780673979814564,
  "leagueTeamId": "7966eb04-efcc-499b-8f03-d13916330531",
  "martyrdom": 0.6662891544084,
  "moxie": 0.9036383219999145,
  "musclitude": 0.7542853801355397,
  "name": "Yeong-Ho Garcia",
  "omniscience": 0.7035883100546467,
  "overpowerment": 0.38232879005130593,
  "patheticism": 0.030161018375360976,
  "peanutAllergy": true,
  "permAttr": [
    "ALTERNATE",
    "FRIEND_OF_CROWS"
  ],
  "pitchingRating": 0.3705284285250008,
  "pressurization": 0.929983952627068,
  "ritual": "Singing",
  "ruthlessness": 0.7356551279282674,
  "seasAttr": [],
  "shakespearianism": 0.228320991937362,
  "soul": 2,
  "state": {},
  "suppression": 0.6983261001937082,
  "tenaciousness": 0.7762932049780229,
  "thwackability": 0.31276184687213915,
  "totalFingers": 13,
  "tournamentTeamId": null,
  "tragicness": 0.02797213087409169,
  "unthwackability": 0.3190067646140903,
  "watchfulness": 0.413011320445698,
  "weekAttr": []
}