{
  "anticapitalism": 0.5585921381619874,
  "armor": "",
  "baseThirst": 0.7094822618581489,
  "baserunningRating": 0.6512229815847191,
  "bat": "",
  "blood": 0,
  "buoyancy": 0.03717529480287829,
  "chasiness": 0.2383832359314466,
  "cinnamon": 0.956296753209824,
  "coffee": 0,
  "coldness": 0.8712551161387607,
  "continuation": 0.23342939387726647,
  "deceased": false,
  "defenseRating": 0.6146585057175971,
  "divinity": 0.5389125956104155,
  "eDensity": 0,
  "evolution": 0,
  "fate": 42,
  "gameAttr": [],
  "groundFriction": 0.26332665989090853,
  "hitStreak": 0,
  "hittingRating": 0.35164899042190323,
  "id": "944d939e-68b8-4259-b9cd-46b4ac9789c7",
  "indulgence": 0.7531790400299498,
  "laserlikeness": 0.8397720357750289,
  "leagueTeamId": null,
  "martyrdom": 0.48378270901414,
  "moxie": 0.1351253353300066,
  "musclitude": 0.8747677153754447,
  "name": "Molly Tapedeck",
  "omniscience": 0.6832762255769416,
  "overpowerment": 0.6658102562731554,
  "patheticism": 0.1866158813951284,
  "peanutAllergy": true,
  "permAttr": [],
  "pitchingRating": 0.3349638832818335,
  "pressurization": 0.3200391391711135,
  "ritual": "Atomization",
  "ruthlessness": 0.4293140287621042,
  "seasAttr": [],
  "shakespearianism": 0.44740897722661743,
  "soul": 4,
  "state": {},
  "suppression": 0.2161007868622724,
  "tenaciousness": 0.759805203208652,
  "thwackability": 0.1627191344884893,
  "totalFingers": 10,
  "tournamentTeamId": null,
  "tragicness": 0.5615265615216565,
  "unthwackability": 0.2948645421549285,
  "watchfulness": 0.21447233602195848,
  "weekAttr": []
}