{
  "anticapitalism": 0.30311415614073933,
  "armor": "",
  "baseThirst": 0.32809665210041916,
  "baserunningRating": 0.4172247870176255,
  "bat": "",
  "blood": 9,
  "buoyancy": 0.8194780216008366,
  "chasiness": 0.4311235495121477,
  "cinnamon": 0.853763656882685,
  "coffee": 4,
  "coldness": 0.04067630107044648,
  "continuation": 0.3930100741491769,
  "deceased": false,
  "defenseRating": 0.6080237522013596,
  "divinity": 0.8152474669959338,
  "eDensity": 32.48246621048013,
  "evolution": 0,
  "fate": 8,
  "gameAttr": [],
  "groundFriction": 0.10481254961287688,
  "hitStreak": 0,
  "hittingRating": 0.5415135233521227,
  "id": "945974c5-17d9-43e7-92f6-ba49064bbc59",
  "indulgence": 0.3613044435793265,
  "laserlikeness": 0.5046633767081108,
  "leagueTeamId": "7966eb04-efcc-499b-8f03-d13916330531",
  "martyrdom": 0.40981002452825765,
  "moxie": 0.7589475319980716,
  "musclitude": 0.1410762879087821,
  "name": "Bates Silk",
  "omniscience": 0.8516581997935999,
  "overpowerment": 1.014352650197384,
  "patheticism": 0.4217160238634081,
  "peanutAllergy": true,
  "permAttr": [],
  "pitchingRating": 0.5021616817831969,
  "pressurization": 0.14652186445774193,
  "ritual": "Inventing secret handshakes",
  "ruthlessness": 0.6781295063541359,
  "seasAttr": [],
  "shakespearianism": 0.27647215386111657,
  "soul": 9,
  "state": {},
  "suppression": 0.22599582024506268,
  "tenaciousness": 0.8173308352379325,
  "thwackability": 0.39169530651196816,
  "totalFingers": 10,
  "tournamentTeamId": null,
  "tragicness": 0.1,
  "unthwackability": 0.5199756239520401,
  "watchfulness": 0.10906139638340635,
  "weekAttr": []
}