{
  "anticapitalism": 0.8869858673074345,
  "armor": "",
  "baseThirst": 0.4347929668497166,
  "baserunningRating": 0.30806355732903185,
  "bat": "",
  "blood": 6,
  "buoyancy": 0.03656373141293032,
  "chasiness": 0.8313888384436576,
  "cinnamon": 0.03615951543248294,
  "coffee": 7,
  "coldness": 0.9255081550241238,
  "continuation": 0.8667397085263693,
  "deceased": false,
  "defenseRating": 0.7028499604821663,
  "divinity": 0.47230792328377946,
  "eDensity": 30.02781297302259,
  "evolution": 0,
  "fate": 70,
  "gameAttr": [],
  "groundFriction": 0.6836035352130794,
  "hitStreak": 0,
  "hittingRating": 0.47036080084278514,
  "id": "94844fad-9519-4c14-8ab3-d38606a7bb44",
  "indulgence": 0.9033749012232772,
  "laserlikeness": 0.1270316523917758,
  "leagueTeamId": "bfd38797-8404-4b38-8b82-341da28b1f83",
  "martyrdom": 0.14311842004350048,
  "moxie": 0.13148672820025828,
  "musclitude": 0.4807321248002334,
  "name": "Conditional Yuniesky",
  "omniscience": 0.2625071431067425,
  "overpowerment": 0.8684788318961572,
  "patheticism": 0.85739405640167,
  "peanutAllergy": false,
  "permAttr": [],
  "pitchingRating": 0.23698467749210167,
  "pressurization": 0.08517042817349349,
  "ritual": "Awaiting orders",
  "ruthlessness": 0.697942952875586,
  "seasAttr": [],
  "shakespearianism": 0.5049156775828019,
  "soul": 9,
  "state": {},
  "suppression": 0.23908610277269068,
  "tenaciousness": 0.8536935453715371,
  "thwackability": 0.6564915248719363,
  "totalFingers": 10,
  "tournamentTeamId": null,
  "tragicness": 0.1,
  "unthwackability": 0.08990711006697902,
  "watchfulness": 0.7943631896739347,
  "weekAttr": []
}