{
  "anticapitalism": 0.8569858673074344,
  "armor": "",
  "baseThirst": 0.40479296684971655,
  "bat": "",
  "blood": 6,
  "buoyancy": 0.006563731412930318,
  "chasiness": 0.8013888384436576,
  "cinnamon": 0.006159515432482943,
  "coffee": 7,
  "coldness": 0.8955081550241237,
  "continuation": 0.8367397085263693,
  "deceased": false,
  "divinity": 0.44230792328377944,
  "fate": 70,
  "gameAttr": [],
  "groundFriction": 0.6536035352130793,
  "hitStreak": 0,
  "id": "94844fad-9519-4c14-8ab3-d38606a7bb44",
  "indulgence": 0.8733749012232772,
  "laserlikeness": 0.0970316523917758,
  "martyrdom": 0.11311842004350048,
  "moxie": 0.10148672820025828,
  "musclitude": 0.4507321248002334,
  "name": "Conditional Yuniesky",
  "omniscience": 0.23250714310674248,
  "overpowerment": 0.8384788318961571,
  "patheticism": 0.88739405640167,
  "peanutAllergy": false,
  "permAttr": [],
  "pressurization": 0.05517042817349349,
  "ritual": "Awaiting orders",
  "ruthlessness": 0.667942952875586,
  "seasAttr": [],
  "shakespearianism": 0.47491567758280184,
  "soul": 9,
  "suppression": 0.20908610277269069,
  "tenaciousness": 0.823693545371537,
  "thwackability": 0.6264915248719363,
  "totalFingers": 10,
  "tragicness": 0.1,
  "unthwackability": 0.05990711006697902,
  "watchfulness": 0.7643631896739347,
  "weekAttr": []
}