{
  "anticapitalism": 1.0745301210120062,
  "baseThirst": 1.1670783898122192,
  "baserunningRating": 0.9838170308241804,
  "blood": 4,
  "buoyancy": 0.83988366728283,
  "chasiness": 0.9068612942392372,
  "cinnamon": 0.8569642613176108,
  "coffee": 7,
  "coldness": 1.0388408038928647,
  "continuation": 0.43486415305939824,
  "deceased": false,
  "defenseRating": 0.755221910823745,
  "divinity": 1.1208586958724314,
  "eDensity": 29.54767010183332,
  "evolution": 1,
  "fate": 2,
  "gameAttr": [],
  "groundFriction": 0.7473919782175118,
  "hitStreak": 0,
  "hittingRating": 0.8460790792263959,
  "id": "948ce8a8-19cd-4f81-b84f-88cce02c47bc",
  "indulgence": 1.1187596008340872,
  "itemAttr": [],
  "items": [
    {
      "baserunningRating": 0,
      "defenseRating": 0,
      "durability": 1,
      "forger": null,
      "forgerName": null,
      "health": 1,
      "hittingRating": 0.00752325803140963,
      "id": "b65bd56c-9ef6-4d72-9fdc-55a12eb9f285",
      "name": "Jersey",
      "pitchingRating": 0,
      "postPrefix": null,
      "prePrefix": null,
      "prefixes": null,
      "root": {
        "adjustments": [
          {
            "stat": 5,
            "type": 1,
            "value": 0.13769637513616895
          }
        ],
        "name": "Jersey"
      },
      "suffix": null
    },
    {
      "baserunningRating": 0,
      "defenseRating": 0,
      "durability": 1,
      "forger": null,
      "forgerName": null,
      "health": 0,
      "hittingRating": 0.06416742649020557,
      "id": "e269b1a5-0a2b-4ab1-bbd1-e6704b113e88",
      "name": "Bat",
      "pitchingRating": 0,
      "postPrefix": null,
      "prePrefix": null,
      "prefixes": null,
      "root": {
        "adjustments": [
          {
            "stat": 2,
            "type": 1,
            "value": 0.14768596311237378
          }
        ],
        "name": "Bat"
      },
      "suffix": null
    }
  ],
  "laserlikeness": 1.1488964932221053,
  "leagueTeamId": "d9f89a8a-c563-493e-9d64-78e4f9a55d4a",
  "martyrdom": 0.5552148410054839,
  "moxie": 0.902794748395386,
  "musclitude": 1.0990804885664784,
  "name": "Flattery McKinley",
  "omniscience": 0.6478894641919417,
  "overpowerment": 0.9937897211060204,
  "patheticism": 0.4512347401448356,
  "peanutAllergy": true,
  "permAttr": [
    "ALTERNATE"
  ],
  "pitchingRating": 0.493120565101867,
  "pressurization": 0.4441803013241499,
  "ritual": "Research",
  "ruthlessness": 0.2423317300168471,
  "seasAttr": [],
  "shakespearianism": 0.28572069511334447,
  "soul": 4,
  "state": {},
  "suppression": 0.61411414751765,
  "tenaciousness": 0.7149363752950062,
  "thwackability": 0.6358150862581855,
  "totalFingers": 10,
  "tournamentTeamId": null,
  "tragicness": 0.4632868168229493,
  "unthwackability": 0.9708985746535324,
  "watchfulness": 0.2887019587283763,
  "weekAttr": []
}