{
  "anticapitalism": 0.7907928208485124,
  "armor": "",
  "baseThirst": 0.34983446435619325,
  "bat": "",
  "blood": 11,
  "buoyancy": 0.10140202431892752,
  "chasiness": 0.7842930675734634,
  "cinnamon": 0.29590433561878116,
  "coffee": 3,
  "coldness": 0.27953430468441076,
  "continuation": 0.7183470597406771,
  "deceased": false,
  "divinity": 0.6841334908884287,
  "fate": 99,
  "gameAttr": [],
  "groundFriction": 0.8231526659999111,
  "id": "94baa9ac-ff96-4f56-a987-10358e917d91",
  "indulgence": 0.4051313413823958,
  "laserlikeness": 0.504857391711641,
  "martyrdom": 0.984971543985634,
  "moxie": 0.4281870611968413,
  "musclitude": 0.6372373558686506,
  "name": "Gabriel Griffith",
  "omniscience": 0.9209917856660764,
  "overpowerment": 0.20951804252880213,
  "patheticism": 0.436732696280298,
  "peanutAllergy": false,
  "permAttr": [],
  "pressurization": 0.3911165382493247,
  "ritual": "Counting",
  "ruthlessness": 0.8195429611384828,
  "seasAttr": [],
  "shakespearianism": 0.22610690154801305,
  "soul": 4,
  "suppression": 0.2332310594288571,
  "tenaciousness": 0.16662324251274363,
  "thwackability": 0.4297731202697592,
  "totalFingers": 10,
  "tragicness": 0.1,
  "unthwackability": 0.7828305709130576,
  "watchfulness": 0.10713122508126947,
  "weekAttr": []
}