{
  "anticapitalism": 1.0915118724512285,
  "armor": "",
  "baseThirst": 0.6570715541777415,
  "baserunningRating": 0.8490152886600506,
  "bat": "",
  "blood": 11,
  "buoyancy": 0.3726918089216732,
  "chasiness": 1.0313833413299276,
  "cinnamon": 0.5374913239665389,
  "coffee": 3,
  "coldness": 0.5505244348913467,
  "continuation": 1.0207873188457668,
  "deceased": false,
  "defenseRating": 0.8228880387883015,
  "divinity": 0.9987436280346704,
  "fate": 44,
  "gameAttr": [],
  "groundFriction": 1.112361525054046,
  "hitStreak": 0,
  "hittingRating": 0.8609505642424857,
  "id": "94baa9ac-ff96-4f56-a987-10358e917d91",
  "indulgence": 0.6704134481860963,
  "laserlikeness": 0.8279492174876556,
  "martyrdom": 1.2733309988198616,
  "moxie": 0.7648459579282231,
  "musclitude": 0.9299226828078228,
  "name": "Gabriel Griffith",
  "omniscience": 1.2662394731406914,
  "overpowerment": 0.4590740109765721,
  "patheticism": 0.12060246744077446,
  "peanutAllergy": false,
  "permAttr": [],
  "pitchingRating": 0.8872874151695151,
  "pressurization": 0.3911165382493247,
  "ritual": "Counting",
  "ruthlessness": 1.126864561425848,
  "seasAttr": [],
  "shakespearianism": 0.5340339944341779,
  "soul": 4,
  "suppression": 0.5042398125493193,
  "tenaciousness": 0.4344150019050923,
  "thwackability": 0.7063646955465935,
  "totalFingers": 10,
  "tragicness": 0.04511447590043368,
  "unthwackability": 1.0556351527406689,
  "watchfulness": 0.4179435187643405,
  "weekAttr": []
}