{
  "anticapitalism": 1.2355757479878369,
  "armor": "",
  "baseThirst": 0.7993015965754517,
  "baserunningRating": 0.9499237585176266,
  "bat": "",
  "blood": 11,
  "buoyancy": 0.48988171922034746,
  "chasiness": 1.1619076692694286,
  "cinnamon": 0.6516797486088906,
  "coffee": 3,
  "coldness": 0.6742244475935921,
  "continuation": 1.1340981122166858,
  "deceased": false,
  "defenseRating": 0.9168697826279436,
  "divinity": 1.1376387668465917,
  "fate": 44,
  "gameAttr": [],
  "groundFriction": 1.2352687575823542,
  "hitStreak": 0,
  "hittingRating": 0.9877203417769146,
  "id": "94baa9ac-ff96-4f56-a987-10358e917d91",
  "indulgence": 0.7930824925867156,
  "laserlikeness": 0.9240368144144294,
  "leagueTeamId": "979aee4a-6d80-4863-bf1c-ee1a78e06024",
  "martyrdom": 1.4161927020390328,
  "moxie": 0.888852079259128,
  "musclitude": 1.0385028654227455,
  "name": "Gabriel Griffith",
  "omniscience": 1.3863540248474848,
  "overpowerment": 0.5823392342581437,
  "patheticism": 0.017319002028081946,
  "peanutAllergy": false,
  "permAttr": [],
  "pitchingRating": 1.028594420262848,
  "pressurization": 0.3911165382493247,
  "ritual": "Counting",
  "ruthlessness": 1.2698471993172755,
  "seasAttr": [],
  "shakespearianism": 0.6267792108284096,
  "soul": 4,
  "suppression": 0.5971445864098474,
  "tenaciousness": 0.5231485025776172,
  "thwackability": 0.8508814782701133,
  "totalFingers": 10,
  "tournamentTeamId": null,
  "tragicness": 0.1,
  "unthwackability": 1.1509890688577238,
  "watchfulness": 0.5559520510680547,
  "weekAttr": []
}