{
  "anticapitalism": 0.10326082142799815,
  "armor": "",
  "baseThirst": 0.20717034159696457,
  "baserunningRating": 0.22852107905743504,
  "bat": "",
  "blood": 10,
  "buoyancy": 0.1505455510196114,
  "chasiness": 0.7298696536724611,
  "cinnamon": 0.06310610187615781,
  "coffee": 3,
  "coldness": 0.9483187302245172,
  "continuation": 0.7319510298251792,
  "deceased": false,
  "defenseRating": 0.6093047202352703,
  "divinity": 0.25136226461705524,
  "eDensity": 0,
  "evolution": 0,
  "fate": 7,
  "gameAttr": [],
  "groundFriction": 0.7520053192420177,
  "hitStreak": 0,
  "hittingRating": 0.3218502361493498,
  "id": "94f30f21-f889-4a2e-9b94-818475bb1ca0",
  "indulgence": 0.910853404337994,
  "laserlikeness": 0.08214038438509827,
  "leagueTeamId": "7966eb04-efcc-499b-8f03-d13916330531",
  "martyrdom": 0.07668275697579949,
  "moxie": 0.2591737902099702,
  "musclitude": 1.004629638486038,
  "name": "Kirkland Sobremesa",
  "omniscience": 0.4766226415465695,
  "overpowerment": 0.1303475183993998,
  "patheticism": 0.6925683302681116,
  "peanutAllergy": true,
  "permAttr": [],
  "pitchingRating": 0.08419972916685055,
  "pressurization": 0.7848853609112802,
  "ritual": "Selling lemonade",
  "ruthlessness": 0.18786204990476915,
  "seasAttr": [],
  "shakespearianism": 0.10747512654223287,
  "soul": 5,
  "state": {},
  "suppression": 0.2785096766858075,
  "tenaciousness": 0.8419307262366327,
  "thwackability": 0.2860509994286695,
  "totalFingers": 10,
  "tournamentTeamId": null,
  "tragicness": 0.1,
  "unthwackability": 0.07796685280714996,
  "watchfulness": 0.5811155354813242,
  "weekAttr": []
}