{
  "anticapitalism": 0.5056207300174349,
  "armor": "",
  "baseThirst": 0.8716370263694171,
  "baserunningRating": 0.6418752810444696,
  "bat": "",
  "blood": 9,
  "buoyancy": 0.5605974301540202,
  "chasiness": 0.16906923273648042,
  "cinnamon": 0.08066449717222388,
  "coffee": 2,
  "coldness": 0.9525249445152464,
  "continuation": 0.3397439909171158,
  "deceased": false,
  "defenseRating": 0.5406796942424155,
  "divinity": 0.9387649253370378,
  "eDensity": 32.5432588593165,
  "evolution": 0,
  "fate": 78,
  "gameAttr": [],
  "groundFriction": 0.42667778634100695,
  "hitStreak": 0,
  "hittingRating": 0.47064851240514416,
  "id": "960f041a-f795-4001-bd88-5ddcf58ee520",
  "indulgence": 0.3151769196686469,
  "laserlikeness": 0.7850059044306525,
  "leagueTeamId": "979aee4a-6d80-4863-bf1c-ee1a78e06024",
  "martyrdom": 0.2473665994476881,
  "moxie": 0.4496433851297388,
  "musclitude": 0.12455890766580066,
  "name": "Mayra Buckley",
  "omniscience": 0.5517843302364183,
  "overpowerment": 0.04763682206232797,
  "patheticism": 0.2475442263164889,
  "peanutAllergy": true,
  "permAttr": [],
  "pitchingRating": 0.4244049207817568,
  "pressurization": 0.5214022868413948,
  "ritual": "Glue",
  "ruthlessness": 0.7405565505594058,
  "seasAttr": [],
  "shakespearianism": 1.017083224516045,
  "soul": 9,
  "state": {},
  "suppression": 0.30855292484866803,
  "tenaciousness": 0.7525802843790941,
  "thwackability": 0.2595037459182581,
  "totalFingers": 10,
  "tournamentTeamId": null,
  "tragicness": 0.1,
  "unthwackability": 0.5703169624845064,
  "watchfulness": 0.1448327385257073,
  "weekAttr": []
}