{
  "_id": "960f041a-f795-4001-bd88-5ddcf58ee520",
  "anticapitalism": 0.4756207300174349,
  "baseThirst": 0.8416370263694171,
  "bat": "",
  "buoyancy": 0.5305974301540202,
  "chasiness": 0.13906923273648042,
  "cinnamon": 0.05066449717222388,
  "coldness": 0.9225249445152464,
  "continuation": 0.3097439909171158,
  "deceased": false,
  "divinity": 0.9087649253370378,
  "fate": 78,
  "groundFriction": 0.3966777863410069,
  "indulgence": 0.2851769196686469,
  "laserlikeness": 0.7550059044306525,
  "martyrdom": 0.2173665994476881,
  "moxie": 0.4196433851297387,
  "musclitude": 0.09455890766580066,
  "name": "Mayra Buckley",
  "omniscience": 0.5217843302364182,
  "overpowerment": 0.017636822062327973,
  "patheticism": 0.2775442263164889,
  "peanutAllergy": true,
  "pressurization": 0.4914022868413947,
  "ruthlessness": 0.7105565505594058,
  "shakespearianism": 0.987083224516045,
  "soul": 9,
  "suppression": 0.278552924848668,
  "tenaciousness": 0.722580284379094,
  "thwackability": 0.2295037459182581,
  "totalFingers": 10,
  "tragicness": 0.1,
  "unthwackability": 0.5403169624845063,
  "watchfulness": 0.1148327385257073
}