{
  "anticapitalism": 0.01067367747989012,
  "baseThirst": 0.6872275370691947,
  "baserunningRating": 0.6755931051907133,
  "blood": 6,
  "buoyancy": 0.8990172976954784,
  "chasiness": 0.6215269687686853,
  "cinnamon": 0.5068806185044552,
  "coffee": 8,
  "coldness": 0.5186008544737919,
  "continuation": 0.5250966447174878,
  "deceased": false,
  "defenseRating": 0.5176680243456002,
  "divinity": 0.7382793773259158,
  "eDensity": 31.65943491716159,
  "evolution": 0,
  "fate": 53,
  "gameAttr": [],
  "groundFriction": 0.6664030270841925,
  "hitStreak": 0,
  "hittingRating": 0.6135290560693255,
  "id": "973334aa-46d8-4415-912b-a5e267f7529b",
  "indulgence": 0.291481423386875,
  "itemAttr": [],
  "items": [
    {
      "baserunningRating": 0,
      "defenseRating": 0,
      "durability": 1,
      "forger": null,
      "forgerName": null,
      "health": 1,
      "hittingRating": 0.04369697050048882,
      "id": "6f67fecc-ff7a-4f83-a5c7-3842016f2ae5",
      "name": "Bat",
      "pitchingRating": 0,
      "postPrefix": null,
      "prePrefix": null,
      "prefixes": null,
      "root": {
        "adjustments": [
          {
            "stat": 2,
            "type": 1,
            "value": 0.10882404479906356
          }
        ],
        "name": "Bat"
      },
      "suffix": null
    }
  ],
  "laserlikeness": 0.7766634892188078,
  "leagueTeamId": "979aee4a-6d80-4863-bf1c-ee1a78e06024",
  "martyrdom": 0.7210518663714651,
  "moxie": 0.4640059858616836,
  "musclitude": 0.4675314116880036,
  "name": "Fenry Marlow",
  "omniscience": 0.7755366461602102,
  "overpowerment": 0.8812893801780648,
  "patheticism": 0.13873301856011366,
  "peanutAllergy": false,
  "permAttr": [
    "TRIPLE_THREAT"
  ],
  "pitchingRating": 0.43027194541744535,
  "pressurization": 0.8179830670142023,
  "ritual": "Hyperbolic time chamber",
  "ruthlessness": 0.8011540958095011,
  "seasAttr": [],
  "shakespearianism": 0.7528415662597112,
  "soul": 8,
  "state": {},
  "suppression": 0.5091673079259351,
  "tenaciousness": 0.808576914218285,
  "thwackability": 0.5009772503985752,
  "totalFingers": 10,
  "tournamentTeamId": null,
  "tragicness": 0.692370684451941,
  "unthwackability": 0.25112807874983734,
  "watchfulness": 0.5297756865185284,
  "weekAttr": []
}