{
  "anticapitalism": 0.9410937325915284,
  "armor": "",
  "baseThirst": 0.1474006475464859,
  "bat": "",
  "blood": 6,
  "buoyancy": 0.34067246179654637,
  "chasiness": 0.8672472429946909,
  "cinnamon": 0.3060697124541494,
  "coffee": 2,
  "coldness": 0.19436531303778665,
  "continuation": 0.6526153538746924,
  "deceased": false,
  "divinity": 0.2928203120372099,
  "fate": 83,
  "groundFriction": 0.6320606317453201,
  "id": "9786b2c9-1205-4718-b0f7-fc000ce91106",
  "indulgence": 0.6010621975836121,
  "laserlikeness": 0.7580046123466986,
  "martyrdom": 0.0963008119491186,
  "moxie": 0.373014893710974,
  "musclitude": 0.642406896524937,
  "name": "Kevin Dudley",
  "omniscience": 0.18867218609650932,
  "overpowerment": 0.01,
  "patheticism": 0.2446757836635432,
  "peanutAllergy": true,
  "pressurization": 0.7429620816150075,
  "ritual": "Transforming",
  "ruthlessness": 0.08623177912096919,
  "shakespearianism": 0.5968860278234878,
  "soul": 3,
  "suppression": 0.7079337276750051,
  "tenaciousness": 0.6577889151087153,
  "thwackability": 0.31991107835445204,
  "totalFingers": 11,
  "tragicness": 0.1,
  "unthwackability": 0.6386678634489944,
  "watchfulness": 0.5473171073742042
}