{
  "_id": "9786b2c9-1205-4718-b0f7-fc000ce91106",
  "anticapitalism": 1.1410937325915282,
  "baseThirst": 0.3474006475464859,
  "bat": "",
  "buoyancy": 0.5406724617965464,
  "chasiness": 1.0672472429946909,
  "cinnamon": 0.3060697124541494,
  "coldness": 0.39436531303778666,
  "continuation": 0.8526153538746923,
  "deceased": false,
  "divinity": 0.4928203120372099,
  "fate": 83,
  "groundFriction": 0.8320606317453201,
  "indulgence": 0.8010621975836121,
  "laserlikeness": 0.9580046123466984,
  "martyrdom": 0.2963008119491186,
  "moxie": 0.573014893710974,
  "musclitude": 0.8424068965249369,
  "name": "Kevin Dudley",
  "omniscience": 0.3886721860965094,
  "overpowerment": 0.11133017685796488,
  "patheticism": 0.04467578366354319,
  "peanutAllergy": false,
  "pressurization": 0.7429620816150075,
  "ruthlessness": 0.2862317791209692,
  "shakespearianism": 0.7968860278234877,
  "soul": 3,
  "suppression": 0.907933727675005,
  "tenaciousness": 0.8577889151087154,
  "thwackability": 0.519911078354452,
  "totalFingers": 10,
  "tragicness": 0.1,
  "unthwackability": 0.8386678634489944,
  "watchfulness": 0.7473171073742043
}