{
  "anticapitalism": 0.5613338674234618,
  "baseThirst": 0.8620398567561256,
  "baserunningRating": 0.6008457028674185,
  "blood": 7,
  "buoyancy": 0.17220484033122463,
  "chasiness": 0.4110029193228877,
  "cinnamon": 0.6938964777802976,
  "coffee": 2,
  "coldness": 0.3271132841035944,
  "continuation": 0.9518487362508996,
  "deceased": false,
  "defenseRating": 0.740536887943987,
  "divinity": 0.556449720557807,
  "eDensity": 24.361929367151262,
  "evolution": 0,
  "fate": 24,
  "gameAttr": [],
  "groundFriction": 0.4297307447800929,
  "hitStreak": 0,
  "hittingRating": 0.5907649740448401,
  "id": "97af97a7-19dc-4d18-9f72-8bd89f7eeaa8",
  "indulgence": 0.9997444610371562,
  "itemAttr": [
    "TRAVELING",
    "HIGH_PRESSURE"
  ],
  "items": [
    {
      "baserunningRating": 0,
      "defenseRating": 0,
      "durability": 3,
      "forger": null,
      "forgerName": null,
      "health": 3,
      "hittingRating": 0.014424552016976231,
      "id": "f5551ed9-631a-44e6-9ab5-e5655846e712",
      "name": "Travelling Clutch Jersey",
      "pitchingRating": 0,
      "postPrefix": null,
      "prePrefix": null,
      "prefixes": [
        {
          "adjustments": [
            {
              "mod": "TRAVELING",
              "type": 0
            }
          ],
          "name": "Travelling"
        },
        {
          "adjustments": [
            {
              "mod": "HIGH_PRESSURE",
              "type": 0
            }
          ],
          "name": "Clutch"
        }
      ],
      "root": {
        "adjustments": [
          {
            "stat": 5,
            "type": 1,
            "value": 0.11017821143826356
          }
        ],
        "name": "Jersey"
      },
      "suffix": null
    }
  ],
  "laserlikeness": 0.4447231895212571,
  "leagueTeamId": "8d87c468-699a-47a8-b40d-cfb73a5660ad",
  "martyrdom": 0.6874593066718848,
  "moxie": 0.6974834155278014,
  "musclitude": 0.2904044942312429,
  "name": "Trinity Smaht",
  "omniscience": 0.8005548305268153,
  "overpowerment": 0.8567664541495632,
  "patheticism": 0.5037491642021426,
  "peanutAllergy": false,
  "permAttr": [],
  "pitchingRating": 0.40527091616536337,
  "pressurization": 0.3277023683200573,
  "ritual": "Shouting 'GAMETIME!'",
  "ruthlessness": 0.6885706450245253,
  "seasAttr": [],
  "shakespearianism": 0.08575550796571352,
  "soul": 4,
  "state": {
    "itemModSources": {
      "HIGH_PRESSURE": [
        "f5551ed9-631a-44e6-9ab5-e5655846e712"
      ],
      "TRAVELING": [
        "f5551ed9-631a-44e6-9ab5-e5655846e712"
      ]
    }
  },
  "suppression": 0.162142374280279,
  "tenaciousness": 0.8005013095000364,
  "thwackability": 0.6842074298763774,
  "totalFingers": 10,
  "tournamentTeamId": null,
  "tragicness": 0.9262156174778144,
  "unthwackability": 0.4007615274429918,
  "watchfulness": 0.5234733252415757,
  "weekAttr": []
}