{
  "anticapitalism": 1.0401132546996943,
  "baseThirst": 0.5225883635344737,
  "baserunningRating": 0.6563228612840846,
  "blood": 7,
  "buoyancy": 1.0006211302926824,
  "chasiness": 0.8385283021068646,
  "cinnamon": 0.5860513168821935,
  "coffee": 6,
  "coldness": 0.5372818713942639,
  "continuation": 0.17642106159179144,
  "deceased": false,
  "defenseRating": 0.7859893319706299,
  "divinity": 0.3568661189088422,
  "eDensity": 32.13532167800437,
  "evolution": 1,
  "fate": 67,
  "gameAttr": [],
  "groundFriction": 0.7179844913959491,
  "hitStreak": 0,
  "hittingRating": 0.28301732263183316,
  "id": "97dfc1f6-ac94-4cdc-b0d5-1cb9f8984aa5",
  "indulgence": 0.5072270709102504,
  "itemAttr": [],
  "items": [
    {
      "baserunningRating": 0,
      "defenseRating": 0,
      "durability": 1,
      "forger": null,
      "forgerName": null,
      "health": 1,
      "hittingRating": 0.07519808354740903,
      "id": "935c0266-b5cf-4cc5-ad14-9a8ce130f39b",
      "name": "Bat",
      "pitchingRating": 0,
      "postPrefix": null,
      "prePrefix": null,
      "prefixes": null,
      "root": {
        "adjustments": [
          {
            "stat": 2,
            "type": 1,
            "value": 0.13042187752627232
          }
        ],
        "name": "Bat"
      },
      "suffix": null
    }
  ],
  "laserlikeness": 0.8492382238409066,
  "leagueTeamId": "3f8bbb15-61c0-4e3f-8e4a-907a5fb1565e",
  "martyrdom": 0.1581448187570745,
  "moxie": 0.2139655766951194,
  "musclitude": 0.2830600681606039,
  "name": "Brock Forbes",
  "omniscience": 0.8666829079327728,
  "overpowerment": 0.4465567985231833,
  "patheticism": 0.20962877958085188,
  "peanutAllergy": false,
  "permAttr": [
    "WILD"
  ],
  "pitchingRating": 0.8654307238283615,
  "pressurization": 0.49843552394620527,
  "ritual": "Playing fetch",
  "ruthlessness": 1.149309537700624,
  "seasAttr": [],
  "shakespearianism": 0.5045236381458541,
  "soul": 7,
  "state": {},
  "suppression": 0.943748532602106,
  "tenaciousness": 0.6617406266488118,
  "thwackability": 0.15943172228391728,
  "totalFingers": 14,
  "tournamentTeamId": null,
  "tragicness": 0.001,
  "unthwackability": 1.0094053095232738,
  "watchfulness": 0.31366936039249876,
  "weekAttr": []
}