{
  "anticapitalism": 0.5924919898940609,
  "armor": "",
  "baseThirst": 1.0688901906519837,
  "baserunningRating": 0.6989164581333431,
  "bat": "",
  "blood": 5,
  "buoyancy": 0.561406419384877,
  "chasiness": 0.11108308240630882,
  "cinnamon": 0.9481508317561804,
  "coffee": 8,
  "coldness": 0.8714279181136892,
  "continuation": 0.38770711450009354,
  "deceased": false,
  "defenseRating": 0.25280817894225377,
  "divinity": 0.4560245990062822,
  "eDensity": 0,
  "evolution": 0,
  "fate": 84,
  "gameAttr": [],
  "groundFriction": 0.90662379258858,
  "hitStreak": 0,
  "hittingRating": 0.5575518095977497,
  "id": "97f5a9cd-72f0-413e-9e68-a6ee6a663489",
  "indulgence": 1.0266147273569008,
  "laserlikeness": 0.5910119224057225,
  "leagueTeamId": "b024e975-1c4a-4575-8936-a3754a08806a",
  "martyrdom": 0.971696378299778,
  "moxie": 0.6161999567424779,
  "musclitude": 0.6145829052929945,
  "name": "Kline Greenlemon",
  "omniscience": 0.06745685314334275,
  "overpowerment": 0.395749756425104,
  "patheticism": 0.6664528015776574,
  "peanutAllergy": false,
  "permAttr": [],
  "pitchingRating": 0.2532170207914261,
  "pressurization": 0.2816704271793047,
  "ritual": "Staring into the souls of their opponents",
  "ruthlessness": 0.06352372246787831,
  "seasAttr": [],
  "shakespearianism": 0.9004435514229724,
  "soul": 9,
  "state": {},
  "suppression": 0.4721816113324443,
  "tenaciousness": 0.11241332628918849,
  "thwackability": 0.5978833984387713,
  "totalFingers": 10,
  "tournamentTeamId": "e8f7ffee-ec53-4fe0-8e87-ea8ff1d0b4a9",
  "tragicness": 0.1,
  "unthwackability": 0.7897833414579231,
  "watchfulness": 0.2817688923790996,
  "weekAttr": []
}