{
  "anticapitalism": 0.5471903957272883,
  "armor": "",
  "baseThirst": 0.9966269449190316,
  "bat": "",
  "blood": 5,
  "buoyancy": 0.503636564682814,
  "chasiness": 0.0329785017543629,
  "cinnamon": 0.881665066754348,
  "coffee": 8,
  "coldness": 0.7978996152549738,
  "continuation": 0.34582901436147306,
  "deceased": false,
  "divinity": 0.4058445029897803,
  "fate": 84,
  "gameAttr": [],
  "groundFriction": 0.8313846210708398,
  "id": "97f5a9cd-72f0-413e-9e68-a6ee6a663489",
  "indulgence": 0.9851861523506042,
  "laserlikeness": 0.5196166014230439,
  "martyrdom": 0.8953959054880447,
  "moxie": 0.5687721692622041,
  "musclitude": 0.5441387282675598,
  "name": "Kline Greenlemon",
  "omniscience": 0.007203023443954404,
  "overpowerment": 0.32510210650399785,
  "patheticism": 0.7366037742388498,
  "peanutAllergy": false,
  "permAttr": [],
  "pressurization": 0.2816704271793047,
  "ritual": "Staring into the souls of their opponents",
  "ruthlessness": 0.023164940337088824,
  "seasAttr": [],
  "shakespearianism": 0.8274295209388571,
  "soul": 9,
  "suppression": 0.4145061909597729,
  "tenaciousness": 0.03947461311541356,
  "thwackability": 0.5300820027052255,
  "totalFingers": 10,
  "tragicness": 0.1,
  "unthwackability": 0.7455933126913183,
  "watchfulness": 0.2388526456897695,
  "weekAttr": []
}