{
  "anticapitalism": 0.48016048360585795,
  "armor": "",
  "baseThirst": 0.5008252441863088,
  "bat": "",
  "blood": 3,
  "buoyancy": 0.301357387227736,
  "chasiness": 0.7730978658768064,
  "cinnamon": 0.844103819183782,
  "coffee": 2,
  "coldness": 0.7247728035294292,
  "continuation": 0.06901827911807623,
  "deceased": false,
  "divinity": 0.0534921023186663,
  "fate": 96,
  "gameAttr": [],
  "groundFriction": 0.5492367559573421,
  "id": "9820f2c5-f9da-4a07-b610-c2dd7bee2ef6",
  "indulgence": 0.5787553829595116,
  "laserlikeness": 0.831549656555141,
  "martyrdom": 0.3407600907343191,
  "moxie": 0.2835924236564036,
  "musclitude": 0.8557983181627866,
  "name": "Peanut Bong",
  "omniscience": 0.3274965457820773,
  "overpowerment": 0.1625881796023272,
  "patheticism": 0.4197776009438148,
  "peanutAllergy": false,
  "permAttr": [],
  "pressurization": 0.3643183129434572,
  "ritual": "Philosophy",
  "ruthlessness": 0.36960444531718983,
  "seasAttr": [],
  "shakespearianism": 0.2940362859558099,
  "soul": 2,
  "suppression": 0.34587075361334296,
  "tenaciousness": 0.14981307604936367,
  "thwackability": 0.008526433170934267,
  "totalFingers": 10,
  "tragicness": 0.1,
  "unthwackability": 0.06677770746929856,
  "watchfulness": 0.3057292978201831,
  "weekAttr": []
}