{
  "anticapitalism": 0.16931066867469835,
  "baseThirst": 0.5362347125954277,
  "baserunningRating": 0.26609596392720386,
  "blood": 12,
  "buoyancy": 0.8103171046030344,
  "chasiness": 0.7786929543335728,
  "cinnamon": 0.2222782673438648,
  "coffee": 9,
  "coldness": 0.07322202005949374,
  "continuation": 0.15762989202004296,
  "deceased": false,
  "defenseRating": 0.3840462664903744,
  "divinity": 0.6817143754557624,
  "eDensity": 14.970436470299946,
  "evolution": 0,
  "fate": 27,
  "gameAttr": [],
  "groundFriction": 0.3523150675758082,
  "hitStreak": 0,
  "hittingRating": 0.5403616766456878,
  "id": "98220753-0a70-4a4e-8058-0a7bcb6f7d5d",
  "indulgence": 0.3223914061149473,
  "items": [],
  "laserlikeness": 0.17931430592208653,
  "leagueTeamId": "36569151-a2fb-43c1-9df7-2df512424c82",
  "martyrdom": 0.10976772326797346,
  "moxie": 0.42622366196988737,
  "musclitude": 0.8060779635623792,
  "name": "Lenjamin Lin",
  "omniscience": 0.07620968417837037,
  "overpowerment": 0.15707112308638704,
  "patheticism": 0.542962779349855,
  "peanutAllergy": true,
  "permAttr": [],
  "pitchingRating": 0.09098701726529772,
  "pressurization": 0.7493029031279324,
  "ritual": "Channeling chi",
  "ruthlessness": 0.06689586288751004,
  "seasAttr": [],
  "shakespearianism": 0.28966176335991545,
  "soul": 3,
  "state": {},
  "suppression": 0.9319354364687062,
  "tenaciousness": 0.8791447746003525,
  "thwackability": 0.4159849645835647,
  "totalFingers": 10,
  "tournamentTeamId": null,
  "tragicness": 0.6659324043051671,
  "unthwackability": 0.1833159375702178,
  "watchfulness": 0.11793529090325584,
  "weekAttr": []
}