{
  "anticapitalism": 0.15104651117627044,
  "armor": "",
  "baseThirst": 0.7340629781825991,
  "bat": "",
  "blood": 6,
  "buoyancy": 0.6177780446592365,
  "chasiness": 0.9948308678067604,
  "cinnamon": 0.7652971174413832,
  "coffee": 10,
  "coldness": 0.17077067139399915,
  "continuation": 0.0580573864133751,
  "deceased": false,
  "divinity": 0.07139686607864304,
  "fate": 53,
  "gameAttr": [],
  "groundFriction": 0.9821008531154204,
  "id": "98f26a25-905f-4850-8960-b741b0c583a4",
  "indulgence": 0.9020131916550124,
  "laserlikeness": 0.32131379449255837,
  "martyrdom": 0.0027850756896341533,
  "moxie": 0.5058986036388227,
  "musclitude": 0.942072795206326,
  "name": "Stu Mcdaniel",
  "omniscience": 0.5447729223136808,
  "overpowerment": 0.8731367654825941,
  "patheticism": 0.7185511983083703,
  "peanutAllergy": true,
  "permAttr": [],
  "pressurization": 0.8956649588906764,
  "ritual": "Sleepwalking",
  "ruthlessness": 0.16590987066444973,
  "seasAttr": [],
  "shakespearianism": 0.9693822343736372,
  "soul": 9,
  "suppression": 0.9128803582841188,
  "tenaciousness": 0.1694278169032013,
  "thwackability": 0.7564963862780125,
  "totalFingers": 10,
  "tragicness": 0.1,
  "unthwackability": 0.9781079199140588,
  "watchfulness": 0.9575755992161656,
  "weekAttr": []
}