{
  "anticapitalism": 0.06627296164481285,
  "baseThirst": 0.7080036917269197,
  "baserunningRating": 0.655882616972944,
  "blood": 4,
  "buoyancy": 0.7548579622075338,
  "chasiness": 0.718595917643831,
  "cinnamon": 0.64904160561093,
  "coffee": 2,
  "coldness": 0.5557183547936133,
  "continuation": 0.721939835502613,
  "deceased": false,
  "defenseRating": 0.4701233243195341,
  "divinity": 0.9512154267871596,
  "eDensity": 24.66050474178697,
  "evolution": 0,
  "fate": 25,
  "gameAttr": [],
  "groundFriction": 0.2835520424378164,
  "hitStreak": 0,
  "hittingRating": 0.8251589771215513,
  "id": "9965eed5-086c-4977-9470-fe410f92d353",
  "indulgence": 0.907212002630023,
  "itemAttr": [],
  "items": [
    {
      "baserunningRating": 0,
      "defenseRating": 0,
      "durability": 1,
      "forger": null,
      "forgerName": null,
      "health": 1,
      "hittingRating": 0.03251870513891142,
      "id": "8f5359b5-ad89-4b54-99cb-898f8a988e1e",
      "name": "Bat",
      "pitchingRating": 0,
      "postPrefix": null,
      "prePrefix": null,
      "prefixes": null,
      "root": {
        "adjustments": [
          {
            "stat": 2,
            "type": 1,
            "value": 0.10513383057814923
          }
        ],
        "name": "Bat"
      },
      "suffix": null
    }
  ],
  "laserlikeness": 0.6454708330439225,
  "leagueTeamId": "979aee4a-6d80-4863-bf1c-ee1a78e06024",
  "martyrdom": 0.736114774501422,
  "moxie": 0.4641072692507851,
  "musclitude": 1.0559654495952604,
  "name": "Bates Bentley",
  "omniscience": 0.7196210678659948,
  "overpowerment": 1.0139445539140035,
  "patheticism": 0.7447895372201796,
  "peanutAllergy": false,
  "permAttr": [],
  "pitchingRating": 0.42890718755553703,
  "pressurization": 0.6152931999771607,
  "ritual": "Napping",
  "ruthlessness": 0.8012358366489526,
  "seasAttr": [],
  "shakespearianism": 0.7361888738821389,
  "soul": 4,
  "state": {},
  "suppression": 0.7933485405110461,
  "tenaciousness": 0.5270266421398719,
  "thwackability": 0.8749286528865241,
  "totalFingers": 10,
  "tournamentTeamId": null,
  "tragicness": 0.001,
  "unthwackability": 0.2394823475548181,
  "watchfulness": 0.0769881672021298,
  "weekAttr": []
}