{
  "anticapitalism": 1.0942762068032232,
  "armor": "",
  "baseThirst": 0.9689379015202212,
  "baserunningRating": 0.40231521572325735,
  "bat": "",
  "blood": 9,
  "buoyancy": 0.16626287866968875,
  "chasiness": 0.44083572377832103,
  "cinnamon": 1.0616058900253444,
  "coffee": 1,
  "coldness": 0.8186993865474637,
  "continuation": 0.7659041109811772,
  "deceased": false,
  "defenseRating": 0.573807062869532,
  "divinity": 0.9014765367138194,
  "eDensity": 20.353517801220175,
  "evolution": 0,
  "fate": 65,
  "gameAttr": [],
  "groundFriction": 0.4447326935517607,
  "hitStreak": 0,
  "hittingRating": 0.5751435229638155,
  "id": "99766c1b-c590-4261-b1b7-3e9c7fc35608",
  "indulgence": 0.5068434853978373,
  "laserlikeness": 0.2314431129635001,
  "leagueTeamId": "46358869-dce9-4a01-bfba-ac24fc56f57e",
  "martyrdom": 0.8227482814170928,
  "moxie": 0.19019653483063167,
  "musclitude": 0.4944977511052058,
  "name": "Jasper Blather",
  "omniscience": 0.1075559911278891,
  "overpowerment": 0.16068192324053554,
  "patheticism": 0.5112110527259727,
  "peanutAllergy": false,
  "permAttr": [],
  "pitchingRating": 0.5419127758106448,
  "pressurization": 0.7558655055015846,
  "ritual": "Spitting",
  "ruthlessness": 0.6374930494139861,
  "seasAttr": [],
  "shakespearianism": 0.578221636887642,
  "soul": 4,
  "state": {},
  "suppression": 0.18458787241495095,
  "tenaciousness": 0.8020757465544749,
  "thwackability": 0.42839687569106505,
  "totalFingers": 10,
  "tournamentTeamId": null,
  "tragicness": 0.2701976026952188,
  "unthwackability": 0.8211324572146073,
  "watchfulness": 1.0778421841933354,
  "weekAttr": []
}