{
  "anticapitalism": 0.985956390823708,
  "armor": "",
  "baseThirst": 0.8592514148469199,
  "baserunningRating": 0.2558086331446556,
  "bat": "",
  "blood": 9,
  "buoyancy": 0.05427525113340037,
  "chasiness": 0.3154516619797496,
  "cinnamon": 0.9217790936689316,
  "coffee": 1,
  "coldness": 0.685982115636111,
  "continuation": 0.6370060322255002,
  "deceased": false,
  "defenseRating": 0.17260119691815864,
  "divinity": 0.75015801249727,
  "eDensity": 0,
  "evolution": 0,
  "fate": 65,
  "gameAttr": [],
  "groundFriction": 0.3553086058323611,
  "hitStreak": 0,
  "hittingRating": 0.4394368030152589,
  "id": "99766c1b-c590-4261-b1b7-3e9c7fc35608",
  "indulgence": 0.3923232096865736,
  "laserlikeness": 0.10947821013853076,
  "leagueTeamId": "46358869-dce9-4a01-bfba-ac24fc56f57e",
  "martyrdom": 0.7045603334625787,
  "moxie": 0.0772907919082062,
  "musclitude": 0.3725058495182161,
  "name": "Jasper Blather",
  "omniscience": 0.0004047791271735157,
  "overpowerment": 0.05849266960138855,
  "patheticism": 0.6131095903153865,
  "peanutAllergy": false,
  "permAttr": [],
  "pitchingRating": 0.3864897760936859,
  "pressurization": 0.7558655055015846,
  "ritual": "Spitting",
  "ruthlessness": 0.5251027527421355,
  "seasAttr": [],
  "shakespearianism": 0.4661151926933105,
  "soul": 4,
  "state": {},
  "suppression": 0.053224814871960735,
  "tenaciousness": 0.6874386265628529,
  "thwackability": 0.3222983712012706,
  "totalFingers": 10,
  "tournamentTeamId": null,
  "tragicness": 0.38051637324808874,
  "unthwackability": 0.6957221966760272,
  "watchfulness": 0.97441379286832,
  "weekAttr": []
}