{
  "anticapitalism": 1.2664713878217335,
  "baseThirst": 1.047320711564524,
  "baserunningRating": 0.4564129182005844,
  "blood": 9,
  "buoyancy": 0.13920109713795692,
  "chasiness": 0.5850398536692075,
  "cinnamon": 1.136282808293718,
  "coffee": 1,
  "coldness": 0.8724355185124163,
  "continuation": 0.8126151549707011,
  "deceased": false,
  "defenseRating": 0.7460609509468658,
  "divinity": 0.8621516394458207,
  "eDensity": 24.484745065417805,
  "evolution": 0,
  "fate": 65,
  "gameAttr": [],
  "groundFriction": 0.5194078730088302,
  "hitStreak": 0,
  "hittingRating": 0.5298945010462704,
  "id": "99766c1b-c590-4261-b1b7-3e9c7fc35608",
  "indulgence": 0.5595586326560087,
  "itemAttr": [],
  "items": [
    {
      "baserunningRating": 0,
      "defenseRating": 0,
      "durability": 1,
      "forger": null,
      "forgerName": null,
      "health": 0,
      "hittingRating": 0.04944752204102543,
      "id": "bcc3f2a0-e635-402c-87bf-48bf4d3a0839",
      "name": "Bat",
      "pitchingRating": 0,
      "postPrefix": null,
      "prePrefix": null,
      "prefixes": null,
      "root": {
        "adjustments": [
          {
            "stat": 2,
            "type": 1,
            "value": 0.1129030802030592
          }
        ],
        "name": "Bat"
      },
      "suffix": null
    }
  ],
  "laserlikeness": 0.27545591875622866,
  "leagueTeamId": "57ec08cc-0411-4643-b304-0e80dbc15ac7",
  "martyrdom": 0.7960642569467412,
  "moxie": 0.14186516021952325,
  "musclitude": 0.4540047763276067,
  "name": "Jasper Blather",
  "omniscience": 0.25524297109868455,
  "overpowerment": 0.23700831068424336,
  "patheticism": 0.5385074234077318,
  "peanutAllergy": false,
  "permAttr": [
    "WANDERER"
  ],
  "pitchingRating": 0.6225952105802517,
  "pressurization": 0.7558655055015846,
  "ritual": "Spitting",
  "ruthlessness": 0.7053880710961143,
  "seasAttr": [],
  "shakespearianism": 0.6477930191268413,
  "soul": 4,
  "state": {},
  "suppression": 0.25870708632038636,
  "tenaciousness": 0.951097050382576,
  "thwackability": 0.3888745747453469,
  "totalFingers": 10,
  "tournamentTeamId": null,
  "tragicness": 0.30747119126910405,
  "unthwackability": 0.8667943465875687,
  "watchfulness": 1.2235029144342848,
  "weekAttr": []
}