{
  "anticapitalism": 0.006096492041884088,
  "baseThirst": 0.001,
  "baserunningRating": 0.4020375937491286,
  "blood": 2,
  "buoyancy": 0.5167596270398053,
  "chasiness": 0.06613430774721724,
  "cinnamon": 0.6132368529262768,
  "coffee": 2,
  "coldness": 0.5620847933793014,
  "continuation": 0.04246197528837051,
  "deceased": false,
  "defenseRating": 1.0148179158336526,
  "divinity": 0.8003253757662449,
  "eDensity": 149.80687141189748,
  "evolution": 0,
  "fate": 53,
  "gameAttr": [],
  "groundFriction": 0.4120707487270986,
  "hitStreak": 0,
  "hittingRating": 1.016763014517869,
  "id": "9a031b9a-16f8-4165-a468-5d0e28a81151",
  "indulgence": 0.5957886989447401,
  "itemAttr": [],
  "items": [
    {
      "baserunningRating": 0,
      "defenseRating": 0,
      "durability": 1,
      "forger": null,
      "forgerName": null,
      "health": 1,
      "hittingRating": 0.03099361243052312,
      "id": "86ac66a9-0fc2-4003-bef5-f6364d3d2ec8",
      "name": "Bat",
      "pitchingRating": 0,
      "postPrefix": null,
      "prePrefix": null,
      "prefixes": null,
      "root": {
        "adjustments": [
          {
            "stat": 2,
            "type": 1,
            "value": 0.1100413976010293
          }
        ],
        "name": "Bat"
      },
      "suffix": null
    }
  ],
  "laserlikeness": 0.016916095587731883,
  "leagueTeamId": "adc5b394-8f76-416d-9ce9-813706877b84",
  "martyrdom": 0.896065061700515,
  "moxie": 0.3192457119071291,
  "musclitude": 1.1502209805364794,
  "name": "Tiana Wheeler",
  "omniscience": 0.8156311997399638,
  "overpowerment": 0.33398751713485364,
  "patheticism": 0.11441671612830612,
  "peanutAllergy": false,
  "permAttr": [
    "ATTRACTOR"
  ],
  "pitchingRating": 0.3959345347418444,
  "pressurization": 0.8744307873457238,
  "ritual": "Eating a bird",
  "ruthlessness": 0.18629343161797657,
  "seasAttr": [],
  "shakespearianism": 0.001,
  "soul": 0,
  "state": {},
  "suppression": 0.6300502427729334,
  "tenaciousness": 0.5793429618425672,
  "thwackability": 1.0127222461690788,
  "totalFingers": 10,
  "tournamentTeamId": null,
  "tragicness": 0.0831516721403611,
  "unthwackability": 0.5573228483799053,
  "watchfulness": 0.08773433977897788,
  "weekAttr": []
}