{
  "anticapitalism": 0.7522133816988852,
  "armor": "",
  "baseThirst": 0.0018194321129088031,
  "baserunningRating": 0.2442838601065126,
  "bat": "",
  "blood": 6,
  "buoyancy": 0.28485809812548524,
  "chasiness": 0.6305989086563561,
  "cinnamon": 1.1070462723485168,
  "coffee": 10,
  "coldness": 0.31695482498384886,
  "continuation": 0.29625518355177927,
  "deceased": false,
  "defenseRating": 0.6741073321120877,
  "divinity": 0.1110306676430349,
  "eDensity": 19.235067600105495,
  "evolution": 0,
  "fate": 76,
  "gameAttr": [],
  "groundFriction": 0.5171082997404857,
  "hitStreak": 0,
  "hittingRating": 0.2592327611287273,
  "id": "9abe02fb-2b5a-432f-b0af-176be6bd62cf",
  "indulgence": 0.6382917672474768,
  "laserlikeness": 0.3355436581608968,
  "leagueTeamId": "747b8e4a-7e50-4638-a973-ea7950a3e739",
  "martyrdom": 0.14577997175842505,
  "moxie": 0.22161193508202856,
  "musclitude": 0.11983758922629736,
  "name": "Nagomi Meng",
  "omniscience": 0.505687938287068,
  "overpowerment": 0.3152537658659048,
  "patheticism": 0.9839031364880394,
  "peanutAllergy": false,
  "permAttr": [],
  "pitchingRating": 0.4273857038106004,
  "pressurization": 0.0596497574495376,
  "ritual": "Dodging debt collectors",
  "ruthlessness": 0.4284982836502333,
  "seasAttr": [],
  "shakespearianism": 0.7950879672158303,
  "soul": 4,
  "state": {},
  "suppression": 0.82762143573018,
  "tenaciousness": 0.6119205103205829,
  "thwackability": 0.8362488763449588,
  "totalFingers": 11,
  "tournamentTeamId": null,
  "tragicness": 0.1,
  "unthwackability": 0.5640917170229244,
  "watchfulness": 0.42661982071316706,
  "weekAttr": []
}