{
  "anticapitalism": 0.7522133816988852,
  "armor": "",
  "baseThirst": 0.0018194321129088031,
  "bat": "",
  "blood": 6,
  "buoyancy": 0.3848580981254852,
  "chasiness": 0.6305989086563561,
  "cinnamon": 0.9570462723485168,
  "coffee": 10,
  "coldness": 0.31695482498384886,
  "continuation": 0.29625518355177927,
  "deceased": false,
  "divinity": 0.2110306676430349,
  "fate": 76,
  "groundFriction": 0.5171082997404857,
  "id": "9abe02fb-2b5a-432f-b0af-176be6bd62cf",
  "indulgence": 0.6382917672474768,
  "laserlikeness": 0.3355436581608968,
  "martyrdom": 0.24577997175842503,
  "moxie": 0.32161193508202857,
  "musclitude": 0.21983758922629737,
  "name": "Nagomi Meng",
  "omniscience": 0.505687938287068,
  "overpowerment": 0.3152537658659048,
  "patheticism": 0.8839031364880394,
  "peanutAllergy": false,
  "pressurization": 0.0596497574495376,
  "ritual": "Dodging debt collectors",
  "ruthlessness": 0.4284982836502333,
  "shakespearianism": 0.7950879672158303,
  "soul": 4,
  "suppression": 0.82762143573018,
  "tenaciousness": 0.6119205103205829,
  "thwackability": 0.9362488763449588,
  "totalFingers": 11,
  "tragicness": 0.1,
  "unthwackability": 0.5640917170229244,
  "watchfulness": 0.42661982071316706
}