{
  "anticapitalism": 0.7762761856960438,
  "baseThirst": 0.6799267651588741,
  "baserunningRating": 0.4716675156471565,
  "blood": 10,
  "buoyancy": 0.3321465136134897,
  "chasiness": 0.5901454258385223,
  "cinnamon": 0.9729109485623,
  "coffee": 1,
  "coldness": 0.39573229268164434,
  "continuation": 0.08186198370444292,
  "deceased": false,
  "defenseRating": 0.7863657333698585,
  "divinity": 0.3611609631678892,
  "eDensity": 27.724278242338244,
  "evolution": 0,
  "fate": 50,
  "gameAttr": [],
  "groundFriction": 0.09243921376513164,
  "hitStreak": 0,
  "hittingRating": 0.6522919064902081,
  "id": "9ac2e7c5-5a34-4738-98d8-9f917bc6d119",
  "indulgence": 0.6276857704484186,
  "itemAttr": [],
  "items": [
    {
      "baserunningRating": 0,
      "defenseRating": 0,
      "durability": 1,
      "forger": null,
      "forgerName": null,
      "health": 1,
      "hittingRating": 0.023043034627757253,
      "id": "ff27298d-7ab0-4935-8bc3-a97014833870",
      "name": "Bat",
      "pitchingRating": 0,
      "postPrefix": null,
      "prePrefix": null,
      "prefixes": null,
      "root": {
        "adjustments": [
          {
            "stat": 2,
            "type": 1,
            "value": 0.12205720842238511
          }
        ],
        "name": "Bat"
      },
      "suffix": null
    }
  ],
  "laserlikeness": 0.7005567921630393,
  "leagueTeamId": "46358869-dce9-4a01-bfba-ac24fc56f57e",
  "martyrdom": 0.9837750457313936,
  "moxie": 0.4324367517603861,
  "musclitude": 0.8970171621396246,
  "name": "Christian Combs",
  "omniscience": 0.3624167599068989,
  "overpowerment": 0.594842755457272,
  "patheticism": 0.34155376240723306,
  "peanutAllergy": false,
  "permAttr": [
    "FIRE_EATER",
    "COFFEE_RALLY"
  ],
  "pitchingRating": 0.6714830200992706,
  "pressurization": 0.7694240369628592,
  "ritual": "Re-inflating",
  "ruthlessness": 0.7139306182658264,
  "seasAttr": [],
  "shakespearianism": 0.4142022192561024,
  "soul": 6,
  "state": {},
  "suppression": 0.9235782631322133,
  "tenaciousness": 1.339791916374593,
  "thwackability": 1.0631834379185412,
  "totalFingers": 12,
  "tournamentTeamId": "70eab4ab-6cb1-41e7-ac8b-1050ee12eecc",
  "tragicness": 0.001,
  "unthwackability": 0.8620094996896542,
  "watchfulness": 0.8371036641034244,
  "weekAttr": []
}