{
  "anticapitalism": 0.734772750040471,
  "armor": "",
  "baseThirst": 0.7227970879015648,
  "baserunningRating": 0.5352551015717413,
  "bat": "",
  "blood": 10,
  "buoyancy": 0.2523228279425986,
  "chasiness": 0.5117410918826149,
  "cinnamon": 0.9052730601323348,
  "coffee": 1,
  "coldness": 0.3287310633640962,
  "continuation": 0.1686213706621147,
  "deceased": false,
  "defenseRating": 0.7347115927417347,
  "divinity": 0.27083420274782777,
  "eDensity": 29.041005106211017,
  "evolution": 0,
  "fate": 64,
  "gameAttr": [],
  "groundFriction": 0.11814270381461273,
  "hitStreak": 0,
  "hittingRating": 0.5555053797701941,
  "id": "9ac2e7c5-5a34-4738-98d8-9f917bc6d119",
  "indulgence": 0.6492346831480165,
  "laserlikeness": 0.7294140173888616,
  "leagueTeamId": "979aee4a-6d80-4863-bf1c-ee1a78e06024",
  "martyrdom": 0.880315511116188,
  "moxie": 0.33762053619515897,
  "musclitude": 0.808423460072037,
  "name": "Christian Combs",
  "omniscience": 0.2979733709963328,
  "overpowerment": 0.5533091658178925,
  "patheticism": 0.4127704814268563,
  "peanutAllergy": true,
  "permAttr": [
    "FIRE_EATER"
  ],
  "pitchingRating": 0.6089572268036183,
  "pressurization": 0.7694240369628592,
  "ritual": "Re-inflating",
  "ruthlessness": 0.6774481941698638,
  "seasAttr": [],
  "shakespearianism": 0.336055368854723,
  "soul": 6,
  "state": {},
  "suppression": 0.8754679786638584,
  "tenaciousness": 1.2933086845340285,
  "thwackability": 0.9912320834796704,
  "totalFingers": 12,
  "tournamentTeamId": "70eab4ab-6cb1-41e7-ac8b-1050ee12eecc",
  "tragicness": 0.1,
  "unthwackability": 0.795166622196249,
  "watchfulness": 0.8207413146596039,
  "weekAttr": []
}