{
  "anticapitalism": 0.8449381019938038,
  "baseThirst": 0.7447564301450872,
  "baserunningRating": 0.559960147758648,
  "blood": 10,
  "buoyancy": 0.3923364852125978,
  "chasiness": 0.6642232128372902,
  "cinnamon": 1.0439082805071604,
  "coffee": 1,
  "coldness": 0.45548797004982267,
  "continuation": 0.14192657701993389,
  "deceased": false,
  "defenseRating": 0.8478300705856089,
  "divinity": 0.4091351386342323,
  "eDensity": 31.97722364505808,
  "evolution": 0,
  "fate": 50,
  "gameAttr": [],
  "groundFriction": 0.15221725168804368,
  "hitStreak": 0,
  "hittingRating": 0.7068636962696528,
  "id": "9ac2e7c5-5a34-4738-98d8-9f917bc6d119",
  "indulgence": 0.6838328289365987,
  "itemAttr": [],
  "items": [
    {
      "baserunningRating": 0,
      "defenseRating": 0,
      "durability": 1,
      "forger": null,
      "forgerName": null,
      "health": 1,
      "hittingRating": 0.023043034627757253,
      "id": "ff27298d-7ab0-4935-8bc3-a97014833870",
      "name": "Bat",
      "pitchingRating": 0,
      "postPrefix": null,
      "prePrefix": null,
      "prefixes": null,
      "root": {
        "adjustments": [
          {
            "stat": 2,
            "type": 1,
            "value": 0.12205720842238511
          }
        ],
        "name": "Bat"
      },
      "suffix": null
    }
  ],
  "laserlikeness": 0.7727088322498594,
  "leagueTeamId": "46358869-dce9-4a01-bfba-ac24fc56f57e",
  "martyrdom": 1.0574109588168925,
  "moxie": 0.509252626332173,
  "musclitude": 0.9587498421084328,
  "name": "Christian Combs",
  "omniscience": 0.4383186879104332,
  "overpowerment": 0.6698806350230776,
  "patheticism": 0.28636260865082763,
  "peanutAllergy": false,
  "permAttr": [
    "FIRE_EATER"
  ],
  "pitchingRating": 0.7392351775372454,
  "pressurization": 0.7694240369628592,
  "ritual": "Re-inflating",
  "ruthlessness": 0.7716363684146365,
  "seasAttr": [],
  "shakespearianism": 0.4619599688275722,
  "soul": 6,
  "state": {},
  "suppression": 0.9984410473773268,
  "tenaciousness": 1.407658533532446,
  "thwackability": 1.106478184996169,
  "totalFingers": 12,
  "tournamentTeamId": "70eab4ab-6cb1-41e7-ac8b-1050ee12eecc",
  "tragicness": 0.001,
  "unthwackability": 0.9204308330354566,
  "watchfulness": 0.8982032163283908,
  "weekAttr": []
}