{
  "anticapitalism": 0.734772750040471,
  "baseThirst": 0.6227970879015648,
  "baserunningRating": 0.33320540439308455,
  "blood": 10,
  "buoyancy": 0.28778978584476095,
  "chasiness": 0.5117410918826149,
  "cinnamon": 0.9052730601323348,
  "coffee": 1,
  "coldness": 0.3287310633640962,
  "continuation": 0.027518944760046772,
  "deceased": false,
  "defenseRating": 0.730946535995801,
  "divinity": 0.30440681909918166,
  "eDensity": 27.724278242338244,
  "evolution": 0,
  "fate": 50,
  "gameAttr": [],
  "groundFriction": 0.01814270381461272,
  "hitStreak": 0,
  "hittingRating": 0.5882731235901928,
  "id": "9ac2e7c5-5a34-4738-98d8-9f917bc6d119",
  "indulgence": 0.5492346831480165,
  "itemAttr": [],
  "items": [
    {
      "baserunningRating": 0,
      "defenseRating": 0,
      "durability": 1,
      "forger": null,
      "forgerName": null,
      "health": 1,
      "hittingRating": 0.023043034627757253,
      "id": "ff27298d-7ab0-4935-8bc3-a97014833870",
      "name": "Bat",
      "pitchingRating": 0,
      "postPrefix": null,
      "prePrefix": null,
      "prefixes": null,
      "root": {
        "adjustments": [
          {
            "stat": 2,
            "type": 1,
            "value": 0.12205720842238511
          }
        ],
        "name": "Bat"
      },
      "suffix": null
    }
  ],
  "laserlikeness": 0.6294140173888616,
  "leagueTeamId": "46358869-dce9-4a01-bfba-ac24fc56f57e",
  "martyrdom": 0.9201099885677926,
  "moxie": 0.3684447146528884,
  "musclitude": 0.819721815357596,
  "name": "Christian Combs",
  "omniscience": 0.2979733709963328,
  "overpowerment": 0.5533091658178925,
  "patheticism": 0.39342280578905864,
  "peanutAllergy": false,
  "permAttr": [
    "FIRE_EATER"
  ],
  "pitchingRating": 0.5939003992120996,
  "pressurization": 0.7694240369628592,
  "ritual": "Re-inflating",
  "ruthlessness": 0.6363457682677959,
  "seasAttr": [],
  "shakespearianism": 0.336055368854723,
  "soul": 6,
  "state": {},
  "suppression": 0.8754679786638584,
  "tenaciousness": 1.2933086845340285,
  "thwackability": 1.0084683736076656,
  "totalFingers": 12,
  "tournamentTeamId": "70eab4ab-6cb1-41e7-ac8b-1050ee12eecc",
  "tragicness": 0.07441444645100247,
  "unthwackability": 0.795166622196249,
  "watchfulness": 0.779638888757536,
  "weekAttr": []
}