{
  "anticapitalism": 0.6346386861869348,
  "armor": "",
  "baseThirst": 0.6276191402220648,
  "bat": "",
  "blood": 10,
  "buoyancy": 0.13,
  "chasiness": 0.3940789492259237,
  "cinnamon": 0.7852046958210129,
  "coffee": 1,
  "coldness": 0.20954099002578008,
  "continuation": 0.03,
  "deceased": false,
  "divinity": 0.156501730290397,
  "fate": 64,
  "gameAttr": [],
  "groundFriction": 0.03,
  "hitStreak": 0,
  "id": "9ac2e7c5-5a34-4738-98d8-9f917bc6d119",
  "indulgence": 0.5353760078403247,
  "laserlikeness": 0.6323313618383195,
  "martyrdom": 0.760276658741584,
  "moxie": 0.21775115742971213,
  "musclitude": 0.6885148737860346,
  "name": "Christian Combs",
  "omniscience": 0.14416505018310097,
  "overpowerment": 0.42316005272141455,
  "patheticism": 0.5391157199084043,
  "peanutAllergy": true,
  "permAttr": [],
  "pressurization": 0.7694240369628592,
  "ritual": "Re-inflating",
  "ruthlessness": 0.5792687738128164,
  "seasAttr": [],
  "shakespearianism": 0.24088986318889183,
  "soul": 6,
  "suppression": 0.7513702862794627,
  "tenaciousness": 1.1381937893959355,
  "thwackability": 0.8553616325495522,
  "totalFingers": 12,
  "tragicness": 0.1,
  "unthwackability": 0.6970256723902437,
  "watchfulness": 0.6845565534485348,
  "weekAttr": [
    "FLICKERING"
  ]
}