{
  "anticapitalism": 0.6888246495156415,
  "armor": "",
  "baseThirst": 0.6788042445381443,
  "bat": "",
  "blood": 10,
  "buoyancy": 0.17521385182145077,
  "chasiness": 0.4549746795130968,
  "cinnamon": 0.8417323387753739,
  "coffee": 1,
  "coldness": 0.2633572514079007,
  "continuation": 0.0922206532341542,
  "deceased": false,
  "divinity": 0.20693420472157345,
  "fate": 64,
  "gameAttr": [],
  "groundFriction": 0.07618762234396378,
  "hitStreak": 0,
  "id": "9ac2e7c5-5a34-4738-98d8-9f917bc6d119",
  "indulgence": 0.5833391674340431,
  "laserlikeness": 0.6756291822976093,
  "martyrdom": 0.815312974132115,
  "moxie": 0.2702391415361649,
  "musclitude": 0.7474142499895501,
  "name": "Christian Combs",
  "omniscience": 0.21894432188805937,
  "overpowerment": 0.4790431275061815,
  "patheticism": 0.4598374951772163,
  "peanutAllergy": true,
  "permAttr": [],
  "pressurization": 0.7694240369628592,
  "ritual": "Re-inflating",
  "ruthlessness": 0.6294719373719083,
  "seasAttr": [],
  "shakespearianism": 0.29596973698825385,
  "soul": 6,
  "suppression": 0.8048042228299692,
  "tenaciousness": 1.214263738883876,
  "thwackability": 0.9145918061494678,
  "totalFingers": 12,
  "tragicness": 0.02350267728165406,
  "unthwackability": 0.7384782959251827,
  "watchfulness": 0.7493902405198138,
  "weekAttr": []
}