{
  "anticapitalism": 0.212313985914183,
  "baseThirst": 0.6563681653012308,
  "baserunningRating": 0.6774599894203225,
  "blood": 9,
  "buoyancy": 0.6867696097549928,
  "chasiness": 0.6880569970769075,
  "cinnamon": 0.3266054938199213,
  "coffee": 7,
  "coldness": 0.2402408535645105,
  "continuation": 0.28665815334891553,
  "deceased": false,
  "defenseRating": 0.3641208805059761,
  "divinity": 0.30596992532811523,
  "eDensity": 28.353212727194652,
  "evolution": 0,
  "fate": 22,
  "gameAttr": [],
  "groundFriction": 0.42330398053439144,
  "hitStreak": 0,
  "hittingRating": 0.4992793308717021,
  "id": "9ba361a1-16d5-4f30-b590-fc4fc2fb53d2",
  "indulgence": 0.8344602784948673,
  "itemAttr": [],
  "items": [],
  "laserlikeness": 0.7893204162971572,
  "leagueTeamId": "eb67ae5e-c4bf-46ca-bbbc-425cd34182ff",
  "martyrdom": 0.24092924393924495,
  "moxie": 0.3500696676084146,
  "musclitude": 0.6925863634301072,
  "name": "Mooney Doctor",
  "omniscience": 0.08136976730097126,
  "overpowerment": 1.0129354318744974,
  "patheticism": 0.2468899787353692,
  "peanutAllergy": false,
  "permAttr": [],
  "pitchingRating": 0.509598760229807,
  "pressurization": 0.2389176666127779,
  "ritual": "Stretching",
  "ruthlessness": 0.431928153473098,
  "seasAttr": [],
  "shakespearianism": 0.8590456673658081,
  "soul": 7,
  "state": {},
  "suppression": 0.9956814187559192,
  "tenaciousness": 0.265481501034319,
  "thwackability": 0.6890434315874284,
  "totalFingers": 10,
  "tournamentTeamId": null,
  "tragicness": 0.07915267685788466,
  "unthwackability": 0.5605539188461459,
  "watchfulness": 0.6009774078918022,
  "weekAttr": []
}