{
  "anticapitalism": 0.6910462384906211,
  "armor": "SCORPLERS_JACKET",
  "baseThirst": 0.8915040549971025,
  "baserunningRating": 0.5118365714528604,
  "bat": "",
  "blood": 8,
  "buoyancy": 1.1613275670429302,
  "chasiness": 0.41209169318836514,
  "cinnamon": 0.6187237930591268,
  "coffee": 1,
  "coldness": 0.8325854716856268,
  "continuation": 0.6650416747229091,
  "deceased": false,
  "defenseRating": 0.6483052929483925,
  "divinity": 0.3274539137861463,
  "fate": 84,
  "gameAttr": [
    "WIRED"
  ],
  "groundFriction": 1.0774450250132768,
  "hitStreak": 0,
  "hittingRating": 0.5336315975866951,
  "id": "9be56060-3b01-47aa-a090-d072ef109fbf",
  "indulgence": 0.2899604338017408,
  "laserlikeness": 0.3670467797899836,
  "leagueTeamId": "eb67ae5e-c4bf-46ca-bbbc-425cd34182ff",
  "martyrdom": 0.7737541699385161,
  "moxie": 0.5216750814405207,
  "musclitude": 0.6409683089787114,
  "name": "Jesús Koch",
  "omniscience": 0.5876325644276553,
  "overpowerment": 0.7427616386690545,
  "patheticism": 0.670119660887764,
  "peanutAllergy": false,
  "permAttr": [
    "ALTERNATE"
  ],
  "pitchingRating": 0.29476512786046744,
  "pressurization": 0.4557744108889843,
  "ritual": "Acoustic guitar",
  "ruthlessness": 0.19839225347901532,
  "seasAttr": [],
  "shakespearianism": 0.6896500869285658,
  "soul": 2,
  "suppression": 0.5258654062024429,
  "tenaciousness": 0.3707174567318616,
  "thwackability": 0.7655407860601143,
  "totalFingers": 10,
  "tournamentTeamId": "70eab4ab-6cb1-41e7-ac8b-1050ee12eecc",
  "tragicness": 0.1,
  "unthwackability": 0.3766434312348995,
  "watchfulness": 0.9705030888988612,
  "weekAttr": []
}