{
  "anticapitalism": 0.6910462384906211,
  "baseThirst": 0.8915040549971025,
  "baserunningRating": 0.5118365714528604,
  "blood": 8,
  "buoyancy": 1.2613275670429305,
  "chasiness": 0.41209169318836514,
  "cinnamon": 0.6187237930591268,
  "coffee": 1,
  "coldness": 0.8325854716856268,
  "continuation": 0.6650416747229091,
  "deceased": false,
  "defenseRating": 0.6483052929483925,
  "divinity": 0.4274539137861463,
  "eDensity": 18.642994856851868,
  "evolution": 0,
  "fate": 84,
  "gameAttr": [],
  "groundFriction": 1.0774450250132768,
  "hitStreak": 0,
  "hittingRating": 0.6369494158599752,
  "id": "9be56060-3b01-47aa-a090-d072ef109fbf",
  "indulgence": 0.2899604338017408,
  "itemAttr": [],
  "items": [
    {
      "baserunningRating": 0,
      "defenseRating": 0,
      "durability": 1,
      "forger": null,
      "forgerName": null,
      "health": 1,
      "hittingRating": 0.0128428871681473,
      "id": "a5f83544-a162-4f1e-b86d-3ead6e140162",
      "name": "Necklace",
      "pitchingRating": 0,
      "postPrefix": null,
      "prePrefix": null,
      "prefixes": null,
      "root": {
        "adjustments": [
          {
            "stat": 3,
            "type": 1,
            "value": 0.18958177520417197
          }
        ],
        "name": "Necklace"
      },
      "suffix": null
    }
  ],
  "laserlikeness": 0.3670467797899836,
  "leagueTeamId": "eb67ae5e-c4bf-46ca-bbbc-425cd34182ff",
  "martyrdom": 0.8737541699385161,
  "moxie": 0.6216750814405206,
  "musclitude": 0.7409683089787114,
  "name": "Jesús Koch",
  "omniscience": 0.5876325644276553,
  "overpowerment": 0.7427616386690545,
  "patheticism": 0.570119660887764,
  "peanutAllergy": false,
  "permAttr": [
    "ALTERNATE"
  ],
  "pitchingRating": 0.29476512786046744,
  "pressurization": 0.4557744108889843,
  "ritual": "Acoustic guitar",
  "ruthlessness": 0.19839225347901532,
  "seasAttr": [],
  "shakespearianism": 0.6896500869285658,
  "soul": 2,
  "state": {},
  "suppression": 0.5258654062024429,
  "tenaciousness": 0.3707174567318616,
  "thwackability": 0.8655407860601143,
  "totalFingers": 10,
  "tournamentTeamId": "70eab4ab-6cb1-41e7-ac8b-1050ee12eecc",
  "tragicness": 0.001,
  "unthwackability": 0.3766434312348995,
  "watchfulness": 0.9705030888988612,
  "weekAttr": []
}