{
  "anticapitalism": 0.7964179295832914,
  "armor": "",
  "baseThirst": 0.9386775279718294,
  "baserunningRating": 0.7775209103860191,
  "bat": "",
  "blood": 0,
  "buoyancy": 0.3444259451285571,
  "chasiness": 0.8183740672947302,
  "cinnamon": 0.5104331451326927,
  "coffee": 0,
  "coldness": 1.0382524522458514,
  "continuation": 0.3583125328573131,
  "deceased": false,
  "defenseRating": 0.7098025658144902,
  "divinity": 0.7485055081130525,
  "eDensity": 0,
  "evolution": 0,
  "fate": 97,
  "gameAttr": [],
  "groundFriction": 0.7090654329546242,
  "hitStreak": 0,
  "hittingRating": 0.7753306049737274,
  "id": "9c14cb0c-79ab-4b94-9ae3-c8de1c587e55",
  "indulgence": 0.27319409348675217,
  "laserlikeness": 1.0438472402806227,
  "leagueTeamId": null,
  "martyrdom": 0.9706730159627376,
  "moxie": 0.4285401444510706,
  "musclitude": 0.3881991454889231,
  "name": "GM",
  "omniscience": 1.0572861552962394,
  "overpowerment": 0.8449797463692912,
  "patheticism": 0.0948068093774082,
  "peanutAllergy": true,
  "permAttr": [
    "COFFEE_PERIL",
    "COFFEE_EXIT",
    "NON_IDOLIZED"
  ],
  "pitchingRating": 0.4319293688885466,
  "pressurization": 0.5181549206511404,
  "ritual": "Apologies",
  "ruthlessness": 0.2771376625790659,
  "seasAttr": [],
  "shakespearianism": 0.8225216659529133,
  "soul": 5,
  "state": {},
  "suppression": 0.6241271480891386,
  "tenaciousness": 0.2583967073144021,
  "thwackability": 0.9897219025560242,
  "totalFingers": 33,
  "tournamentTeamId": "7fcb63bc-11f2-40b9-b465-f1d458692a63",
  "tragicness": 0.608070079731339,
  "unthwackability": 0.5685524330112537,
  "watchfulness": 0.6673039880288874,
  "weekAttr": []
}