{
  "anticapitalism": 0.3839719100700467,
  "armor": "",
  "baseThirst": 0.762339616605725,
  "baserunningRating": 0.6330383887376129,
  "bat": "",
  "blood": 4,
  "buoyancy": 0.3265819041209915,
  "chasiness": 0.8899707052403568,
  "cinnamon": 0.1707800116760599,
  "coffee": 8,
  "coldness": 0.08882595273913291,
  "continuation": 0.25379617235458046,
  "deceased": false,
  "defenseRating": 0.5911328222963921,
  "divinity": 0.31938608573078003,
  "fate": 98,
  "gameAttr": [],
  "groundFriction": 0.9850132107596398,
  "hitStreak": 0,
  "hittingRating": 0.5385124600162428,
  "id": "9c3273a0-2711-4958-b716-bfcf60857013",
  "indulgence": 0.08308437583445612,
  "laserlikeness": 0.9182080581718298,
  "martyrdom": 0.9913493998149966,
  "moxie": 0.7345742922231192,
  "musclitude": 0.4011039897935667,
  "name": "Kathy Mathews",
  "omniscience": 0.5265334453272089,
  "overpowerment": 0.3632442676724865,
  "patheticism": 0.4193219316207703,
  "peanutAllergy": false,
  "permAttr": [
    "ALTERNATE"
  ],
  "pitchingRating": 0.4638182555796602,
  "pressurization": 0.39291584601211,
  "ritual": "Watching documentaries",
  "ruthlessness": 0.36984975362869427,
  "seasAttr": [],
  "shakespearianism": 0.4225360417865902,
  "soul": 8,
  "suppression": 0.8322241116542775,
  "tenaciousness": 0.4545055723596323,
  "thwackability": 0.7527336949925756,
  "totalFingers": 10,
  "tragicness": 0.1,
  "unthwackability": 0.8661957188102648,
  "watchfulness": 0.2662227861629699,
  "weekAttr": []
}