{
  "anticapitalism": 0.32405970165735454,
  "armor": "",
  "baseThirst": 0.8555821385248525,
  "baserunningRating": 0.20714229174595955,
  "bat": "",
  "blood": 4,
  "buoyancy": 0.18743501433735865,
  "chasiness": 0.053371434989121225,
  "cinnamon": 0.9989716643100368,
  "coffee": 5,
  "coldness": 0.9542567077753574,
  "continuation": 0.06648223112434201,
  "deceased": false,
  "defenseRating": 0.504795822580973,
  "divinity": 0.6662187129125205,
  "eDensity": 0,
  "evolution": 1,
  "fate": 89,
  "gameAttr": [],
  "groundFriction": 0.05593453521380185,
  "hitStreak": 0,
  "hittingRating": 0.5592497975836924,
  "id": "9c813008-b2a9-4257-80e7-a709c67189fe",
  "indulgence": 0.7365901435386444,
  "laserlikeness": 0.14406646742022808,
  "leagueTeamId": "46358869-dce9-4a01-bfba-ac24fc56f57e",
  "martyrdom": 0.37288819381539895,
  "moxie": 0.27198278670354914,
  "musclitude": 0.8811527559276684,
  "name": "Bottles Suljak",
  "omniscience": 0.5545043628715338,
  "overpowerment": 0.04844242805413668,
  "patheticism": 0.07108847479055758,
  "peanutAllergy": true,
  "permAttr": [],
  "pitchingRating": 0.225705300760264,
  "pressurization": 0.2656047477554473,
  "ritual": "Watching documentaries",
  "ruthlessness": 0.24059662489766545,
  "seasAttr": [],
  "shakespearianism": 0.5501928559406317,
  "soul": 2,
  "state": {},
  "suppression": 0.9591372737758406,
  "tenaciousness": 0.7813976371793818,
  "thwackability": 0.4407557916380971,
  "totalFingers": 10,
  "tournamentTeamId": null,
  "tragicness": 0.8859514041601917,
  "unthwackability": 0.44606471591764185,
  "watchfulness": 0.3308792194856194,
  "weekAttr": []
}