{
  "anticapitalism": 0.49695122765268823,
  "baseThirst": 1.0021385571182742,
  "baserunningRating": 0.3888232193445306,
  "blood": 4,
  "buoyancy": 0.3390357428580149,
  "chasiness": 0.1905140872130998,
  "cinnamon": 1.153593211203367,
  "coffee": 5,
  "coldness": 1.1106704789688908,
  "continuation": 0.20367463746905048,
  "deceased": false,
  "defenseRating": 0.6714250309513367,
  "divinity": 0.8275815892075693,
  "eDensity": 19.105224855930665,
  "evolution": 1,
  "fate": 89,
  "gameAttr": [],
  "groundFriction": 0.192948767979893,
  "hitStreak": 0,
  "hittingRating": 0.7228914720671588,
  "id": "9c813008-b2a9-4257-80e7-a709c67189fe",
  "indulgence": 0.9244108663866992,
  "itemAttr": [],
  "items": [
    {
      "baserunningRating": 0,
      "defenseRating": 0,
      "durability": 1,
      "forger": null,
      "forgerName": null,
      "health": 1,
      "hittingRating": 0.05722223992841646,
      "id": "47c7f43c-7b16-4795-98a3-47b67f1c99cb",
      "name": "Bat",
      "pitchingRating": 0,
      "postPrefix": null,
      "prePrefix": null,
      "prefixes": null,
      "root": {
        "adjustments": [
          {
            "stat": 2,
            "type": 1,
            "value": 0.14524321376285826
          }
        ],
        "name": "Bat"
      },
      "suffix": null
    }
  ],
  "laserlikeness": 0.2932716134193292,
  "leagueTeamId": "46358869-dce9-4a01-bfba-ac24fc56f57e",
  "martyrdom": 0.5060542392059376,
  "moxie": 0.4411854986800301,
  "musclitude": 1.056796767711019,
  "name": "Bottles Suljak",
  "omniscience": 0.6897373439123753,
  "overpowerment": 0.17043373208032628,
  "patheticism": 0.001,
  "peanutAllergy": false,
  "permAttr": [],
  "pitchingRating": 0.37474954276992617,
  "pressurization": 0.2656047477554473,
  "ritual": "Watching documentaries",
  "ruthlessness": 0.3678672259457899,
  "seasAttr": [],
  "shakespearianism": 0.6670196439631901,
  "soul": 2,
  "state": {},
  "suppression": 1.052880892077387,
  "tenaciousness": 0.9378776273565452,
  "thwackability": 0.6061018667233073,
  "totalFingers": 10,
  "tournamentTeamId": null,
  "tragicness": 0.7021361495235103,
  "unthwackability": 0.5732653506245672,
  "watchfulness": 0.4699748129628402,
  "weekAttr": []
}