{
  "anticapitalism": 0.7535183925302493,
  "armor": "",
  "baseThirst": 0.1941952252427059,
  "baserunningRating": 0.2503780522147072,
  "bat": "",
  "blood": 10,
  "buoyancy": 0.024965117119013502,
  "chasiness": 0.6312090093348157,
  "cinnamon": 0.2839239899127102,
  "coffee": 3,
  "coldness": 0.6019374269106554,
  "continuation": 0.8638990510861495,
  "deceased": false,
  "defenseRating": 0.6053326104483614,
  "divinity": 0.5405025176959763,
  "eDensity": 0,
  "evolution": 0,
  "fate": 60,
  "gameAttr": [],
  "groundFriction": 0.7259790381141344,
  "hitStreak": 0,
  "hittingRating": 0.6264370590425593,
  "id": "9d6f3d23-bc26-40e6-93aa-0b1c693e0ba8",
  "indulgence": 0.8443786671497293,
  "laserlikeness": 0.0988006808797881,
  "leagueTeamId": "b63be8c2-576a-4d6e-8daf-814f8bcea96f",
  "martyrdom": 0.03873440710222975,
  "moxie": 0.7906018256183649,
  "musclitude": 0.23346310667445036,
  "name": "Riley Firewall",
  "omniscience": 0.6854036574185853,
  "overpowerment": 0.7683590505323956,
  "patheticism": 0.6617580768411349,
  "peanutAllergy": true,
  "permAttr": [],
  "pitchingRating": 0.7464716902858957,
  "pressurization": 0.8931464580044992,
  "ritual": "Listening to Them",
  "ruthlessness": 0.9426325187010728,
  "seasAttr": [],
  "shakespearianism": 0.5040808762248961,
  "soul": 4,
  "state": {},
  "suppression": 0.22296451685619975,
  "tenaciousness": 0.22655980654461128,
  "thwackability": 0.9933902151058288,
  "totalFingers": 10,
  "tournamentTeamId": null,
  "tragicness": 0.3362925685148719,
  "unthwackability": 0.7437138587612708,
  "watchfulness": 0.5759902028314394,
  "weekAttr": []
}