{
  "anticapitalism": 0.8841642485977823,
  "baseThirst": 0.6505059127411704,
  "baserunningRating": 0.856042793017516,
  "blood": 7,
  "buoyancy": 0.32094961595547156,
  "chasiness": 0.9143459087425494,
  "cinnamon": 1.252414420105657,
  "coffee": 4,
  "coldness": 0.3066916019073346,
  "continuation": 0.5006207938098439,
  "deceased": false,
  "defenseRating": 1.0120683750328383,
  "divinity": 0.5874231784990918,
  "eDensity": 41.99710562077691,
  "evolution": 0,
  "fate": 69,
  "gameAttr": [],
  "groundFriction": 0.7672748969249226,
  "hitStreak": 0,
  "hittingRating": 0.7816658625889606,
  "id": "9e724d9a-92a0-436e-bde1-da0b2af85d8f",
  "indulgence": 0.7253651646346948,
  "itemAttr": [],
  "items": [
    {
      "baserunningRating": 0,
      "defenseRating": 0,
      "durability": 1,
      "forger": null,
      "forgerName": null,
      "health": 1,
      "hittingRating": 0.03301529464936748,
      "id": "748fc0f2-e353-4570-aaa7-4f4ba444d762",
      "name": "Bat",
      "pitchingRating": 0,
      "postPrefix": null,
      "prePrefix": null,
      "prefixes": null,
      "root": {
        "adjustments": [
          {
            "stat": 2,
            "type": 1,
            "value": 0.12318015658080662
          }
        ],
        "name": "Bat"
      },
      "suffix": null
    }
  ],
  "laserlikeness": 1.031186899913487,
  "leagueTeamId": "36569151-a2fb-43c1-9df7-2df512424c82",
  "martyrdom": 0.8326023420362494,
  "moxie": 1.118772621944133,
  "musclitude": 0.5957410750411455,
  "name": "Hatfield Suzuki",
  "omniscience": 1.1845085161616742,
  "overpowerment": 0.7507606231851728,
  "patheticism": 0.3240572578886535,
  "peanutAllergy": false,
  "permAttr": [],
  "pitchingRating": 0.7783809151859574,
  "pressurization": 0.8825811012321547,
  "ritual": "Tattooing",
  "ruthlessness": 0.8859387810477517,
  "seasAttr": [],
  "shakespearianism": 0.970501464448515,
  "soul": 9,
  "state": {},
  "suppression": 0.830436280958792,
  "tenaciousness": 1.151719913308422,
  "thwackability": 0.9817699802360296,
  "totalFingers": 10,
  "tournamentTeamId": null,
  "tragicness": 0.001,
  "unthwackability": 0.776384057420141,
  "watchfulness": 0.7493503943108704,
  "weekAttr": []
}