{
  "anticapitalism": 0.7307245462394534,
  "armor": "",
  "baseThirst": 0.4311001430904058,
  "baserunningRating": 0.6387090104198198,
  "bat": "",
  "blood": 7,
  "buoyancy": 0.03556943206433072,
  "chasiness": 0.7189652381885985,
  "cinnamon": 0.9631213951501314,
  "coffee": 4,
  "coldness": 0.07983005838177126,
  "continuation": 0.2226648898038768,
  "deceased": false,
  "defenseRating": 0.8745798635760675,
  "divinity": 0.37903765295193703,
  "fate": 69,
  "gameAttr": [],
  "groundFriction": 0.5783376910441154,
  "hitStreak": 0,
  "hittingRating": 0.5826001571788663,
  "id": "9e724d9a-92a0-436e-bde1-da0b2af85d8f",
  "indulgence": 0.5121395802537057,
  "laserlikeness": 0.8314691426287117,
  "leagueTeamId": "36569151-a2fb-43c1-9df7-2df512424c82",
  "martyrdom": 0.6133156004818388,
  "moxie": 0.933457232417744,
  "musclitude": 0.43764126299100115,
  "name": "Hatfield Suzuki",
  "omniscience": 0.9965635312965412,
  "overpowerment": 0.5814426041965641,
  "patheticism": 0.4869440112552834,
  "peanutAllergy": true,
  "permAttr": [],
  "pitchingRating": 0.5363924869852212,
  "pressurization": 0.8825811012321547,
  "ritual": "Tattooing",
  "ruthlessness": 0.6421009473672841,
  "seasAttr": [],
  "shakespearianism": 0.7503580107339456,
  "soul": 9,
  "suppression": 0.5659860651147948,
  "tenaciousness": 0.9465101553071448,
  "thwackability": 0.7746476796719248,
  "totalFingers": 10,
  "tournamentTeamId": null,
  "tragicness": 0.1,
  "unthwackability": 0.5799207410428251,
  "watchfulness": 0.5601090799100159,
  "weekAttr": []
}