{
  "anticapitalism": 0.7710685052925332,
  "baseThirst": 0.5172255353244799,
  "baserunningRating": 0.43016591188557113,
  "blood": 2,
  "buoyancy": 0.0801280560362794,
  "chasiness": 0.46792705278674096,
  "cinnamon": 0.33731100459316354,
  "coffee": 3,
  "coldness": 0.7381336796812099,
  "continuation": 0.05647167026551147,
  "deceased": false,
  "defenseRating": 0.5311520530520037,
  "divinity": 0.20054104288767777,
  "eDensity": 29.740844108483135,
  "evolution": 0,
  "fate": 9,
  "gameAttr": [],
  "groundFriction": 0.12437799498032298,
  "hitStreak": 0,
  "hittingRating": 0.4534281255362519,
  "id": "9e75ff7c-fe9b-428b-a1b6-f9e6a1748c86",
  "indulgence": 0.5231321592225118,
  "itemAttr": [],
  "items": [],
  "laserlikeness": 0.647886412540505,
  "leagueTeamId": "46358869-dce9-4a01-bfba-ac24fc56f57e",
  "martyrdom": 0.8971729287982847,
  "moxie": 0.12205898223413732,
  "musclitude": 0.7352637860646946,
  "name": "Kofi Gildehaus",
  "omniscience": 0.31835353430649693,
  "overpowerment": 0.875426765620128,
  "patheticism": 0.6894824844842797,
  "peanutAllergy": true,
  "permAttr": [],
  "pitchingRating": 0.6551557511851892,
  "pressurization": 0.9188100516800268,
  "ritual": "The wild hunt",
  "ruthlessness": 0.6887290388058764,
  "seasAttr": [],
  "shakespearianism": 0.7699170724475004,
  "soul": 8,
  "state": {},
  "suppression": 0.05877986717567629,
  "tenaciousness": 0.5273483275362421,
  "thwackability": 1.0554610262728454,
  "totalFingers": 10,
  "tournamentTeamId": null,
  "tragicness": 0.4511238872349191,
  "unthwackability": 0.6440045157367273,
  "watchfulness": 0.17575311404947147,
  "weekAttr": []
}