{
  "anticapitalism": 0.9064402490949308,
  "armor": "",
  "baseThirst": 0.9068070652682356,
  "baserunningRating": 0.29339606650621525,
  "bat": "",
  "blood": 8,
  "buoyancy": 0.41647311859470887,
  "chasiness": 0.725214339708622,
  "cinnamon": 0.3934168052635807,
  "coffee": 10,
  "coldness": 0.5127811804822133,
  "continuation": 0.9161179100659697,
  "deceased": false,
  "defenseRating": 0.5500740168116803,
  "divinity": 0.9393487269143808,
  "eDensity": 20.093296555296806,
  "evolution": 0,
  "fate": 45,
  "gameAttr": [],
  "groundFriction": 0.6782277798908805,
  "hitStreak": 0,
  "hittingRating": 0.753949135360215,
  "id": "9f218ed1-d793-437d-a1b9-79f88f69154d",
  "indulgence": 0.6907203371559993,
  "laserlikeness": 0.103963228283417,
  "leagueTeamId": "c73b705c-40ad-4633-a6ed-d357ee2e2bcf",
  "martyrdom": 0.21953447923487251,
  "moxie": 0.6063910504606383,
  "musclitude": 0.4444542791303329,
  "name": "Lotus Mango",
  "omniscience": 0.6862455007900802,
  "overpowerment": 0.17474800625471693,
  "patheticism": 0.22485595702533315,
  "peanutAllergy": true,
  "permAttr": [],
  "pitchingRating": 0.4159088606500044,
  "pressurization": 0.8572432930816274,
  "ritual": "Whispering",
  "ruthlessness": 0.3987030469150353,
  "seasAttr": [],
  "shakespearianism": 0.6036718259199856,
  "soul": 3,
  "state": {},
  "suppression": 0.5213129833585478,
  "tenaciousness": 0.13548127367500223,
  "thwackability": 0.7126492148298079,
  "totalFingers": 10,
  "tournamentTeamId": "a3ea6358-ce03-4f23-85f9-deb38cb81b20",
  "tragicness": 0.05518894202645994,
  "unthwackability": 0.6967809166495239,
  "watchfulness": 0.44636299775794386,
  "weekAttr": []
}