{
  "anticapitalism": 1.0032151865756818,
  "baseThirst": 1.0812672192219952,
  "baserunningRating": 0.5268938712281569,
  "blood": 8,
  "buoyancy": 0.5629862814269068,
  "chasiness": 0.8344464482268135,
  "cinnamon": 0.4643462535260627,
  "coffee": 10,
  "coldness": 0.6229194540156994,
  "continuation": 1.043217194369066,
  "deceased": false,
  "defenseRating": 0.6811595388096838,
  "divinity": 1.1043600530159083,
  "eDensity": 20.922102672230768,
  "evolution": 0,
  "fate": 45,
  "gameAttr": [],
  "groundFriction": 0.8094405714275921,
  "hitStreak": 0,
  "hittingRating": 0.8842982579125077,
  "id": "9f218ed1-d793-437d-a1b9-79f88f69154d",
  "indulgence": 0.8581411860227971,
  "itemAttr": [],
  "items": [
    {
      "baserunningRating": 0,
      "defenseRating": 0,
      "durability": 1,
      "forger": null,
      "forgerName": null,
      "health": 0,
      "hittingRating": 0.04841990838419641,
      "id": "2cc72936-ef4e-4b8b-afc8-26f93828715b",
      "name": "Bat",
      "pitchingRating": 0,
      "postPrefix": null,
      "prePrefix": null,
      "prefixes": null,
      "root": {
        "adjustments": [
          {
            "stat": 2,
            "type": 1,
            "value": 0.14859688994006173
          }
        ],
        "name": "Bat"
      },
      "suffix": null
    }
  ],
  "laserlikeness": 0.291498279821944,
  "leagueTeamId": "105bc3ff-1320-4e37-8ef0-8d595cb95dd0",
  "martyrdom": 0.2525241997753085,
  "moxie": 0.7097451003047325,
  "musclitude": 0.5183834818159295,
  "name": "Lotus Mango",
  "omniscience": 0.7403799502213682,
  "overpowerment": 0.24809727170030277,
  "patheticism": 0.13249807603852587,
  "peanutAllergy": true,
  "permAttr": [],
  "pitchingRating": 0.5673264182947946,
  "pressurization": 0.8572432930816274,
  "ritual": "Whispering",
  "ruthlessness": 0.6453984152463673,
  "seasAttr": [],
  "shakespearianism": 0.7525943672678294,
  "soul": 2,
  "state": {},
  "suppression": 0.644568062183353,
  "tenaciousness": 0.28929353948444364,
  "thwackability": 0.8716702264380803,
  "totalFingers": 10,
  "tournamentTeamId": "a3ea6358-ce03-4f23-85f9-deb38cb81b20",
  "tragicness": 0.001,
  "unthwackability": 0.7522865814400588,
  "watchfulness": 0.5598982246931384,
  "weekAttr": []
}