{
  "anticapitalism": 0.8835852140695092,
  "baseThirst": 0.9465490712305696,
  "baserunningRating": 0.36213727973785814,
  "blood": 8,
  "buoyancy": 0.43082302919765575,
  "chasiness": 0.7180918561946085,
  "cinnamon": 0.35038279566219066,
  "coffee": 10,
  "coldness": 0.4715321277019374,
  "continuation": 0.8851815625703582,
  "deceased": false,
  "defenseRating": 0.5498334112480626,
  "divinity": 0.9715840091407312,
  "eDensity": 18.611924709029743,
  "evolution": 0,
  "fate": 45,
  "gameAttr": [],
  "groundFriction": 0.66104146333067,
  "hitStreak": 0,
  "hittingRating": 0.7652202694196057,
  "id": "9f218ed1-d793-437d-a1b9-79f88f69154d",
  "indulgence": 0.733412602289463,
  "itemAttr": [],
  "items": [
    {
      "baserunningRating": 0,
      "defenseRating": 0,
      "durability": 1,
      "forger": null,
      "forgerName": null,
      "health": 1,
      "hittingRating": 0.04841990838419641,
      "id": "2cc72936-ef4e-4b8b-afc8-26f93828715b",
      "name": "Bat",
      "pitchingRating": 0,
      "postPrefix": null,
      "prePrefix": null,
      "prefixes": null,
      "root": {
        "adjustments": [
          {
            "stat": 2,
            "type": 1,
            "value": 0.14859688994006173
          }
        ],
        "name": "Bat"
      },
      "suffix": null
    }
  ],
  "laserlikeness": 0.15703481870508942,
  "leagueTeamId": "105bc3ff-1320-4e37-8ef0-8d595cb95dd0",
  "martyrdom": 0.11178677878952908,
  "moxie": 0.5665036964062666,
  "musclitude": 0.4119152716175567,
  "name": "Lotus Mango",
  "omniscience": 0.6121989042162541,
  "overpowerment": 0.1341706649438706,
  "patheticism": 0.2542013813604332,
  "peanutAllergy": true,
  "permAttr": [
    "COFFEE_RALLY"
  ],
  "pitchingRating": 0.4102268551701513,
  "pressurization": 0.8572432930816274,
  "ritual": "Whispering",
  "ruthlessness": 0.4901953944707488,
  "seasAttr": [],
  "shakespearianism": 0.6143103389616522,
  "soul": 2,
  "state": {},
  "suppression": 0.5104414888060353,
  "tenaciousness": 0.15279588616498754,
  "thwackability": 0.7755500207644003,
  "totalFingers": 10,
  "tournamentTeamId": "a3ea6358-ce03-4f23-85f9-deb38cb81b20",
  "tragicness": 0.08689245445363954,
  "unthwackability": 0.6224470214977488,
  "watchfulness": 0.4548565016588959,
  "weekAttr": []
}