{
  "anticapitalism": 1.0080301719592586,
  "baseThirst": 1.0363445096708277,
  "baserunningRating": 0.4526930535955625,
  "blood": 8,
  "buoyancy": 0.5376613687584711,
  "chasiness": 0.8626816983706859,
  "cinnamon": 0.5121307467807245,
  "coffee": 10,
  "coldness": 0.6296410294278546,
  "continuation": 1.0339261596468523,
  "deceased": false,
  "defenseRating": 0.6869474821610856,
  "divinity": 1.0457480096313927,
  "eDensity": 23.999001344589157,
  "evolution": 0,
  "fate": 45,
  "gameAttr": [],
  "groundFriction": 0.8055800857563552,
  "hitStreak": 0,
  "hittingRating": 0.8709778142459433,
  "id": "9f218ed1-d793-437d-a1b9-79f88f69154d",
  "indulgence": 0.8262354148425264,
  "items": [],
  "laserlikeness": 0.2192635394559425,
  "leagueTeamId": "105bc3ff-1320-4e37-8ef0-8d595cb95dd0",
  "martyrdom": 0.3062650754606847,
  "moxie": 0.7473974198457931,
  "musclitude": 0.5444533603906854,
  "name": "Lotus Mango",
  "omniscience": 0.7989452875545721,
  "overpowerment": 0.29534747493191577,
  "patheticism": 0.12115310640846852,
  "peanutAllergy": true,
  "permAttr": [],
  "pitchingRating": 0.5606675563672883,
  "pressurization": 0.8572432930816274,
  "ritual": "Whispering",
  "ruthlessness": 0.5457556146147713,
  "seasAttr": [],
  "shakespearianism": 0.7300417054785536,
  "soul": 3,
  "state": {},
  "suppression": 0.6496148190903612,
  "tenaciousness": 0.2727576040111388,
  "thwackability": 0.8515913813497858,
  "totalFingers": 10,
  "tournamentTeamId": "a3ea6358-ce03-4f23-85f9-deb38cb81b20",
  "tragicness": 0.001,
  "unthwackability": 0.8018407398515537,
  "watchfulness": 0.5666611413575503,
  "weekAttr": []
}