{
  "anticapitalism": 0.743493972835173,
  "armor": "",
  "baseThirst": 0.06616719739369747,
  "baserunningRating": 0.4914796850891691,
  "bat": "",
  "blood": 6,
  "buoyancy": 0.745902244840956,
  "chasiness": 0.7602967411050052,
  "cinnamon": 0.44417586705927414,
  "coffee": 2,
  "coldness": 0.5966280188632782,
  "continuation": 0.6407333412526814,
  "deceased": false,
  "defenseRating": 0.6398835313190276,
  "divinity": 0.7339710060893996,
  "fate": 62,
  "gameAttr": [],
  "groundFriction": 0.8979636886628966,
  "hitStreak": 0,
  "hittingRating": 0.5985216245604352,
  "id": "9f6d06d6-c616-4599-996b-ec4eefcff8b8",
  "indulgence": 0.32381356647733783,
  "laserlikeness": 0.5818839347724152,
  "leagueTeamId": "b72f3061-f573-40d7-832a-5ad475bd7909",
  "martyrdom": 0.5595316262322718,
  "moxie": 0.8087864410867356,
  "musclitude": 0.2161045389870826,
  "name": "Silvia Winner",
  "omniscience": 0.35730822217723945,
  "overpowerment": 0.09399617049226185,
  "patheticism": 0.0016577899728376089,
  "peanutAllergy": true,
  "permAttr": [],
  "pitchingRating": 0.4323698245038895,
  "pressurization": 0.917731474166638,
  "ritual": "Praising the Gods",
  "ruthlessness": 0.8711414782735556,
  "seasAttr": [],
  "shakespearianism": 0.3737791632284575,
  "soul": 7,
  "suppression": 0.5526417357541089,
  "tenaciousness": 0.923960138554843,
  "thwackability": 0.4737493162923263,
  "totalFingers": 10,
  "tournamentTeamId": null,
  "tragicness": 0.1,
  "unthwackability": 0.5301497380162195,
  "watchfulness": 0.18679113319736795,
  "weekAttr": []
}