{
  "_id": "9f85676a-7411-444a-8ae2-c7f8f73c285c",
  "anticapitalism": 0.7712472416030987,
  "armor": "",
  "baseThirst": 0.3807603682141103,
  "bat": "",
  "blood": 10,
  "buoyancy": 0.6430713951490961,
  "chasiness": 0.3863152502903515,
  "cinnamon": 0.2369158926732189,
  "coffee": 9,
  "coldness": 0.23227594378732208,
  "continuation": 0.7623077736230379,
  "deceased": false,
  "divinity": 0.3374399484873818,
  "fate": 83,
  "groundFriction": 0.9117132075008718,
  "indulgence": 0.3412111388044725,
  "laserlikeness": 0.2376967635937195,
  "martyrdom": 0.9608089185946812,
  "moxie": 0.02538779508211464,
  "musclitude": 0.7515592055781422,
  "name": "Lachlan Shelton",
  "omniscience": 0.08548612779660303,
  "overpowerment": 0.08040873744465227,
  "patheticism": 0.7395330869296162,
  "peanutAllergy": false,
  "pressurization": 0.825023824642662,
  "ritual": "Napping",
  "ruthlessness": 0.6128760217809768,
  "shakespearianism": 0.9997408442219606,
  "soul": 8,
  "suppression": 0.6381696898548674,
  "tenaciousness": 0.5935889626601698,
  "thwackability": 0.1389573788436147,
  "totalFingers": 10,
  "tragicness": 0.1,
  "unthwackability": 0.30936289742081846,
  "watchfulness": 0.5837004294048427
}