{
  "anticapitalism": 0.8316216065914482,
  "armor": "",
  "baseThirst": 0.4787182532240265,
  "baserunningRating": 0.46243509346967815,
  "bat": "",
  "blood": 10,
  "buoyancy": 0.8197274840397845,
  "chasiness": 0.4510548963380598,
  "cinnamon": 0.2919911611257107,
  "coffee": 9,
  "coldness": 0.19614649836992207,
  "continuation": 0.8390174783782685,
  "deceased": false,
  "defenseRating": 0.5603594505463465,
  "divinity": 0.5220334164468645,
  "eDensity": 28.207100964584548,
  "evolution": 0,
  "fate": 91,
  "gameAttr": [],
  "groundFriction": 0.9793798265298416,
  "hitStreak": 0,
  "hittingRating": 0.4571732245948312,
  "id": "9f85676a-7411-444a-8ae2-c7f8f73c285c",
  "indulgence": 0.40289452807246817,
  "laserlikeness": 0.3091027475879113,
  "leagueTeamId": "eb67ae5e-c4bf-46ca-bbbc-425cd34182ff",
  "martyrdom": 1.13290993189038,
  "moxie": 0.19223359824508296,
  "musclitude": 0.950986616144882,
  "name": "Lachlan Shelton",
  "omniscience": 0.16021044396084835,
  "overpowerment": 0.0423391155492823,
  "patheticism": 0.5449550413884351,
  "peanutAllergy": false,
  "permAttr": [],
  "pitchingRating": 0.26390379775836503,
  "pressurization": 0.825023824642662,
  "ritual": "Napping",
  "ruthlessness": 0.5949058202660438,
  "seasAttr": [],
  "shakespearianism": 0.9639132362348172,
  "soul": 8,
  "state": {},
  "suppression": 0.6203368171595776,
  "tenaciousness": 0.6849262289394887,
  "thwackability": 0.3283264503141251,
  "totalFingers": 12,
  "tournamentTeamId": null,
  "tragicness": 0.1,
  "unthwackability": 0.297764935687413,
  "watchfulness": 0.6758379871779949,
  "weekAttr": []
}