{
  "anticapitalism": 0.453417328083515,
  "armor": "",
  "baseThirst": 0.11830508888568092,
  "baserunningRating": 0.27657577688467083,
  "bat": "",
  "blood": 1,
  "buoyancy": 0.08465174412773613,
  "chasiness": 0.022957367149430752,
  "cinnamon": 0.733412182212509,
  "coffee": 11,
  "coldness": 0.41831639507803065,
  "continuation": 0.05474132506991314,
  "deceased": false,
  "defenseRating": 0.4395998453581842,
  "divinity": 0.22997321622422695,
  "eDensity": 0,
  "evolution": 0,
  "fate": 47,
  "gameAttr": [],
  "groundFriction": 0.12491113890365436,
  "hitStreak": 0,
  "hittingRating": 0.4176811825051915,
  "id": "9fbab4df-35dd-4991-9e82-9635ab756b0f",
  "indulgence": 0.04758621651716677,
  "laserlikeness": 0.584181859358909,
  "leagueTeamId": "bb4a9de5-c924-4923-a0cb-9d1445f1ee5d",
  "martyrdom": 0.4096775552274816,
  "moxie": 0.5121750840534134,
  "musclitude": 0.3197569735814725,
  "name": "Rocio Caster",
  "omniscience": 0.9734267113129598,
  "overpowerment": 0.3268845059433254,
  "patheticism": 0.03213481756001224,
  "peanutAllergy": false,
  "permAttr": [],
  "pitchingRating": 0.5605766101225141,
  "pressurization": 0.947929920323199,
  "ritual": "Singing bowl",
  "ruthlessness": 0.7013941459426161,
  "seasAttr": [],
  "shakespearianism": 0.32060437659250884,
  "soul": 9,
  "state": {},
  "suppression": 0.9179094965384929,
  "tenaciousness": 0.4010323491361596,
  "thwackability": 0.5647534015525748,
  "totalFingers": 10,
  "tournamentTeamId": null,
  "tragicness": 0.29208721873911814,
  "unthwackability": 0.7654429055318255,
  "watchfulness": 0.16989859421715048,
  "weekAttr": []
}