{
  "anticapitalism": 0.453417328083515,
  "baseThirst": 0.11830508888568092,
  "baserunningRating": 0.27657577688467083,
  "blood": 1,
  "buoyancy": 0.14446617562952804,
  "chasiness": 0.022957367149430752,
  "cinnamon": 0.733412182212509,
  "coffee": 11,
  "coldness": 0.4662527517639875,
  "continuation": 0.05474132506991314,
  "deceased": false,
  "defenseRating": 0.4395998453581842,
  "divinity": 0.31983347716622285,
  "eDensity": 30.21952765047265,
  "evolution": 0,
  "fate": 47,
  "gameAttr": [],
  "groundFriction": 0.12491113890365436,
  "hitStreak": 0,
  "hittingRating": 0.507952676341333,
  "id": "9fbab4df-35dd-4991-9e82-9635ab756b0f",
  "indulgence": 0.04758621651716677,
  "itemAttr": [],
  "items": [],
  "laserlikeness": 0.584181859358909,
  "leagueTeamId": "bb4a9de5-c924-4923-a0cb-9d1445f1ee5d",
  "martyrdom": 0.4547430553378691,
  "moxie": 0.5533848565132539,
  "musclitude": 0.39861095089456744,
  "name": "Rocio Caster",
  "omniscience": 0.9734267113129598,
  "overpowerment": 0.4160241582720543,
  "patheticism": 0.001,
  "peanutAllergy": false,
  "permAttr": [],
  "pitchingRating": 0.6117900024623317,
  "pressurization": 0.947929920323199,
  "ritual": "Singing bowl",
  "ruthlessness": 0.7130578066898541,
  "seasAttr": [],
  "shakespearianism": 0.37984937377852374,
  "soul": 9,
  "state": {},
  "suppression": 0.9612797157444046,
  "tenaciousness": 0.4010323491361596,
  "thwackability": 0.6571668487907464,
  "totalFingers": 10,
  "tournamentTeamId": null,
  "tragicness": 0.20355251851038725,
  "unthwackability": 0.8046667234684645,
  "watchfulness": 0.16989859421715048,
  "weekAttr": []
}