{
  "anticapitalism": 0.47785805042088736,
  "armor": "",
  "baseThirst": 0.7181565607594873,
  "baserunningRating": 0.16963724757584142,
  "bat": "",
  "blood": 11,
  "buoyancy": 0.43631135947670185,
  "chasiness": 0.4899668910726003,
  "cinnamon": 0.549212785186314,
  "coffee": 12,
  "coldness": 0.906436325118824,
  "continuation": 0.8357056966257648,
  "deceased": false,
  "defenseRating": 0.5765916113724674,
  "divinity": 0.925158029776886,
  "eDensity": 25.845160227090297,
  "evolution": 0,
  "fate": 50,
  "gameAttr": [],
  "groundFriction": 0.5782633406992495,
  "hitStreak": 0,
  "hittingRating": 0.37487000755674577,
  "id": "9fd1f392-d492-4c48-8d46-27fb4283b2db",
  "indulgence": 0.5688853307449915,
  "laserlikeness": 0.039806854035316225,
  "leagueTeamId": "adc5b394-8f76-416d-9ce9-813706877b84",
  "martyrdom": 0.8953065684234338,
  "moxie": 0.2544092631512045,
  "musclitude": 0.6908405660213619,
  "name": "Lucas Petty",
  "omniscience": 0.973816473997426,
  "overpowerment": 0.5159764506809355,
  "patheticism": 0.4439032040021498,
  "peanutAllergy": false,
  "permAttr": [],
  "pitchingRating": 0.5710668802221304,
  "pressurization": 0.49226363684465047,
  "ritual": "Washing the blood off",
  "ruthlessness": 0.910524812900252,
  "seasAttr": [],
  "shakespearianism": 0.752335520673515,
  "soul": 7,
  "state": {},
  "suppression": 0.31897739363845545,
  "tenaciousness": 0.1357756002482111,
  "thwackability": 0.1043672166656868,
  "totalFingers": 10,
  "tournamentTeamId": null,
  "tragicness": 0.1,
  "unthwackability": 0.4560394107550705,
  "watchfulness": 0.9922471466942222,
  "weekAttr": []
}