{
  "anticapitalism": 0.6095742451755588,
  "armor": "",
  "baseThirst": 0.30789159283416445,
  "baserunningRating": 0.6232523194307967,
  "bat": "",
  "blood": 0,
  "buoyancy": 1.0084399128395054,
  "chasiness": 0.3315857064778744,
  "cinnamon": 0.8012943288677872,
  "coffee": 0,
  "coldness": 0.7431783550145508,
  "continuation": 0.556333580878219,
  "deceased": false,
  "defenseRating": 0.928218727229848,
  "divinity": 0.6079273013222188,
  "eDensity": 0,
  "evolution": 0,
  "fate": 10,
  "gameAttr": [],
  "groundFriction": 0.5565618375160517,
  "hitStreak": 0,
  "hittingRating": 0.8187891802851978,
  "id": "a083246b-35f4-4dad-8b07-8b28047e0823",
  "indulgence": 0.7794473727359887,
  "laserlikeness": 0.6533127611559795,
  "leagueTeamId": null,
  "martyrdom": 1.2109750574324605,
  "moxie": 0.7139120230740195,
  "musclitude": 1.081201298045831,
  "name": "Aura Irving",
  "omniscience": 1.20210752684757,
  "overpowerment": 0.4268757191051984,
  "patheticism": 0.01,
  "peanutAllergy": false,
  "permAttr": [
    "NON_IDOLIZED"
  ],
  "pitchingRating": 0.5384232785317397,
  "pressurization": 0.8678189030743368,
  "ritual": "Interdimensional dance",
  "ruthlessness": 0.4748390310533197,
  "seasAttr": [],
  "shakespearianism": 0.5421811305905198,
  "soul": 2,
  "state": {},
  "suppression": 1.1784824058443653,
  "tenaciousness": 1.209782971808084,
  "thwackability": 0.9914100189462538,
  "totalFingers": 34,
  "tournamentTeamId": "3b0a289b-aebd-493c-bc11-96793e7216d5",
  "tragicness": 0.4842307420528795,
  "unthwackability": 0.7789983900246222,
  "watchfulness": 1.11065527631122,
  "weekAttr": []
}