{
  "anticapitalism": 1.0485143350702717,
  "armor": "",
  "baseThirst": 0.939026305172159,
  "baserunningRating": 0.6446780520709315,
  "bat": "",
  "blood": 0,
  "buoyancy": 0.5199602734388753,
  "chasiness": 0.934495396577192,
  "cinnamon": 0.35421951859416967,
  "coffee": 0,
  "coldness": 1.1481421004931096,
  "continuation": 0.3513310673418151,
  "deceased": false,
  "defenseRating": 0.8787994302629533,
  "divinity": 0.6736471698199509,
  "fate": 22,
  "gameAttr": [],
  "groundFriction": 0.7507533135859179,
  "hitStreak": 0,
  "hittingRating": 0.5898861266728586,
  "id": "a13f67d5-22eb-4ee9-8b67-893b21acd87b",
  "indulgence": 0.7714668399649001,
  "laserlikeness": 0.5786873689026162,
  "leagueTeamId": null,
  "martyrdom": 0.8623141103148597,
  "moxie": 0.3074032775528061,
  "musclitude": 0.32422200655660743,
  "name": "Cedrissimo Sugar",
  "omniscience": 0.44141816091369024,
  "overpowerment": 0.49827158080755574,
  "patheticism": 0.03519050190017869,
  "peanutAllergy": false,
  "permAttr": [
    "COFFEE_PERIL"
  ],
  "pitchingRating": 0.6638357979434515,
  "pressurization": 0.2540943794293624,
  "ritual": "Removing restraints",
  "ruthlessness": 0.6118540342169165,
  "seasAttr": [],
  "shakespearianism": 1.0770896971263988,
  "soul": 3,
  "suppression": 0.5384362185856766,
  "tenaciousness": 1.1453439689207456,
  "thwackability": 0.5460586321531722,
  "totalFingers": 33,
  "tournamentTeamId": "7fcb63bc-11f2-40b9-b465-f1d458692a63",
  "tragicness": 0.01,
  "unthwackability": 0.7872507495685737,
  "watchfulness": 1.096917253301603,
  "weekAttr": []
}