{
  "anticapitalism": 0.7782294782936088,
  "baseThirst": 0.001,
  "baserunningRating": 0.005684206275746841,
  "blood": null,
  "buoyancy": 0.4104750089843723,
  "chasiness": 0.001,
  "cinnamon": 0.4034632305450966,
  "coffee": null,
  "coldness": 0.6267111040811009,
  "continuation": 0.14673127555167584,
  "deceased": false,
  "defenseRating": 0.35079140092732647,
  "divinity": 0.36627356018550655,
  "eDensity": 3562.648199504153,
  "evolution": 0,
  "fate": 79,
  "gameAttr": [],
  "groundFriction": 0.0035297264586361954,
  "hitStreak": 0,
  "hittingRating": 0.13992945008321422,
  "id": "a1628d97-16ca-4a75-b8df-569bae02bef9",
  "indulgence": 0.06798835828972816,
  "items": [],
  "laserlikeness": 0.001,
  "leagueTeamId": "105bc3ff-1320-4e37-8ef0-8d595cb95dd0",
  "martyrdom": 0.5139500155019934,
  "moxie": 0.001,
  "musclitude": 0.001,
  "name": "Chorby Soul",
  "omniscience": 0.5943403972123954,
  "overpowerment": 0.37837498014054527,
  "patheticism": 0.35405477728019474,
  "peanutAllergy": false,
  "permAttr": [
    "RETURNED",
    "DEBT_THREE"
  ],
  "pitchingRating": 0.2502016476498267,
  "pressurization": 0.7113755233221608,
  "ritual": null,
  "ruthlessness": 0.5319190036663854,
  "seasAttr": [],
  "shakespearianism": 0.30795658958107097,
  "soul": 1776,
  "state": {},
  "suppression": 0.4656401267550736,
  "tenaciousness": 0.6008958851336668,
  "thwackability": 0.21382829220709032,
  "totalFingers": 10,
  "tournamentTeamId": null,
  "tragicness": 0.3198311854488453,
  "unthwackability": 0.1798771228372813,
  "watchfulness": 0.2842580355761224,
  "weekAttr": []
}