{
  "anticapitalism": 0.6045657294895308,
  "baseThirst": 0.001,
  "baserunningRating": 0.0019952623149688785,
  "blood": null,
  "buoyancy": 0.21194762167630843,
  "chasiness": 0.001,
  "cinnamon": 0.2734949041532193,
  "coffee": null,
  "coldness": 0.33847491591449913,
  "continuation": 0.001,
  "deceased": false,
  "defenseRating": 0.23934230561527584,
  "divinity": 0.1619357415529165,
  "eDensity": 3553.648914467642,
  "evolution": 0,
  "fate": 79,
  "gameAttr": [],
  "groundFriction": 0.001,
  "hitStreak": 0,
  "hittingRating": 0.01549870238595446,
  "id": "a1628d97-16ca-4a75-b8df-569bae02bef9",
  "indulgence": 0.001,
  "items": [],
  "laserlikeness": 0.001,
  "leagueTeamId": "105bc3ff-1320-4e37-8ef0-8d595cb95dd0",
  "martyrdom": 0.32054462783964444,
  "moxie": 0.001,
  "musclitude": 0.001,
  "name": "Chorby Soul",
  "omniscience": 0.4035659372914374,
  "overpowerment": 0.02871702396295553,
  "patheticism": 0.5930184158614268,
  "peanutAllergy": false,
  "permAttr": [
    "RETURNED",
    "DEBT_THREE"
  ],
  "pitchingRating": 0.06820376215358785,
  "pressurization": 0.7113755233221608,
  "ritual": null,
  "ruthlessness": 0.3459901578091453,
  "seasAttr": [],
  "shakespearianism": 0.12651337383524877,
  "soul": 1774,
  "state": {},
  "suppression": 0.20555613728673588,
  "tenaciousness": 0.38471706780212167,
  "thwackability": 0.001,
  "totalFingers": 10,
  "tournamentTeamId": null,
  "tragicness": 0.5605716404984757,
  "unthwackability": 0.05035240577470024,
  "watchfulness": 0.04232912241914771,
  "weekAttr": []
}