{
  "anticapitalism": 0.6588005392263916,
  "baseThirst": 0.001,
  "baserunningRating": 0.0019952623149688785,
  "blood": null,
  "buoyancy": 0.3101238581755689,
  "chasiness": 0.001,
  "cinnamon": 0.34441187153327213,
  "coffee": null,
  "coldness": 0.42852598160141464,
  "continuation": 0.001,
  "deceased": false,
  "defenseRating": 0.29303941340117123,
  "divinity": 0.254116749486606,
  "eDensity": 3553.648914467642,
  "evolution": 0,
  "fate": 79,
  "gameAttr": [],
  "groundFriction": 0.001,
  "hitStreak": 0,
  "hittingRating": 0.07067461667615016,
  "id": "a1628d97-16ca-4a75-b8df-569bae02bef9",
  "indulgence": 0.001,
  "items": [],
  "laserlikeness": 0.001,
  "leagueTeamId": "105bc3ff-1320-4e37-8ef0-8d595cb95dd0",
  "martyrdom": 0.4122593842073803,
  "moxie": 0.001,
  "musclitude": 0.001,
  "name": "Chorby Soul",
  "omniscience": 0.4889742923386735,
  "overpowerment": 0.2147129012465782,
  "patheticism": 0.5300911830202029,
  "peanutAllergy": false,
  "permAttr": [
    "RETURNED",
    "DEBT_THREE"
  ],
  "pitchingRating": 0.1555642029851523,
  "pressurization": 0.7113755233221608,
  "ritual": null,
  "ruthlessness": 0.3960851736956489,
  "seasAttr": [],
  "shakespearianism": 0.18373560827237057,
  "soul": 1775,
  "state": {},
  "suppression": 0.36299593247003914,
  "tenaciousness": 0.536077419945995,
  "thwackability": 0.04674664748168755,
  "totalFingers": 10,
  "tournamentTeamId": null,
  "tragicness": 0.4769954830777293,
  "unthwackability": 0.11792163750179208,
  "watchfulness": 0.10315239926213492,
  "weekAttr": []
}