{
  "anticapitalism": 0.7396334271619717,
  "armor": "",
  "baseThirst": 0.268498426750134,
  "baserunningRating": 0.7787332493727941,
  "bat": "",
  "blood": 4,
  "buoyancy": 1.066834298948153,
  "chasiness": 0.5644092939340287,
  "cinnamon": 0.7787648413196799,
  "coffee": 11,
  "coldness": 1.2431078910930344,
  "continuation": 0.7862461233299123,
  "deceased": false,
  "defenseRating": 0.8134946279518065,
  "divinity": 0.95726818733782,
  "eDensity": 37.84800092192047,
  "evolution": 0,
  "fate": 69,
  "gameAttr": [],
  "groundFriction": 0.7010277329089376,
  "hitStreak": 0,
  "hittingRating": 0.6273794201083909,
  "id": "a199a681-decf-4433-b6ab-5454450bbe5e",
  "indulgence": 0.8666103115065426,
  "laserlikeness": 0.9144618105572548,
  "leagueTeamId": "adc5b394-8f76-416d-9ce9-813706877b84",
  "martyrdom": 0.2560518435855151,
  "moxie": 1.0913524859946837,
  "musclitude": 0.9619694533499424,
  "name": "Leach Ingram",
  "omniscience": 1.1210634385525742,
  "overpowerment": 1.1248577416758148,
  "patheticism": 0.04254621718048404,
  "peanutAllergy": true,
  "permAttr": [],
  "pitchingRating": 0.6158214056985045,
  "pressurization": 0.44012877789263183,
  "ritual": "Acupuncture",
  "ruthlessness": 0.340882263919953,
  "seasAttr": [],
  "shakespearianism": 0.8198638440757053,
  "soul": 9,
  "state": {},
  "suppression": 0.6583494026559364,
  "tenaciousness": 0.5299536815053376,
  "thwackability": 0.2968069457647273,
  "totalFingers": 11,
  "tournamentTeamId": null,
  "tragicness": 0.001,
  "unthwackability": 0.8912980748934334,
  "watchfulness": 0.8613903483549125,
  "weekAttr": []
}