{
  "anticapitalism": 0.6614026704692415,
  "armor": "",
  "baseThirst": 0.19208500822965785,
  "baserunningRating": 0.7077860185387217,
  "bat": "",
  "blood": 4,
  "buoyancy": 1.017991397551892,
  "chasiness": 0.507403118243253,
  "cinnamon": 0.7197415071090388,
  "coffee": 11,
  "coldness": 1.199529164767145,
  "continuation": 0.7151414326996586,
  "deceased": false,
  "defenseRating": 0.7708322843495564,
  "divinity": 0.8799954920320845,
  "eDensity": 34.04160089635521,
  "evolution": 0,
  "fate": 69,
  "gameAttr": [],
  "groundFriction": 0.627665290569557,
  "hitStreak": 0,
  "hittingRating": 0.5393962891013736,
  "id": "a199a681-decf-4433-b6ab-5454450bbe5e",
  "indulgence": 0.7975967270411706,
  "laserlikeness": 0.8557060083930709,
  "leagueTeamId": "adc5b394-8f76-416d-9ce9-813706877b84",
  "martyrdom": 0.2058978913532583,
  "moxie": 1.0209977330404012,
  "musclitude": 0.914387260402198,
  "name": "Leach Ingram",
  "omniscience": 1.07498297099889,
  "overpowerment": 1.0479266275790666,
  "patheticism": 0.10003775663639446,
  "peanutAllergy": true,
  "permAttr": [],
  "pitchingRating": 0.5505616335943642,
  "pressurization": 0.44012877789263183,
  "ritual": "Acupuncture",
  "ruthlessness": 0.2864564871899121,
  "seasAttr": [],
  "shakespearianism": 0.7572055005841716,
  "soul": 9,
  "state": {},
  "suppression": 0.6045446443614874,
  "tenaciousness": 0.48297751706071707,
  "thwackability": 0.21978996032991335,
  "totalFingers": 11,
  "tournamentTeamId": null,
  "tragicness": 0.024746158144848342,
  "unthwackability": 0.8512799465639633,
  "watchfulness": 0.8186964038663282,
  "weekAttr": []
}