{
  "anticapitalism": 0.5866766287775979,
  "armor": "",
  "baseThirst": 0.14639527434247784,
  "baserunningRating": 0.65199388034745,
  "bat": "",
  "blood": 4,
  "buoyancy": 0.9710847467853876,
  "chasiness": 0.4306141441386536,
  "cinnamon": 0.6756409557264136,
  "coffee": 11,
  "coldness": 1.146422357067672,
  "continuation": 0.6364754355245543,
  "deceased": false,
  "defenseRating": 0.7210701065785169,
  "divinity": 0.8303404837480548,
  "eDensity": 0,
  "evolution": 0,
  "fate": 69,
  "gameAttr": [],
  "groundFriction": 0.5608280726184629,
  "hitStreak": 0,
  "hittingRating": 0.4479119823052738,
  "id": "a199a681-decf-4433-b6ab-5454450bbe5e",
  "indulgence": 0.7413113161348639,
  "laserlikeness": 0.8144402397810001,
  "leagueTeamId": "adc5b394-8f76-416d-9ce9-813706877b84",
  "martyrdom": 0.15267167889418404,
  "moxie": 0.975957998503774,
  "musclitude": 0.8686501644569389,
  "name": "Leach Ingram",
  "omniscience": 1.010803218936274,
  "overpowerment": 0.9959093341990788,
  "patheticism": 0.1691926802675377,
  "peanutAllergy": true,
  "permAttr": [],
  "pitchingRating": 0.4706813016766467,
  "pressurization": 0.44012877789263183,
  "ritual": "Acupuncture",
  "ruthlessness": 0.21542516065805412,
  "seasAttr": [],
  "shakespearianism": 0.6926478115953554,
  "soul": 9,
  "state": {},
  "suppression": 0.5412542157799979,
  "tenaciousness": 0.4373845934544762,
  "thwackability": 0.14420175698845086,
  "totalFingers": 11,
  "tournamentTeamId": null,
  "tragicness": 0.1,
  "unthwackability": 0.8096197330466277,
  "watchfulness": 0.7695336940847262,
  "weekAttr": []
}