{
  "anticapitalism": 1,
  "armor": "",
  "baseThirst": 0.5867276760037055,
  "bat": "",
  "blood": 9,
  "buoyancy": 0.6378241464407509,
  "chasiness": 0.4550123844632301,
  "cinnamon": 0.8491676093188165,
  "coffee": 6,
  "coldness": 0.39177785261288034,
  "continuation": 0.7247907934401703,
  "deceased": false,
  "divinity": 0.9425304793082562,
  "fate": 94,
  "gameAttr": [],
  "groundFriction": 0.06370067158845338,
  "id": "a1ed3396-114a-40bc-9ff0-54d7e1ad1718",
  "indulgence": 0.5959534874808763,
  "laserlikeness": 0.44102900507126264,
  "martyrdom": 0.5095681823518149,
  "moxie": 0.8614009608323882,
  "musclitude": 0.7780022583824421,
  "name": "Patel Beyonce",
  "omniscience": 0.4542561833486318,
  "overpowerment": 0.8574261699985298,
  "patheticism": 0.427601187490158,
  "peanutAllergy": true,
  "permAttr": [],
  "pressurization": 0.8946884291288126,
  "ritual": "Daydreaming",
  "ruthlessness": 0.7659289338358765,
  "seasAttr": [],
  "shakespearianism": 0.5885378889798842,
  "soul": 7,
  "suppression": 0.11,
  "tenaciousness": 0.8425176239732219,
  "thwackability": 0.5282213188946902,
  "totalFingers": 12,
  "tragicness": 0.060000000000000005,
  "unthwackability": 0.2717950462928711,
  "watchfulness": 0.15142530442700042,
  "weekAttr": []
}