{
  "_id": "a1ed3396-114a-40bc-9ff0-54d7e1ad1718",
  "anticapitalism": 0.8359024694968853,
  "armor": "",
  "baseThirst": 0.5867276760037055,
  "bat": "",
  "blood": 9,
  "buoyancy": 0.587824146440751,
  "chasiness": 0.4550123844632301,
  "cinnamon": 0.8491676093188165,
  "coffee": 6,
  "coldness": 0.3417778526128803,
  "continuation": 0.7247907934401703,
  "deceased": false,
  "divinity": 0.8925304793082562,
  "fate": 94,
  "groundFriction": 0.06370067158845338,
  "indulgence": 0.5959534874808763,
  "laserlikeness": 0.44102900507126264,
  "martyrdom": 0.45956818235181496,
  "moxie": 0.8114009608323882,
  "musclitude": 0.7280022583824421,
  "name": "Patel Beyonce",
  "omniscience": 0.4542561833486318,
  "overpowerment": 0.8074261699985299,
  "patheticism": 0.477601187490158,
  "peanutAllergy": true,
  "pressurization": 0.8946884291288126,
  "ritual": "Daydreaming",
  "ruthlessness": 0.7159289338358765,
  "shakespearianism": 0.5385378889798842,
  "soul": 7,
  "suppression": 0.007892881423355202,
  "tenaciousness": 0.8425176239732219,
  "thwackability": 0.4782213188946902,
  "totalFingers": 10,
  "tragicness": 0.1,
  "unthwackability": 0.22179504629287103,
  "watchfulness": 0.15142530442700042
}