{
  "anticapitalism": 0.22487166024714844,
  "baseThirst": 0.6410812629866398,
  "baserunningRating": 0.6441287960809133,
  "blood": 9,
  "buoyancy": 1.0998312857075838,
  "chasiness": 0.7056903909198419,
  "cinnamon": 0.9702097797205542,
  "coffee": 11,
  "coldness": 1.0932386528452769,
  "continuation": 0.861543723200663,
  "deceased": false,
  "defenseRating": 0.5637051157863924,
  "divinity": 1.0696706703784258,
  "eDensity": 23.75694522137151,
  "evolution": 1,
  "fate": 17,
  "gameAttr": [],
  "groundFriction": 0.355290871999964,
  "hitStreak": 0,
  "hittingRating": 0.6285821160885658,
  "id": "a1fba555-a48c-44f3-afb6-522ea256947c",
  "indulgence": 0.44772869833546913,
  "items": [],
  "laserlikeness": 0.6748193886249848,
  "leagueTeamId": "46358869-dce9-4a01-bfba-ac24fc56f57e",
  "martyrdom": 0.39996799723128185,
  "moxie": 0.8264717487690207,
  "musclitude": 0.19984907324052775,
  "name": "Mindy Kugel",
  "omniscience": 0.2837305417445273,
  "overpowerment": 0.8570971604992321,
  "patheticism": 0.3943517311464114,
  "peanutAllergy": false,
  "permAttr": [],
  "pitchingRating": 0.934735296208054,
  "pressurization": 0.6480714289430347,
  "ritual": "Painting",
  "ruthlessness": 1.0679435846552363,
  "seasAttr": [],
  "shakespearianism": 0.8847122632302229,
  "soul": 3,
  "state": {},
  "suppression": 0.30682054384739754,
  "tenaciousness": 0.4692204772335514,
  "thwackability": 0.4141692203389513,
  "totalFingers": 10,
  "tournamentTeamId": null,
  "tragicness": 0.08463089504027743,
  "unthwackability": 0.8857954808559653,
  "watchfulness": 1.1518733840629651,
  "weekAttr": []
}