{
  "anticapitalism": 0.2538705801976471,
  "armor": "",
  "baseThirst": 0.7616076609776612,
  "baserunningRating": 0.8189316944334275,
  "bat": "",
  "blood": 10,
  "buoyancy": 0.1141118918223782,
  "chasiness": 0.7153531367869719,
  "cinnamon": 0.6425222240417054,
  "coffee": 3,
  "coldness": 0.3745224708025876,
  "continuation": 0.6524709371299215,
  "deceased": false,
  "defenseRating": 0.5952685176676059,
  "divinity": 0.17701437258189398,
  "fate": 66,
  "gameAttr": [],
  "groundFriction": 1.022174451602734,
  "hitStreak": 0,
  "hittingRating": 0.2529239895555337,
  "id": "a2483925-697f-468f-931c-bcd0071394e5",
  "indulgence": 0.6837487236660602,
  "laserlikeness": 0.8286145479093179,
  "leagueTeamId": "979aee4a-6d80-4863-bf1c-ee1a78e06024",
  "martyrdom": 0.570676676871098,
  "moxie": 0.8281842922311129,
  "musclitude": 0.9507131873206244,
  "name": "Timmy Manco",
  "omniscience": 0.3018841089627784,
  "overpowerment": 0.04889838203033611,
  "patheticism": 0.2764220549434666,
  "peanutAllergy": true,
  "permAttr": [],
  "pitchingRating": 0.20795026686580245,
  "pressurization": 0.7461781943503341,
  "ritual": "Fighting",
  "ruthlessness": 0.4964691889460211,
  "seasAttr": [],
  "shakespearianism": 0.8533613619442242,
  "soul": 6,
  "suppression": 0.448536106312557,
  "tenaciousness": 0.948304783246021,
  "thwackability": 0.12699833243409195,
  "totalFingers": 10,
  "tournamentTeamId": null,
  "tragicness": 0.1,
  "unthwackability": 0.2030094652901073,
  "watchfulness": 0.3753357177414438,
  "weekAttr": []
}