{
  "anticapitalism": 0.22387058019764705,
  "armor": "",
  "baseThirst": 0.7316076609776612,
  "bat": "",
  "blood": 10,
  "buoyancy": 0.08411189182237822,
  "chasiness": 0.6853531367869719,
  "cinnamon": 0.6125222240417054,
  "coffee": 3,
  "coldness": 0.3445224708025876,
  "continuation": 0.6224709371299215,
  "deceased": false,
  "divinity": 0.14701437258189398,
  "fate": 66,
  "groundFriction": 0.992174451602734,
  "id": "a2483925-697f-468f-931c-bcd0071394e5",
  "indulgence": 0.6537487236660602,
  "laserlikeness": 0.7986145479093179,
  "martyrdom": 0.540676676871098,
  "moxie": 0.7981842922311129,
  "musclitude": 0.9207131873206243,
  "name": "Timmy Manco",
  "omniscience": 0.27188410896277837,
  "overpowerment": 0.01889838203033611,
  "patheticism": 0.30642205494346664,
  "peanutAllergy": true,
  "pressurization": 0.716178194350334,
  "ritual": "Fighting",
  "ruthlessness": 0.4664691889460211,
  "shakespearianism": 0.8233613619442242,
  "soul": 6,
  "suppression": 0.418536106312557,
  "tenaciousness": 0.9183047832460208,
  "thwackability": 0.09699833243409196,
  "totalFingers": 10,
  "tragicness": 0.1,
  "unthwackability": 0.1730094652901073,
  "watchfulness": 0.3453357177414438
}