{
  "anticapitalism": 0.20248269783160705,
  "armor": "",
  "baseThirst": 0.6047631402437891,
  "baserunningRating": 0.8096707818568567,
  "bat": "",
  "blood": 8,
  "buoyancy": 0.5024076560060737,
  "chasiness": 0.7322689259190853,
  "cinnamon": 0.5803596476406366,
  "coffee": 3,
  "coldness": 0.5968951616304341,
  "continuation": 0.8366232343519824,
  "deceased": false,
  "defenseRating": 0.4602168243479351,
  "divinity": 0.23538083130043969,
  "fate": 84,
  "gameAttr": [],
  "groundFriction": 0.45940738864060426,
  "hitStreak": 0,
  "hittingRating": 0.413308393871279,
  "id": "a38ada0a-aeac-4a3d-b9a5-968687ccd2f9",
  "indulgence": 0.5851737297547074,
  "laserlikeness": 0.9770062197342512,
  "martyrdom": 0.7639584652818963,
  "moxie": 0.7989081528531813,
  "musclitude": 0.6688746351102911,
  "name": "Sixpack Santiago",
  "omniscience": 0.15809822451417832,
  "overpowerment": 0.8338107446457672,
  "patheticism": 0.29473653836951824,
  "peanutAllergy": true,
  "permAttr": [],
  "pitchingRating": 0.6178176119896724,
  "pressurization": 0.9992868903722874,
  "ritual": "Rage",
  "ruthlessness": 0.9215616642275194,
  "seasAttr": [],
  "shakespearianism": 0.37980940823132125,
  "soul": 7,
  "suppression": 0.3001669222702258,
  "tenaciousness": 0.8643366928481407,
  "thwackability": 0.41671812151575366,
  "totalFingers": 15,
  "tragicness": 0.1,
  "unthwackability": 0.535886425232987,
  "watchfulness": 0.15393823538148907,
  "weekAttr": []
}