{
  "anticapitalism": 0.10271655985431288,
  "armor": "",
  "baseThirst": 0.5096552531008618,
  "bat": "",
  "blood": 3,
  "buoyancy": 0.3464010795435137,
  "chasiness": 0.6202393834342992,
  "cinnamon": 0.4811133477863554,
  "coffee": 3,
  "coldness": 0.3191101923247645,
  "continuation": 0.7142947456280493,
  "deceased": false,
  "divinity": 0.09588841360505056,
  "fate": 84,
  "gameAttr": [],
  "groundFriction": 0.3602989085393193,
  "id": "a38ada0a-aeac-4a3d-b9a5-968687ccd2f9",
  "indulgence": 0.4621556938116287,
  "laserlikeness": 0.8734946935480492,
  "martyrdom": 0.6190518702052894,
  "moxie": 0.626249218792369,
  "musclitude": 0.5264716782374734,
  "name": "Sixpack Santiago",
  "omniscience": 0.07006999742703618,
  "overpowerment": 0.5720905832298699,
  "patheticism": 0.4716557643399962,
  "peanutAllergy": true,
  "permAttr": [],
  "pressurization": 0.9992868903722874,
  "ritual": "Rage",
  "ruthlessness": 0.6429989323726237,
  "seasAttr": [],
  "shakespearianism": 0.10216873350445849,
  "soul": 7,
  "suppression": 0.01,
  "tenaciousness": 0.7721918599904043,
  "thwackability": 0.2448765534629746,
  "totalFingers": 11,
  "tragicness": 0.1,
  "unthwackability": 0.2961154610966669,
  "watchfulness": 0.033813348272986266,
  "weekAttr": []
}