{
  "anticapitalism": 0.46010620354245246,
  "baseThirst": 0.7923711460996538,
  "baserunningRating": 1.3781082616944775,
  "blood": 6,
  "buoyancy": 0.81764728928532,
  "chasiness": 0.5199013075802776,
  "cinnamon": 1.2172955977868036,
  "coffee": 3,
  "coldness": 1.2001042591803657,
  "continuation": 0.9703457626242804,
  "deceased": false,
  "defenseRating": 1.1031961950578002,
  "divinity": 0.9242875364155654,
  "eDensity": 165.40120754410444,
  "evolution": 0,
  "fate": 78,
  "gameAttr": [],
  "groundFriction": 1.3278807331381492,
  "hitStreak": 0,
  "hittingRating": 1.061443061720886,
  "id": "a3947fbc-50ec-45a4-bca4-49ffebb77dbe",
  "indulgence": 0.8830007651285638,
  "itemAttr": [],
  "items": [],
  "laserlikeness": 1.3198920718779616,
  "leagueTeamId": "3f8bbb15-61c0-4e3f-8e4a-907a5fb1565e",
  "martyrdom": 0.7183735143025503,
  "moxie": 0.6377267794149947,
  "musclitude": 0.781462563449712,
  "name": "Chorby Short",
  "omniscience": 0.749065876933572,
  "overpowerment": 0.6680815295082196,
  "patheticism": 0.21063850026181488,
  "peanutAllergy": false,
  "permAttr": [
    "HOMEBODY",
    "ATTRACTOR",
    "OVERPERFORMING",
    "FRIEND_OF_CROWS"
  ],
  "pitchingRating": 1.5145678449703284,
  "pressurization": 0.7857967407463393,
  "ritual": "Extra-gravity workout",
  "ruthlessness": 1.2905984270546664,
  "seasAttr": [],
  "shakespearianism": 0.6783199342837505,
  "soul": 0,
  "state": {
    "permModSources": {
      "OVERPERFORMING": [
        "HOMEBODY"
      ]
    }
  },
  "suppression": 0.6502518810204052,
  "tenaciousness": 0.4882177668700334,
  "thwackability": 1.0716516183171372,
  "totalFingers": 10,
  "tournamentTeamId": "b3b9636a-f88a-47dc-a91d-86ecc79f9934",
  "tragicness": 0.001,
  "unthwackability": 0.5164216452638326,
  "watchfulness": 0.6961721019842214,
  "weekAttr": []
}