{
  "anticapitalism": 0.4013810222161314,
  "baseThirst": 0.7507696551211369,
  "baserunningRating": 1.3227013462409438,
  "blood": 6,
  "buoyancy": 0.7513722098846152,
  "chasiness": 0.4480868486320449,
  "cinnamon": 1.1668790137927747,
  "coffee": 3,
  "coldness": 1.1307591887475812,
  "continuation": 0.904042582678998,
  "deceased": false,
  "defenseRating": 1.0535662910825463,
  "divinity": 0.8561478496748227,
  "eDensity": 163.85354196003982,
  "evolution": 0,
  "fate": 78,
  "gameAttr": [],
  "groundFriction": 1.265684592718891,
  "hitStreak": 0,
  "hittingRating": 1.0004012894520486,
  "id": "a3947fbc-50ec-45a4-bca4-49ffebb77dbe",
  "indulgence": 0.8049520980057822,
  "itemAttr": [],
  "items": [],
  "laserlikeness": 1.2594553485693978,
  "leagueTeamId": "36569151-a2fb-43c1-9df7-2df512424c82",
  "martyrdom": 0.6763538917823444,
  "moxie": 0.5785279703664065,
  "musclitude": 0.7213984321547677,
  "name": "Chorby Short",
  "omniscience": 0.6950909289549003,
  "overpowerment": 0.62625884496389,
  "patheticism": 0.2517195387257198,
  "peanutAllergy": false,
  "permAttr": [
    "HOMEBODY",
    "MARKED",
    "ATTRACTOR",
    "UNDERPERFORMING"
  ],
  "pitchingRating": 1.4595513532301494,
  "pressurization": 0.7857967407463393,
  "ritual": "Extra-gravity workout",
  "ruthlessness": 1.2395775999303358,
  "seasAttr": [],
  "shakespearianism": 0.6287173844595737,
  "soul": 0,
  "state": {
    "permModSources": {
      "UNDERPERFORMING": [
        "HOMEBODY"
      ]
    }
  },
  "suppression": 0.5708096126096424,
  "tenaciousness": 0.4305524814766578,
  "thwackability": 1.0006135055231966,
  "totalFingers": 10,
  "tournamentTeamId": "b3b9636a-f88a-47dc-a91d-86ecc79f9934",
  "tragicness": 0.001,
  "unthwackability": 0.47279321090875814,
  "watchfulness": 0.6506618526369655,
  "weekAttr": []
}