{
  "anticapitalism": 0.15441315012602774,
  "armor": "",
  "baseThirst": 0.46587594109842034,
  "baserunningRating": 0.8276582892923458,
  "bat": "",
  "blood": 6,
  "buoyancy": 0.01,
  "chasiness": 0.24136167351205295,
  "cinnamon": 0.9043236348376792,
  "coffee": 3,
  "coldness": 0.8684627742099438,
  "continuation": 0.6131909627611825,
  "deceased": false,
  "defenseRating": 0.38003106713101525,
  "divinity": 0.08226729587642864,
  "fate": 78,
  "gameAttr": [],
  "groundFriction": 0.9959074808730212,
  "hitStreak": 0,
  "hittingRating": 0.17920408539604174,
  "id": "a3947fbc-50ec-45a4-bca4-49ffebb77dbe",
  "indulgence": 0.533743252356623,
  "laserlikeness": 0.9986622965681242,
  "leagueTeamId": "7966eb04-efcc-499b-8f03-d13916330531",
  "martyrdom": 0.511548368278974,
  "moxie": 0.01,
  "musclitude": 0.051538266601100474,
  "name": "Chorby Short",
  "omniscience": 0.3998936385672025,
  "overpowerment": 0.4103999093853432,
  "patheticism": 0.9668284218480576,
  "peanutAllergy": false,
  "permAttr": [],
  "pitchingRating": 0.3979112499095771,
  "pressurization": 0.7857967407463393,
  "ritual": "Extra-gravity workout",
  "ruthlessness": 0.9631948777529212,
  "seasAttr": [],
  "shakespearianism": 0.4047489310643913,
  "soul": 5,
  "suppression": 0.3477659732321021,
  "tenaciousness": 0.15712842017322592,
  "thwackability": 0.7678673825268011,
  "totalFingers": 10,
  "tournamentTeamId": "b3b9636a-f88a-47dc-a91d-86ecc79f9934",
  "tragicness": 0.1,
  "unthwackability": 0.25719600883365423,
  "watchfulness": 0.42701186389329826,
  "weekAttr": []
}