{
  "anticapitalism": 0.5817321165505154,
  "baseThirst": 0.7282782900222813,
  "baserunningRating": 0.38223253977143806,
  "blood": 2,
  "buoyancy": 0.18897442169897224,
  "chasiness": 0.6043149949161342,
  "cinnamon": 0.7203540242624384,
  "coffee": 11,
  "coldness": 0.4783468363178365,
  "continuation": 0.24851503980978285,
  "deceased": false,
  "defenseRating": 0.31346008196809105,
  "divinity": 0.9357644086452672,
  "eDensity": 27.26063280879065,
  "evolution": 0,
  "fate": 65,
  "gameAttr": [],
  "groundFriction": 0.21332559253019623,
  "hitStreak": 0,
  "hittingRating": 0.7127920872435399,
  "id": "a5a02a4b-72a2-4eef-802c-14a1964e0dae",
  "indulgence": 0.8979877144459916,
  "itemAttr": [],
  "items": [],
  "laserlikeness": 0.2861953894128473,
  "leagueTeamId": "bb4a9de5-c924-4923-a0cb-9d1445f1ee5d",
  "martyrdom": 0.9648464592550436,
  "moxie": 0.516496137712813,
  "musclitude": 0.2590439431090831,
  "name": "Susananana Portmanteau",
  "omniscience": 0.009835859930741542,
  "overpowerment": 0.9446630956280786,
  "patheticism": 0.6773838826511233,
  "peanutAllergy": true,
  "permAttr": [],
  "pitchingRating": 0.8460861203950271,
  "pressurization": 0.6445698343932675,
  "ritual": "Fist-fighting the sea",
  "ruthlessness": 0.8712844050855588,
  "seasAttr": [],
  "shakespearianism": 0.626815266261316,
  "soul": 6,
  "state": {},
  "suppression": 0.556630834629541,
  "tenaciousness": 0.6744640400304918,
  "thwackability": 0.7818299545916695,
  "totalFingers": 10,
  "tournamentTeamId": null,
  "tragicness": 0.8781354560116659,
  "unthwackability": 0.9261963083745854,
  "watchfulness": 0.5919618875044672,
  "weekAttr": []
}