{
  "anticapitalism": 0.3936571182260906,
  "baseThirst": 0.22187870520903297,
  "baserunningRating": 0.38480520492612896,
  "blood": 11,
  "buoyancy": 0.5186673145341654,
  "chasiness": 0.7611440539252134,
  "cinnamon": 0.6296945270194747,
  "coffee": 12,
  "coldness": 0.08159379106346276,
  "continuation": 0.19311236624307804,
  "deceased": false,
  "defenseRating": 0.7488587362968466,
  "divinity": 0.7846612188953059,
  "eDensity": 20.19084981522032,
  "evolution": 0,
  "fate": 5,
  "gameAttr": [],
  "groundFriction": 0.5876905885986576,
  "hitStreak": 0,
  "hittingRating": 0.2767661871143736,
  "id": "a5e4e86f-d3a8-424a-9768-2ada17a4e741",
  "indulgence": 0.6008482271796531,
  "items": [],
  "laserlikeness": 0.34238444812345903,
  "leagueTeamId": "878c1bf6-0d21-4659-bfee-916c8314d69c",
  "martyrdom": 0.5919679697646927,
  "moxie": 0.6477314306653816,
  "musclitude": 0.5439035772346985,
  "name": "Willow Eggburt",
  "omniscience": 0.821316267698601,
  "overpowerment": 0.10144571108112133,
  "patheticism": 0.7785158775190966,
  "peanutAllergy": false,
  "permAttr": [],
  "pitchingRating": 0.3311198452655535,
  "pressurization": 0.937187229267146,
  "ritual": "Getting organized",
  "ruthlessness": 0.988311521757974,
  "seasAttr": [],
  "shakespearianism": 0.9334910869176098,
  "soul": 4,
  "state": {},
  "suppression": 0.0013851352930058791,
  "tenaciousness": 0.605570996308582,
  "thwackability": 0.05374547247910466,
  "totalFingers": 10,
  "tournamentTeamId": null,
  "tragicness": 0.7100824991320456,
  "unthwackability": 0.25268550871268136,
  "watchfulness": 0.7482781367297691,
  "weekAttr": []
}