{
  "anticapitalism": 0.33578823720870354,
  "armor": "",
  "baseThirst": 0.48660458758506225,
  "bat": "",
  "blood": 5,
  "buoyancy": 0.8813754690549335,
  "chasiness": 1.306899156572686,
  "cinnamon": 1.0357265950696548,
  "coffee": 8,
  "coldness": 1.163001973607216,
  "continuation": 0.6201291030671171,
  "deceased": false,
  "divinity": 0.3194191612574536,
  "fate": 10,
  "gameAttr": [],
  "groundFriction": 0.49737142040610594,
  "hitStreak": 0,
  "id": "a5f8ce83-02b2-498c-9e48-533a1d81aebf",
  "indulgence": 0.2585308767036504,
  "laserlikeness": 0.5643758394858962,
  "martyrdom": 0.5939775635218483,
  "moxie": 0.1960978013440306,
  "musclitude": 0.31181948582497454,
  "name": "Evelton McBlase",
  "omniscience": 0.6907571121354891,
  "overpowerment": 0.96775510878632,
  "patheticism": 0.5495585582832833,
  "peanutAllergy": true,
  "permAttr": [],
  "pressurization": 0.8115882671698996,
  "ritual": "Crystals",
  "ruthlessness": 0.7984272819721747,
  "seasAttr": [],
  "shakespearianism": 0.3199738202166279,
  "soul": 4,
  "suppression": 0.6008139262488034,
  "tenaciousness": 0.7748530672660114,
  "thwackability": 0.2927061302328111,
  "totalFingers": 12,
  "tragicness": 0.04583851128259519,
  "unthwackability": 0.23737426930570316,
  "watchfulness": 0.3646614930891878,
  "weekAttr": []
}