{
  "anticapitalism": 0.4003715396172305,
  "armor": "",
  "baseThirst": 0.56046555527471,
  "bat": "",
  "blood": 5,
  "buoyancy": 0.950343007415764,
  "chasiness": 1.3607618444573746,
  "cinnamon": 1.0818425235056486,
  "coffee": 8,
  "coldness": 1.2242832313855918,
  "continuation": 0.6818842984188485,
  "deceased": false,
  "divinity": 0.3975127479518176,
  "fate": 10,
  "gameAttr": [],
  "groundFriction": 0.5701144903712086,
  "hitStreak": 0,
  "id": "a5f8ce83-02b2-498c-9e48-533a1d81aebf",
  "indulgence": 0.33136632465139515,
  "laserlikeness": 0.6241181423521877,
  "martyrdom": 0.6414808928131729,
  "moxie": 0.24426497960861973,
  "musclitude": 0.3598496522447091,
  "name": "Evelton McBlase",
  "omniscience": 0.7597757542642962,
  "overpowerment": 1.012186153182466,
  "patheticism": 0.5019667721922065,
  "peanutAllergy": true,
  "permAttr": [],
  "pressurization": 0.8115882671698996,
  "ritual": "Crystals",
  "ruthlessness": 0.8522696348430178,
  "seasAttr": [],
  "shakespearianism": 0.38444894814621133,
  "soul": 4,
  "suppression": 0.6601804182805534,
  "tenaciousness": 0.8214751738912387,
  "thwackability": 0.367935117764821,
  "totalFingers": 12,
  "tragicness": 0.1,
  "unthwackability": 0.30877298616611354,
  "watchfulness": 0.4286189460595506,
  "weekAttr": []
}