{
  "anticapitalism": 0.5875105751335121,
  "armor": "",
  "baseThirst": 0.1970626894534646,
  "bat": "",
  "blood": 8,
  "buoyancy": 0.5202210693553201,
  "chasiness": 0.3800905410396813,
  "cinnamon": 0.6077078589248845,
  "coffee": 7,
  "coldness": 0.11628917001485736,
  "continuation": 0.5856325943809486,
  "deceased": false,
  "divinity": 0.861721082299776,
  "fate": 72,
  "gameAttr": [],
  "groundFriction": 0.953731404482664,
  "id": "a647388d-fc59-4c1b-90d3-8c1826e07775",
  "indulgence": 0.4480284543141668,
  "laserlikeness": 0.14796333757489943,
  "martyrdom": 0.4309582622997287,
  "moxie": 0.7102807751792345,
  "musclitude": 0.7225322953133883,
  "name": "Chambers Simmons",
  "omniscience": 0.04906376590790584,
  "overpowerment": 0.7607191064267725,
  "patheticism": 0.8764203975002568,
  "peanutAllergy": false,
  "permAttr": [],
  "pressurization": 0.3779736272555312,
  "ritual": "Astral projection",
  "ruthlessness": 0.3370864777211269,
  "seasAttr": [],
  "shakespearianism": 0.8226906209899504,
  "soul": 2,
  "suppression": 0.6204948779407239,
  "tenaciousness": 0.02261198855937252,
  "thwackability": 0.6134310564364588,
  "totalFingers": 12,
  "tragicness": 0.060000000000000005,
  "unthwackability": 0.4185109659898658,
  "watchfulness": 0.4787384810770807,
  "weekAttr": []
}