{
  "anticapitalism": 0.6075105751335121,
  "armor": "",
  "baseThirst": 0.6499325098634887,
  "bat": "",
  "blood": 12,
  "buoyancy": 0.5402210693553201,
  "chasiness": 0.40009054103968134,
  "cinnamon": 0.6077078589248845,
  "coffee": 7,
  "coldness": 0.13628917001485735,
  "continuation": 0.3887408006418646,
  "deceased": false,
  "divinity": 0.881721082299776,
  "fate": 72,
  "gameAttr": [],
  "groundFriction": 0.31948669112254446,
  "hitStreak": 0,
  "id": "a647388d-fc59-4c1b-90d3-8c1826e07775",
  "indulgence": 0.39970409160677733,
  "laserlikeness": 0.9911335803670138,
  "martyrdom": 0.45095826229972874,
  "moxie": 0.7302807751792345,
  "musclitude": 0.7425322953133883,
  "name": "Chambers Simmons",
  "omniscience": 0.06906376590790585,
  "overpowerment": 0.7807191064267726,
  "patheticism": 0.8564203975002568,
  "peanutAllergy": false,
  "permAttr": [],
  "pressurization": 0.3779736272555312,
  "ritual": "Astral projection",
  "ruthlessness": 0.3570864777211269,
  "seasAttr": [],
  "shakespearianism": 0.8426906209899504,
  "soul": 2,
  "suppression": 0.6404948779407239,
  "tenaciousness": 0.04261198855937253,
  "thwackability": 0.6334310564364588,
  "totalFingers": 13,
  "tragicness": 0.1,
  "unthwackability": 0.43851096598986583,
  "watchfulness": 0.49873848107708074,
  "weekAttr": []
}