{
  "anticapitalism": 0.6555447633131857,
  "armor": "",
  "baseThirst": 0.6917099378772027,
  "baserunningRating": 0.7619941869424413,
  "bat": "",
  "blood": 12,
  "buoyancy": 0.4960024198635765,
  "chasiness": 0.4525185186586708,
  "cinnamon": 0.678878797367747,
  "coffee": 7,
  "coldness": 0.1581635595864328,
  "continuation": 0.433437144302076,
  "deceased": false,
  "defenseRating": 0.35190619614471347,
  "divinity": 0.8234215702619232,
  "fate": 72,
  "gameAttr": [],
  "groundFriction": 0.3659262896798894,
  "hitStreak": 0,
  "hittingRating": 0.6344922662213475,
  "id": "a647388d-fc59-4c1b-90d3-8c1826e07775",
  "indulgence": 0.462792111189837,
  "laserlikeness": 1.0538465454846986,
  "martyrdom": 0.40589180430027255,
  "moxie": 0.6800438789712271,
  "musclitude": 0.7198497375051827,
  "name": "Chambers Simmons",
  "omniscience": 0.11164136225679788,
  "overpowerment": 0.7805929620256077,
  "patheticism": 0.9142194940149414,
  "peanutAllergy": false,
  "permAttr": [],
  "pitchingRating": 0.4073983920304672,
  "pressurization": 0.3779736272555312,
  "ritual": "Astral projection",
  "ruthlessness": 0.372017228658427,
  "seasAttr": [],
  "shakespearianism": 0.8584722374446057,
  "soul": 2,
  "suppression": 0.6453247553391909,
  "tenaciousness": 0.11789521096893024,
  "thwackability": 0.577312408848364,
  "totalFingers": 12,
  "tragicness": 0.02418118281400039,
  "unthwackability": 0.44582068689967214,
  "watchfulness": 0.5667451933231686,
  "weekAttr": []
}