{
  "anticapitalism": 0.14376298857095704,
  "baseThirst": 0.04040290896950327,
  "baserunningRating": 0.490928322137696,
  "blood": 9,
  "buoyancy": 0.590234889041253,
  "chasiness": 0.31612654884069347,
  "cinnamon": 0.9979272869598654,
  "coffee": 5,
  "coldness": 0.0045429652762360995,
  "continuation": 0.23065763061767353,
  "deceased": false,
  "defenseRating": 0.6216077486241097,
  "divinity": 0.7564997647858955,
  "eDensity": 23.761698280309517,
  "evolution": 0,
  "fate": 67,
  "gameAttr": [],
  "groundFriction": 0.5174067333906422,
  "hitStreak": 0,
  "hittingRating": 0.6485883938570512,
  "id": "a68e82ac-7375-4176-b754-6175ea47dcb4",
  "indulgence": 0.5066640669470506,
  "itemAttr": [],
  "items": [],
  "laserlikeness": 0.8025085107638461,
  "leagueTeamId": "9debc64f-74b7-4ae1-a4d6-fce0144b6ea5",
  "martyrdom": 0.8638130908845707,
  "moxie": 0.5018222911062376,
  "musclitude": 0.23708361267785816,
  "name": "Guadalupe Incarnate",
  "omniscience": 0.6819374150268718,
  "overpowerment": 0.4064095650826762,
  "patheticism": 0.7152339564665418,
  "peanutAllergy": false,
  "permAttr": [],
  "pitchingRating": 0.4905467182825031,
  "pressurization": 0.4891089243283897,
  "ritual": "Apologies",
  "ruthlessness": 0.3794519938533074,
  "seasAttr": [],
  "shakespearianism": 0.8284674909323024,
  "soul": 4,
  "state": {},
  "suppression": 0.7843180970647905,
  "tenaciousness": 0.7250469281216017,
  "thwackability": 0.7315896701715432,
  "totalFingers": 10,
  "tournamentTeamId": null,
  "tragicness": 0.04922465237851559,
  "unthwackability": 0.9307306942559106,
  "watchfulness": 0.775237657817667,
  "weekAttr": []
}