{
  "anticapitalism": 0.35319692402606884,
  "armor": "",
  "baseThirst": 0.00097624419869069,
  "bat": "",
  "blood": 8,
  "buoyancy": 0.2115320650687611,
  "chasiness": 0.05518798026433758,
  "cinnamon": 0.4081373245219726,
  "coffee": 12,
  "coldness": 0.2568681864878104,
  "continuation": 0.04803588569701134,
  "deceased": false,
  "divinity": 0.6530734037531807,
  "fate": 78,
  "gameAttr": [],
  "groundFriction": 0.6314611379802637,
  "id": "a691f2ba-9b69-41f8-892c-1acd42c336e4",
  "indulgence": 0.350641898318651,
  "laserlikeness": 0.2324029455811809,
  "martyrdom": 0.3843815676825175,
  "moxie": 0.49912923514194585,
  "musclitude": 0.026948103087579337,
  "name": "Jenkins Good",
  "omniscience": 0.883147780293642,
  "overpowerment": 0.5360770345052601,
  "patheticism": 0.18627995926653051,
  "peanutAllergy": true,
  "permAttr": [
    "ALTERNATE"
  ],
  "pressurization": 0.7071860243831654,
  "ritual": "Collective bargaining",
  "ruthlessness": 0.8900624714533705,
  "seasAttr": [],
  "shakespearianism": 0.11160057455880534,
  "soul": 6,
  "suppression": 0.0888044270184154,
  "tenaciousness": 0.8195986524804952,
  "thwackability": 0.2161383648357671,
  "totalFingers": 10,
  "tragicness": 0.1,
  "unthwackability": 0.8177046605836391,
  "watchfulness": 0.005446576804651215,
  "weekAttr": []
}