{
  "anticapitalism": 0.11101667871282106,
  "armor": "",
  "baseThirst": 0.3537348301234402,
  "baserunningRating": 0.5026363352187623,
  "bat": "",
  "blood": 5,
  "buoyancy": 0.7102852467541423,
  "chasiness": 0.4307759857411914,
  "cinnamon": 0.3511576512269945,
  "coffee": 11,
  "coldness": 0.8128317411994535,
  "continuation": 0.4242627251785367,
  "deceased": false,
  "defenseRating": 0.6543483039868649,
  "divinity": 0.7656260550560519,
  "eDensity": 26.571354042827487,
  "evolution": 0,
  "fate": 15,
  "gameAttr": [],
  "groundFriction": 0.0930376680714624,
  "hitStreak": 0,
  "hittingRating": 0.6234652195614262,
  "id": "a6ec8d00-a78f-4f6b-b51a-db9f5507cf0a",
  "indulgence": 0.23198583730569533,
  "laserlikeness": 0.7950989179388537,
  "leagueTeamId": "46358869-dce9-4a01-bfba-ac24fc56f57e",
  "martyrdom": 0.1688490494972037,
  "moxie": 0.7965558827783425,
  "musclitude": 0.03596484981243275,
  "name": "Foxy Pebble",
  "omniscience": 0.7936371485327716,
  "overpowerment": 0.21880546208587948,
  "patheticism": 0.2351124216890721,
  "peanutAllergy": true,
  "permAttr": [],
  "pitchingRating": 0.3011721473511588,
  "pressurization": 0.8369630148805476,
  "ritual": "Pointing at the sky",
  "ruthlessness": 0.116258616481816,
  "seasAttr": [],
  "shakespearianism": 0.809130403301634,
  "soul": 6,
  "state": {},
  "suppression": 0.8716215694526535,
  "tenaciousness": 0.9106947480685436,
  "thwackability": 0.8373448595518622,
  "totalFingers": 10,
  "tournamentTeamId": null,
  "tragicness": 0.13345351183822785,
  "unthwackability": 0.8436616463226541,
  "watchfulness": 0.5760503641515695,
  "weekAttr": []
}