{
  "anticapitalism": 0.010078402642010651,
  "armor": "",
  "baseThirst": 0.7050692433208812,
  "baserunningRating": 0.4890752037043914,
  "bat": "",
  "blood": 2,
  "buoyancy": 0.12416125117426602,
  "chasiness": 0.12647313362536616,
  "cinnamon": 0.28956999663274385,
  "coffee": 4,
  "coldness": 0.7552524972279595,
  "continuation": 0.7644529423058093,
  "deceased": false,
  "defenseRating": 0.3343864273907157,
  "divinity": 0.9170771574512582,
  "eDensity": 32.65524684145925,
  "evolution": 0,
  "fate": 83,
  "gameAttr": [],
  "groundFriction": 0.6724327088017987,
  "hitStreak": 0,
  "hittingRating": 0.7243908275945914,
  "id": "a7b0bef3-ee3c-42d4-9e6d-683cd9f5ed84",
  "indulgence": 0.07238763434081297,
  "laserlikeness": 0.4954184095359615,
  "leagueTeamId": "23e4cbc1-e9cd-47fa-a35b-bfa06f726cb7",
  "martyrdom": 0.1692632410567092,
  "moxie": 0.5859205013604731,
  "musclitude": 0.8530104930499196,
  "name": "Haruta Byrd",
  "omniscience": 0.3330769289258486,
  "overpowerment": 0.18910900493760452,
  "patheticism": 0.832203137484949,
  "peanutAllergy": true,
  "permAttr": [],
  "pitchingRating": 0.545754232947337,
  "pressurization": 0.2745020858440137,
  "ritual": "Inversion table",
  "ruthlessness": 0.6847119771272854,
  "seasAttr": [],
  "shakespearianism": 0.6020431196660248,
  "soul": 9,
  "state": {},
  "suppression": 0.36051521345801807,
  "tenaciousness": 0.4331163527400816,
  "thwackability": 0.721432688759575,
  "totalFingers": 10,
  "tournamentTeamId": null,
  "tragicness": 0.1,
  "unthwackability": 0.7460090483943356,
  "watchfulness": 0.6588676173436516,
  "weekAttr": []
}