{
  "anticapitalism": 0.3493684176238053,
  "armor": "",
  "baseThirst": 0.780688835734565,
  "baserunningRating": 0.7861174707546215,
  "bat": "",
  "blood": 9,
  "buoyancy": 0.6676879619008992,
  "chasiness": 0.9854494509627564,
  "cinnamon": 1.0228799275917997,
  "coffee": 7,
  "coldness": 1.0194794657357429,
  "continuation": 0.8819366648900164,
  "deceased": false,
  "defenseRating": 0.5870731037214324,
  "divinity": 0.78923123303327,
  "fate": 80,
  "gameAttr": [
    "TIRED"
  ],
  "groundFriction": 0.36373150104575175,
  "hitStreak": 0,
  "hittingRating": 0.8513266513749158,
  "id": "a7d8196a-ca6b-4dab-a9d7-c27f3e86cc21",
  "indulgence": 0.5865034973221178,
  "laserlikeness": 0.9069461860648764,
  "leagueTeamId": "eb67ae5e-c4bf-46ca-bbbc-425cd34182ff",
  "martyrdom": 1.0012843597334973,
  "moxie": 1.0263398190799369,
  "musclitude": 0.4504386167931167,
  "name": "Commissioner Vapor",
  "omniscience": 0.3953647337976311,
  "overpowerment": 1.0259753023679132,
  "patheticism": 0.01,
  "peanutAllergy": false,
  "permAttr": [],
  "pitchingRating": 0.48958793058627775,
  "pressurization": 0.1099628146405358,
  "ritual": "Bracing for the inevitable",
  "ruthlessness": 0.3682818141888992,
  "seasAttr": [],
  "shakespearianism": 1.0346692664772996,
  "soul": 3,
  "suppression": 0.5499507198672546,
  "tenaciousness": 0.5285900530749541,
  "thwackability": 0.9479187768288008,
  "totalFingers": 10,
  "tournamentTeamId": "d8f82163-2e74-496b-8e4b-2ab35b2d3ff1",
  "tragicness": 0.1,
  "unthwackability": 0.5248036911625428,
  "watchfulness": 0.3234223410173554,
  "weekAttr": []
}