{
  "anticapitalism": 0.4080116596751578,
  "baseThirst": 0.8446661226968895,
  "baserunningRating": 0.8375271693210781,
  "blood": 9,
  "buoyancy": 0.8149306901361913,
  "chasiness": 1.0282156938426603,
  "cinnamon": 1.0762457694617296,
  "coffee": 7,
  "coldness": 1.0821206159571757,
  "continuation": 0.9267167509335704,
  "deceased": false,
  "defenseRating": 0.6311596241233225,
  "divinity": 0.94397203470172,
  "eDensity": 53.10537705730177,
  "evolution": 0,
  "fate": 80,
  "gameAttr": [],
  "groundFriction": 0.4326680597979981,
  "hitStreak": 0,
  "hittingRating": 0.9989281920437458,
  "id": "a7d8196a-ca6b-4dab-a9d7-c27f3e86cc21",
  "indulgence": 0.6472478407854028,
  "itemAttr": [
    "CHUNKY"
  ],
  "items": [
    {
      "baserunningRating": 0,
      "defenseRating": 0,
      "durability": 2,
      "forger": null,
      "forgerName": null,
      "health": 2,
      "hittingRating": 0.03232249530465037,
      "id": "7e6ddf9a-6ee0-4277-afb3-b438bbdce7db",
      "name": "Chunky Bat",
      "pitchingRating": 0,
      "postPrefix": null,
      "prePrefix": null,
      "prefixes": [
        {
          "adjustments": [
            {
              "mod": "CHUNKY",
              "type": 0
            }
          ],
          "name": "Chunky"
        }
      ],
      "root": {
        "adjustments": [
          {
            "stat": 2,
            "type": 1,
            "value": 0.10592359107288524
          }
        ],
        "name": "Bat"
      },
      "suffix": null
    }
  ],
  "laserlikeness": 0.9502246703909416,
  "leagueTeamId": "eb67ae5e-c4bf-46ca-bbbc-425cd34182ff",
  "martyrdom": 1.159183227708004,
  "moxie": 1.1984056748571452,
  "musclitude": 0.6185593735494154,
  "name": "Commissioner Vapor",
  "omniscience": 0.4440013356083717,
  "overpowerment": 1.0880114446038311,
  "patheticism": 0.001,
  "peanutAllergy": false,
  "permAttr": [
    "PERK"
  ],
  "pitchingRating": 0.5474388798406777,
  "pressurization": 0.1099628146405358,
  "ritual": "Bracing for the inevitable",
  "ruthlessness": 0.3956830742546547,
  "seasAttr": [],
  "shakespearianism": 1.091764903130971,
  "soul": 3,
  "state": {
    "itemModSources": {
      "CHUNKY": [
        "7e6ddf9a-6ee0-4277-afb3-b438bbdce7db"
      ]
    }
  },
  "suppression": 0.5968536405647713,
  "tenaciousness": 0.5686218423870019,
  "thwackability": 1.1168096874100584,
  "totalFingers": 10,
  "tournamentTeamId": "d8f82163-2e74-496b-8e4b-2ab35b2d3ff1",
  "tragicness": 0.001,
  "unthwackability": 0.6004317507668846,
  "watchfulness": 0.3751627035929624,
  "weekAttr": []
}