{
  "anticapitalism": 0.20166640680054385,
  "armor": "",
  "baseThirst": 0.6576772905070638,
  "bat": "",
  "blood": 0,
  "buoyancy": 0.4687556534527408,
  "chasiness": 0.86649356454535,
  "cinnamon": 0.9107219170863556,
  "coffee": 0,
  "coldness": 0.9150802961129764,
  "continuation": 0.7781034994369223,
  "deceased": false,
  "divinity": 0.5701531037047833,
  "fate": 80,
  "gameAttr": [],
  "groundFriction": 0.2325767660841047,
  "id": "a7d8196a-ca6b-4dab-a9d7-c27f3e86cc21",
  "indulgence": 0.4573524639392845,
  "laserlikeness": 0.7569214187535993,
  "martyrdom": 0.7484580342396361,
  "moxie": 0.7898337094129488,
  "musclitude": 0.2496560086408297,
  "name": "Commissioner Vapor",
  "omniscience": 0.2903799637330957,
  "overpowerment": 0.8732713860601655,
  "patheticism": 0.16936701781933294,
  "peanutAllergy": false,
  "permAttr": [],
  "pressurization": 0.1099628146405358,
  "ritual": "",
  "ruthlessness": 0.22671938677075087,
  "seasAttr": [],
  "shakespearianism": 0.9230918174414936,
  "soul": 3,
  "suppression": 0.4329849140706614,
  "tenaciousness": 0.4211958775110338,
  "thwackability": 0.7218132112000499,
  "totalFingers": 10,
  "tragicness": 0.20452785437457233,
  "unthwackability": 0.3753793102500622,
  "watchfulness": 0.21300841449284455,
  "weekAttr": []
}