{
  "anticapitalism": 0.5405785779211632,
  "baseThirst": 0.6628947207332654,
  "baserunningRating": 0.5947718332602538,
  "blood": 8,
  "buoyancy": 0.050377331163439454,
  "chasiness": 0.5734157312765915,
  "cinnamon": 0.4155476885353442,
  "coffee": 8,
  "coldness": 0.3910782879942267,
  "continuation": 0.3331803981059025,
  "deceased": false,
  "defenseRating": 0.758660657982837,
  "divinity": 0.9891936136907692,
  "eDensity": 22.484556936575295,
  "evolution": 0,
  "fate": 37,
  "gameAttr": [],
  "groundFriction": 0.15722635213073155,
  "hitStreak": 0,
  "hittingRating": 0.7228641833739095,
  "id": "a7edbf19-caf6-45dd-83d5-46496c99aa88",
  "indulgence": 0.7142110819150158,
  "itemAttr": [],
  "items": [],
  "laserlikeness": 0.7409784909803392,
  "leagueTeamId": "ca3f1c8c-c025-4d8e-8eef-5be6accbeb16",
  "martyrdom": 0.8375340951408077,
  "moxie": 0.9955452016331672,
  "musclitude": 0.9464501075804757,
  "name": "Rush Valenzuela",
  "omniscience": 0.8833907759290702,
  "overpowerment": 0.0409222033212866,
  "patheticism": 0.3136001076661059,
  "peanutAllergy": true,
  "permAttr": [
    "ALTERNATE"
  ],
  "pitchingRating": 0.06459238985276063,
  "pressurization": 0.3230350362617065,
  "ritual": "Mad science",
  "ruthlessness": 0.024506259772193006,
  "seasAttr": [],
  "shakespearianism": 0.7500965538180493,
  "soul": 5,
  "state": {},
  "suppression": 0.17405784565463112,
  "tenaciousness": 0.5631714408802815,
  "thwackability": 0.46088998741315734,
  "totalFingers": 10,
  "tournamentTeamId": null,
  "tragicness": 0.8977085973276686,
  "unthwackability": 0.23481009182734236,
  "watchfulness": 0.8233040127921734,
  "weekAttr": []
}