{
  "anticapitalism": 0.5574476431484445,
  "armor": "",
  "baseThirst": 0.12053545912572217,
  "baserunningRating": 0.5561757360473077,
  "bat": "",
  "blood": 10,
  "buoyancy": 0.30671601166872464,
  "chasiness": 0.9029122589915152,
  "cinnamon": 0.8497148939623225,
  "coffee": 8,
  "coldness": 0.5871597064543839,
  "continuation": 0.06056357841449933,
  "deceased": false,
  "defenseRating": 0.8558786433266914,
  "divinity": 0.6284416133990687,
  "eDensity": 0,
  "evolution": 0,
  "fate": 98,
  "gameAttr": [],
  "groundFriction": 0.9451671908995916,
  "hitStreak": 0,
  "hittingRating": 0.5876447893734997,
  "id": "a8530be5-8923-4f74-9675-bf8a1a8f7878",
  "indulgence": 0.796367551043001,
  "laserlikeness": 0.8758593427044223,
  "leagueTeamId": "9debc64f-74b7-4ae1-a4d6-fce0144b6ea5",
  "martyrdom": 0.15965043590606998,
  "moxie": 0.20676265526998103,
  "musclitude": 0.7890972337006985,
  "name": "Mohammed Picklestein",
  "omniscience": 0.9891731119236132,
  "overpowerment": 0.3730211311741263,
  "patheticism": 0.9029204313523302,
  "peanutAllergy": true,
  "permAttr": [],
  "pitchingRating": 0.6065962674884248,
  "pressurization": 0.4556205408627725,
  "ritual": "Flossing",
  "ruthlessness": 0.8462190709833346,
  "seasAttr": [],
  "shakespearianism": 0.2596957034258318,
  "soul": 8,
  "state": {},
  "suppression": 0.7834531762029686,
  "tenaciousness": 0.8540227409585828,
  "thwackability": 0.7985973182708417,
  "totalFingers": 10,
  "tournamentTeamId": null,
  "tragicness": 0.1,
  "unthwackability": 0.7602604964252042,
  "watchfulness": 0.5872037046531315,
  "weekAttr": []
}