{
  "anticapitalism": 1.024671142093187,
  "baseThirst": 0.23789823728750417,
  "baserunningRating": 0.35026329694551894,
  "blood": 2,
  "buoyancy": 0.6073654731156795,
  "chasiness": 1.0494236963307044,
  "cinnamon": 0.8820803849326873,
  "coffee": 9,
  "coldness": 0.4445847920936813,
  "continuation": 0.98144748964425,
  "deceased": false,
  "defenseRating": 0.6647306769205296,
  "divinity": 0.9045781446193086,
  "eDensity": 20.121172154993147,
  "evolution": 0,
  "fate": 24,
  "gameAttr": [],
  "groundFriction": 0.21857347546585068,
  "hitStreak": 0,
  "hittingRating": 0.8422538962399467,
  "id": "a8a5cf36-d1a9-47d1-8d22-4a665933a7cc",
  "indulgence": 1.0197125026150016,
  "itemAttr": [],
  "items": [
    {
      "baserunningRating": 0,
      "defenseRating": 0,
      "durability": 3,
      "forger": null,
      "forgerName": null,
      "health": 3,
      "hittingRating": 0,
      "id": "60af9156-666a-479b-b724-f1334357e07f",
      "name": "Rock Cap",
      "pitchingRating": 0.12387705287524914,
      "postPrefix": {
        "adjustments": [
          {
            "type": 3,
            "value": 1
          }
        ],
        "name": "Rock"
      },
      "prePrefix": null,
      "prefixes": null,
      "root": {
        "adjustments": [
          {
            "stat": 16,
            "type": 1,
            "value": 0.16461037544073903
          }
        ],
        "name": "Cap"
      },
      "suffix": null
    }
  ],
  "laserlikeness": 0.22157592121750955,
  "leagueTeamId": "adc5b394-8f76-416d-9ce9-813706877b84",
  "martyrdom": 0.337244721396917,
  "moxie": 0.40999086247412103,
  "musclitude": 0.5543097472240509,
  "name": "Helga Washington",
  "omniscience": 0.471417022459671,
  "overpowerment": 0.6841392476737859,
  "patheticism": 0.12962866999718228,
  "peanutAllergy": false,
  "permAttr": [],
  "pitchingRating": 0.44577672346445446,
  "pressurization": 0.8179812250316263,
  "ritual": "Bucket of fish",
  "ruthlessness": 0.8625020768865622,
  "seasAttr": [],
  "shakespearianism": 0.974698401585802,
  "soul": 2,
  "state": {},
  "suppression": 0.17358056656687804,
  "tenaciousness": 0.6285330796986985,
  "thwackability": 1.0110568352611025,
  "totalFingers": 10,
  "tournamentTeamId": null,
  "tragicness": 0.05988418735025844,
  "unthwackability": 0.2623683978369168,
  "watchfulness": 0.17842472860548617,
  "weekAttr": []
}