{
  "anticapitalism": 0.5041865987057375,
  "baseThirst": 0.522237086266621,
  "baserunningRating": 0.3232084444055854,
  "blood": 12,
  "buoyancy": 0.4122370202547385,
  "chasiness": 0.8395416837442149,
  "cinnamon": 0.6509689941240735,
  "coffee": 8,
  "coldness": 0.7041571355755125,
  "continuation": 0.4871150645625354,
  "deceased": false,
  "defenseRating": 0.6347611344014724,
  "divinity": 0.3609168051911418,
  "eDensity": 20.206599919062917,
  "evolution": 0,
  "fate": 6,
  "gameAttr": [],
  "groundFriction": 1.0562849404748742,
  "hitStreak": 0,
  "hittingRating": 0.4532496027376183,
  "id": "a938f586-f5c1-4a35-9e7f-8eaab6de67a6",
  "indulgence": 0.5962902522522782,
  "itemAttr": [],
  "items": [],
  "laserlikeness": 0.1506668762735237,
  "leagueTeamId": "3f8bbb15-61c0-4e3f-8e4a-907a5fb1565e",
  "martyrdom": 0.225426055427715,
  "moxie": 0.6398078076416658,
  "musclitude": 0.5940769201741456,
  "name": "Jasper Destiny",
  "omniscience": 0.6269707495822261,
  "overpowerment": 0.3081977331783641,
  "patheticism": 0.2090692454758738,
  "peanutAllergy": true,
  "permAttr": [],
  "pitchingRating": 0.04686652117859771,
  "pressurization": 0.06911793645115027,
  "ritual": "Sleep-hitting",
  "ruthlessness": 0.21447155450421063,
  "seasAttr": [],
  "shakespearianism": 0.7154922230575722,
  "soul": 5,
  "state": {},
  "suppression": 0.5975751169151018,
  "tenaciousness": 0.49623285673427286,
  "thwackability": 0.40137760735505457,
  "totalFingers": 10,
  "tournamentTeamId": null,
  "tragicness": 0.1,
  "unthwackability": 0.01165940481015193,
  "watchfulness": 0.2591815729718725,
  "weekAttr": []
}