{
  "_id": "a938f586-f5c1-4a35-9e7f-8eaab6de67a6",
  "anticapitalism": 0.5041865987057375,
  "baseThirst": 0.4027371681662828,
  "bat": "",
  "buoyancy": 0.4122370202547385,
  "chasiness": 0.8395416837442149,
  "cinnamon": 0.6509689941240735,
  "coldness": 0.7041571355755125,
  "continuation": 0.46197480294570914,
  "deceased": false,
  "divinity": 0.3609168051911418,
  "fate": 6,
  "groundFriction": 0.9903710588247684,
  "indulgence": 0.5006597097389529,
  "laserlikeness": 0.05014586554863354,
  "martyrdom": 0.225426055427715,
  "moxie": 0.6398078076416658,
  "musclitude": 0.5940769201741456,
  "name": "Jasper Destiny",
  "omniscience": 0.6269707495822261,
  "overpowerment": 0.3081977331783641,
  "patheticism": 0.2090692454758738,
  "peanutAllergy": true,
  "pressurization": 0.06911793645115027,
  "ruthlessness": 0.21447155450421063,
  "shakespearianism": 0.7154922230575722,
  "soul": 5,
  "suppression": 0.5975751169151018,
  "tenaciousness": 0.49623285673427286,
  "thwackability": 0.40137760735505457,
  "totalFingers": 10,
  "tragicness": 0.1,
  "unthwackability": 0.01165940481015193,
  "watchfulness": 0.2591815729718725
}