{
  "anticapitalism": 0.35294994794869305,
  "armor": "",
  "baseThirst": 0.06378217747343395,
  "baserunningRating": 0.404565188529448,
  "bat": "",
  "blood": 9,
  "buoyancy": 0.966466404166458,
  "chasiness": 0.849177080956081,
  "cinnamon": 0.16990615462410452,
  "coffee": 8,
  "coldness": 0.32009317927955006,
  "continuation": 0.5672710354170714,
  "deceased": false,
  "defenseRating": 0.6454792282343242,
  "divinity": 0.917310164138184,
  "eDensity": 0,
  "evolution": 1,
  "fate": 56,
  "gameAttr": [],
  "groundFriction": 0.6804154933892623,
  "hitStreak": 0,
  "hittingRating": 0.6133620466323978,
  "id": "a9812a8e-67c4-434c-85cb-6ddf785cadf2",
  "indulgence": 0.4392249953926508,
  "laserlikeness": 0.4047499302024729,
  "leagueTeamId": "bb4a9de5-c924-4923-a0cb-9d1445f1ee5d",
  "martyrdom": 0.9062129290328088,
  "moxie": 0.8340163654315216,
  "musclitude": 0.43832019687955515,
  "name": "Augusta Chadwell",
  "omniscience": 0.7242259298114453,
  "overpowerment": 0.7251796285319925,
  "patheticism": 0.2815930633644297,
  "peanutAllergy": true,
  "permAttr": [],
  "pitchingRating": 0.2957661255833672,
  "pressurization": 0.822794117782264,
  "ritual": "Staring into the souls of their opponents",
  "ruthlessness": 0.42763728144410695,
  "seasAttr": [],
  "shakespearianism": 0.15838183314607068,
  "soul": 5,
  "state": {},
  "suppression": 0.1867853202831391,
  "tenaciousness": 0.7469416163667626,
  "thwackability": 0.3709572736860045,
  "totalFingers": 10,
  "tournamentTeamId": null,
  "tragicness": 0.8267281372839212,
  "unthwackability": 0.2908692719301247,
  "watchfulness": 0.14314951140158372,
  "weekAttr": []
}