{
  "anticapitalism": 0.6730896443462938,
  "baseThirst": 0.6261051601570464,
  "baserunningRating": 0.9358984148546092,
  "blood": 6,
  "buoyancy": 0.5081090660739873,
  "chasiness": 0.8229926489772585,
  "cinnamon": 1.1837609338757884,
  "coffee": 4,
  "coldness": 0.523652919160655,
  "continuation": 1.1034542880752076,
  "deceased": false,
  "defenseRating": 0.46621082314087575,
  "divinity": 0.583643070524666,
  "eDensity": 32.57716432403093,
  "evolution": 0,
  "fate": 11,
  "gameAttr": [],
  "groundFriction": 0.28774016989234363,
  "hitStreak": 0,
  "hittingRating": 0.5656911386616756,
  "id": "aa6c2662-75f8-4506-aa06-9a0993313216",
  "indulgence": 0.8252027455468774,
  "itemAttr": [],
  "items": [
    {
      "baserunningRating": 0,
      "defenseRating": 0,
      "durability": 1,
      "forger": null,
      "forgerName": null,
      "health": 1,
      "hittingRating": 0.03920560676419382,
      "id": "2b6a7fd0-d3e4-4889-a080-6318f03ba705",
      "name": "Bat",
      "pitchingRating": 0,
      "postPrefix": null,
      "prePrefix": null,
      "prefixes": null,
      "root": {
        "adjustments": [
          {
            "stat": 2,
            "type": 1,
            "value": 0.11646248451363014
          }
        ],
        "name": "Bat"
      },
      "suffix": null
    }
  ],
  "laserlikeness": 1.2573751282677157,
  "leagueTeamId": "7966eb04-efcc-499b-8f03-d13916330531",
  "martyrdom": 1.058321228183293,
  "moxie": 0.293392539677988,
  "musclitude": 0.893218387947163,
  "name": "Eizabeth Elliott",
  "omniscience": 0.03665400702613105,
  "overpowerment": 0.9889885682899028,
  "patheticism": 0.7381691251164894,
  "peanutAllergy": false,
  "permAttr": [],
  "pitchingRating": 0.6860802410615436,
  "pressurization": 0.752759473756728,
  "ritual": "Spaghetti",
  "ruthlessness": 0.407879232320828,
  "seasAttr": [],
  "shakespearianism": 0.47623227747947194,
  "soul": 7,
  "state": {},
  "suppression": 1.232429033496987,
  "tenaciousness": 0.787214176685892,
  "thwackability": 0.5425818308186808,
  "totalFingers": 12,
  "tournamentTeamId": "4d921519-410b-41e2-882e-9726a4e54a6a",
  "tragicness": 0.08986135680140438,
  "unthwackability": 1.1594478669233244,
  "watchfulness": 1.0517824487238607,
  "weekAttr": []
}