{
  "anticapitalism": 0.7502020353213648,
  "armor": "",
  "baseThirst": 0.48155758650541747,
  "bat": "",
  "blood": 1,
  "buoyancy": 0.33882350694054464,
  "chasiness": 0.9083814797757152,
  "cinnamon": 0.9629506010672734,
  "coffee": 4,
  "coldness": 0.3627523970932287,
  "continuation": 0.961597571346662,
  "deceased": false,
  "divinity": 0.43297810641549134,
  "fate": 11,
  "gameAttr": [],
  "groundFriction": 0.23074899217458175,
  "hitStreak": 0,
  "id": "aa6c2662-75f8-4506-aa06-9a0993313216",
  "indulgence": 0.6145432442379153,
  "laserlikeness": 1.132345532917668,
  "martyrdom": 0.8874061137702971,
  "moxie": 0.15497138083426873,
  "musclitude": 0.6703300859143451,
  "name": "Eizabeth Elliott",
  "omniscience": 0.1517196480399831,
  "overpowerment": 0.9146538418255692,
  "patheticism": 0.8670401862365967,
  "peanutAllergy": false,
  "permAttr": [],
  "pressurization": 0.752759473756728,
  "ritual": "Spaghetti",
  "ruthlessness": 0.22567121751412417,
  "seasAttr": [],
  "shakespearianism": 0.2910184444936601,
  "soul": 8,
  "suppression": 1.0976132591025176,
  "tenaciousness": 0.8563655658982485,
  "thwackability": 0.4103920002288136,
  "totalFingers": 12,
  "tragicness": 0.1,
  "unthwackability": 1.0243942406208846,
  "watchfulness": 1.0940292739673916,
  "weekAttr": [
    "REPEATING"
  ]
}