{
  "anticapitalism": 0.08556143652328174,
  "baseThirst": 0.7703092364125097,
  "baserunningRating": 0.4055458900317395,
  "blood": 9,
  "buoyancy": 0.5014393228605936,
  "chasiness": 0.15780845234649066,
  "cinnamon": 0.9893400215695564,
  "coffee": 6,
  "coldness": 0.2730551569525348,
  "continuation": 0.4125605255352227,
  "deceased": false,
  "defenseRating": 0.31590069062669884,
  "divinity": 0.8957409235944078,
  "eDensity": 19.516669576348026,
  "evolution": 0,
  "fate": 22,
  "gameAttr": [],
  "groundFriction": 0.676072975058476,
  "hitStreak": 0,
  "hittingRating": 0.6946862111032076,
  "id": "aa7ac9cb-e9db-4313-9941-9f3431728dce",
  "indulgence": 0.4588780039774347,
  "itemAttr": [],
  "items": [],
  "laserlikeness": 0.2614034349978964,
  "leagueTeamId": "bb4a9de5-c924-4923-a0cb-9d1445f1ee5d",
  "martyrdom": 0.9884490828837816,
  "moxie": 0.54547017570939,
  "musclitude": 0.5622769312661571,
  "name": "Matteo Cash",
  "omniscience": 0.7539184375966665,
  "overpowerment": 0.9072033268265404,
  "patheticism": 0.43996471534129344,
  "peanutAllergy": false,
  "permAttr": [],
  "pitchingRating": 0.28729205290838805,
  "pressurization": 0.5421722788790604,
  "ritual": "Hermetics",
  "ruthlessness": 0.08430239199522882,
  "seasAttr": [],
  "shakespearianism": 0.6309628204652504,
  "soul": 4,
  "state": {},
  "suppression": 0.3182046976853008,
  "tenaciousness": 0.3100186119719428,
  "thwackability": 0.5526249004358158,
  "totalFingers": 10,
  "tournamentTeamId": null,
  "tragicness": 0.031672138042425704,
  "unthwackability": 0.7192015987511378,
  "watchfulness": 0.013417548126649637,
  "weekAttr": []
}