{
  "anticapitalism": 0.15344236778164275,
  "armor": "",
  "baseThirst": 0.3958066350142608,
  "baserunningRating": 0.4562522517300096,
  "bat": "",
  "blood": 9,
  "buoyancy": 0.8984775540535335,
  "chasiness": 0.17295145030217535,
  "cinnamon": 0.791102737315037,
  "coffee": 12,
  "coldness": 0.3757210595799423,
  "continuation": 0.14469003408250766,
  "deceased": false,
  "defenseRating": 0.3699397509310206,
  "divinity": 0.7507023520772687,
  "fate": 97,
  "gameAttr": [],
  "groundFriction": 0.7939083528874118,
  "hitStreak": 0,
  "hittingRating": 0.6343045652817816,
  "id": "aae38811-122c-43dd-b59c-d0e203154dbe",
  "indulgence": 0.8673295108476202,
  "laserlikeness": 0.3974063524215201,
  "leagueTeamId": "adc5b394-8f76-416d-9ce9-813706877b84",
  "martyrdom": 0.9169778104562338,
  "moxie": 0.7436989431339533,
  "musclitude": 0.9493777915049484,
  "name": "Sandie Carver",
  "omniscience": 0.2719991805367312,
  "overpowerment": 0.6768367963515962,
  "patheticism": 0.9268631238498009,
  "peanutAllergy": true,
  "permAttr": [],
  "pitchingRating": 0.7051871112400308,
  "pressurization": 0.06174509998998998,
  "ritual": "Rage",
  "ruthlessness": 0.887127922810766,
  "seasAttr": [],
  "shakespearianism": 0.6255866556085647,
  "soul": 9,
  "suppression": 0.548403722097389,
  "tenaciousness": 0.1986280731597809,
  "thwackability": 0.5725133862303979,
  "totalFingers": 10,
  "tournamentTeamId": null,
  "tragicness": 0.1,
  "unthwackability": 0.7096983121002847,
  "watchfulness": 0.6197607207918545,
  "weekAttr": []
}