{
  "anticapitalism": 0.3566438956920316,
  "baseThirst": 0.5178917668039738,
  "baserunningRating": 0.3450847478738798,
  "blood": 5,
  "buoyancy": 0.9572616037568076,
  "chasiness": 0.01,
  "cinnamon": 0.40331581292144136,
  "coffee": 10,
  "coldness": 0.22112804980886855,
  "continuation": 0.23187615303203213,
  "deceased": false,
  "defenseRating": 0.15258016549101805,
  "divinity": 0.6344073083305226,
  "eDensity": 25.012225430218052,
  "evolution": 0,
  "fate": 12,
  "gameAttr": [],
  "groundFriction": 0.25198693257612814,
  "hitStreak": 0,
  "hittingRating": 0.7403230727721919,
  "id": "ab36c776-b520-429b-a85f-bf633d7b081a",
  "indulgence": 0.12420313250538806,
  "itemAttr": [],
  "items": [
    {
      "baserunningRating": 0,
      "defenseRating": 0,
      "durability": 1,
      "forger": null,
      "forgerName": null,
      "health": 1,
      "hittingRating": 0.03342775493105865,
      "id": "a0d89e28-b1e9-4e19-9fcd-0efc30e2e1e3",
      "name": "Bat",
      "pitchingRating": 0,
      "postPrefix": null,
      "prePrefix": null,
      "prefixes": null,
      "root": {
        "adjustments": [
          {
            "stat": 2,
            "type": 1,
            "value": 0.1229540419395104
          }
        ],
        "name": "Bat"
      },
      "suffix": null
    }
  ],
  "laserlikeness": 0.36378969844915354,
  "leagueTeamId": "ca3f1c8c-c025-4d8e-8eef-5be6accbeb16",
  "martyrdom": 0.8047526975054573,
  "moxie": 0.4401340309870821,
  "musclitude": 0.847116475038679,
  "name": "Goobie Ballson",
  "omniscience": 0.01,
  "overpowerment": 0.5294379215169842,
  "patheticism": 0.45799065360001423,
  "peanutAllergy": false,
  "permAttr": [
    "COFFEE_RALLY"
  ],
  "pitchingRating": 0.6209013610369175,
  "pressurization": 0.15396479651740713,
  "ritual": "Washing the blood off",
  "ruthlessness": 0.8926120230762555,
  "seasAttr": [],
  "shakespearianism": 0.9012391319752464,
  "soul": 6,
  "state": {},
  "suppression": 0.18572499385705,
  "tenaciousness": 0.26350795429013074,
  "thwackability": 0.9142443762386054,
  "totalFingers": 10,
  "tournamentTeamId": "a3ea6358-ce03-4f23-85f9-deb38cb81b20",
  "tragicness": 0.1,
  "unthwackability": 0.5625619111676619,
  "watchfulness": 0.2761585934946672,
  "weekAttr": []
}