{
  "anticapitalism": 0.976012286416823,
  "armor": "",
  "baseThirst": 0.12092693476929828,
  "baserunningRating": 0.3989314174853119,
  "bat": "",
  "blood": 5,
  "buoyancy": 0.7643019752510913,
  "chasiness": 0.29096251117190874,
  "cinnamon": 0.9980702405110388,
  "coffee": 7,
  "coldness": 0.936476171169056,
  "continuation": 0.6988042780523254,
  "deceased": false,
  "defenseRating": 0.55566083832186,
  "divinity": 0.8274974394394181,
  "eDensity": 22.49838976298942,
  "evolution": 0,
  "fate": 47,
  "gameAttr": [],
  "groundFriction": 0.03012079202171281,
  "hitStreak": 0,
  "hittingRating": 0.4649762438993757,
  "id": "ab9b2592-a64a-4913-bf6c-3ae5bd5d26a5",
  "indulgence": 0.4611409620195442,
  "laserlikeness": 0.6135934890630934,
  "leagueTeamId": "36569151-a2fb-43c1-9df7-2df512424c82",
  "martyrdom": 0.7599687606065237,
  "moxie": 0.11948880141819562,
  "musclitude": 0.06268630796032681,
  "name": "Beau Huerta",
  "omniscience": 0.44532361890458705,
  "overpowerment": 0.9223974950565312,
  "patheticism": 0.4779218107062091,
  "peanutAllergy": false,
  "permAttr": [],
  "pitchingRating": 0.08020146643479817,
  "pressurization": 0.01665490538210279,
  "ritual": "Eating grass",
  "ruthlessness": 0.8575582318412049,
  "seasAttr": [],
  "shakespearianism": 0.7313038835725927,
  "soul": 6,
  "state": {},
  "suppression": 0.4293014057242974,
  "tenaciousness": 0.2568842062231069,
  "thwackability": 0.43245642759999314,
  "totalFingers": 10,
  "tournamentTeamId": null,
  "tragicness": 0.1,
  "unthwackability": 0.007959464961029283,
  "watchfulness": 0.7550562557459506,
  "weekAttr": []
}