{
  "anticapitalism": 0.7529377700282207,
  "baseThirst": 0.8431930568499086,
  "baserunningRating": 0.42722220957314416,
  "blood": 4,
  "buoyancy": 0.1864341389923427,
  "chasiness": 0.808459728819958,
  "cinnamon": 0.6733503091818318,
  "coffee": 4,
  "coldness": 0.8368736114101085,
  "continuation": 0.5348413569821127,
  "deceased": false,
  "defenseRating": 0.46093579826462894,
  "divinity": 0.0499380046186948,
  "eDensity": 29.14869456694341,
  "evolution": 0,
  "fate": 37,
  "gameAttr": [],
  "groundFriction": 0.586453692675305,
  "hitStreak": 0,
  "hittingRating": 0.1955151218979742,
  "id": "abbd5ec5-a15b-421c-b0c5-cd80d8907373",
  "indulgence": 0.08998764015980432,
  "items": [],
  "laserlikeness": 0.385472965804204,
  "leagueTeamId": "878c1bf6-0d21-4659-bfee-916c8314d69c",
  "martyrdom": 0.026368570110961945,
  "moxie": 0.903122986994498,
  "musclitude": 0.22852418640712455,
  "name": "Rat Batson",
  "omniscience": 0.04352748269551365,
  "overpowerment": 0.27396727861216386,
  "patheticism": 0.99,
  "peanutAllergy": false,
  "permAttr": [],
  "pitchingRating": 0.5089975226847395,
  "pressurization": 0.6591847720408346,
  "ritual": "Posing for pictures",
  "ruthlessness": 0.6888061912217383,
  "seasAttr": [],
  "shakespearianism": 0.8020107978099771,
  "soul": 9,
  "state": {},
  "suppression": 0.9657070339455738,
  "tenaciousness": 0.735763433934409,
  "thwackability": 0.7018823797352436,
  "totalFingers": 10,
  "tournamentTeamId": null,
  "tragicness": 0.9775391721804004,
  "unthwackability": 0.5428440201208782,
  "watchfulness": 0.693399313365535,
  "weekAttr": [
    "COFFEE_PERIL"
  ]
}