{
  "anticapitalism": 0.7788365374125574,
  "baseThirst": 0.8814915940585686,
  "baserunningRating": 0.45220633723510817,
  "blood": 4,
  "buoyancy": 0.2085609413504163,
  "chasiness": 0.836313829712998,
  "cinnamon": 0.6878540172787431,
  "coffee": 4,
  "coldness": 0.8469932490436827,
  "continuation": 0.5808047996347501,
  "deceased": false,
  "defenseRating": 0.5047470314270671,
  "divinity": 0.09079266185520328,
  "eDensity": 30.341134983112884,
  "evolution": 0,
  "fate": 37,
  "gameAttr": [],
  "groundFriction": 0.6104643831766337,
  "hitStreak": 0,
  "hittingRating": 0.2749763960892488,
  "id": "abbd5ec5-a15b-421c-b0c5-cd80d8907373",
  "indulgence": 0.1080718255111952,
  "itemAttr": [],
  "items": [
    {
      "baserunningRating": 0,
      "defenseRating": 0,
      "durability": 1,
      "forger": null,
      "forgerName": null,
      "health": 1,
      "hittingRating": 0.010097845501428254,
      "id": "ebbad936-3761-4cd4-b006-f26cf5215f6f",
      "name": "Bat",
      "pitchingRating": 0,
      "postPrefix": null,
      "prePrefix": null,
      "prefixes": null,
      "root": {
        "adjustments": [
          {
            "stat": 2,
            "type": 1,
            "value": 0.10861287493336697
          }
        ],
        "name": "Bat"
      },
      "suffix": null
    }
  ],
  "laserlikeness": 0.4026697921740513,
  "leagueTeamId": "878c1bf6-0d21-4659-bfee-916c8314d69c",
  "martyrdom": 0.055543576176875,
  "moxie": 0.9226262232192516,
  "musclitude": 0.2756368567278563,
  "name": "Rat Batson",
  "omniscience": 0.06429794458030662,
  "overpowerment": 0.2877608155102996,
  "patheticism": 0.9530720352256364,
  "peanutAllergy": false,
  "permAttr": [],
  "pitchingRating": 0.5310895185504164,
  "pressurization": 0.6591847720408346,
  "ritual": "Posing for pictures",
  "ruthlessness": 0.7154391508211245,
  "seasAttr": [],
  "shakespearianism": 0.8124151528763767,
  "soul": 9,
  "state": {},
  "suppression": 0.9990906898283032,
  "tenaciousness": 0.7473574265956876,
  "thwackability": 0.7276112910259481,
  "totalFingers": 10,
  "tournamentTeamId": null,
  "tragicness": 0.930074445651392,
  "unthwackability": 0.5631423668275151,
  "watchfulness": 0.7136269604849322,
  "weekAttr": []
}