{
  "anticapitalism": 0.8990874699139313,
  "armor": "",
  "baseThirst": 0.016065700385825554,
  "baserunningRating": 0.3628020840759924,
  "bat": "",
  "blood": 0,
  "buoyancy": 0.01915647515806662,
  "chasiness": 0.5721931109815508,
  "cinnamon": 0.5470487760508222,
  "coffee": 0,
  "coldness": 0.3999253311335227,
  "continuation": 0.24666069501657795,
  "deceased": false,
  "defenseRating": 0.763629134583697,
  "divinity": 0.7526188102385105,
  "eDensity": 0,
  "evolution": 0,
  "fate": 72,
  "gameAttr": [],
  "groundFriction": 0.024663073066702568,
  "hitStreak": 0,
  "hittingRating": 0.6628617802854199,
  "id": "ac13264f-af4e-4423-9e4a-43499a0f8227",
  "indulgence": 0.938338850282117,
  "laserlikeness": 0.8450029905244216,
  "leagueTeamId": null,
  "martyrdom": 0.7995190637865468,
  "moxie": 0.34863266932747217,
  "musclitude": 0.9448918590505848,
  "name": "Number Cruncher",
  "omniscience": 0.94516703283279,
  "overpowerment": 0.13129738912220845,
  "patheticism": 0.8599352750086509,
  "peanutAllergy": true,
  "permAttr": [
    "NON_IDOLIZED"
  ],
  "pitchingRating": 0.13707647113694435,
  "pressurization": 0.6378482389765763,
  "ritual": "Frolicking",
  "ruthlessness": 0.42105092676667266,
  "seasAttr": [],
  "shakespearianism": 0.7044336836212104,
  "soul": 9,
  "state": {},
  "suppression": 0.6277058593430838,
  "tenaciousness": 0.4411121508228309,
  "thwackability": 0.7099340348597771,
  "totalFingers": 10,
  "tournamentTeamId": null,
  "tragicness": 0.43880645036950794,
  "unthwackability": 0.07750225402499589,
  "watchfulness": 0.7539892495260481,
  "weekAttr": []
}