{
  "anticapitalism": 0.3280340188810358,
  "armor": "",
  "baseThirst": 0.01,
  "bat": "",
  "blood": 11,
  "buoyancy": 0.19440822177963904,
  "chasiness": 0.6271099049916573,
  "cinnamon": 0.30818111554608413,
  "coffee": 1,
  "coldness": 0.6331935624184399,
  "continuation": 0.7719175271232019,
  "deceased": false,
  "divinity": 0.35395952064587055,
  "fate": 5,
  "gameAttr": [],
  "groundFriction": 0.8020576707487121,
  "id": "ac69dba3-6225-4afd-ab4b-23fc78f730fb",
  "indulgence": 0.8895005834037824,
  "laserlikeness": 0.4139084830731914,
  "martyrdom": 0.968845440150624,
  "moxie": 0.4302143866836723,
  "musclitude": 0.2636417296144111,
  "name": "Bevan Wise",
  "omniscience": 0.7626223046461174,
  "overpowerment": 0.8069436614927343,
  "patheticism": 0.939683556074244,
  "peanutAllergy": true,
  "permAttr": [],
  "pressurization": 0.7745780003506533,
  "ritual": "Eating",
  "ruthlessness": 0.793917112042136,
  "seasAttr": [],
  "shakespearianism": 0.055492857690130376,
  "soul": 5,
  "suppression": 0.28194241415932964,
  "tenaciousness": 0.7479705371584617,
  "thwackability": 0.968279885701413,
  "totalFingers": 11,
  "tragicness": 0.13,
  "unthwackability": 0.17649557509273597,
  "watchfulness": 0.5499663782690043,
  "weekAttr": []
}