{
  "anticapitalism": 0.4766433173558957,
  "armor": "",
  "baseThirst": 0.1281327645950177,
  "baserunningRating": 0.5855812561903752,
  "bat": "",
  "blood": 6,
  "buoyancy": 0.2344891966114361,
  "chasiness": 0.7817090751087359,
  "cinnamon": 0.4393494482841986,
  "coffee": 1,
  "coldness": 0.7902225891597088,
  "continuation": 0.9129873842571834,
  "deceased": false,
  "defenseRating": 0.8286960354994491,
  "divinity": 0.37405243508731795,
  "eDensity": 25.111023127932143,
  "evolution": 0,
  "fate": 5,
  "gameAttr": [],
  "groundFriction": 0.9553776898286732,
  "hitStreak": 0,
  "hittingRating": 0.5465255722086221,
  "id": "ac69dba3-6225-4afd-ab4b-23fc78f730fb",
  "indulgence": 1.036895557948079,
  "laserlikeness": 0.5276759704198825,
  "leagueTeamId": "7966eb04-efcc-499b-8f03-d13916330531",
  "martyrdom": 1.0051584414721575,
  "moxie": 0.4531743916603145,
  "musclitude": 0.3118344963322367,
  "name": "Bevan Wise",
  "omniscience": 0.90532896608873,
  "overpowerment": 0.925179809807479,
  "patheticism": 0.887470615977278,
  "peanutAllergy": true,
  "permAttr": [],
  "pitchingRating": 0.4565347919368912,
  "pressurization": 0.7745780003506533,
  "ritual": "Eating",
  "ruthlessness": 0.9374860024081,
  "seasAttr": [],
  "shakespearianism": 0.18130435106645384,
  "soul": 5,
  "state": {},
  "suppression": 0.42799169877365106,
  "tenaciousness": 0.8572728108436454,
  "thwackability": 0.9923914406638986,
  "totalFingers": 12,
  "tournamentTeamId": null,
  "tragicness": 0.13446176165842494,
  "unthwackability": 0.31984455769417025,
  "watchfulness": 0.6805546689126587,
  "weekAttr": []
}