{
  "anticapitalism": 0.4084951666146074,
  "armor": "",
  "baseThirst": 0.07767961483275748,
  "baserunningRating": 0.5217149640012186,
  "bat": "",
  "blood": 6,
  "buoyancy": 0.2556796584158204,
  "chasiness": 0.7158533205377811,
  "cinnamon": 0.3734256896847328,
  "coffee": 1,
  "coldness": 0.7251681700019234,
  "continuation": 0.8664211985615351,
  "deceased": false,
  "defenseRating": 0.7798624578851227,
  "divinity": 0.4151545907250231,
  "fate": 5,
  "gameAttr": [],
  "groundFriction": 0.8875761439639283,
  "hitStreak": 0,
  "hittingRating": 0.5950639873764578,
  "id": "ac69dba3-6225-4afd-ab4b-23fc78f730fb",
  "indulgence": 0.985083066744318,
  "laserlikeness": 0.47964913480816274,
  "leagueTeamId": "7966eb04-efcc-499b-8f03-d13916330531",
  "martyrdom": 1.0647805968653117,
  "moxie": 0.5078531240160772,
  "musclitude": 0.35744389886031536,
  "name": "Bevan Wise",
  "omniscience": 0.837012404172318,
  "overpowerment": 0.8763842335616162,
  "patheticism": 0.8524212525144361,
  "peanutAllergy": true,
  "permAttr": [],
  "pitchingRating": 0.3856768475272086,
  "pressurization": 0.7745780003506533,
  "ritual": "Eating",
  "ruthlessness": 0.8927680920040958,
  "seasAttr": [],
  "shakespearianism": 0.13414347652562414,
  "soul": 5,
  "suppression": 0.3595427964286355,
  "tenaciousness": 0.8136417201761498,
  "thwackability": 1.035009056345331,
  "totalFingers": 12,
  "tournamentTeamId": null,
  "tragicness": 0.1,
  "unthwackability": 0.25734278364075924,
  "watchfulness": 0.6135344717202438,
  "weekAttr": []
}