{
  "anticapitalism": 0.3580340188810358,
  "armor": "",
  "baseThirst": 0.032387119647365736,
  "bat": "",
  "blood": 11,
  "buoyancy": 0.22440822177963904,
  "chasiness": 0.6571099049916573,
  "cinnamon": 0.30818111554608413,
  "coffee": 1,
  "coldness": 0.66319356241844,
  "continuation": 0.801917527123202,
  "deceased": false,
  "divinity": 0.3839595206458706,
  "fate": 5,
  "gameAttr": [],
  "groundFriction": 0.8320576707487122,
  "id": "ac69dba3-6225-4afd-ab4b-23fc78f730fb",
  "indulgence": 0.9195005834037824,
  "laserlikeness": 0.4439084830731914,
  "martyrdom": 0.998845440150624,
  "moxie": 0.4602143866836723,
  "musclitude": 0.29364172961441115,
  "name": "Bevan Wise",
  "omniscience": 0.7926223046461174,
  "overpowerment": 0.8369436614927344,
  "patheticism": 0.909683556074244,
  "peanutAllergy": true,
  "permAttr": [],
  "pressurization": 0.7745780003506533,
  "ritual": "Eating",
  "ruthlessness": 0.823917112042136,
  "seasAttr": [],
  "shakespearianism": 0.08549285769013037,
  "soul": 5,
  "suppression": 0.31194241415932966,
  "tenaciousness": 0.7779705371584618,
  "thwackability": 0.998279885701413,
  "totalFingers": 10,
  "tragicness": 0.1,
  "unthwackability": 0.20649557509273597,
  "watchfulness": 0.5799663782690043,
  "weekAttr": []
}