{
  "anticapitalism": 0.5289598613080051,
  "baseThirst": 0.1750754563486051,
  "baserunningRating": 0.6561240701789784,
  "blood": 6,
  "buoyancy": 0.2976833580064537,
  "chasiness": 0.8326147175934953,
  "cinnamon": 0.5012910360872491,
  "coffee": 1,
  "coldness": 0.8620688975382872,
  "continuation": 0.9581777808768522,
  "deceased": false,
  "defenseRating": 0.8745491505803865,
  "divinity": 0.4497531949183567,
  "eDensity": 28.74567658203996,
  "evolution": 0,
  "fate": 5,
  "gameAttr": [],
  "groundFriction": 1.033469163966167,
  "hitStreak": 0,
  "hittingRating": 0.6180780301695343,
  "id": "ac69dba3-6225-4afd-ab4b-23fc78f730fb",
  "indulgence": 1.1149246332430136,
  "itemAttr": [],
  "items": [
    {
      "baserunningRating": 0,
      "defenseRating": 0,
      "durability": 1,
      "forger": null,
      "forgerName": null,
      "health": 0,
      "hittingRating": 0.028472916176562668,
      "id": "72f19a44-f97a-47e0-93f2-c797ab1d3fb6",
      "name": "Bat",
      "pitchingRating": 0,
      "postPrefix": null,
      "prePrefix": null,
      "prefixes": null,
      "root": {
        "adjustments": [
          {
            "stat": 2,
            "type": 1,
            "value": 0.14263613181386248
          }
        ],
        "name": "Bat"
      },
      "suffix": null
    }
  ],
  "laserlikeness": 0.5980383867799741,
  "leagueTeamId": "7966eb04-efcc-499b-8f03-d13916330531",
  "martyrdom": 1.0713649939049588,
  "moxie": 0.5008010994557616,
  "musclitude": 0.37549100413411546,
  "name": "Bevan Wise",
  "omniscience": 0.9541093081377356,
  "overpowerment": 0.9662966174119452,
  "patheticism": 0.8345597247697207,
  "peanutAllergy": false,
  "permAttr": [],
  "pitchingRating": 0.5292025465053808,
  "pressurization": 0.7745780003506533,
  "ritual": "Eating",
  "ruthlessness": 1.0109347276559155,
  "seasAttr": [],
  "shakespearianism": 0.25431369347523247,
  "soul": 5,
  "state": {},
  "suppression": 0.4853153070294777,
  "tenaciousness": 0.9274363553742004,
  "thwackability": 1.038684689370036,
  "totalFingers": 12,
  "tournamentTeamId": null,
  "tragicness": 0.08117264132422015,
  "unthwackability": 0.3716046779160426,
  "watchfulness": 0.7589460828351879,
  "weekAttr": []
}