{
  "anticapitalism": 0.1838286580830608,
  "baseThirst": 0.6889080025636225,
  "baserunningRating": 0.6608825407275554,
  "blood": 8,
  "buoyancy": 0.782458929091099,
  "chasiness": 0.20527650305600487,
  "cinnamon": 0.18400568924938865,
  "coffee": 12,
  "coldness": 0.9633163853115312,
  "continuation": 0.9984636574036914,
  "deceased": false,
  "defenseRating": 0.2213543733225525,
  "divinity": 0.4768796211475572,
  "eDensity": 17.97790967402404,
  "evolution": 0,
  "fate": 94,
  "gameAttr": [],
  "groundFriction": 0.34765702050012615,
  "hitStreak": 0,
  "hittingRating": 0.5920182084206269,
  "id": "aca90625-5bde-4489-bc9f-a7996a7b9a30",
  "indulgence": 0.6970555879692295,
  "itemAttr": [],
  "items": [],
  "laserlikeness": 0.6249800808399311,
  "leagueTeamId": "f02aeae2-5e6a-4098-9842-02d2273f25c7",
  "martyrdom": 0.3293657422620604,
  "moxie": 0.8328188916014181,
  "musclitude": 0.6458021451040536,
  "name": "Noquiryn Ratoon",
  "omniscience": 0.027505432580871236,
  "overpowerment": 0.4751471020303599,
  "patheticism": 0.3375301999904883,
  "peanutAllergy": false,
  "permAttr": [],
  "pitchingRating": 0.23687483096127113,
  "pressurization": 0.5131066557234891,
  "ritual": "TV",
  "ruthlessness": 0.20354208123859815,
  "seasAttr": [],
  "shakespearianism": 0.5989762367838394,
  "soul": 3,
  "state": {},
  "suppression": 0.2223657028324069,
  "tenaciousness": 0.6422197332018929,
  "thwackability": 0.6069013220476067,
  "totalFingers": 10,
  "tournamentTeamId": null,
  "tragicness": 0.09007810855886313,
  "unthwackability": 0.2782246947820095,
  "watchfulness": 0.023984151546027063,
  "weekAttr": []
}