{
  "anticapitalism": 0.6710488426485268,
  "armor": "",
  "baseThirst": 0.12561425480022903,
  "bat": "",
  "blood": 10,
  "buoyancy": 0.47383544195088656,
  "chasiness": 0.8728304022334497,
  "cinnamon": 0.72096460903874,
  "coffee": 13,
  "coldness": 0.5754937616518381,
  "continuation": 0.9185786457497168,
  "deceased": false,
  "divinity": 0.43320767222820544,
  "fate": 37,
  "gameAttr": [],
  "groundFriction": 0.6640911671107104,
  "id": "ad1e670a-f346-4bf7-a02f-a91649c41ccb",
  "indulgence": 0.318989038765777,
  "laserlikeness": 0.03,
  "martyrdom": 0.9688692309967144,
  "moxie": 0.7250837522797562,
  "musclitude": 0.16090843925095988,
  "name": "Stephanie Winters",
  "omniscience": 0.9364921631881876,
  "overpowerment": 0.3858386541358621,
  "patheticism": 0.5567189332762379,
  "peanutAllergy": false,
  "permAttr": [],
  "pressurization": 0.5473153051552009,
  "ritual": "Frolicking",
  "ruthlessness": 0.16359779625231052,
  "seasAttr": [],
  "shakespearianism": 0.5602044625935971,
  "soul": 8,
  "suppression": 0.5503357267291842,
  "tenaciousness": 0.03617581792975223,
  "thwackability": 0.6213369180104522,
  "totalFingers": 12,
  "tragicness": 0.1,
  "unthwackability": 0.7310828635280977,
  "watchfulness": 0.3673283478941005,
  "weekAttr": []
}