{
  "_id": "ad1e670a-f346-4bf7-a02f-a91649c41ccb",
  "anticapitalism": 0.6810488426485268,
  "armor": "",
  "baseThirst": 0.13561425480022904,
  "bat": "",
  "blood": 10,
  "buoyancy": 0.48383544195088657,
  "chasiness": 0.8828304022334497,
  "cinnamon": 0.72096460903874,
  "coffee": 13,
  "coldness": 0.5854937616518381,
  "continuation": 0.9285786457497168,
  "deceased": false,
  "divinity": 0.44320767222820545,
  "fate": 37,
  "groundFriction": 0.6740911671107104,
  "indulgence": 0.328989038765777,
  "laserlikeness": 0.0020614089081198994,
  "martyrdom": 0.9788692309967144,
  "moxie": 0.7350837522797562,
  "musclitude": 0.1709084392509599,
  "name": "Stephanie Winters",
  "omniscience": 0.9464921631881876,
  "overpowerment": 0.39583865413586206,
  "patheticism": 0.5467189332762379,
  "peanutAllergy": false,
  "pressurization": 0.5473153051552009,
  "ritual": "Frolicking",
  "ruthlessness": 0.17359779625231053,
  "shakespearianism": 0.5702044625935971,
  "soul": 8,
  "suppression": 0.5603357267291842,
  "tenaciousness": 0.04617581792975223,
  "thwackability": 0.6313369180104522,
  "totalFingers": 10,
  "tragicness": 0.1,
  "unthwackability": 0.7410828635280977,
  "watchfulness": 0.3773283478941005
}