{
  "_id": "ad8d15f4-e041-4a12-a10e-901e6285fdc5",
  "anticapitalism": 0.9679701666020032,
  "armor": "",
  "baseThirst": 0.6584221992886791,
  "bat": "",
  "blood": 2,
  "buoyancy": 0.6971363495938899,
  "chasiness": 0.44672246016932066,
  "cinnamon": 0.09370302945830766,
  "coffee": 1,
  "coldness": 0.38401362879094303,
  "continuation": 0.8673922606143422,
  "deceased": false,
  "divinity": 0.95743745262111,
  "fate": 76,
  "groundFriction": 0.928102253736108,
  "indulgence": 0.3639820795865398,
  "laserlikeness": 0.16088590081600743,
  "martyrdom": 0.0865037610693055,
  "moxie": 0.5893244444603759,
  "musclitude": 0.493468246882223,
  "name": "Baby Urlacher",
  "omniscience": 0.4087632250316901,
  "overpowerment": 0.5820290457294253,
  "patheticism": 0.04285299143283734,
  "peanutAllergy": false,
  "pressurization": 0.7594029292738687,
  "ritual": "Amnesia",
  "ruthlessness": 0.06652783216645841,
  "shakespearianism": 0.576142775884847,
  "soul": 4,
  "suppression": 0.8547804641290366,
  "tenaciousness": 0.1415250221128212,
  "thwackability": 0.7962051807264653,
  "totalFingers": 10,
  "tragicness": 0.1,
  "unthwackability": 0.45672657957924767,
  "watchfulness": 0.3617796560908823
}