{
  "anticapitalism": 1.0994445783124582,
  "baseThirst": 0.8210459296763504,
  "baserunningRating": 0.4931789111763179,
  "blood": 2,
  "buoyancy": 0.8473497098038967,
  "chasiness": 0.6319907178218912,
  "cinnamon": 0.2531020645369,
  "coffee": 1,
  "coldness": 0.5158260228036511,
  "continuation": 1.0307724012858657,
  "deceased": false,
  "defenseRating": 0.6436219386307888,
  "divinity": 1.109046537691224,
  "eDensity": 24.9925215932811,
  "evolution": 0,
  "fate": 76,
  "gameAttr": [],
  "groundFriction": 1.0684304152705968,
  "hitStreak": 0,
  "hittingRating": 0.9275286142168896,
  "id": "ad8d15f4-e041-4a12-a10e-901e6285fdc5",
  "indulgence": 0.528537156742338,
  "itemAttr": [],
  "items": [
    {
      "baserunningRating": 0,
      "defenseRating": 0,
      "durability": 3,
      "forger": null,
      "forgerName": null,
      "health": 3,
      "hittingRating": 0.039823797497123725,
      "id": "67121874-e5a8-4d30-9d8a-4de8f87d3d17",
      "name": "Rock Bat",
      "pitchingRating": 0,
      "postPrefix": {
        "adjustments": [
          {
            "type": 3,
            "value": 1
          }
        ],
        "name": "Rock"
      },
      "prePrefix": null,
      "prefixes": null,
      "root": {
        "adjustments": [
          {
            "stat": 2,
            "type": 1,
            "value": 0.11992279007827328
          }
        ],
        "name": "Bat"
      },
      "suffix": null
    }
  ],
  "laserlikeness": 0.2819282494235854,
  "leagueTeamId": "ca3f1c8c-c025-4d8e-8eef-5be6accbeb16",
  "martyrdom": 0.21761828460940943,
  "moxie": 0.7305011318638335,
  "musclitude": 0.6263940217413763,
  "name": "Baby Triumphant",
  "omniscience": 0.5736555849663678,
  "overpowerment": 0.7284713074965702,
  "patheticism": 0.001,
  "peanutAllergy": false,
  "permAttr": [
    "REVERBERATING",
    "COFFEE_RALLY"
  ],
  "pitchingRating": 0.3631736207304466,
  "pressurization": 0.7594029292738687,
  "ritual": "Amnesia",
  "ruthlessness": 0.19473161670738928,
  "seasAttr": [],
  "shakespearianism": 0.7291936844615157,
  "soul": 4,
  "state": {},
  "suppression": 0.9803771438037892,
  "tenaciousness": 0.315545509820521,
  "thwackability": 0.9396628550205034,
  "totalFingers": 10,
  "tournamentTeamId": "70eab4ab-6cb1-41e7-ac8b-1050ee12eecc",
  "tragicness": 0.04778358246736808,
  "unthwackability": 0.591237454783927,
  "watchfulness": 0.5357940520873629,
  "weekAttr": []
}