{
  "anticapitalism": 0.9142086818036388,
  "armor": "",
  "baseThirst": 0.6617852703176224,
  "baserunningRating": 0.4715523500867591,
  "bat": "",
  "blood": 12,
  "buoyancy": 0.31185921428789665,
  "chasiness": 0.46982611071241154,
  "cinnamon": 0.7898739322170187,
  "coffee": 12,
  "coldness": 0.8548411612759361,
  "continuation": 0.932885792078785,
  "deceased": false,
  "defenseRating": 0.5911907699247692,
  "divinity": 0.29233011326413005,
  "fate": 84,
  "gameAttr": [],
  "groundFriction": 0.25687497122998026,
  "hitStreak": 0,
  "hittingRating": 0.3779798238325846,
  "id": "adcbc290-81c5-4da9-b4da-2e594b080710",
  "indulgence": 0.04511757410284955,
  "laserlikeness": 0.5972239367531138,
  "leagueTeamId": "c73b705c-40ad-4633-a6ed-d357ee2e2bcf",
  "martyrdom": 0.01245509387350019,
  "moxie": 0.04615004966446934,
  "musclitude": 0.1728085788114866,
  "name": "Freemium Seraph",
  "omniscience": 0.9621253897605876,
  "overpowerment": 0.35120713894277933,
  "patheticism": 0.815460289903468,
  "peanutAllergy": true,
  "permAttr": [],
  "pitchingRating": 0.2715917410520712,
  "pressurization": 0.4808547391259046,
  "ritual": "Strength training",
  "ruthlessness": 0.13638356438560373,
  "seasAttr": [],
  "shakespearianism": 0.9779304219112102,
  "soul": 4,
  "suppression": 0.23977956722533467,
  "tenaciousness": 0.16171276464907014,
  "thwackability": 0.9806422285271376,
  "totalFingers": 10,
  "tournamentTeamId": null,
  "tragicness": 0.1,
  "unthwackability": 0.5031513310776843,
  "watchfulness": 0.501582070857876,
  "weekAttr": []
}