{
  "anticapitalism": 0.5161477530232157,
  "armor": "",
  "baseThirst": 0.11083269878223634,
  "bat": "",
  "blood": 2,
  "buoyancy": 0.904207509135099,
  "chasiness": 0.937514120052508,
  "cinnamon": 0.06544767831993004,
  "coffee": 7,
  "coldness": 0.6325748296367963,
  "continuation": 0.5688132605062097,
  "deceased": false,
  "divinity": 0.6466601264001044,
  "fate": 75,
  "gameAttr": [],
  "groundFriction": 0.47599935272936666,
  "id": "ae4acebd-edb5-4d20-bf69-f2d5151312ff",
  "indulgence": 0.01309834938130039,
  "laserlikeness": 0.6248356573358633,
  "martyrdom": 0.3847666905631948,
  "moxie": 0.9481772935890836,
  "musclitude": 0.3294607416748534,
  "name": "Theodore Cervantes",
  "omniscience": 0.9843276023178912,
  "overpowerment": 0.6240859001142638,
  "patheticism": 0.919582617799636,
  "peanutAllergy": true,
  "permAttr": [],
  "pressurization": 0.3856185779831285,
  "ritual": "Getting struck by lightning",
  "ruthlessness": 0.8999049478812817,
  "seasAttr": [],
  "shakespearianism": 0.1868339376895114,
  "soul": 7,
  "suppression": 0.12690797773949325,
  "tenaciousness": 0.6602431928130081,
  "thwackability": 0.09549421826483884,
  "totalFingers": 10,
  "tragicness": 0.1,
  "unthwackability": 0.7783984881467316,
  "watchfulness": 0.026216188590109324,
  "weekAttr": []
}