{
  "anticapitalism": 0.5564965881755982,
  "baseThirst": 0.2512470931102997,
  "baserunningRating": 0.541816347557909,
  "blood": 2,
  "buoyancy": 1.075786998148391,
  "chasiness": 1.1131343950298167,
  "cinnamon": 0.18326720316848472,
  "coffee": 7,
  "coldness": 0.8670263249808321,
  "continuation": 0.6591098232076418,
  "deceased": false,
  "defenseRating": 0.7844169188002508,
  "divinity": 0.9200209322271632,
  "eDensity": 57.120612936631105,
  "evolution": 0,
  "fate": 75,
  "gameAttr": [],
  "groundFriction": 0.5438013550483753,
  "hitStreak": 0,
  "hittingRating": 0.5051822784149951,
  "id": "ae4acebd-edb5-4d20-bf69-f2d5151312ff",
  "indulgence": 0.11952093685511506,
  "itemAttr": [],
  "items": [
    {
      "baserunningRating": 0,
      "defenseRating": 0,
      "durability": 2,
      "forger": null,
      "forgerName": null,
      "health": 1,
      "hittingRating": 0.09759922108321462,
      "id": "955985a3-2ae7-41d3-8c46-85170f8dc7b4",
      "name": "Bat of Vanity",
      "pitchingRating": 0,
      "postPrefix": null,
      "prePrefix": null,
      "prefixes": null,
      "root": {
        "adjustments": [
          {
            "stat": 2,
            "type": 1,
            "value": 0.14717606617841145
          }
        ],
        "name": "Bat"
      },
      "suffix": {
        "adjustments": [
          {
            "stat": 7,
            "type": 1,
            "value": -0.09800687113723593
          },
          {
            "stat": 5,
            "type": 1,
            "value": 0.06099225704074469
          }
        ],
        "name": "Vanity"
      }
    }
  ],
  "laserlikeness": 0.7266337870287207,
  "leagueTeamId": "36569151-a2fb-43c1-9df7-2df512424c82",
  "martyrdom": 0.4659122583526467,
  "moxie": 1.119881923502739,
  "musclitude": 0.5932684679256065,
  "name": "Theodore Cervantes",
  "omniscience": 1.083150399275355,
  "overpowerment": 0.8247455376143962,
  "patheticism": 0.8309466094003254,
  "peanutAllergy": false,
  "permAttr": [
    "SIPHON",
    "PERK"
  ],
  "pitchingRating": 0.9001005890312892,
  "pressurization": 0.3856185779831285,
  "ritual": "Getting struck by lightning",
  "ruthlessness": 1.071140292881164,
  "seasAttr": [],
  "shakespearianism": 0.5025583699565087,
  "soul": 6,
  "state": {},
  "suppression": 0.41276272298427674,
  "tenaciousness": 0.8341793244551442,
  "thwackability": 0.22849564449010495,
  "totalFingers": 11,
  "tournamentTeamId": "d8f82163-2e74-496b-8e4b-2ab35b2d3ff1",
  "tragicness": 0.1941400753225414,
  "unthwackability": 0.9390097422232891,
  "watchfulness": 0.174406651017996,
  "weekAttr": []
}