{
  "anticapitalism": 0.6892160116257035,
  "armor": "",
  "baseThirst": 0.269765128478161,
  "baserunningRating": 0.6191681788317474,
  "bat": "",
  "blood": 2,
  "buoyancy": 1.0951602003891776,
  "chasiness": 1.1211023981374395,
  "cinnamon": 0.16638321089555214,
  "coffee": 7,
  "coldness": 0.9257956703491462,
  "continuation": 0.7478005574027872,
  "deceased": false,
  "defenseRating": 0.8330717670320641,
  "divinity": 0.9304996797807886,
  "fate": 75,
  "gameAttr": [],
  "groundFriction": 0.6906904601626184,
  "hitStreak": 0,
  "hittingRating": 0.5567094725784411,
  "id": "ae4acebd-edb5-4d20-bf69-f2d5151312ff",
  "indulgence": 0.1810821117320663,
  "laserlikeness": 0.8002600489943825,
  "martyrdom": 0.5807351461439998,
  "moxie": 1.1623918697013016,
  "musclitude": 0.6445057007768001,
  "name": "Theodore Cervantes",
  "omniscience": 1.1556255320656093,
  "overpowerment": 0.8752474143121118,
  "patheticism": 0.7051438700794734,
  "peanutAllergy": true,
  "permAttr": [
    "SIPHON"
  ],
  "pitchingRating": 0.992630595140385,
  "pressurization": 0.3856185779831285,
  "ritual": "Getting struck by lightning",
  "ruthlessness": 1.1792760589388778,
  "seasAttr": [],
  "shakespearianism": 0.479425116437594,
  "soul": 7,
  "suppression": 0.4204810455686008,
  "tenaciousness": 0.8524894485397407,
  "thwackability": 0.26420956282160335,
  "totalFingers": 11,
  "tragicness": 0.1,
  "unthwackability": 1.045138301873645,
  "watchfulness": 0.2146897165010924,
  "weekAttr": []
}