{
  "anticapitalism": 0.15137164167993314,
  "armor": "",
  "baseThirst": 0.4849206967882056,
  "baserunningRating": 0.3193415515979767,
  "bat": "",
  "blood": 2,
  "buoyancy": 0.3311714001796302,
  "chasiness": 0.9509730954389668,
  "cinnamon": 0.3621140970642359,
  "coffee": 9,
  "coldness": 0.7780053978277303,
  "continuation": 0.8803596384507829,
  "deceased": false,
  "defenseRating": 0.4463587672202073,
  "divinity": 0.8275765725016533,
  "eDensity": 32.208092938308596,
  "evolution": 0,
  "fate": 49,
  "gameAttr": [],
  "groundFriction": 0.7954819937256046,
  "hitStreak": 0,
  "hittingRating": 0.8410030221136817,
  "id": "ae81e172-801a-4236-929a-b990fc7190ce",
  "indulgence": 0.6507562550559984,
  "laserlikeness": 0.13792244658448646,
  "leagueTeamId": "b024e975-1c4a-4575-8936-a3754a08806a",
  "martyrdom": 0.32694540770389124,
  "moxie": 0.6423525985319801,
  "musclitude": 0.8709128471930607,
  "name": "August Sky",
  "omniscience": 0.09940289610481697,
  "overpowerment": 1.049887786141185,
  "patheticism": 0.39362805539886575,
  "peanutAllergy": true,
  "permAttr": [
    "FIRE_EATER"
  ],
  "pitchingRating": 0.7087385073979332,
  "pressurization": 0.34489229393890247,
  "ritual": "Playing pranks",
  "ruthlessness": 0.8911090923716299,
  "seasAttr": [],
  "shakespearianism": 0.17463352700303406,
  "soul": 8,
  "state": {},
  "suppression": 0.8146484896315704,
  "tenaciousness": 0.603732353554711,
  "thwackability": 0.956373714805568,
  "totalFingers": 10,
  "tournamentTeamId": null,
  "tragicness": 0.036737574419690014,
  "unthwackability": 0.7793092635297157,
  "watchfulness": 0.6055373944195815,
  "weekAttr": []
}