{
  "anticapitalism": 0.8371716389234596,
  "baseThirst": 0.5361348130933254,
  "baserunningRating": 1.057614643648782,
  "blood": 8,
  "buoyancy": 1.147909117261705,
  "chasiness": 1.400772776637442,
  "cinnamon": 0.721592384993324,
  "coffee": 2,
  "coldness": 0.6345577322503236,
  "continuation": 0.9973218375421746,
  "deceased": false,
  "defenseRating": 1.0495971091707466,
  "divinity": 1.3624471200643833,
  "eDensity": 42.40898469775457,
  "evolution": 0,
  "fate": 78,
  "gameAttr": [
    "WIRED"
  ],
  "groundFriction": 1.3353316069331207,
  "hitStreak": 0,
  "hittingRating": 1.0743660076553874,
  "id": "af6b3edc-ed52-4edc-b0c9-14e0a5ae0ee3",
  "indulgence": 0.8296958927906087,
  "itemAttr": [],
  "items": [
    {
      "baserunningRating": 0,
      "defenseRating": 0,
      "durability": 1,
      "forger": null,
      "forgerName": null,
      "health": 1,
      "hittingRating": 0,
      "id": "8ca87aae-64cf-4828-b052-25499ff41150",
      "name": "Cap",
      "pitchingRating": 0.05607100006564403,
      "postPrefix": null,
      "prePrefix": null,
      "prefixes": null,
      "root": {
        "adjustments": [
          {
            "stat": 16,
            "type": 1,
            "value": 0.124691164336501
          }
        ],
        "name": "Cap"
      },
      "suffix": null
    }
  ],
  "laserlikeness": 1.2420281230067458,
  "leagueTeamId": "b63be8c2-576a-4d6e-8daf-814f8bcea96f",
  "martyrdom": 1.213423884214798,
  "moxie": 1.4204667350680886,
  "musclitude": 0.5713966858275976,
  "name": "Rivers Clembons",
  "omniscience": 1.5000431855143483,
  "overpowerment": 1.092459785851858,
  "patheticism": 0.001,
  "peanutAllergy": false,
  "permAttr": [
    "ALTERNATE"
  ],
  "pitchingRating": 0.8768486249185947,
  "pressurization": 0.11459248149861184,
  "ritual": "Stretching",
  "ruthlessness": 0.7619212344267525,
  "seasAttr": [],
  "shakespearianism": 1.3292442852544335,
  "soul": 7,
  "state": {},
  "suppression": 1.2723522379645398,
  "tenaciousness": 0.7113277330181749,
  "thwackability": 0.9319262503957396,
  "totalFingers": 13,
  "tournamentTeamId": null,
  "tragicness": 0.001,
  "unthwackability": 0.8994044529881104,
  "watchfulness": 1.215337928792784,
  "weekAttr": []
}