{
  "anticapitalism": 0.6197043382561727,
  "armor": "",
  "baseThirst": 0.3596726041471848,
  "baserunningRating": 0.8455784756754305,
  "bat": "",
  "blood": 8,
  "buoyancy": 0.9325944730280704,
  "chasiness": 1.1943150874404591,
  "cinnamon": 0.5133652873326168,
  "coffee": 2,
  "coldness": 0.4140880311673681,
  "continuation": 0.7596221651345245,
  "deceased": false,
  "defenseRating": 0.8799695288328246,
  "divinity": 1.1490291784697635,
  "eDensity": 36.507340642435736,
  "evolution": 0,
  "fate": 78,
  "gameAttr": [],
  "groundFriction": 1.1072102485540238,
  "hitStreak": 0,
  "hittingRating": 0.8625708033064289,
  "id": "af6b3edc-ed52-4edc-b0c9-14e0a5ae0ee3",
  "indulgence": 0.5871166142040876,
  "laserlikeness": 1.0102199662709423,
  "leagueTeamId": "b63be8c2-576a-4d6e-8daf-814f8bcea96f",
  "martyrdom": 0.9864745029467846,
  "moxie": 1.2536639027328589,
  "musclitude": 0.34917019990886367,
  "name": "Rivers Clembons",
  "omniscience": 1.2666549286032962,
  "overpowerment": 0.8314253615590499,
  "patheticism": 0.1455673000619689,
  "peanutAllergy": true,
  "permAttr": [
    "ALTERNATE",
    "TRIPLE_THREAT"
  ],
  "pitchingRating": 0.6272155696761348,
  "pressurization": 0.11459248149861184,
  "ritual": "Stretching",
  "ruthlessness": 0.5558794329535213,
  "seasAttr": [],
  "shakespearianism": 1.0700743265003676,
  "soul": 7,
  "state": {},
  "suppression": 1.09051749877065,
  "tenaciousness": 0.47867669615359026,
  "thwackability": 0.6969760382612872,
  "totalFingers": 13,
  "tournamentTeamId": null,
  "tragicness": 0.001,
  "unthwackability": 0.6857483529708358,
  "watchfulness": 1.0232262645192782,
  "weekAttr": []
}