{
  "anticapitalism": 0.22633083582896707,
  "armor": "",
  "baseThirst": 0.16750621332029558,
  "bat": "",
  "blood": 8,
  "buoyancy": 0.7787989889405921,
  "chasiness": 0.8949300508872595,
  "cinnamon": 0.1415875671389497,
  "coffee": 2,
  "coldness": 0.11,
  "continuation": 0.6207913642401592,
  "deceased": false,
  "divinity": 0.9967199434727032,
  "fate": 78,
  "gameAttr": [],
  "groundFriction": 0.9058247979613692,
  "id": "af6b3edc-ed52-4edc-b0c9-14e0a5ae0ee3",
  "indulgence": 0.36174405458730696,
  "laserlikeness": 0.826347364317221,
  "martyrdom": 0.8381818673488762,
  "moxie": 1.0159462222359592,
  "musclitude": 0.18433792044729672,
  "name": "Rivers Clembons",
  "omniscience": 0.9008902748459182,
  "overpowerment": 0.6036479862844327,
  "patheticism": 0.3110484061392165,
  "peanutAllergy": true,
  "permAttr": [
    "ALTERNATE"
  ],
  "pressurization": 0.11459248149861184,
  "ritual": "Stretching",
  "ruthlessness": 0.2639367758989559,
  "seasAttr": [],
  "shakespearianism": 0.8094892935034991,
  "soul": 7,
  "suppression": 0.7390588422100234,
  "tenaciousness": 0.18559896941440135,
  "thwackability": 0.5217396014787635,
  "totalFingers": 12,
  "tragicness": 0.060000000000000005,
  "unthwackability": 0.4425378427205706,
  "watchfulness": 0.7442766985247515,
  "weekAttr": []
}