{
  "anticapitalism": 0.24633083582896703,
  "armor": "",
  "baseThirst": 0.08750621332029558,
  "baserunningRating": 0.5503660468887419,
  "bat": "",
  "blood": 8,
  "buoyancy": 0.6987989889405921,
  "chasiness": 0.9149300508872596,
  "cinnamon": 0.1415875671389497,
  "coffee": 2,
  "coldness": 0.08,
  "continuation": 0.5407913642401593,
  "deceased": false,
  "defenseRating": 0.6012588656340263,
  "divinity": 0.9167199434727032,
  "fate": 78,
  "gameAttr": [],
  "groundFriction": 0.8258247979613692,
  "hitStreak": 0,
  "hittingRating": 0.593178043317209,
  "id": "af6b3edc-ed52-4edc-b0c9-14e0a5ae0ee3",
  "indulgence": 0.281744054587307,
  "laserlikeness": 0.746347364317221,
  "martyrdom": 0.7581818673488763,
  "moxie": 0.9359462222359592,
  "musclitude": 0.10433792044729671,
  "name": "Rivers Clembons",
  "omniscience": 0.9208902748459182,
  "overpowerment": 0.5736479862844327,
  "patheticism": 0.39104840613921654,
  "peanutAllergy": true,
  "permAttr": [
    "ALTERNATE"
  ],
  "pitchingRating": 0.30264003799230427,
  "pressurization": 0.11459248149861184,
  "ritual": "Stretching",
  "ruthlessness": 0.23393677589895595,
  "seasAttr": [],
  "shakespearianism": 0.779489293503499,
  "soul": 7,
  "suppression": 0.7090588422100234,
  "tenaciousness": 0.20559896941440137,
  "thwackability": 0.4417396014787636,
  "totalFingers": 12,
  "tragicness": 0.1,
  "unthwackability": 0.41253784272057065,
  "watchfulness": 0.7642766985247516,
  "weekAttr": []
}