{
  "anticapitalism": 0.3448548688826427,
  "armor": "",
  "baseThirst": 0.30598990280236205,
  "baserunningRating": 0.32122211291191655,
  "bat": "",
  "blood": 5,
  "buoyancy": 0.10002959608243542,
  "chasiness": 0.30721510468366975,
  "cinnamon": 0.5025266127624334,
  "coffee": 11,
  "coldness": 0.393512918180827,
  "continuation": 0.4696139116904363,
  "deceased": false,
  "defenseRating": 0.29643001145053577,
  "divinity": 0.1157765461957839,
  "eDensity": 0,
  "evolution": 0,
  "fate": 68,
  "gameAttr": [],
  "groundFriction": 0.4010914183428635,
  "hitStreak": 0,
  "hittingRating": 0.21835494008843265,
  "id": "afc90398-b891-4cdf-9dea-af8a3a79d793",
  "indulgence": 0.6901172375151297,
  "laserlikeness": 0.19664731000289185,
  "leagueTeamId": "c6c01051-cdd4-47d6-8a98-bb5b754f937f",
  "martyrdom": 0.467254357639408,
  "moxie": 0.5810302550939191,
  "musclitude": 0.4608495580841335,
  "name": "Yazmin Mason",
  "omniscience": 0.1221921628700875,
  "overpowerment": 0.458248367598586,
  "patheticism": 0.537219839199374,
  "peanutAllergy": false,
  "permAttr": [
    "ALTERNATE",
    "SQUIDDISH",
    "RETIRED"
  ],
  "pitchingRating": 0.5276400304349067,
  "pressurization": 0.46979471189615896,
  "ritual": "Recharging",
  "ruthlessness": 0.3033029271023986,
  "seasAttr": [],
  "shakespearianism": 0.8392419194381955,
  "soul": 8,
  "state": {},
  "suppression": 0.017486618705089274,
  "tenaciousness": 0.503557422219644,
  "thwackability": 0.17333676717420707,
  "totalFingers": 10,
  "tournamentTeamId": null,
  "tragicness": 0.1,
  "unthwackability": 0.9915589315135748,
  "watchfulness": 0.013060447978989751,
  "weekAttr": [
    "MARKED"
  ]
}