{
  "_id": "afc90398-b891-4cdf-9dea-af8a3a79d793",
  "anticapitalism": 0.25927281856499884,
  "armor": "",
  "baseThirst": 0.7992464808418314,
  "bat": "",
  "blood": 5,
  "buoyancy": 0.77874571268345,
  "chasiness": 0.5924898269019019,
  "cinnamon": 0.35252661276243336,
  "coffee": 11,
  "coldness": 0.4228754322226001,
  "continuation": 0.6766605015300065,
  "deceased": false,
  "divinity": 0.5738875210833445,
  "fate": 45,
  "groundFriction": 0.48821328017732113,
  "indulgence": 0.7516269766071855,
  "laserlikeness": 0.3888305911294256,
  "martyrdom": 0.5178954497819321,
  "moxie": 0.5872381513581868,
  "musclitude": 0.137685674941477,
  "name": "Yazmin Mason",
  "omniscience": 0.6316189199411484,
  "overpowerment": 0.2995299283265087,
  "patheticism": 0.4046102567840952,
  "peanutAllergy": false,
  "pressurization": 0.46979471189615896,
  "ritual": "Recharging",
  "ruthlessness": 0.4191191548727231,
  "shakespearianism": 0.5162099479835718,
  "soul": 8,
  "suppression": 0.31374850263787546,
  "tenaciousness": 0.48218687695475393,
  "thwackability": 0.4684801139971462,
  "totalFingers": 10,
  "tragicness": 0.1,
  "unthwackability": 0.03037546001952851,
  "watchfulness": 0.199496616527588
}