{
  "anticapitalism": 0.6811960886424795,
  "armor": "",
  "baseThirst": 1.0115445116683477,
  "baserunningRating": 0.9423927086206,
  "bat": "",
  "blood": 0,
  "buoyancy": 0.5121300587392881,
  "chasiness": 0.9106024681697068,
  "cinnamon": 0.8655905581635293,
  "coffee": 0,
  "coldness": 0.5010779083362424,
  "continuation": 0.5374243170216177,
  "deceased": false,
  "defenseRating": 0.8907910693168387,
  "divinity": 0.9942900340071904,
  "fate": 45,
  "gameAttr": [],
  "groundFriction": 0.90375546282912,
  "hitStreak": 0,
  "hittingRating": 0.6070284263313643,
  "id": "b0045559-81cf-42e0-87d4-3bbbd3ce0bce",
  "indulgence": 0.7962883871258113,
  "laserlikeness": 1.07146776233186,
  "leagueTeamId": null,
  "martyrdom": 0.9592540450977334,
  "moxie": 0.5904877167972069,
  "musclitude": 1.07901491500437,
  "name": "Major Arcana",
  "omniscience": 0.9842671106681856,
  "overpowerment": 0.31161225307574564,
  "patheticism": 0.01,
  "peanutAllergy": false,
  "permAttr": [],
  "pitchingRating": 0.3602834793961457,
  "pressurization": 0.5597087464768089,
  "ritual": "Deep-tissue massage",
  "ruthlessness": 0.8171361060789655,
  "seasAttr": [],
  "shakespearianism": 0.5274692030235977,
  "soul": 3,
  "suppression": 0.4350352149860579,
  "tenaciousness": 0.7573974726501762,
  "thwackability": 0.26837194570797973,
  "totalFingers": 31,
  "tournamentTeamId": "d2634113-b650-47b9-ad95-673f8e28e687",
  "tragicness": 0.15215739950363116,
  "unthwackability": 0.25464440220116946,
  "watchfulness": 0.9126072711639128,
  "weekAttr": []
}