{
  "anticapitalism": 0.954638489705886,
  "armor": "",
  "baseThirst": 0.7513625235813841,
  "baserunningRating": 0.4509025515478889,
  "bat": "",
  "blood": 8,
  "buoyancy": 0.11404351277116052,
  "chasiness": 0.6939784154336182,
  "cinnamon": 0.7866802516376514,
  "coffee": 7,
  "coldness": 0.4387001286098744,
  "continuation": 0.10070497426322242,
  "deceased": false,
  "defenseRating": 0.856293749965856,
  "divinity": 0.22031333739378775,
  "eDensity": 0,
  "evolution": 0,
  "fate": 78,
  "gameAttr": [],
  "groundFriction": 0.8781047128493396,
  "hitStreak": 0,
  "hittingRating": 0.3163403517451504,
  "id": "b056a825-b629-4856-856b-53a15ad34acb",
  "indulgence": 0.05032873695314152,
  "laserlikeness": 0.6357887329888567,
  "leagueTeamId": "bfd38797-8404-4b38-8b82-341da28b1f83",
  "martyrdom": 0.6849671518261973,
  "moxie": 1.017488646607536,
  "musclitude": 0.7893545979200904,
  "name": "Bennett Takahashi",
  "omniscience": 0.6772731931501303,
  "overpowerment": 0.6010170388900888,
  "patheticism": 0.7298183380291832,
  "peanutAllergy": true,
  "permAttr": [],
  "pitchingRating": 0.3910243098116784,
  "pressurization": 0.7442102660604872,
  "ritual": "Philosophy",
  "ruthlessness": 0.16101039595340105,
  "seasAttr": [],
  "shakespearianism": 0.5044662392812287,
  "soul": 9,
  "state": {},
  "suppression": 0.6576957157411303,
  "tenaciousness": 0.8768444780170974,
  "thwackability": 0.21934047783751429,
  "totalFingers": 10,
  "tournamentTeamId": null,
  "tragicness": 0.1,
  "unthwackability": 0.9174523914242664,
  "watchfulness": 0.9071308203920764,
  "weekAttr": []
}