{
  "anticapitalism": 1.050795454409289,
  "armor": "",
  "baseThirst": 0.3327064590855966,
  "bat": "",
  "blood": 2,
  "buoyancy": 0.35917796934116986,
  "chasiness": 0.6907119757800672,
  "cinnamon": 0.38907423388214424,
  "coffee": 1,
  "coldness": 0.3377948418685758,
  "continuation": 0.5130133223380473,
  "deceased": false,
  "divinity": 0.7909595473173601,
  "fate": 83,
  "gameAttr": [],
  "groundFriction": 0.9408661549621496,
  "id": "b082ca6e-eb11-4eab-8d6a-30f8be522ec4",
  "indulgence": 0.7928596318468693,
  "laserlikeness": 0.7865069724560563,
  "martyrdom": 0.8403735744711147,
  "moxie": 0.6145762864428941,
  "musclitude": 0.20515290717797763,
  "name": "Nicholas Mora",
  "omniscience": 1.1058698619476537,
  "overpowerment": 0.3674542154308068,
  "patheticism": 0.18887220896410264,
  "peanutAllergy": true,
  "permAttr": [],
  "pressurization": 0.9056106219154152,
  "ritual": "Astronomy",
  "ruthlessness": 0.17942835710465235,
  "seasAttr": [],
  "shakespearianism": 0.21343980794689435,
  "soul": 9,
  "suppression": 0.2591181491717106,
  "tenaciousness": 0.543345170849494,
  "thwackability": 0.9606643954623206,
  "totalFingers": 13,
  "tragicness": 0.1,
  "unthwackability": 0.9605582516530392,
  "watchfulness": 0.6689983858504459,
  "weekAttr": []
}