{
  "anticapitalism": 1.0611463668758867,
  "baseThirst": 0.4370519704588788,
  "baserunningRating": 0.7888936881496955,
  "blood": 2,
  "buoyancy": 0.4567156764565448,
  "chasiness": 0.6683891947430681,
  "cinnamon": 0.3999571287578373,
  "coffee": 1,
  "coldness": 0.4278997858071638,
  "continuation": 0.593924493036328,
  "deceased": false,
  "defenseRating": 0.8215128301799182,
  "divinity": 0.7759829607797213,
  "eDensity": 35.496378411054025,
  "evolution": 0,
  "fate": 83,
  "gameAttr": [],
  "groundFriction": 1.0198710097225816,
  "hitStreak": 0,
  "hittingRating": 0.7834709007642011,
  "id": "b082ca6e-eb11-4eab-8d6a-30f8be522ec4",
  "indulgence": 0.873579888213093,
  "items": [],
  "laserlikeness": 0.8340930917235734,
  "leagueTeamId": "747b8e4a-7e50-4638-a973-ea7950a3e739",
  "martyrdom": 0.8231165830551391,
  "moxie": 0.7093150728687667,
  "musclitude": 0.16498761938222264,
  "name": "Nicholas Mora",
  "omniscience": 1.0983518953193847,
  "overpowerment": 0.4443452017627897,
  "patheticism": 0.08538753459854374,
  "peanutAllergy": true,
  "permAttr": [
    "ELSEWHERE"
  ],
  "pitchingRating": 0.3913194967710453,
  "pressurization": 0.9056106219154152,
  "ritual": "Astronomy",
  "ruthlessness": 0.18851477846144857,
  "seasAttr": [],
  "shakespearianism": 0.28626419244571744,
  "soul": 8,
  "state": {
    "elsewhere": {
      "day": 51,
      "season": 14
    }
  },
  "suppression": 0.24995776278767445,
  "tenaciousness": 0.5011924454437675,
  "thwackability": 1.045834764778188,
  "totalFingers": 13,
  "tournamentTeamId": null,
  "tragicness": 0.15478803484222683,
  "unthwackability": 0.9943745345632964,
  "watchfulness": 0.6513984988872633,
  "weekAttr": []
}