{
  "anticapitalism": 1.200763181992075,
  "armor": "",
  "baseThirst": 0.4946858029991442,
  "baserunningRating": 0.8720222371918178,
  "bat": "",
  "blood": 2,
  "buoyancy": 0.5351935006631153,
  "chasiness": 0.844060478234828,
  "cinnamon": 0.5855923084286646,
  "coffee": 1,
  "coldness": 0.4823296236540225,
  "continuation": 0.6792984543907455,
  "deceased": false,
  "defenseRating": 0.949294448850048,
  "divinity": 0.9427607438140948,
  "eDensity": 41.181225326085645,
  "evolution": 0,
  "fate": 83,
  "gameAttr": [],
  "groundFriction": 1.1068885068940624,
  "hitStreak": 0,
  "hittingRating": 0.9238023893779156,
  "id": "b082ca6e-eb11-4eab-8d6a-30f8be522ec4",
  "indulgence": 0.9825620650956224,
  "laserlikeness": 0.930002960334426,
  "leagueTeamId": "23e4cbc1-e9cd-47fa-a35b-bfa06f726cb7",
  "martyrdom": 1.011906080148251,
  "moxie": 0.7668079310856278,
  "musclitude": 0.34515647608368993,
  "name": "Nicholas Mora",
  "omniscience": 1.2543969430600344,
  "overpowerment": 0.5536092854218606,
  "patheticism": 0.02706015016364076,
  "peanutAllergy": true,
  "permAttr": [],
  "pitchingRating": 0.5664845425924533,
  "pressurization": 0.9056106219154152,
  "ritual": "Astronomy",
  "ruthlessness": 0.3437232615074372,
  "seasAttr": [],
  "shakespearianism": 0.3673448165935973,
  "soul": 9,
  "state": {},
  "suppression": 0.4310324042063953,
  "tenaciousness": 0.6761836323487642,
  "thwackability": 1.1315538855786729,
  "totalFingers": 13,
  "tournamentTeamId": null,
  "tragicness": 0.1,
  "unthwackability": 1.1409483875725928,
  "watchfulness": 0.8150405231602401,
  "weekAttr": []
}