{
  "anticapitalism": 0.8699337168870674,
  "baseThirst": 0.27818448977571125,
  "baserunningRating": 0.6559172365276383,
  "blood": 2,
  "buoyancy": 0.3807017419842734,
  "chasiness": 0.4912398757177393,
  "cinnamon": 0.21192169849368875,
  "coffee": 1,
  "coldness": 0.2731468736269204,
  "continuation": 0.4856735097601883,
  "deceased": false,
  "defenseRating": 0.7219993867096446,
  "divinity": 0.6495214712890647,
  "eDensity": 29.96428927692192,
  "evolution": 0,
  "fate": 83,
  "gameAttr": [],
  "groundFriction": 0.8376270409815596,
  "hitStreak": 0,
  "hittingRating": 0.6393767251269079,
  "id": "b082ca6e-eb11-4eab-8d6a-30f8be522ec4",
  "indulgence": 0.8123160664352733,
  "itemAttr": [],
  "items": [
    {
      "baserunningRating": 0,
      "defenseRating": 0,
      "durability": 1,
      "forger": null,
      "forgerName": null,
      "health": 0,
      "hittingRating": 0.032707174028781094,
      "id": "76a30551-c7f1-4baa-8507-b3fed8aedf22",
      "name": "Bat",
      "pitchingRating": 0,
      "postPrefix": null,
      "prePrefix": null,
      "prefixes": null,
      "root": {
        "adjustments": [
          {
            "stat": 2,
            "type": 1,
            "value": 0.13629121922471524
          }
        ],
        "name": "Bat"
      },
      "suffix": null
    }
  ],
  "laserlikeness": 0.6934377415668973,
  "leagueTeamId": "747b8e4a-7e50-4638-a973-ea7950a3e739",
  "martyrdom": 0.6978900381114449,
  "moxie": 0.6044172143458764,
  "musclitude": 0.07882890476575595,
  "name": "Nicholas Mora",
  "omniscience": 1.010076697728262,
  "overpowerment": 0.37268983170347114,
  "patheticism": 0.27742298857260134,
  "peanutAllergy": false,
  "permAttr": [],
  "pitchingRating": 0.2633194054817979,
  "pressurization": 0.9056106219154152,
  "ritual": "Astronomy",
  "ruthlessness": 0.11642965358934398,
  "seasAttr": [],
  "shakespearianism": 0.10960549727471086,
  "soul": 7,
  "state": {},
  "suppression": 0.15801464500180828,
  "tenaciousness": 0.4033798164221447,
  "thwackability": 0.8896273125979598,
  "totalFingers": 13,
  "tournamentTeamId": null,
  "tragicness": 0.2994106937959557,
  "unthwackability": 0.8648171736354842,
  "watchfulness": 0.5425646293890043,
  "weekAttr": []
}