{
  "anticapitalism": 0.7295676251694817,
  "armor": "",
  "baseThirst": 0.7590929251971738,
  "bat": "GRAPPLING_HOOK",
  "blood": 7,
  "buoyancy": 0.7860062762895372,
  "chasiness": 1.110720655614879,
  "cinnamon": 0.0804063028045619,
  "coffee": 6,
  "coldness": 0.44605548703926456,
  "continuation": 1.203132429388896,
  "deceased": false,
  "divinity": 0.15469197280858826,
  "fate": 90,
  "gameAttr": [],
  "groundFriction": 1.285682441770046,
  "id": "b1b141fc-e867-40d1-842a-cea30a97ca4f",
  "indulgence": 0.8474266340600595,
  "laserlikeness": 1.288949516841048,
  "martyrdom": 0.8585863281430413,
  "moxie": 0.9092429563080644,
  "musclitude": 0.3626902790363384,
  "name": "Richardson Games",
  "omniscience": 1.1231091601875782,
  "overpowerment": 0.06539275507758191,
  "patheticism": 0.6367193275374738,
  "peanutAllergy": true,
  "permAttr": [],
  "pressurization": 0.8231759598388049,
  "ritual": "Essential oils",
  "ruthlessness": 0.22962633905603136,
  "seasAttr": [],
  "shakespearianism": 0.4372052425854112,
  "soul": 8,
  "suppression": 0.5000549463572761,
  "tenaciousness": 1.4994536816034532,
  "thwackability": 0.6143899137750144,
  "totalFingers": 10,
  "tragicness": 0.1,
  "unthwackability": 0.3231084036387679,
  "watchfulness": 1.3625317129378949,
  "weekAttr": []
}