{
  "anticapitalism": 0.12956762516948173,
  "armor": "",
  "baseThirst": 0.15909292519717377,
  "bat": "",
  "blood": 7,
  "buoyancy": 0.7860062762895372,
  "chasiness": 0.5107206556148791,
  "cinnamon": 0.1504063028045619,
  "coffee": 6,
  "coldness": 0.44605548703926456,
  "continuation": 0.6031324293888962,
  "deceased": false,
  "divinity": 0.15469197280858826,
  "fate": 90,
  "gameAttr": [],
  "groundFriction": 0.6856824417700458,
  "id": "b1b141fc-e867-40d1-842a-cea30a97ca4f",
  "indulgence": 0.2474266340600595,
  "laserlikeness": 0.6889495168410478,
  "martyrdom": 0.8585863281430413,
  "moxie": 0.9092429563080644,
  "musclitude": 0.3626902790363384,
  "name": "Richardson Games",
  "omniscience": 0.5231091601875784,
  "overpowerment": 0.06539275507758191,
  "patheticism": 0.6367193275374738,
  "peanutAllergy": true,
  "permAttr": [],
  "pressurization": 0.8231759598388049,
  "ritual": "Essential oils",
  "ruthlessness": 0.22962633905603136,
  "seasAttr": [],
  "shakespearianism": 0.4372052425854112,
  "soul": 8,
  "suppression": 0.5000549463572761,
  "tenaciousness": 0.8994536816034533,
  "thwackability": 0.6143899137750144,
  "totalFingers": 10,
  "tragicness": 0.1,
  "unthwackability": 0.3231084036387679,
  "watchfulness": 0.7625317129378946,
  "weekAttr": []
}