{
  "anticapitalism": 1.6603801362299782,
  "baseThirst": 0.8828035552175526,
  "baserunningRating": 1.2504796508475808,
  "blood": 7,
  "buoyancy": 1.0364538668564272,
  "chasiness": 2.049391802709454,
  "cinnamon": 0.1839329275781828,
  "coffee": 6,
  "coldness": 0.5568338200975125,
  "continuation": 1.3230609114434222,
  "deceased": false,
  "defenseRating": 1.7002649976763196,
  "divinity": 0.384232907276329,
  "eDensity": 43.4458896653677,
  "evolution": 0,
  "fate": 90,
  "gameAttr": [],
  "groundFriction": 1.4154820117302105,
  "hitStreak": 0,
  "hittingRating": 0.6422259301116063,
  "id": "b1b141fc-e867-40d1-842a-cea30a97ca4f",
  "indulgence": 0.9927249520913366,
  "itemAttr": [],
  "items": [
    {
      "baserunningRating": 0,
      "defenseRating": 0,
      "durability": 1,
      "forger": null,
      "forgerName": null,
      "health": 0,
      "hittingRating": 0.028862023515011992,
      "id": "93ec6b33-4894-4169-bba2-e681c1ea3ad4",
      "name": "Bat",
      "pitchingRating": 0,
      "postPrefix": null,
      "prePrefix": null,
      "prefixes": null,
      "root": {
        "adjustments": [
          {
            "stat": 2,
            "type": 1,
            "value": 0.1124426437989232
          }
        ],
        "name": "Bat"
      },
      "suffix": null
    }
  ],
  "laserlikeness": 1.4161779126520615,
  "leagueTeamId": "bfd38797-8404-4b38-8b82-341da28b1f83",
  "martyrdom": 1.1093621578935609,
  "moxie": 1.1746947575250128,
  "musclitude": 0.6249094866480214,
  "name": "Richardson Games",
  "omniscience": 2.0727504127274488,
  "overpowerment": 0.18276871860841024,
  "patheticism": 0.40520575797676345,
  "peanutAllergy": false,
  "permAttr": [
    "FLINCH",
    "SIPHON"
  ],
  "pitchingRating": 0.32787080213130804,
  "pressurization": 0.8231759598388049,
  "ritual": "Essential oils",
  "ruthlessness": 0.36894969672610073,
  "seasAttr": [],
  "shakespearianism": 0.5836635963135568,
  "soul": 8,
  "state": {},
  "suppression": 0.6691382170446998,
  "tenaciousness": 2.4413373958952187,
  "thwackability": 0.8401982518236265,
  "totalFingers": 11,
  "tournamentTeamId": "4e5d0063-73b4-440a-b2d1-214a7345cf16",
  "tragicness": 0.001,
  "unthwackability": 0.4557664981456439,
  "watchfulness": 2.3173092322474216,
  "weekAttr": []
}