{
  "anticapitalism": 1.7140020943720369,
  "baseThirst": 0.9612018461176924,
  "baserunningRating": 1.3133922793112722,
  "blood": 7,
  "buoyancy": 1.0842090396531376,
  "chasiness": 2.120212930155013,
  "cinnamon": 0.2635522181087977,
  "coffee": 6,
  "coldness": 0.6339982433965728,
  "continuation": 1.398077796023827,
  "deceased": false,
  "defenseRating": 1.7308529779240416,
  "divinity": 0.44081726349300193,
  "eDensity": 44.902548469518536,
  "evolution": 0,
  "fate": 90,
  "gameAttr": [
    "WIRED"
  ],
  "groundFriction": 1.4843696931259545,
  "hitStreak": 0,
  "hittingRating": 0.7010712367652147,
  "id": "b1b141fc-e867-40d1-842a-cea30a97ca4f",
  "indulgence": 1.066722881214053,
  "itemAttr": [],
  "items": [
    {
      "baserunningRating": 0,
      "defenseRating": 0,
      "durability": 1,
      "forger": null,
      "forgerName": null,
      "health": 0,
      "hittingRating": 0.028862023515011992,
      "id": "93ec6b33-4894-4169-bba2-e681c1ea3ad4",
      "name": "Bat",
      "pitchingRating": 0,
      "postPrefix": null,
      "prePrefix": null,
      "prefixes": null,
      "root": {
        "adjustments": [
          {
            "stat": 2,
            "type": 1,
            "value": 0.1124426437989232
          }
        ],
        "name": "Bat"
      },
      "suffix": null
    }
  ],
  "laserlikeness": 1.4832043590158444,
  "leagueTeamId": "bfd38797-8404-4b38-8b82-341da28b1f83",
  "martyrdom": 1.1799831575697184,
  "moxie": 1.2401802340635526,
  "musclitude": 0.6910001392881538,
  "name": "Richardson Games",
  "omniscience": 2.1133010701272985,
  "overpowerment": 0.226971188548288,
  "patheticism": 0.34657525463713973,
  "peanutAllergy": false,
  "permAttr": [
    "FLINCH",
    "SIPHON"
  ],
  "pitchingRating": 0.3836190016449765,
  "pressurization": 0.8231759598388049,
  "ritual": "Essential oils",
  "ruthlessness": 0.4309012838379633,
  "seasAttr": [],
  "shakespearianism": 0.6529718825978722,
  "soul": 8,
  "state": {},
  "suppression": 0.7389851858997031,
  "tenaciousness": 2.50139057922504,
  "thwackability": 0.8948140083345382,
  "totalFingers": 11,
  "tournamentTeamId": "4e5d0063-73b4-440a-b2d1-214a7345cf16",
  "tragicness": 0.001,
  "unthwackability": 0.5016761705488294,
  "watchfulness": 2.3764309696100323,
  "weekAttr": []
}