{
  "anticapitalism": 0.7495676251694817,
  "armor": "",
  "baseThirst": 0.7790929251971738,
  "bat": "GRAPPLING_HOOK",
  "blood": 7,
  "buoyancy": 0.8060062762895372,
  "chasiness": 1.130720655614879,
  "cinnamon": 0.0804063028045619,
  "coffee": 6,
  "coldness": 0.4660554870392646,
  "continuation": 1.223132429388896,
  "deceased": false,
  "divinity": 0.17469197280858825,
  "fate": 90,
  "gameAttr": [],
  "groundFriction": 1.305682441770046,
  "id": "b1b141fc-e867-40d1-842a-cea30a97ca4f",
  "indulgence": 0.8674266340600595,
  "laserlikeness": 1.308949516841048,
  "martyrdom": 0.8785863281430413,
  "moxie": 0.9292429563080644,
  "musclitude": 0.38269027903633845,
  "name": "Richardson Games",
  "omniscience": 1.1431091601875782,
  "overpowerment": 0.08539275507758191,
  "patheticism": 0.6167193275374738,
  "peanutAllergy": true,
  "permAttr": [],
  "pressurization": 0.8231759598388049,
  "ritual": "Essential oils",
  "ruthlessness": 0.24962633905603135,
  "seasAttr": [],
  "shakespearianism": 0.4572052425854112,
  "soul": 8,
  "suppression": 0.5200549463572761,
  "tenaciousness": 1.5194536816034532,
  "thwackability": 0.6343899137750144,
  "totalFingers": 11,
  "tragicness": 0.08,
  "unthwackability": 0.34310840363876793,
  "watchfulness": 1.382531712937895,
  "weekAttr": []
}