{
  "anticapitalism": 1.0826505369021238,
  "armor": "",
  "baseThirst": 0.8864039635986131,
  "baserunningRating": 0.8419417876482698,
  "bat": "",
  "blood": 11,
  "buoyancy": 1.092836346709074,
  "chasiness": 0.6055798167169393,
  "cinnamon": 0.559283613459555,
  "coffee": 11,
  "coldness": 0.7134874730307177,
  "continuation": 0.8236552819933535,
  "deceased": false,
  "defenseRating": 0.6253200201103788,
  "divinity": 1.2088753874485203,
  "eDensity": 27.531835621663348,
  "evolution": 1,
  "fate": 71,
  "gameAttr": [],
  "groundFriction": 0.7909081810592729,
  "hitStreak": 0,
  "hittingRating": 0.8014881432050696,
  "id": "b323f897-ccf9-4200-8870-249cbe19f904",
  "indulgence": 1.0293794149502158,
  "laserlikeness": 0.7865899358758084,
  "leagueTeamId": "23e4cbc1-e9cd-47fa-a35b-bfa06f726cb7",
  "martyrdom": 0.6840283251762116,
  "moxie": 1.227815922632178,
  "musclitude": 0.917124546956672,
  "name": "Huber Frumple",
  "omniscience": 0.4836364792480008,
  "overpowerment": 0.4628619273666464,
  "patheticism": 0.30489304582002474,
  "peanutAllergy": true,
  "permAttr": [],
  "pitchingRating": 0.43703862562052714,
  "pressurization": 0.06967946461065111,
  "ritual": "Glue",
  "ruthlessness": 0.5478974621612742,
  "seasAttr": [],
  "shakespearianism": 0.9204189769946692,
  "soul": 8,
  "state": {},
  "suppression": 1.417520447024306,
  "tenaciousness": 0.3613165405993787,
  "thwackability": 0.4613076441533491,
  "totalFingers": 10,
  "tournamentTeamId": null,
  "tragicness": 0.001,
  "unthwackability": 0.4026969535839228,
  "watchfulness": 0.45661466465173334,
  "weekAttr": []
}