{
  "anticapitalism": 0.7615934789673346,
  "armor": "",
  "baseThirst": 0.6080579592262445,
  "baserunningRating": 0.5610849315334452,
  "bat": "",
  "blood": 11,
  "buoyancy": 0.7743645821088931,
  "chasiness": 0.3983663165754856,
  "cinnamon": 0.3730358087098762,
  "coffee": 11,
  "coldness": 0.3665053998811383,
  "continuation": 0.6219507974171015,
  "deceased": false,
  "defenseRating": 0.34115253032521076,
  "divinity": 0.9834602173629056,
  "eDensity": 0,
  "evolution": 1,
  "fate": 71,
  "gameAttr": [],
  "groundFriction": 0.5221443678053537,
  "hitStreak": 0,
  "hittingRating": 0.5444327588958977,
  "id": "b323f897-ccf9-4200-8870-249cbe19f904",
  "indulgence": 0.7602454237859804,
  "laserlikeness": 0.460010904975255,
  "leagueTeamId": "bb4a9de5-c924-4923-a0cb-9d1445f1ee5d",
  "martyrdom": 0.47280849734408825,
  "moxie": 0.9884669740750864,
  "musclitude": 0.6659437030092303,
  "name": "Huber Frumple",
  "omniscience": 0.2720699803053941,
  "overpowerment": 0.1872367329788148,
  "patheticism": 0.507519580575948,
  "peanutAllergy": true,
  "permAttr": [],
  "pitchingRating": 0.20073486805449595,
  "pressurization": 0.06967946461065111,
  "ritual": "Glue",
  "ruthlessness": 0.32671719527933285,
  "seasAttr": [],
  "shakespearianism": 0.6666155343182167,
  "soul": 8,
  "state": {},
  "suppression": 1.1178036765362054,
  "tenaciousness": 0.08887177494856369,
  "thwackability": 0.22641882783516087,
  "totalFingers": 10,
  "tournamentTeamId": null,
  "tragicness": 0.052268709506600786,
  "unthwackability": 0.18587099282398423,
  "watchfulness": 0.12039021296346442,
  "weekAttr": []
}