{
  "anticapitalism": 1.0165242809927666,
  "baseThirst": 0.8539128762073275,
  "baserunningRating": 0.8080389282665476,
  "blood": 11,
  "buoyancy": 1.1131593077382584,
  "chasiness": 0.5775981037232432,
  "cinnamon": 0.44357432519811474,
  "coffee": 11,
  "coldness": 0.773295880806708,
  "continuation": 0.7104971357983954,
  "deceased": false,
  "defenseRating": 0.5807735528176309,
  "divinity": 1.31073342075659,
  "eDensity": 32.348213907847835,
  "evolution": 1,
  "fate": 71,
  "gameAttr": [],
  "groundFriction": 0.7937437937834387,
  "hitStreak": 0,
  "hittingRating": 0.8574487281417207,
  "id": "b323f897-ccf9-4200-8870-249cbe19f904",
  "indulgence": 0.9299817770733234,
  "itemAttr": [],
  "items": [
    {
      "baserunningRating": 0,
      "defenseRating": 0,
      "durability": 1,
      "forger": null,
      "forgerName": null,
      "health": 1,
      "hittingRating": 0.07959709335266552,
      "id": "8185f79f-952d-4b3e-aa63-eae9883c3cbb",
      "name": "Bat",
      "pitchingRating": 0,
      "postPrefix": null,
      "prePrefix": null,
      "prefixes": null,
      "root": {
        "adjustments": [
          {
            "stat": 2,
            "type": 1,
            "value": 0.14650104823588747
          }
        ],
        "name": "Bat"
      },
      "suffix": null
    },
    {
      "baserunningRating": 0,
      "defenseRating": 0,
      "durability": 1,
      "forger": null,
      "forgerName": null,
      "health": 0,
      "hittingRating": 0.08006092157497391,
      "id": "3d44ab07-079f-4448-9edf-096419af2968",
      "name": "Bat",
      "pitchingRating": 0,
      "postPrefix": null,
      "prePrefix": null,
      "prefixes": null,
      "root": {
        "adjustments": [
          {
            "stat": 2,
            "type": 1,
            "value": 0.13406839420502095
          }
        ],
        "name": "Bat"
      },
      "suffix": null
    }
  ],
  "laserlikeness": 0.7667228967903699,
  "leagueTeamId": "23e4cbc1-e9cd-47fa-a35b-bfa06f726cb7",
  "martyrdom": 0.6850914925044458,
  "moxie": 1.2215012620753205,
  "musclitude": 0.9326904139390204,
  "name": "Huber Frumple",
  "omniscience": 0.4722048346426708,
  "overpowerment": 0.47344475214420234,
  "patheticism": 0.2269881508975103,
  "peanutAllergy": false,
  "permAttr": [],
  "pitchingRating": 0.374912206180935,
  "pressurization": 0.06967946461065111,
  "ritual": "Glue",
  "ruthlessness": 0.45746337904393675,
  "seasAttr": [],
  "shakespearianism": 0.9233351303623168,
  "soul": 7,
  "state": {},
  "suppression": 1.358527315207012,
  "tenaciousness": 0.26775273619601603,
  "thwackability": 0.5074578430571012,
  "totalFingers": 11,
  "tournamentTeamId": null,
  "tragicness": 0.04137132324707904,
  "unthwackability": 0.3384575018707181,
  "watchfulness": 0.46515329712514414,
  "weekAttr": []
}