{
  "anticapitalism": 0.5649882368120599,
  "baseThirst": 1.0076577795404305,
  "baserunningRating": 0.6866326251134355,
  "blood": 8,
  "buoyancy": 0.5575745289604013,
  "chasiness": 0.6646997379187309,
  "cinnamon": 0.40039817421122226,
  "coffee": 2,
  "coldness": 0.5340845817870057,
  "continuation": 0.7376708329124532,
  "deceased": false,
  "defenseRating": 0.7677566894190615,
  "divinity": 0.5598360608235193,
  "eDensity": 27.10321071373309,
  "evolution": 0,
  "fate": 73,
  "gameAttr": [],
  "groundFriction": 0.65778038325191,
  "hitStreak": 0,
  "hittingRating": 0.4937555250856056,
  "id": "b348c037-eefc-4b81-8edd-dfa96188a97e",
  "indulgence": 0.31668496987719963,
  "itemAttr": [],
  "items": [
    {
      "baserunningRating": 0,
      "defenseRating": 0,
      "durability": 1,
      "forger": null,
      "forgerName": null,
      "health": 0,
      "hittingRating": 0.0694536740244529,
      "id": "c3946c85-f4ba-4de9-8f3d-8ff73a41a7bd",
      "name": "Bat",
      "pitchingRating": 0,
      "postPrefix": null,
      "prePrefix": null,
      "prefixes": null,
      "root": {
        "adjustments": [
          {
            "stat": 2,
            "type": 1,
            "value": 0.13242545197504998
          }
        ],
        "name": "Bat"
      },
      "suffix": null
    }
  ],
  "laserlikeness": 0.6846554366890226,
  "leagueTeamId": "a37f9158-7f82-46bc-908c-c9e2dda7c33b",
  "martyrdom": 0.29906780048711734,
  "moxie": 1.1529624468864097,
  "musclitude": 1.0645705544262631,
  "name": "Lowe -orbe-",
  "omniscience": 0.4656826380470327,
  "overpowerment": 0.4966827262567918,
  "patheticism": 0.7032875904768319,
  "peanutAllergy": false,
  "permAttr": [
    "SCATTERED"
  ],
  "pitchingRating": 0.7808852623437675,
  "pressurization": 1.0586070350960344,
  "ritual": "Eating fans",
  "ruthlessness": 0.5524452849430901,
  "seasAttr": [],
  "shakespearianism": 1.4607113410346162,
  "soul": 4,
  "state": {
    "unscatteredName": "Lowe Forbes"
  },
  "suppression": 1.3875668180863707,
  "tenaciousness": 1.0692973515494772,
  "thwackability": 0.29009409249364415,
  "totalFingers": 12,
  "tournamentTeamId": null,
  "tragicness": 0.001,
  "unthwackability": 1.1567138528908278,
  "watchfulness": 0.7641772466540312,
  "weekAttr": []
}