{
  "anticapitalism": 0.4619240517995124,
  "armor": "",
  "baseThirst": 0.9010022914491376,
  "baserunningRating": 0.5719275066484346,
  "bat": "",
  "blood": 8,
  "buoyancy": 0.4298614143559309,
  "chasiness": 0.5289527999122587,
  "cinnamon": 0.3103438577779405,
  "coffee": 2,
  "coldness": 0.4057153184835284,
  "continuation": 0.6042986869023801,
  "deceased": false,
  "defenseRating": 0.6696631043260706,
  "divinity": 0.4335086754826965,
  "eDensity": 0,
  "evolution": 0,
  "fate": 73,
  "gameAttr": [],
  "groundFriction": 0.5197705163296292,
  "hitStreak": 0,
  "hittingRating": 0.3779043530168654,
  "id": "b348c037-eefc-4b81-8edd-dfa96188a97e",
  "indulgence": 0.21164250220008957,
  "laserlikeness": 0.5743856135252888,
  "leagueTeamId": "a37f9158-7f82-46bc-908c-c9e2dda7c33b",
  "martyrdom": 0.1738071639515597,
  "moxie": 1.0483372153708548,
  "musclitude": 0.9285715862142055,
  "name": "Lowe Forbes",
  "omniscience": 0.3658420148449078,
  "overpowerment": 0.3863408165903104,
  "patheticism": 0.806326060184812,
  "peanutAllergy": true,
  "permAttr": [],
  "pitchingRating": 0.6519367902178942,
  "pressurization": 1.0586070350960344,
  "ritual": "Eating fans",
  "ruthlessness": 0.4529758027878557,
  "seasAttr": [],
  "shakespearianism": 1.3607202849862514,
  "soul": 4,
  "state": {},
  "suppression": 1.2721962964128817,
  "tenaciousness": 0.9271971460767392,
  "thwackability": 0.20165294545680337,
  "totalFingers": 12,
  "tournamentTeamId": null,
  "tragicness": 0.1,
  "unthwackability": 1.0478399612799392,
  "watchfulness": 0.6451265097855532,
  "weekAttr": []
}