{
  "anticapitalism": 0.3444570336323265,
  "armor": "",
  "baseThirst": 0.7969888583973633,
  "baserunningRating": 0.438548549158669,
  "bat": "",
  "blood": 8,
  "buoyancy": 0.29517344952461844,
  "chasiness": 0.4169122645695009,
  "cinnamon": 0.208400653353272,
  "coffee": 2,
  "coldness": 0.29886814732929234,
  "continuation": 0.4734601554044788,
  "deceased": false,
  "defenseRating": 0.5504541934346829,
  "divinity": 0.3257067250904256,
  "fate": 73,
  "gameAttr": [],
  "groundFriction": 0.4151804716759623,
  "hitStreak": 0,
  "hittingRating": 0.21244626763581895,
  "id": "b348c037-eefc-4b81-8edd-dfa96188a97e",
  "indulgence": 0.09527248536971657,
  "laserlikeness": 0.44591012869706886,
  "martyrdom": 0.05949259848041627,
  "moxie": 0.9449960316653192,
  "musclitude": 0.807832531527097,
  "name": "Lowe Forbes",
  "omniscience": 0.22644958209375,
  "overpowerment": 0.2859377263457548,
  "patheticism": 0.9239301694663604,
  "peanutAllergy": true,
  "permAttr": [],
  "pitchingRating": 0.5312134217315455,
  "pressurization": 1.0586070350960344,
  "ritual": "Eating fans",
  "ruthlessness": 0.3562565056315485,
  "seasAttr": [],
  "shakespearianism": 1.2301898811406056,
  "soul": 4,
  "suppression": 1.1354997198488843,
  "tenaciousness": 0.8050215241762606,
  "thwackability": 0.06627006814885864,
  "totalFingers": 12,
  "tragicness": 0.1,
  "unthwackability": 0.9560442335944598,
  "watchfulness": 0.5351482202874208,
  "weekAttr": []
}