{
  "anticapitalism": 0.8069323898766564,
  "armor": "",
  "baseThirst": 0.3466055912611284,
  "baserunningRating": 0.7647869566828533,
  "bat": "",
  "blood": 1,
  "buoyancy": 0.6381940633847509,
  "chasiness": 0.3808249905541625,
  "cinnamon": 0.984140665895288,
  "coffee": 4,
  "coldness": 0.10013708144024472,
  "continuation": 1.083621905017131,
  "deceased": false,
  "defenseRating": 0.5196809471530227,
  "divinity": 0.16049011317304854,
  "fate": 76,
  "gameAttr": [],
  "groundFriction": 0.685245977266849,
  "hitStreak": 0,
  "hittingRating": 0.44738438787066614,
  "id": "b39b5aae-8571-4c90-887a-6a00f2a2f6fd",
  "indulgence": 0.8812025615104406,
  "laserlikeness": 0.7869621192920837,
  "martyrdom": 0.5404191352388802,
  "moxie": 0.28559186946156956,
  "musclitude": 1.0675805010980604,
  "name": "Dickerson Morse",
  "omniscience": 0.2276460572364722,
  "overpowerment": 0.9795388772476004,
  "patheticism": 0.7311856284590753,
  "peanutAllergy": false,
  "permAttr": [],
  "pitchingRating": 0.3571837556319006,
  "pressurization": 0.5449316274206509,
  "ritual": "Hanging on by a thread",
  "ruthlessness": 0.30410302764732494,
  "seasAttr": [],
  "shakespearianism": 0.4863442172601981,
  "soul": 2,
  "suppression": 0.3378811575341837,
  "tenaciousness": 0.4954910463460571,
  "thwackability": 1.0104943408901972,
  "totalFingers": 10,
  "tragicness": 0.05619090414209572,
  "unthwackability": 0.43116331520558165,
  "watchfulness": 0.3674628774790053,
  "weekAttr": []
}