{
  "anticapitalism": 0.9055003391690608,
  "armor": "",
  "baseThirst": 0.4478803543321675,
  "baserunningRating": 0.8904421958112244,
  "bat": "",
  "blood": 1,
  "buoyancy": 0.7856380590984781,
  "chasiness": 0.4774021279946618,
  "cinnamon": 1.1097455492959576,
  "coffee": 4,
  "coldness": 0.21595931222981993,
  "continuation": 1.2128932303653823,
  "deceased": false,
  "defenseRating": 0.6250450652071177,
  "divinity": 0.25787134096676095,
  "eDensity": 0,
  "evolution": 0,
  "fate": 76,
  "gameAttr": [],
  "groundFriction": 0.8107392857700653,
  "hitStreak": 0,
  "hittingRating": 0.5840232041058224,
  "id": "b39b5aae-8571-4c90-887a-6a00f2a2f6fd",
  "indulgence": 0.9813525261488184,
  "laserlikeness": 0.9377202491539254,
  "leagueTeamId": "b024e975-1c4a-4575-8936-a3754a08806a",
  "martyrdom": 0.6750254464278762,
  "moxie": 0.41404921620269136,
  "musclitude": 1.1842638699958394,
  "name": "Dickerson Morse",
  "omniscience": 0.33688363948819916,
  "overpowerment": 1.1237709424586708,
  "patheticism": 0.6162760780627365,
  "peanutAllergy": false,
  "permAttr": [],
  "pitchingRating": 0.4990149314798274,
  "pressurization": 0.5449316274206509,
  "ritual": "Hanging on by a thread",
  "ruthlessness": 0.43202650302391815,
  "seasAttr": [],
  "shakespearianism": 0.6389438822884873,
  "soul": 2,
  "state": {},
  "suppression": 0.4864536669137286,
  "tenaciousness": 0.6135433329919162,
  "thwackability": 1.143041653436565,
  "totalFingers": 10,
  "tournamentTeamId": null,
  "tragicness": 0.1,
  "unthwackability": 0.5556538017748694,
  "watchfulness": 0.4928219199782725,
  "weekAttr": []
}