{
  "anticapitalism": 0.817422269075456,
  "baseThirst": 0.4244940496807408,
  "baserunningRating": 0.84123453871743,
  "blood": 1,
  "buoyancy": 0.674612582923531,
  "chasiness": 0.41091463373365056,
  "cinnamon": 1.027011484193228,
  "coffee": 4,
  "coldness": 0.21135120865349533,
  "continuation": 1.2156885167522469,
  "deceased": false,
  "defenseRating": 0.5582202529848361,
  "divinity": 0.1296015017052542,
  "eDensity": 17.90295608327706,
  "evolution": 0,
  "fate": 76,
  "gameAttr": [
    "OVERPERFORMING"
  ],
  "groundFriction": 0.740702642195914,
  "hitStreak": 0,
  "hittingRating": 0.4270602001267057,
  "id": "b39b5aae-8571-4c90-887a-6a00f2a2f6fd",
  "indulgence": 0.9077139031298386,
  "itemAttr": [
    "SQUIDDISH",
    "TRAVELING"
  ],
  "items": [
    {
      "baserunningRating": 0,
      "defenseRating": 0,
      "durability": 3,
      "forger": null,
      "forgerName": null,
      "health": 3,
      "hittingRating": 0.0044763422767934435,
      "id": "f57fe258-3190-4730-b7f3-7b5d312222b3",
      "name": "Squiddish Travelling Jersey",
      "pitchingRating": 0,
      "postPrefix": null,
      "prePrefix": null,
      "prefixes": [
        {
          "adjustments": [
            {
              "mod": "SQUIDDISH",
              "type": 0
            }
          ],
          "name": "Squiddish"
        },
        {
          "adjustments": [
            {
              "mod": "TRAVELING",
              "type": 0
            }
          ],
          "name": "Travelling"
        }
      ],
      "root": {
        "adjustments": [
          {
            "stat": 5,
            "type": 1,
            "value": 0.16063403751781002
          }
        ],
        "name": "Jersey"
      },
      "suffix": null
    }
  ],
  "laserlikeness": 0.874534264740743,
  "leagueTeamId": "b024e975-1c4a-4575-8936-a3754a08806a",
  "martyrdom": 0.5916023589510486,
  "moxie": 0.33844928683582803,
  "musclitude": 1.0769394486921242,
  "name": "Dickerson Morse",
  "omniscience": 0.23143792744580355,
  "overpowerment": 1.115490065787898,
  "patheticism": 0.7160654877957477,
  "peanutAllergy": false,
  "permAttr": [],
  "pitchingRating": 0.44533587721060824,
  "pressurization": 0.5449316274206509,
  "ritual": "Hanging on by a thread",
  "ruthlessness": 0.3620421066811125,
  "seasAttr": [],
  "shakespearianism": 0.5226103070971544,
  "soul": 1,
  "state": {
    "gameModSources": {
      "OVERPERFORMING": [
        "AAA"
      ]
    },
    "itemModSources": {
      "SQUIDDISH": [
        "f57fe258-3190-4730-b7f3-7b5d312222b3"
      ],
      "TRAVELING": [
        "f57fe258-3190-4730-b7f3-7b5d312222b3"
      ]
    }
  },
  "suppression": 0.3757030793720793,
  "tenaciousness": 0.605952642957144,
  "thwackability": 1.0449411444757448,
  "totalFingers": 10,
  "tournamentTeamId": null,
  "tragicness": 0.17480361630819968,
  "unthwackability": 0.532405531229051,
  "watchfulness": 0.4447453215298694,
  "weekAttr": []
}