{
  "anticapitalism": 0.730714458126224,
  "armor": "",
  "baseThirst": 0.2989626331469193,
  "bat": "",
  "blood": 1,
  "buoyancy": 0.570635871343248,
  "chasiness": 0.30264553986828735,
  "cinnamon": 0.9287819301191248,
  "coffee": 4,
  "coldness": 0.05802870972733021,
  "continuation": 1.033997088434066,
  "deceased": false,
  "divinity": 0.08220932753953769,
  "fate": 76,
  "gameAttr": [],
  "groundFriction": 0.610831226466015,
  "id": "b39b5aae-8571-4c90-887a-6a00f2a2f6fd",
  "indulgence": 0.8247476143556001,
  "laserlikeness": 0.7187651086561894,
  "martyrdom": 0.4821275909468479,
  "moxie": 0.2143970211711168,
  "musclitude": 0.9918729708702728,
  "name": "Dickerson Morse",
  "omniscience": 0.1771492804666018,
  "overpowerment": 0.9219271835414848,
  "patheticism": 0.7835390743367365,
  "peanutAllergy": false,
  "permAttr": [],
  "pressurization": 0.5449316274206509,
  "ritual": "Hanging on by a thread",
  "ruthlessness": 0.25456424241381614,
  "seasAttr": [],
  "shakespearianism": 0.40788970420329695,
  "soul": 2,
  "suppression": 0.2892932764178895,
  "tenaciousness": 0.4513718179405054,
  "thwackability": 0.9431742609581708,
  "totalFingers": 10,
  "tragicness": 0.1,
  "unthwackability": 0.3655534386354285,
  "watchfulness": 0.3197465631319977,
  "weekAttr": []
}