{
  "anticapitalism": 0.8032107324726656,
  "baseThirst": 0.8823657251094275,
  "baserunningRating": 0.629376907312598,
  "blood": 10,
  "buoyancy": 0.926548224658282,
  "chasiness": 0.5832983589412808,
  "cinnamon": 0.2649972883623206,
  "coffee": 0,
  "coldness": 0.2837512257270174,
  "continuation": 0.7566843144196742,
  "deceased": false,
  "defenseRating": 0.3105128413430805,
  "divinity": 0.392249194171627,
  "eDensity": 20.478765324175328,
  "evolution": 0,
  "fate": 77,
  "gameAttr": [],
  "groundFriction": 0.27466550085030295,
  "hitStreak": 0,
  "hittingRating": 0.42005399904076846,
  "id": "b3d48a84-adc6-44f4-bb69-51d2c6b1203e",
  "indulgence": 0.9427939014219178,
  "items": [],
  "laserlikeness": 0.5626842513973891,
  "leagueTeamId": "46358869-dce9-4a01-bfba-ac24fc56f57e",
  "martyrdom": 0.9941873319621028,
  "moxie": 0.7173135246079929,
  "musclitude": 0.08718607090498365,
  "name": "Wyatt Mason XI",
  "omniscience": 0.07155071622981635,
  "overpowerment": 0.13183307963855406,
  "patheticism": 0.13639763780781244,
  "peanutAllergy": false,
  "permAttr": [
    "STATIC"
  ],
  "pitchingRating": 0.4227370129000283,
  "pressurization": 0.5351623081595889,
  "ritual": "OFFLINE",
  "ruthlessness": 0.8553119543534424,
  "seasAttr": [],
  "shakespearianism": 0.6126538101192165,
  "soul": 4,
  "state": {},
  "suppression": 0.9147458913255044,
  "tenaciousness": 0.16812347047172072,
  "thwackability": 0.41271171044249955,
  "totalFingers": 10,
  "tournamentTeamId": null,
  "tragicness": 0.7706355799776303,
  "unthwackability": 0.4368614075578232,
  "watchfulness": 0.12291099418509766,
  "weekAttr": []
}