{
  "anticapitalism": 0.9365204761590888,
  "armor": "",
  "baseThirst": 0.4799534290522338,
  "baserunningRating": 0.6032910435389812,
  "bat": "",
  "blood": 10,
  "buoyancy": 0.7078022610379515,
  "chasiness": 0.8472175439526273,
  "cinnamon": 0.1894034651031475,
  "coffee": 5,
  "coldness": 0.47090256123343854,
  "continuation": 0.05743659028567927,
  "deceased": false,
  "defenseRating": 0.5445948405781341,
  "divinity": 0.3379140345061127,
  "eDensity": 19.020191853257437,
  "evolution": 0,
  "fate": 25,
  "gameAttr": [],
  "groundFriction": 0.8397585740407494,
  "hitStreak": 0,
  "hittingRating": 0.4919989181072958,
  "id": "b5c95dba-2624-41b0-aacd-ac3e1e1fe828",
  "indulgence": 0.7404382702724206,
  "laserlikeness": 0.8208192725686336,
  "leagueTeamId": "a37f9158-7f82-46bc-908c-c9e2dda7c33b",
  "martyrdom": 0.10183497199787594,
  "moxie": 0.6500146830896771,
  "musclitude": 0.8904769509406396,
  "name": "Cote Rodgers",
  "omniscience": 0.31522394417256683,
  "overpowerment": 0.36608397619728583,
  "patheticism": 0.888128559185096,
  "peanutAllergy": true,
  "permAttr": [],
  "pitchingRating": 0.2201426053837941,
  "pressurization": 0.6242419074164554,
  "ritual": "Solitaire",
  "ruthlessness": 0.08039274144937902,
  "seasAttr": [],
  "shakespearianism": 0.07178044782697945,
  "soul": 3,
  "state": {},
  "suppression": 0.35581735193291464,
  "tenaciousness": 0.1781787172570155,
  "thwackability": 0.685283981217595,
  "totalFingers": 10,
  "tournamentTeamId": null,
  "tragicness": 0.1,
  "unthwackability": 0.8655909993132624,
  "watchfulness": 0.91679651644615,
  "weekAttr": []
}