{
  "anticapitalism": 0.6443018589836085,
  "armor": "",
  "baseThirst": 0.8466755358487408,
  "baserunningRating": 0.6541785677359471,
  "bat": "",
  "blood": 12,
  "buoyancy": 0.5100477965674741,
  "chasiness": 0.6363279228840624,
  "cinnamon": 0.27777063100368116,
  "coffee": 2,
  "coldness": 0.1560392701889941,
  "continuation": 0.517035896692404,
  "deceased": false,
  "defenseRating": 0.5310292566330477,
  "divinity": 0.15700612515718904,
  "fate": 86,
  "gameAttr": [],
  "groundFriction": 0.4239627315853862,
  "hitStreak": 0,
  "hittingRating": 0.3348074285505646,
  "id": "b60605e6-ff41-4388-a61a-fafd2175f7ad",
  "indulgence": 0.883548026389497,
  "laserlikeness": 0.614374968882238,
  "martyrdom": 0.2579211166220128,
  "moxie": 0.6284232670504364,
  "musclitude": 0.945460138304482,
  "name": "Elwin McGhee",
  "omniscience": 0.15154660712824697,
  "overpowerment": 0.3952180175054649,
  "patheticism": 0.46203871650578154,
  "peanutAllergy": true,
  "permAttr": [],
  "pitchingRating": 0.2675086785127763,
  "pressurization": 0.03912842835920061,
  "ritual": "Cryostasis",
  "ruthlessness": 0.3410811524628048,
  "seasAttr": [],
  "shakespearianism": 0.5358041296850582,
  "soul": 7,
  "suppression": 0.14838917971815935,
  "tenaciousness": 0.5987187516280064,
  "thwackability": 0.3700043775768525,
  "totalFingers": 10,
  "tragicness": 0.1,
  "unthwackability": 0.2778917457710539,
  "watchfulness": 0.5282943512728508,
  "weekAttr": []
}