{
  "anticapitalism": 0.149566391830547,
  "baseThirst": 0.7726033801449237,
  "baserunningRating": 0.8455543923845513,
  "blood": 12,
  "buoyancy": 0.5459178552647606,
  "chasiness": 0.3442231636101014,
  "cinnamon": 0.08048061822384311,
  "coffee": 2,
  "coldness": 0.40248412121860233,
  "continuation": 0.427323953610254,
  "deceased": false,
  "defenseRating": 0.5551433118968955,
  "divinity": 0.9892018999355756,
  "eDensity": 30.8586148734173,
  "evolution": 0,
  "fate": 86,
  "gameAttr": [],
  "groundFriction": 0.7208953548300121,
  "hitStreak": 0,
  "hittingRating": 0.7030119539521515,
  "id": "b60605e6-ff41-4388-a61a-fafd2175f7ad",
  "indulgence": 0.9352238450723986,
  "itemAttr": [],
  "items": [
    {
      "baserunningRating": 0,
      "defenseRating": 0,
      "durability": 1,
      "forger": null,
      "forgerName": null,
      "health": 1,
      "hittingRating": 0.02991439463134249,
      "id": "f160ae93-6f72-434d-b7b4-c338de1b8366",
      "name": "Bat",
      "pitchingRating": 0,
      "postPrefix": null,
      "prePrefix": null,
      "prefixes": null,
      "root": {
        "adjustments": [
          {
            "stat": 2,
            "type": 1,
            "value": 0.12759779034522634
          }
        ],
        "name": "Bat"
      },
      "suffix": null
    }
  ],
  "laserlikeness": 0.9655677942342058,
  "leagueTeamId": "c73b705c-40ad-4633-a6ed-d357ee2e2bcf",
  "martyrdom": 0.8529088908539089,
  "moxie": 0.5376364342398039,
  "musclitude": 0.7650805373026832,
  "name": "Elwin McGhee",
  "omniscience": 0.6447038369542948,
  "overpowerment": 0.31833234514439734,
  "patheticism": 0.6690703135248763,
  "peanutAllergy": false,
  "permAttr": [
    "ALTERNATE",
    "PARASITE"
  ],
  "pitchingRating": 0.30466389511173014,
  "pressurization": 0.0902194275083168,
  "ritual": "Cryostasis",
  "ruthlessness": 0.21821212846375193,
  "seasAttr": [],
  "shakespearianism": 0.9526665888321983,
  "soul": 7,
  "state": {},
  "suppression": 0.5792312471077019,
  "tenaciousness": 0.6396147242813628,
  "thwackability": 0.5476149853166996,
  "totalFingers": 10,
  "tournamentTeamId": null,
  "tragicness": 0.7196446121821753,
  "unthwackability": 0.467357285344429,
  "watchfulness": 0.31755546852552796,
  "weekAttr": []
}