{
  "anticapitalism": 0.3596786857077561,
  "baseThirst": 0.18967895733572293,
  "baserunningRating": 0.05827672107368785,
  "blood": 1,
  "buoyancy": 0.8946271214194317,
  "chasiness": 0.7404672451313457,
  "cinnamon": 0.3612530648703278,
  "coffee": 9,
  "coldness": 0.8770550244677917,
  "continuation": 0.9903623796429104,
  "deceased": false,
  "defenseRating": 0.4815057996968391,
  "divinity": 0.9674236771455756,
  "eDensity": 30.48057609354756,
  "evolution": 0,
  "fate": 95,
  "gameAttr": [],
  "groundFriction": 0.22216451675568605,
  "hitStreak": 0,
  "hittingRating": 0.7366618029880635,
  "id": "b61b2871-7254-49b3-b009-174a23acaa1a",
  "indulgence": 0.08064482451826405,
  "itemAttr": [],
  "items": [],
  "laserlikeness": 0.010606627561996262,
  "leagueTeamId": "8d87c468-699a-47a8-b40d-cfb73a5660ad",
  "martyrdom": 0.6857565970286301,
  "moxie": 0.6940565779484182,
  "musclitude": 0.38280095531763125,
  "name": "Jon Halifax",
  "omniscience": 0.22925593691143265,
  "overpowerment": 0.568069310574707,
  "patheticism": 0.7449826192483386,
  "peanutAllergy": false,
  "permAttr": [],
  "pitchingRating": 0.506495118176775,
  "pressurization": 0.3200604037402268,
  "ritual": "Knitting",
  "ruthlessness": 0.5171674441362282,
  "seasAttr": [],
  "shakespearianism": 0.2272046682928217,
  "soul": 9,
  "state": {},
  "suppression": 0.5996067314888389,
  "tenaciousness": 0.286448593952622,
  "thwackability": 0.7241071901405707,
  "totalFingers": 10,
  "tournamentTeamId": null,
  "tragicness": 0.4387167447266407,
  "unthwackability": 0.6974135720450203,
  "watchfulness": 0.5832571865546157,
  "weekAttr": []
}