{
  "anticapitalism": 0.8936134404108873,
  "baseThirst": 1.013183900936243,
  "baserunningRating": 0.4722577294710929,
  "blood": 1,
  "buoyancy": 0.40114946245625965,
  "chasiness": 0.46708423659339526,
  "cinnamon": 0.4446017574546992,
  "coffee": 13,
  "coldness": 1.081093604716463,
  "continuation": 0.32268236754450014,
  "deceased": false,
  "defenseRating": 0.7226526242343364,
  "divinity": 0.9134480475627128,
  "eDensity": 32.35733437336472,
  "evolution": 0,
  "fate": 93,
  "gameAttr": [],
  "groundFriction": 0.5627532652561371,
  "hitStreak": 0,
  "hittingRating": 0.6548509082974497,
  "id": "b629cb7a-414b-4695-a115-7528ab700346",
  "indulgence": 0.5658836360746411,
  "items": [],
  "laserlikeness": 0.35063592847619335,
  "leagueTeamId": "46358869-dce9-4a01-bfba-ac24fc56f57e",
  "martyrdom": 0.8519293711657472,
  "moxie": 1.0546340121873947,
  "musclitude": 0.9258790993110246,
  "name": "Shirai McElroy",
  "omniscience": 0.5220109359515861,
  "overpowerment": 0.2866430958960934,
  "patheticism": 0.7596323495882811,
  "peanutAllergy": false,
  "permAttr": [],
  "pitchingRating": 0.7727150770492235,
  "pressurization": 0.3699492209767477,
  "ritual": "Dodging debt collectors",
  "ruthlessness": 1.0199242680699834,
  "seasAttr": [],
  "shakespearianism": 0.6722927299496521,
  "soul": 7,
  "state": {},
  "suppression": 0.4120081187032223,
  "tenaciousness": 1.0680130108697403,
  "thwackability": 0.4063647260552206,
  "totalFingers": 10,
  "tournamentTeamId": null,
  "tragicness": 0.02131971233603,
  "unthwackability": 0.9220981237543506,
  "watchfulness": 0.2993909363166215,
  "weekAttr": []
}