{
  "anticapitalism": 0.7881580636930581,
  "armor": "",
  "baseThirst": 0.9383762477940398,
  "baserunningRating": 0.3814395114981215,
  "bat": "",
  "blood": 0,
  "buoyancy": 0.3258248978068494,
  "chasiness": 0.3747664261129431,
  "cinnamon": 0.36356143182638334,
  "coffee": 0,
  "coldness": 0.9992842044657776,
  "continuation": 0.24228668286563623,
  "deceased": false,
  "defenseRating": 0.6320136335253962,
  "divinity": 0.816905555703332,
  "fate": 93,
  "gameAttr": [],
  "groundFriction": 0.48489139213540566,
  "hitStreak": 0,
  "hittingRating": 0.5522388706475044,
  "id": "b629cb7a-414b-4695-a115-7528ab700346",
  "indulgence": 0.4573772210603331,
  "laserlikeness": 0.26443944912570383,
  "martyrdom": 0.7588613672791447,
  "moxie": 0.9690862718969048,
  "musclitude": 0.8430294985416968,
  "name": "Shirai McElroy",
  "omniscience": 0.4215089924788822,
  "overpowerment": 0.196780812794779,
  "patheticism": 0.8618054215025661,
  "peanutAllergy": false,
  "permAttr": [],
  "pitchingRating": 0.6558014295091076,
  "pressurization": 0.3399492209767476,
  "ritual": "",
  "ruthlessness": 0.9272003327137832,
  "seasAttr": [],
  "shakespearianism": 0.5853098550689384,
  "soul": 7,
  "suppression": 0.32465201598624094,
  "tenaciousness": 0.9600338281334652,
  "thwackability": 0.3276932807510726,
  "totalFingers": 10,
  "tragicness": 0.7239424055551422,
  "unthwackability": 0.8282270519055888,
  "watchfulness": 0.21023436448992028,
  "weekAttr": []
}