{
  "anticapitalism": 0.8181580636930581,
  "armor": "",
  "baseThirst": 0.96837624779404,
  "baserunningRating": 0.413583436151663,
  "bat": "",
  "blood": 1,
  "buoyancy": 0.35582489780684945,
  "chasiness": 0.4047664261129431,
  "cinnamon": 0.39356143182638337,
  "coffee": 13,
  "coldness": 1.0292842044657775,
  "continuation": 0.2722866828656363,
  "deceased": false,
  "defenseRating": 0.6608927239630198,
  "divinity": 0.846905555703332,
  "fate": 93,
  "gameAttr": [],
  "groundFriction": 0.5148913921354057,
  "hitStreak": 0,
  "hittingRating": 0.5926406664958647,
  "id": "b629cb7a-414b-4695-a115-7528ab700346",
  "indulgence": 0.4873772210603331,
  "laserlikeness": 0.29443944912570386,
  "leagueTeamId": "eb67ae5e-c4bf-46ca-bbbc-425cd34182ff",
  "martyrdom": 0.7888613672791447,
  "moxie": 0.9990862718969048,
  "musclitude": 0.8730294985416969,
  "name": "Shirai McElroy",
  "omniscience": 0.4515089924788822,
  "overpowerment": 0.226780812794779,
  "patheticism": 0.8318054215025661,
  "peanutAllergy": false,
  "permAttr": [],
  "pitchingRating": 0.6946498593595819,
  "pressurization": 0.3699492209767477,
  "ritual": "Dodging debt collectors",
  "ruthlessness": 0.9572003327137832,
  "seasAttr": [],
  "shakespearianism": 0.6153098550689384,
  "soul": 7,
  "suppression": 0.35465201598624096,
  "tenaciousness": 0.9900338281334652,
  "thwackability": 0.35769328075107265,
  "totalFingers": 10,
  "tournamentTeamId": null,
  "tragicness": 0.1,
  "unthwackability": 0.8582270519055888,
  "watchfulness": 0.24023436448992028,
  "weekAttr": []
}