{
  "anticapitalism": 1.3279581993279466,
  "baseThirst": 0.7218246399410907,
  "baserunningRating": 0.6476890873354828,
  "blood": 5,
  "buoyancy": 0.7480072356005177,
  "chasiness": 1.164487932456177,
  "cinnamon": 0.7776109621639797,
  "coffee": 10,
  "coldness": 0.8854375057017091,
  "continuation": 1.1831441054520615,
  "deceased": false,
  "defenseRating": 0.9767806507576816,
  "divinity": 0.4851097520539994,
  "eDensity": 29.316468313988143,
  "evolution": 0,
  "fate": 91,
  "gameAttr": [],
  "groundFriction": 0.32346699170539955,
  "hitStreak": 0,
  "hittingRating": 0.7644240640322078,
  "id": "b643a520-af38-42e3-8f7b-f660e52facc9",
  "indulgence": 0.4396561633677475,
  "itemAttr": [],
  "items": [
    {
      "baserunningRating": 0,
      "defenseRating": 0,
      "durability": 1,
      "forger": null,
      "forgerName": null,
      "health": 1,
      "hittingRating": 0.020783385133970374,
      "id": "d9f9deb8-4004-4e27-abc5-8734199431d8",
      "name": "Bat",
      "pitchingRating": 0,
      "postPrefix": null,
      "prePrefix": null,
      "prefixes": null,
      "root": {
        "adjustments": [
          {
            "stat": 2,
            "type": 1,
            "value": 0.10287737232313383
          }
        ],
        "name": "Bat"
      },
      "suffix": null
    }
  ],
  "laserlikeness": 0.6395148936383359,
  "leagueTeamId": "46358869-dce9-4a01-bfba-ac24fc56f57e",
  "martyrdom": 0.8163832019470547,
  "moxie": 0.3982505714112906,
  "musclitude": 0.8150308069963039,
  "name": "Adelaide Judochop",
  "omniscience": 0.6808645208795803,
  "overpowerment": 0.915521928308822,
  "patheticism": 0.001,
  "peanutAllergy": true,
  "permAttr": [],
  "pitchingRating": 0.9060627713519636,
  "pressurization": 0.7991980264111707,
  "ritual": "Wim hof",
  "ruthlessness": 0.7010724791571281,
  "seasAttr": [],
  "shakespearianism": 1.067119941552131,
  "soul": 4,
  "state": {},
  "suppression": 0.6285258900992136,
  "tenaciousness": 1.2789697630706072,
  "thwackability": 1.25651931350137,
  "totalFingers": 10,
  "tournamentTeamId": null,
  "tragicness": 0.4970554148140736,
  "unthwackability": 1.1122567992242347,
  "watchfulness": 0.6742316263502643,
  "weekAttr": []
}