{
  "anticapitalism": 1.2147929704947196,
  "armor": "",
  "baseThirst": 0.6209031724406594,
  "baserunningRating": 0.531958830597786,
  "bat": "",
  "blood": 5,
  "buoyancy": 0.6242642217381463,
  "chasiness": 1.0400694676672635,
  "cinnamon": 0.6538512104171955,
  "coffee": 10,
  "coldness": 0.7916453934976494,
  "continuation": 1.0916543804437542,
  "deceased": false,
  "defenseRating": 0.8751378204485459,
  "divinity": 0.39686244432970824,
  "eDensity": 27.84809923911808,
  "evolution": 0,
  "fate": 91,
  "gameAttr": [],
  "groundFriction": 0.2310832000648438,
  "hitStreak": 0,
  "hittingRating": 0.6571471560308815,
  "id": "b643a520-af38-42e3-8f7b-f660e52facc9",
  "indulgence": 0.3045047848044819,
  "laserlikeness": 0.5200699232059973,
  "leagueTeamId": "46358869-dce9-4a01-bfba-ac24fc56f57e",
  "martyrdom": 0.7038660624311437,
  "moxie": 0.27887761742394634,
  "musclitude": 0.6871722415745515,
  "name": "Adelaide Judochop",
  "omniscience": 0.5408609868276759,
  "overpowerment": 0.8315180517776521,
  "patheticism": 0.001,
  "peanutAllergy": true,
  "permAttr": [],
  "pitchingRating": 0.771198941368226,
  "pressurization": 0.7991980264111707,
  "ritual": "Wim hof",
  "ruthlessness": 0.5951672465023425,
  "seasAttr": [],
  "shakespearianism": 0.9678874521322092,
  "soul": 4,
  "state": {},
  "suppression": 0.521475176642901,
  "tenaciousness": 1.1368835023884718,
  "thwackability": 1.1328871748950682,
  "totalFingers": 10,
  "tournamentTeamId": null,
  "tragicness": 0.5964214624220511,
  "unthwackability": 0.9695464492268044,
  "watchfulness": 0.5515649631907665,
  "weekAttr": []
}