{
  "anticapitalism": 1.1056547645951156,
  "armor": "",
  "baseThirst": 0.4990647565052718,
  "baserunningRating": 0.4189024635548973,
  "bat": "",
  "blood": 5,
  "buoyancy": 0.5147763303358185,
  "chasiness": 0.9109707817954108,
  "cinnamon": 0.5249969147949405,
  "coffee": 10,
  "coldness": 0.6895798011642676,
  "continuation": 0.992085717336311,
  "deceased": false,
  "defenseRating": 0.770351906022758,
  "divinity": 0.26342979623038604,
  "eDensity": 22.41629638112479,
  "evolution": 0,
  "fate": 91,
  "gameAttr": [],
  "groundFriction": 0.1196805422492422,
  "hitStreak": 0,
  "hittingRating": 0.5028135621582387,
  "id": "b643a520-af38-42e3-8f7b-f660e52facc9",
  "indulgence": 0.1831292606070975,
  "laserlikeness": 0.4336390168355095,
  "leagueTeamId": "46358869-dce9-4a01-bfba-ac24fc56f57e",
  "martyrdom": 0.5993765377419412,
  "moxie": 0.12951161902796837,
  "musclitude": 0.5830470310074285,
  "name": "Adelaide Judochop",
  "omniscience": 0.40754532845663183,
  "overpowerment": 0.7420959942136113,
  "patheticism": 0.04305819634087528,
  "peanutAllergy": true,
  "permAttr": [],
  "pitchingRating": 0.637516127987024,
  "pressurization": 0.7991980264111707,
  "ritual": "Wim hof",
  "ruthlessness": 0.4770495740459526,
  "seasAttr": [],
  "shakespearianism": 0.8418833198123129,
  "soul": 4,
  "state": {},
  "suppression": 0.3714659029958308,
  "tenaciousness": 1.015859750772008,
  "thwackability": 0.9937471442045388,
  "totalFingers": 10,
  "tournamentTeamId": null,
  "tragicness": 0.7063356903794873,
  "unthwackability": 0.8472545474526894,
  "watchfulness": 0.42633234125599034,
  "weekAttr": []
}