{
  "anticapitalism": 0.6203953247643341,
  "armor": "",
  "baseThirst": 0.8443793874839141,
  "baserunningRating": 0.5670662455092618,
  "bat": "INKY_BLAGONBALL",
  "blood": 6,
  "buoyancy": 0.27591677111698526,
  "chasiness": 0.6350559273838529,
  "cinnamon": 0.6431148428775638,
  "coffee": 6,
  "coldness": 0.5662005689542737,
  "continuation": 0.18787445893786564,
  "deceased": false,
  "defenseRating": 0.5704639189732517,
  "divinity": 0.2450190817291185,
  "eDensity": 0,
  "evolution": 0,
  "fate": 33,
  "gameAttr": [],
  "groundFriction": 1.135592439636556,
  "hitStreak": 0,
  "hittingRating": 0.3677994052237692,
  "id": "b6aa8ce8-2587-4627-83c1-2a48d44afaee",
  "indulgence": 0.3584439361602173,
  "laserlikeness": 0.5562343106871288,
  "leagueTeamId": "7966eb04-efcc-499b-8f03-d13916330531",
  "martyrdom": 0.513413389416473,
  "moxie": 0.426630331765121,
  "musclitude": 0.3345286106142956,
  "name": "Inky Rutledge",
  "omniscience": 0.32431281514024984,
  "overpowerment": 0.27022138121134437,
  "patheticism": 0.7172406280488961,
  "peanutAllergy": true,
  "permAttr": [],
  "pitchingRating": 0.6474742366111432,
  "pressurization": 0.6865362684784002,
  "ritual": "Gonging",
  "ruthlessness": 0.48994391202655946,
  "seasAttr": [],
  "shakespearianism": 0.8797101463452612,
  "soul": 9,
  "state": {},
  "suppression": 0.750921028818443,
  "tenaciousness": 0.32491354700213826,
  "thwackability": 0.4437022207395701,
  "totalFingers": 12,
  "tournamentTeamId": "4e5d0063-73b4-440a-b2d1-214a7345cf16",
  "tragicness": 0.1,
  "unthwackability": 1.1595661899888028,
  "watchfulness": 0.8343292362849792,
  "weekAttr": []
}