{
  "anticapitalism": 0.5569826094928528,
  "baseThirst": 0.8443793874839141,
  "baserunningRating": 0.5670662455092618,
  "blood": 6,
  "buoyancy": 0.27591677111698526,
  "chasiness": 0.5860501504391507,
  "cinnamon": 0.6431148428775638,
  "coffee": 6,
  "coldness": 0.8646528544951548,
  "continuation": 0.18787445893786564,
  "deceased": false,
  "defenseRating": 0.5164066054644161,
  "divinity": 0.2450190817291185,
  "eDensity": 35.09065886614765,
  "evolution": 0,
  "fate": 92,
  "gameAttr": [],
  "groundFriction": 1.135592439636556,
  "hitStreak": 0,
  "hittingRating": 0.3677994052237692,
  "id": "b6aa8ce8-2587-4627-83c1-2a48d44afaee",
  "indulgence": 0.3584439361602173,
  "itemAttr": [
    "CAREFUL"
  ],
  "items": [
    {
      "baserunningRating": 0,
      "defenseRating": 0,
      "durability": 3,
      "forger": null,
      "forgerName": null,
      "health": 3,
      "hittingRating": 0.05445246348629823,
      "id": "5350c1fb-c621-4ca0-b1da-8d513e02a829",
      "name": "Careful Bat of Strength",
      "pitchingRating": 0.055713886087874864,
      "postPrefix": null,
      "prePrefix": null,
      "prefixes": [
        {
          "adjustments": [
            {
              "mod": "CAREFUL",
              "type": 0
            }
          ],
          "name": "Careful"
        }
      ],
      "root": {
        "adjustments": [
          {
            "stat": 2,
            "type": 1,
            "value": 0.164997066343128
          }
        ],
        "name": "Bat"
      },
      "suffix": {
        "adjustments": [
          {
            "stat": 5,
            "type": 1,
            "value": 0.1475543840840942
          },
          {
            "stat": 18,
            "type": 1,
            "value": 0.2475323180819518
          }
        ],
        "name": "Strength"
      }
    }
  ],
  "laserlikeness": 0.5562343106871288,
  "leagueTeamId": "bfd38797-8404-4b38-8b82-341da28b1f83",
  "martyrdom": 0.513413389416473,
  "moxie": 0.426630331765121,
  "musclitude": 0.3345286106142956,
  "name": "Inky Rutledge",
  "omniscience": 0.27917587697288665,
  "overpowerment": 0.5620804970110542,
  "patheticism": 0.7172406280488961,
  "peanutAllergy": false,
  "permAttr": [],
  "pitchingRating": 0.9902504389665028,
  "pressurization": 0.6865362684784002,
  "ritual": "Gonging",
  "ruthlessness": 0.7714779925531976,
  "seasAttr": [],
  "shakespearianism": 1.050734223402762,
  "soul": 9,
  "state": {
    "itemModSources": {
      "CAREFUL": [
        "5350c1fb-c621-4ca0-b1da-8d513e02a829"
      ]
    }
  },
  "suppression": 1.0106820995006365,
  "tenaciousness": 0.2595995070577448,
  "thwackability": 0.4437022207395701,
  "totalFingers": 12,
  "tournamentTeamId": "4e5d0063-73b4-440a-b2d1-214a7345cf16",
  "tragicness": 0.1,
  "unthwackability": 1.430708094631464,
  "watchfulness": 0.7866435126910887,
  "weekAttr": []
}