{
  "_id": "b7267aba-6114-4d53-a519-bf6c99f4e3a9",
  "anticapitalism": 0.946720936044573,
  "baseThirst": 0.8743498405474381,
  "bat": "",
  "buoyancy": 0.19435227738368077,
  "chasiness": 0.28724435871033327,
  "cinnamon": 0.47573293211760737,
  "coldness": 0.4090369982321622,
  "continuation": 0.17836739030515636,
  "deceased": false,
  "divinity": 0.38877438264518904,
  "fate": 99,
  "groundFriction": 0.7684364227904976,
  "indulgence": 0.66597107212172,
  "laserlikeness": 0.9651651498881012,
  "martyrdom": 0.8188285037369227,
  "moxie": 0.2920444977083554,
  "musclitude": 0.8721295548715418,
  "name": "Sosa Hayes",
  "omniscience": 0.5815939620797328,
  "overpowerment": 0.5993873722826739,
  "patheticism": 0.99,
  "peanutAllergy": true,
  "pressurization": 0.4840676487639504,
  "ruthlessness": 0.8077003057167058,
  "shakespearianism": 0.009848036993372888,
  "soul": 6,
  "suppression": 0.14299460101371064,
  "tenaciousness": 0.7952987634320998,
  "thwackability": 0.7977361735385509,
  "totalFingers": 10,
  "tragicness": 0.1,
  "unthwackability": 0.2697248920204498,
  "watchfulness": 0.908616151604024
}