{
  "anticapitalism": 1.2139338424081785,
  "baseThirst": 1.0695484352667015,
  "baserunningRating": 1.0400166340419912,
  "blood": 12,
  "buoyancy": 0.3737248058826418,
  "chasiness": 0.5742956173940047,
  "cinnamon": 0.6333379391396625,
  "coffee": 4,
  "coldness": 0.7073879715872547,
  "continuation": 0.4765688691370854,
  "deceased": false,
  "defenseRating": 0.9646080066502616,
  "divinity": 0.6146682565422869,
  "eDensity": 35.452958270649674,
  "evolution": 0,
  "fate": 30,
  "gameAttr": [],
  "groundFriction": 1.0781895528814602,
  "hitStreak": 0,
  "hittingRating": 0.7689271769955777,
  "id": "b7267aba-6114-4d53-a519-bf6c99f4e3a9",
  "indulgence": 0.9034293267757266,
  "items": [],
  "laserlikeness": 1.2442208791739744,
  "leagueTeamId": "9debc64f-74b7-4ae1-a4d6-fce0144b6ea5",
  "martyrdom": 1.0109718873704507,
  "moxie": 0.5824857193401283,
  "musclitude": 1.1173483643890665,
  "name": "Sosa Hayes",
  "omniscience": 0.8369071944804356,
  "overpowerment": 0.773947639096697,
  "patheticism": 0.6620910935326871,
  "peanutAllergy": true,
  "permAttr": [],
  "pitchingRating": 0.5768707924049793,
  "pressurization": 0.4840676487639504,
  "ritual": "Standing perfectly still until play begins",
  "ruthlessness": 0.9596899297810412,
  "seasAttr": [],
  "shakespearianism": 0.2613943362944814,
  "soul": 6,
  "state": {},
  "suppression": 0.3286253125885954,
  "tenaciousness": 1.073917103381971,
  "thwackability": 0.9825231464930152,
  "totalFingers": 13,
  "tournamentTeamId": null,
  "tragicness": 0.001,
  "unthwackability": 0.49419319297634656,
  "watchfulness": 1.2384599949942403,
  "weekAttr": []
}