{
  "anticapitalism": 0.956720936044573,
  "armor": "",
  "baseThirst": 0.8843498405474381,
  "baserunningRating": 0.7741358755580812,
  "bat": "",
  "blood": 12,
  "buoyancy": 0.20435227738368075,
  "chasiness": 0.2972443587103333,
  "cinnamon": 0.47573293211760737,
  "coffee": 4,
  "coldness": 0.36903699823216224,
  "continuation": 0.1883673903051563,
  "deceased": false,
  "defenseRating": 0.7538751894426485,
  "divinity": 0.39877438264518905,
  "eDensity": 27.70173306893512,
  "evolution": 0,
  "fate": 30,
  "gameAttr": [],
  "groundFriction": 0.7784364227904976,
  "hitStreak": 0,
  "hittingRating": 0.521890439282632,
  "id": "b7267aba-6114-4d53-a519-bf6c99f4e3a9",
  "indulgence": 0.67597107212172,
  "laserlikeness": 0.9751651498881012,
  "leagueTeamId": "9debc64f-74b7-4ae1-a4d6-fce0144b6ea5",
  "martyrdom": 0.8288285037369227,
  "moxie": 0.3020444977083554,
  "musclitude": 0.8821295548715418,
  "name": "Sosa Hayes",
  "omniscience": 0.5915939620797328,
  "overpowerment": 0.5593873722826739,
  "patheticism": 0.95,
  "peanutAllergy": true,
  "permAttr": [],
  "pitchingRating": 0.19320321985022723,
  "pressurization": 0.4840676487639504,
  "ritual": "Standing perfectly still until play begins",
  "ruthlessness": 0.7677003057167058,
  "seasAttr": [],
  "shakespearianism": 0.001,
  "soul": 6,
  "state": {},
  "suppression": 0.10299460101371062,
  "tenaciousness": 0.8052987634320998,
  "thwackability": 0.8077361735385509,
  "totalFingers": 12,
  "tournamentTeamId": null,
  "tragicness": 0.1,
  "unthwackability": 0.22972489202044985,
  "watchfulness": 0.918616151604024,
  "weekAttr": []
}