{
  "anticapitalism": 0.0748873708007669,
  "armor": "",
  "baseThirst": 0.6642430851995449,
  "baserunningRating": 0.6207738970926141,
  "bat": "",
  "blood": 1,
  "buoyancy": 0.3498619963972518,
  "chasiness": 0.05050429764847908,
  "cinnamon": 0.4252728377555677,
  "coffee": 3,
  "coldness": 0.04676268052100241,
  "continuation": 0.8883564760471321,
  "deceased": false,
  "defenseRating": 0.19496990381746587,
  "divinity": 0.959632988946744,
  "eDensity": 0,
  "evolution": 0,
  "fate": 1,
  "gameAttr": [],
  "groundFriction": 0.4589626139624643,
  "hitStreak": 0,
  "hittingRating": 0.6582937775916908,
  "id": "b72a136e-bbfd-4687-a576-1ab538c8f264",
  "indulgence": 0.22954758109367623,
  "laserlikeness": 0.6716670209598068,
  "leagueTeamId": "8d87c468-699a-47a8-b40d-cfb73a5660ad",
  "martyrdom": 0.8896413119929429,
  "moxie": 0.49381067487783903,
  "musclitude": 0.33437083584789073,
  "name": "Samothes Dembélé",
  "omniscience": 0.8134793209017459,
  "overpowerment": 0.21794640669498544,
  "patheticism": 0.15759617482350508,
  "peanutAllergy": true,
  "permAttr": [],
  "pitchingRating": 0.5590993779679626,
  "pressurization": 0.254754349097448,
  "ritual": "Playing fetch",
  "ruthlessness": 0.7659363710109766,
  "seasAttr": [],
  "shakespearianism": 0.6841225717469033,
  "soul": 7,
  "state": {},
  "suppression": 0.01780199410287664,
  "tenaciousness": 0.006039033584823272,
  "thwackability": 0.48475370336526646,
  "totalFingers": 10,
  "tournamentTeamId": null,
  "tragicness": 0.3459569820786801,
  "unthwackability": 0.7684174101365695,
  "watchfulness": 0.8695827793989861,
  "weekAttr": []
}