{
  "anticapitalism": 0.7677861549519702,
  "armor": "",
  "baseThirst": 0.8067986395263071,
  "baserunningRating": 0.610984270276395,
  "bat": "",
  "blood": 2,
  "buoyancy": 0.41903557570775174,
  "chasiness": 0.7419698898890061,
  "cinnamon": 0.8084723087247141,
  "coffee": 12,
  "coldness": 0.16324791642975442,
  "continuation": 0.5665637348892538,
  "deceased": false,
  "defenseRating": 0.5391236780936769,
  "divinity": 0.7679923168358938,
  "eDensity": 0,
  "evolution": 0,
  "fate": 28,
  "gameAttr": [],
  "groundFriction": 0.6116771505788097,
  "hitStreak": 0,
  "hittingRating": 0.5080199272648641,
  "id": "b77dffaa-e0f5-408f-b9f2-1894ed26e744",
  "indulgence": 0.06789831140474775,
  "laserlikeness": 0.8248614872144278,
  "leagueTeamId": "7966eb04-efcc-499b-8f03-d13916330531",
  "martyrdom": 0.8151922856308802,
  "moxie": 0.7439544464627412,
  "musclitude": 0.528614485167427,
  "name": "Tucker Lenny",
  "omniscience": 0.4361688458031985,
  "overpowerment": 0.6646447910030016,
  "patheticism": 0.8972492146855564,
  "peanutAllergy": true,
  "permAttr": [],
  "pitchingRating": 0.5373270577604969,
  "pressurization": 0.5472507236541964,
  "ritual": "Destroying a pitching machine",
  "ruthlessness": 1.026870577026508,
  "seasAttr": [],
  "shakespearianism": 0.27651088350343955,
  "soul": 5,
  "state": {},
  "suppression": 0.3893482643422457,
  "tenaciousness": 0.2228507879322412,
  "thwackability": 0.32263189057701247,
  "totalFingers": 10,
  "tournamentTeamId": null,
  "tragicness": 0.1,
  "unthwackability": 0.4523797362143338,
  "watchfulness": 0.3854072437688545,
  "weekAttr": []
}