{
  "anticapitalism": 0.8670972824953052,
  "armor": "",
  "baseThirst": 0.8344634529713391,
  "bat": "",
  "blood": 2,
  "buoyancy": 0.26043879006671755,
  "chasiness": 0.31666925757088804,
  "cinnamon": 0.3161576009400555,
  "coffee": 2,
  "coldness": 0.4743756099337488,
  "continuation": 0.427445031983825,
  "deceased": false,
  "divinity": 0.569028022005666,
  "fate": 51,
  "groundFriction": 0.7733073720751396,
  "id": "b7c4f986-e62a-4a8f-b5f0-8f30ecc35c5d",
  "indulgence": 0.2724901350953599,
  "laserlikeness": 0.46875821761882874,
  "martyrdom": 0.4621036494510839,
  "moxie": 0.981663884102636,
  "musclitude": 0.6708503669823205,
  "name": "Oscar Hollywood",
  "omniscience": 0.27671899050438653,
  "overpowerment": 0.9187241549920188,
  "patheticism": 0.35619308045059217,
  "peanutAllergy": true,
  "pressurization": 0.6869715616161527,
  "ritual": "Two sets of gloves",
  "ruthlessness": 0.5579488410528102,
  "shakespearianism": 0.43207562237638264,
  "soul": 4,
  "suppression": 0.1629660549605576,
  "tenaciousness": 0.1485323822214588,
  "thwackability": 0.4312595370010497,
  "totalFingers": 10,
  "tragicness": 0.1,
  "unthwackability": 0.35008312702763855,
  "watchfulness": 0.783661920721163
}