{
  "anticapitalism": 0.6860793878722826,
  "armor": "",
  "baseThirst": 0.5246213204369821,
  "bat": "",
  "blood": 3,
  "buoyancy": 0.1297228948774558,
  "chasiness": 0.6988626260966389,
  "cinnamon": 0.7898422846571123,
  "coffee": 12,
  "coldness": 0.5474423600399574,
  "continuation": 0.12338394719054067,
  "deceased": false,
  "divinity": 0.5781150119968295,
  "fate": 1,
  "gameAttr": [],
  "groundFriction": 0.1985592384916328,
  "id": "b7ca8f3f-2fdc-477b-84f4-157f2802e9b5",
  "indulgence": 0.6897500342945455,
  "laserlikeness": 0.03466358616890375,
  "martyrdom": 0.18808044496603027,
  "moxie": 0.9408077616963456,
  "musclitude": 0.006328867154323792,
  "name": "Leach Herman",
  "omniscience": 0.1436751267988492,
  "overpowerment": 0.337446740579469,
  "patheticism": 0.06900698123289284,
  "peanutAllergy": false,
  "permAttr": [
    "ALTERNATE"
  ],
  "pressurization": 0.28756718512942636,
  "ritual": "Bucket of fish",
  "ruthlessness": 0.13980042634351708,
  "seasAttr": [],
  "shakespearianism": 0.0015928014610047114,
  "soul": 4,
  "suppression": 0.4042518047491772,
  "tenaciousness": 0.14835764605384294,
  "thwackability": 0.33512865221462307,
  "totalFingers": 10,
  "tragicness": 0.5640306557245613,
  "unthwackability": 0.7155879513113572,
  "watchfulness": 0.5037832864524137,
  "weekAttr": []
}