{
  "_id": "b7cdb93b-6f9d-468a-ae00-54cbc324ee84",
  "anticapitalism": 0.784164938834401,
  "armor": "",
  "baseThirst": 0.18838106751268957,
  "bat": "",
  "blood": 12,
  "buoyancy": 0.7231217953052911,
  "chasiness": 0.37598533806836576,
  "cinnamon": 0.5391349810900758,
  "coffee": 9,
  "coldness": 0.28741940207594174,
  "continuation": 0.07593032186297943,
  "deceased": false,
  "divinity": 0.4890473073281969,
  "fate": 49,
  "groundFriction": 0.30949361243829165,
  "indulgence": 0.6945005569145175,
  "laserlikeness": 0.9096078136853196,
  "martyrdom": 0.822897009587586,
  "moxie": 0.9551274801747528,
  "musclitude": 0.5967423997159402,
  "name": "Ruslan Duran",
  "omniscience": 0.37355074029243207,
  "overpowerment": 0.8832649345351646,
  "patheticism": 0.40315002331509,
  "peanutAllergy": true,
  "pressurization": 0.8255045989854688,
  "ritual": "Breaking bones",
  "ruthlessness": 0.03035350716639096,
  "shakespearianism": 0.3544605066499762,
  "soul": 5,
  "suppression": 0.1085647291170313,
  "tenaciousness": 0.7279095511118057,
  "thwackability": 0.6802496643507203,
  "totalFingers": 10,
  "tragicness": 0.1,
  "unthwackability": 0.8761863267183572,
  "watchfulness": 0.2094173209724186
}