{
  "anticapitalism": 0.25463353718536397,
  "baseThirst": 0.4002880790263693,
  "baserunningRating": 0.6066266352293018,
  "blood": 6,
  "buoyancy": 0.23471327337213635,
  "chasiness": 0.35565802667719665,
  "cinnamon": 0.7503903221134174,
  "coffee": 2,
  "coldness": 0.08057934412290954,
  "continuation": 0.10432822748055652,
  "deceased": false,
  "defenseRating": 0.6067734426044901,
  "divinity": 0.868761862896926,
  "eDensity": 24.534147123244416,
  "evolution": 0,
  "fate": 43,
  "gameAttr": [],
  "groundFriction": 0.7622966510266455,
  "hitStreak": 0,
  "hittingRating": 0.8251179886395307,
  "id": "b88d313f-e546-407e-8bc6-94040499daa5",
  "indulgence": 0.3724444729438759,
  "itemAttr": [],
  "items": [
    {
      "baserunningRating": 0,
      "defenseRating": 0,
      "durability": 1,
      "forger": null,
      "forgerName": null,
      "health": 1,
      "hittingRating": 0.03063432162789259,
      "id": "5a52bd20-1985-4790-97c7-1e5db194fc8e",
      "name": "Bat",
      "pitchingRating": 0,
      "postPrefix": null,
      "prePrefix": null,
      "prefixes": null,
      "root": {
        "adjustments": [
          {
            "stat": 2,
            "type": 1,
            "value": 0.10751984612712698
          }
        ],
        "name": "Bat"
      },
      "suffix": null
    }
  ],
  "laserlikeness": 0.8934102768499266,
  "leagueTeamId": "bfd38797-8404-4b38-8b82-341da28b1f83",
  "martyrdom": 0.29063178039634957,
  "moxie": 0.8004657687665917,
  "musclitude": 0.33450578880664095,
  "name": "Oliver Loofah",
  "omniscience": 0.6830040289844217,
  "overpowerment": 0.9516841287275032,
  "patheticism": 0.11697735567075196,
  "peanutAllergy": true,
  "permAttr": [
    "MINIMALIST",
    "SUPERALLERGIC",
    "COFFEE_RALLY"
  ],
  "pitchingRating": 0.3235029511330225,
  "pressurization": 0.4926218193228959,
  "ritual": "Acupuncture",
  "ruthlessness": 0.11859475561573748,
  "seasAttr": [],
  "shakespearianism": 0.759404785165085,
  "soul": 4,
  "state": {},
  "suppression": 0.1971252747088576,
  "tenaciousness": 0.5492021443230396,
  "thwackability": 0.9660672266683372,
  "totalFingers": 10,
  "tournamentTeamId": null,
  "tragicness": 0.10838222634562344,
  "unthwackability": 0.700729507395919,
  "watchfulness": 0.5308923229565364,
  "weekAttr": []
}