{
  "anticapitalism": 0.20437940708345645,
  "baseThirst": 0.3359447393198515,
  "baserunningRating": 0.5306579538076105,
  "blood": 6,
  "buoyancy": 0.17025235432131638,
  "chasiness": 0.2957494556128879,
  "cinnamon": 0.6770707776945861,
  "coffee": 2,
  "coldness": 0.039981458410653314,
  "continuation": 0.05499774844666369,
  "deceased": false,
  "defenseRating": 0.5525997864569833,
  "divinity": 0.8019960742562356,
  "eDensity": 22.600490427356185,
  "evolution": 0,
  "fate": 10,
  "gameAttr": [],
  "groundFriction": 0.7150436245359638,
  "hitStreak": 0,
  "hittingRating": 0.7641771106349653,
  "id": "b88d313f-e546-407e-8bc6-94040499daa5",
  "indulgence": 0.3196531003316671,
  "items": [],
  "laserlikeness": 0.8404357408653893,
  "leagueTeamId": "105bc3ff-1320-4e37-8ef0-8d595cb95dd0",
  "martyrdom": 0.2255678801036183,
  "moxie": 0.7372754730695156,
  "musclitude": 0.28982549316739303,
  "name": "Oliver Loofah",
  "omniscience": 0.6305976791121838,
  "overpowerment": 0.8754139241111891,
  "patheticism": 0.17217955772162546,
  "peanutAllergy": true,
  "permAttr": [
    "MINIMALIST",
    "SHELLED"
  ],
  "pitchingRating": 0.23834949586561013,
  "pressurization": 0.4926218193228959,
  "ritual": "Acupuncture",
  "ruthlessness": 0.06999178423717614,
  "seasAttr": [],
  "shakespearianism": 0.6991278029665134,
  "soul": 4,
  "state": {},
  "suppression": 0.14088024493709156,
  "tenaciousness": 0.49029881066183706,
  "thwackability": 0.9046725532308356,
  "totalFingers": 10,
  "tournamentTeamId": null,
  "tragicness": 0.15532138931668563,
  "unthwackability": 0.6262136676770654,
  "watchfulness": 0.45953608842092186,
  "weekAttr": []
}