{
  "anticapitalism": 0.3981930252355757,
  "armor": "",
  "baseThirst": 0.8765541410759006,
  "bat": "",
  "blood": 11,
  "buoyancy": 1.002141385203139,
  "chasiness": 0.6333071105577666,
  "cinnamon": 0.5296538629627283,
  "coffee": 6,
  "coldness": 0.7450343734166176,
  "continuation": 0.06784871222022071,
  "deceased": false,
  "divinity": 0.9532766343829504,
  "fate": 23,
  "gameAttr": [],
  "groundFriction": 0.31324406770894875,
  "id": "b8ab86c6-9054-4832-9b96-508dbd4eb624",
  "indulgence": 0.03356770145467003,
  "laserlikeness": 0.005516175178681859,
  "martyrdom": 0.8988748351534649,
  "moxie": 1.0846615120417258,
  "musclitude": 0.6156493943124685,
  "name": "Esme Ramsey",
  "omniscience": 0.9454712195630884,
  "overpowerment": 0.849376541097655,
  "patheticism": 0.01,
  "peanutAllergy": true,
  "permAttr": [],
  "pressurization": 0.5195664478482989,
  "ritual": "Running the bases",
  "ruthlessness": 0.26879884447064284,
  "seasAttr": [],
  "shakespearianism": 0.4362183289005048,
  "soul": 5,
  "suppression": 0.30634221772354864,
  "tenaciousness": 0.5323072963500954,
  "thwackability": 0.1856349178948237,
  "totalFingers": 10,
  "tragicness": 0.1,
  "unthwackability": 0.7452799822400165,
  "watchfulness": 0.874427038050974,
  "weekAttr": []
}