{
  "_id": "b8ab86c6-9054-4832-9b96-508dbd4eb624",
  "anticapitalism": 0.3981930252355757,
  "baseThirst": 0.8765541410759006,
  "bat": "",
  "buoyancy": 0.9021413852031386,
  "chasiness": 0.6333071105577666,
  "cinnamon": 0.5996538629627284,
  "coldness": 0.7450343734166176,
  "continuation": 0.06784871222022071,
  "deceased": false,
  "divinity": 0.8532766343829505,
  "fate": 23,
  "groundFriction": 0.31324406770894875,
  "indulgence": 0.03356770145467003,
  "laserlikeness": 0.005516175178681859,
  "martyrdom": 0.7988748351534649,
  "moxie": 0.9846615120417256,
  "musclitude": 0.5156493943124685,
  "name": "Esme Ramsey",
  "omniscience": 0.9454712195630884,
  "overpowerment": 0.849376541097655,
  "patheticism": 0.07072499972656932,
  "peanutAllergy": true,
  "pressurization": 0.5195664478482989,
  "ruthlessness": 0.26879884447064284,
  "shakespearianism": 0.4362183289005048,
  "soul": 5,
  "suppression": 0.30634221772354864,
  "tenaciousness": 0.5323072963500954,
  "thwackability": 0.08563491789482369,
  "totalFingers": 10,
  "tragicness": 0.1,
  "unthwackability": 0.7452799822400165,
  "watchfulness": 0.874427038050974
}