{
  "anticapitalism": 0.4074716048229908,
  "baseThirst": 1.1370593206987474,
  "baserunningRating": 0.4291503370768181,
  "blood": 11,
  "buoyancy": 1.18861171284904,
  "chasiness": 0.6335816611813825,
  "cinnamon": 0.7385272297905239,
  "coffee": 6,
  "coldness": 0.9707716128143016,
  "continuation": 0.3756853315044145,
  "deceased": false,
  "defenseRating": 0.7570682983566482,
  "divinity": 1.129397582080738,
  "eDensity": 28.249861670484535,
  "evolution": 0,
  "fate": 23,
  "gameAttr": [],
  "groundFriction": 0.584788140101778,
  "hitStreak": 0,
  "hittingRating": 0.7238064816836598,
  "id": "b8ab86c6-9054-4832-9b96-508dbd4eb624",
  "indulgence": 0.3735763482633432,
  "items": [],
  "laserlikeness": 0.29595239440662163,
  "leagueTeamId": "bfd38797-8404-4b38-8b82-341da28b1f83",
  "martyrdom": 1.0974239908623304,
  "moxie": 1.2843259438392485,
  "musclitude": 0.7794754001372516,
  "name": "Esme Ramsey",
  "omniscience": 0.9611668488334836,
  "overpowerment": 1.0702833296914742,
  "patheticism": 0.001,
  "peanutAllergy": true,
  "permAttr": [
    "FLINCH",
    "HAUNTED"
  ],
  "pitchingRating": 0.6970979786663787,
  "pressurization": 0.5195664478482989,
  "ritual": "Running the bases",
  "ruthlessness": 0.47458848066778686,
  "seasAttr": [],
  "shakespearianism": 0.6734942253909827,
  "soul": 5,
  "state": {},
  "suppression": 0.4939787736613186,
  "tenaciousness": 0.5400434833259626,
  "thwackability": 0.34973532614315417,
  "totalFingers": 11,
  "tournamentTeamId": "4e5d0063-73b4-440a-b2d1-214a7345cf16",
  "tragicness": 0.001,
  "unthwackability": 0.936831825050256,
  "watchfulness": 0.8891921784051329,
  "weekAttr": []
}