{
  "anticapitalism": 0.2790291464933277,
  "armor": "HEADPHONES",
  "baseThirst": 1.0432854107449263,
  "baserunningRating": 0.2921638623023227,
  "bat": "",
  "blood": 11,
  "buoyancy": 1.0667620935786088,
  "chasiness": 0.5177566373677991,
  "cinnamon": 0.6028830980987625,
  "coffee": 6,
  "coldness": 0.8200362121535474,
  "continuation": 0.26566596458506786,
  "deceased": false,
  "defenseRating": 0.6500713764163907,
  "divinity": 1.025306064106065,
  "eDensity": 24.73522073418452,
  "evolution": 0,
  "fate": 23,
  "gameAttr": [],
  "groundFriction": 0.4914359273884836,
  "hitStreak": 0,
  "hittingRating": 0.614569111885451,
  "id": "b8ab86c6-9054-4832-9b96-508dbd4eb624",
  "indulgence": 0.2278485230809553,
  "laserlikeness": 0.1709552960282741,
  "leagueTeamId": "bfd38797-8404-4b38-8b82-341da28b1f83",
  "martyrdom": 0.9671680032322608,
  "moxie": 1.1561886740089145,
  "musclitude": 0.6761280964218916,
  "name": "Esme Ramsey",
  "omniscience": 0.8384248292200143,
  "overpowerment": 0.9448906813086936,
  "patheticism": 0.001,
  "peanutAllergy": true,
  "permAttr": [
    "FLINCH",
    "HAUNTED"
  ],
  "pitchingRating": 0.5482271828507669,
  "pressurization": 0.5195664478482989,
  "ritual": "Running the bases",
  "ruthlessness": 0.34266748087655774,
  "seasAttr": [],
  "shakespearianism": 0.5279891105230358,
  "soul": 5,
  "state": {},
  "suppression": 0.38560243431032026,
  "tenaciousness": 0.4194799761127079,
  "thwackability": 0.2568238129086139,
  "totalFingers": 11,
  "tournamentTeamId": "4e5d0063-73b4-440a-b2d1-214a7345cf16",
  "tragicness": 0.05984303876035338,
  "unthwackability": 0.8264026534423334,
  "watchfulness": 0.7541964110194587,
  "weekAttr": []
}