{
  "anticapitalism": 0.9559777131225852,
  "armor": "",
  "baseThirst": 0.33929491142119095,
  "baserunningRating": 0.569796707739955,
  "bat": "",
  "blood": 6,
  "buoyancy": 0.22559741002445688,
  "chasiness": 0.13593249949811215,
  "cinnamon": 0.6223336376375264,
  "coffee": 9,
  "coldness": 0.9833986582992956,
  "continuation": 0.046399881657470665,
  "deceased": false,
  "defenseRating": 0.47783564319333766,
  "divinity": 0.9679417578566244,
  "eDensity": 31.88912557341203,
  "evolution": 0,
  "fate": 17,
  "gameAttr": [],
  "groundFriction": 0.7025113285147311,
  "hitStreak": 0,
  "hittingRating": 0.8840625404787753,
  "id": "b9293beb-d199-4b46-add9-c02f9362d802",
  "indulgence": 0.9796026064731508,
  "laserlikeness": 0.8025652926445774,
  "leagueTeamId": "a37f9158-7f82-46bc-908c-c9e2dda7c33b",
  "martyrdom": 0.9262292516555471,
  "moxie": 0.969917468163636,
  "musclitude": 0.4138687134051089,
  "name": "Bauer Zimmerman",
  "omniscience": 0.7888108866954153,
  "overpowerment": 0.5282506454221774,
  "patheticism": 0.42670511594871985,
  "peanutAllergy": true,
  "permAttr": [],
  "pitchingRating": 0.33818019050393605,
  "pressurization": 0.6596859090928697,
  "ritual": "Getting taped up",
  "ruthlessness": 0.118626759687686,
  "seasAttr": [],
  "shakespearianism": 0.38869761835133954,
  "soul": 8,
  "state": {},
  "suppression": 0.7891261374827658,
  "tenaciousness": 0.10893413998314871,
  "thwackability": 0.9636404542110268,
  "totalFingers": 10,
  "tournamentTeamId": null,
  "tragicness": 0.1,
  "unthwackability": 0.9215933393722524,
  "watchfulness": 0.6467561086706071,
  "weekAttr": []
}