{
  "anticapitalism": 0.19130569217867888,
  "baseThirst": 0.8061761125962106,
  "baserunningRating": 0.55129404895165,
  "blood": 4,
  "buoyancy": 0.4187665205068747,
  "chasiness": 0.6473870518130636,
  "cinnamon": 0.15140508677230868,
  "coffee": 0,
  "coldness": 0.6702772728678653,
  "continuation": 0.15102737087328055,
  "deceased": false,
  "defenseRating": 0.4501365848762135,
  "divinity": 0.07261833653236471,
  "eDensity": 29.29873512553501,
  "evolution": 0,
  "fate": 59,
  "gameAttr": [],
  "groundFriction": 0.753060401217208,
  "hitStreak": 0,
  "hittingRating": 0.21229367449093708,
  "id": "b93f4c32-64e4-4461-b708-05f6f7f6bbc2",
  "indulgence": 0.5160278540483756,
  "itemAttr": [],
  "items": [],
  "laserlikeness": 0.5594598185341348,
  "leagueTeamId": "bb4a9de5-c924-4923-a0cb-9d1445f1ee5d",
  "martyrdom": 0.7398562015257166,
  "moxie": 0.3887830370095741,
  "musclitude": 0.9183680274882188,
  "name": "Atma Willowtree",
  "omniscience": 0.0731167726490658,
  "overpowerment": 0.14133683259618168,
  "patheticism": 0.8890963568576432,
  "peanutAllergy": false,
  "permAttr": [],
  "pitchingRating": 0.4003807096147721,
  "pressurization": 0.43518817153102374,
  "ritual": "Swag surfing",
  "ruthlessness": 1.0167939596405866,
  "seasAttr": [],
  "shakespearianism": 0.4595747469900733,
  "soul": 9,
  "state": {},
  "suppression": 0.8956599735259657,
  "tenaciousness": 0.8894091858401068,
  "thwackability": 0.2868875021905939,
  "totalFingers": 10,
  "tournamentTeamId": null,
  "tragicness": 0.1513593374177334,
  "unthwackability": 0.33907780371301205,
  "watchfulness": 0.652099650338513,
  "weekAttr": []
}