{
  "anticapitalism": 0.46702610554983176,
  "baseThirst": 0.37625203901327886,
  "baserunningRating": 0.5817641189422273,
  "blood": 11,
  "buoyancy": 0.8024981312147694,
  "chasiness": 0.7136366257222234,
  "cinnamon": 0.97637281260495,
  "coffee": 11,
  "coldness": 0.4680882628110026,
  "continuation": 0.3909205343019344,
  "deceased": false,
  "defenseRating": 0.6481241654060665,
  "divinity": 0.2780407888698281,
  "eDensity": 34.8981891562573,
  "evolution": 0,
  "fate": 51,
  "gameAttr": [],
  "groundFriction": 0.3794331218697594,
  "hitStreak": 0,
  "hittingRating": 0.5676584072032435,
  "id": "b9d97990-df0b-4b8f-ac85-61c44ab29a3d",
  "indulgence": 0.844470899103601,
  "itemAttr": [],
  "items": [],
  "laserlikeness": 0.623499930638335,
  "leagueTeamId": "8d87c468-699a-47a8-b40d-cfb73a5660ad",
  "martyrdom": 0.47541428083848447,
  "moxie": 0.5092425068936226,
  "musclitude": 0.8556047167614942,
  "name": "Lorcan Smaht",
  "omniscience": 0.36162551465686293,
  "overpowerment": 0.9786375658728698,
  "patheticism": 0.566371093045724,
  "peanutAllergy": false,
  "permAttr": [],
  "pitchingRating": 0.9021946164852196,
  "pressurization": 0.1909381121542617,
  "ritual": "Astral projection",
  "ruthlessness": 0.7598475099758484,
  "seasAttr": [],
  "shakespearianism": 0.876029315755248,
  "soul": 8,
  "state": {},
  "suppression": 1.0670614660937476,
  "tenaciousness": 0.6369836321627853,
  "thwackability": 1.0050724383456984,
  "totalFingers": 10,
  "tournamentTeamId": null,
  "tragicness": 0.09991697620299868,
  "unthwackability": 1.0884603831045072,
  "watchfulness": 0.7395868510621613,
  "weekAttr": []
}