{
  "anticapitalism": 0.512435319321006,
  "baseThirst": 0.4423264531510163,
  "baserunningRating": 0.6497460766074814,
  "blood": 11,
  "buoyancy": 0.8446980810832942,
  "chasiness": 0.7862127138818575,
  "cinnamon": 1.016825955427087,
  "coffee": 11,
  "coldness": 0.5199756401450725,
  "continuation": 0.4567335121514654,
  "deceased": false,
  "defenseRating": 0.6930709793867242,
  "divinity": 0.3540156150352349,
  "eDensity": 36.70811838546763,
  "evolution": 0,
  "fate": 51,
  "gameAttr": [],
  "groundFriction": 0.446458868202717,
  "hitStreak": 0,
  "hittingRating": 0.6401253426877768,
  "id": "b9d97990-df0b-4b8f-ac85-61c44ab29a3d",
  "indulgence": 0.9204057475210298,
  "itemAttr": [],
  "items": [],
  "laserlikeness": 0.694470844944387,
  "leagueTeamId": "8d87c468-699a-47a8-b40d-cfb73a5660ad",
  "martyrdom": 0.5198208877601028,
  "moxie": 0.5643317625958578,
  "musclitude": 0.9025591674452762,
  "name": "Lorcan Smaht",
  "omniscience": 0.4109676485627729,
  "overpowerment": 1.0552138436965035,
  "patheticism": 0.515883319447998,
  "peanutAllergy": false,
  "permAttr": [],
  "pitchingRating": 0.9753602278133928,
  "pressurization": 0.1909381121542617,
  "ritual": "Astral projection",
  "ruthlessness": 0.8063135484895625,
  "seasAttr": [],
  "shakespearianism": 0.9513483840733764,
  "soul": 8,
  "state": {},
  "suppression": 1.1155384452438264,
  "tenaciousness": 0.6917529884269323,
  "thwackability": 1.0515573566020957,
  "totalFingers": 10,
  "tournamentTeamId": null,
  "tragicness": 0.02830567174807566,
  "unthwackability": 1.1605335713993012,
  "watchfulness": 0.7853814966165752,
  "weekAttr": []
}