{
  "anticapitalism": 0.32773370080691233,
  "baseThirst": 0.2543369948829475,
  "baserunningRating": 0.45028848640376457,
  "blood": 11,
  "buoyancy": 0.705979304256398,
  "chasiness": 0.6041100530327943,
  "cinnamon": 0.8493646919524087,
  "coffee": 11,
  "coldness": 0.3661729511001519,
  "continuation": 0.265433369234209,
  "deceased": false,
  "defenseRating": 0.5348113041369635,
  "divinity": 0.13392324075631756,
  "eDensity": 0,
  "evolution": 0,
  "fate": 51,
  "gameAttr": [],
  "groundFriction": 0.2660515899754772,
  "hitStreak": 0,
  "hittingRating": 0.3953963336626533,
  "id": "b9d97990-df0b-4b8f-ac85-61c44ab29a3d",
  "indulgence": 0.7163902151184978,
  "items": [],
  "laserlikeness": 0.4842677779374054,
  "leagueTeamId": "8d87c468-699a-47a8-b40d-cfb73a5660ad",
  "martyrdom": 0.3469578829906981,
  "moxie": 0.40846185192546947,
  "musclitude": 0.7313843899830421,
  "name": "Lorcan Smaht",
  "omniscience": 0.24918764276942465,
  "overpowerment": 0.8858393784185319,
  "patheticism": 0.6726156721198053,
  "peanutAllergy": false,
  "permAttr": [],
  "pitchingRating": 0.7735335805286324,
  "pressurization": 0.1909381121542617,
  "ritual": "Astral projection",
  "ruthlessness": 0.6608457669330188,
  "seasAttr": [],
  "shakespearianism": 0.7790796354917604,
  "soul": 8,
  "state": {},
  "suppression": 0.9452719691225466,
  "tenaciousness": 0.4911759995630718,
  "thwackability": 0.8565199623388626,
  "totalFingers": 10,
  "tournamentTeamId": null,
  "tragicness": 0.21128235460773404,
  "unthwackability": 0.9553688476436096,
  "watchfulness": 0.645418394032204,
  "weekAttr": []
}