{
  "anticapitalism": 0.3966916405262555,
  "baseThirst": 0.32723587936496035,
  "baserunningRating": 0.5235785677378976,
  "blood": 11,
  "buoyancy": 0.7530069715753014,
  "chasiness": 0.6719068282851108,
  "cinnamon": 0.9020318870348326,
  "coffee": 11,
  "coldness": 0.4107999397724926,
  "continuation": 0.3257033722850003,
  "deceased": false,
  "defenseRating": 0.5979131808656211,
  "divinity": 0.21122543095283017,
  "eDensity": 31.078207933124094,
  "evolution": 0,
  "fate": 51,
  "gameAttr": [],
  "groundFriction": 0.3390450016462613,
  "hitStreak": 0,
  "hittingRating": 0.4902697514672508,
  "id": "b9d97990-df0b-4b8f-ac85-61c44ab29a3d",
  "indulgence": 0.7689832890014197,
  "itemAttr": [],
  "items": [],
  "laserlikeness": 0.5612963753890156,
  "leagueTeamId": "8d87c468-699a-47a8-b40d-cfb73a5660ad",
  "martyrdom": 0.4079066828903823,
  "moxie": 0.4587352728348152,
  "musclitude": 0.7794526540474866,
  "name": "Lorcan Smaht",
  "omniscience": 0.3128456860327827,
  "overpowerment": 0.9276200672966408,
  "patheticism": 0.6140127016893243,
  "peanutAllergy": false,
  "permAttr": [],
  "pitchingRating": 0.832823560183994,
  "pressurization": 0.1909381121542617,
  "ritual": "Astral projection",
  "ruthlessness": 0.7046778737933136,
  "seasAttr": [],
  "shakespearianism": 0.832493661498581,
  "soul": 8,
  "state": {},
  "suppression": 0.9989454782816108,
  "tenaciousness": 0.5673101954999052,
  "thwackability": 0.9327787807119694,
  "totalFingers": 10,
  "tournamentTeamId": null,
  "tragicness": 0.1468725094370752,
  "unthwackability": 1.0179929043286564,
  "watchfulness": 0.6955328596966234,
  "weekAttr": []
}