{
  "anticapitalism": 0.2387775822340824,
  "armor": "",
  "baseThirst": 0.8296887902105934,
  "baserunningRating": 0.5957201288273588,
  "bat": "",
  "blood": 0,
  "buoyancy": 0.3700618482209832,
  "chasiness": 0.31361411888563934,
  "cinnamon": 0.3423168615535017,
  "coffee": 0,
  "coldness": 1.1848719463643829,
  "continuation": 0.9932018955374922,
  "deceased": false,
  "defenseRating": 0.6770178540271242,
  "divinity": 0.6490848092799277,
  "fate": 17,
  "gameAttr": [
    "WIRED"
  ],
  "groundFriction": 0.45763750722105434,
  "hitStreak": 0,
  "hittingRating": 0.8248095797615248,
  "id": "bbdeb3e2-cd5a-46ff-9a69-fd06b1482710",
  "indulgence": 0.28023369096065476,
  "laserlikeness": 0.5562699572542242,
  "leagueTeamId": null,
  "martyrdom": 0.2185013935612884,
  "moxie": 0.9779572247682184,
  "musclitude": 1.025579103405214,
  "name": "Beans Reblase",
  "omniscience": 0.720216413581577,
  "overpowerment": 1.0502737003238722,
  "patheticism": 0.6709989994176744,
  "peanutAllergy": true,
  "permAttr": [],
  "pitchingRating": 0.5835860742151616,
  "pressurization": 0.7333198368457117,
  "ritual": "Gaming",
  "ruthlessness": 0.3686049823515132,
  "seasAttr": [],
  "shakespearianism": 1.1668224942650276,
  "soul": 6,
  "suppression": 1.1001402008275505,
  "tenaciousness": 1.193438172270464,
  "thwackability": 1.1357294959955764,
  "totalFingers": 31,
  "tournamentTeamId": "d2634113-b650-47b9-ad95-673f8e28e687",
  "tragicness": 0.01,
  "unthwackability": 0.7169446074003236,
  "watchfulness": 0.3656673490103752,
  "weekAttr": []
}