{
  "anticapitalism": 0.1206639433452377,
  "armor": "",
  "baseThirst": 0.16106102470412872,
  "baserunningRating": 0.4359814821813101,
  "bat": "",
  "blood": 2,
  "buoyancy": 0.64277603078937,
  "chasiness": 0.4466726324748562,
  "cinnamon": 0.6144606030462767,
  "coffee": 4,
  "coldness": 0.7620645311224323,
  "continuation": 0.7534821437822281,
  "deceased": false,
  "defenseRating": 0.3005194762096648,
  "divinity": 0.335514082001207,
  "eDensity": 25.80562049861819,
  "evolution": 0,
  "fate": 89,
  "gameAttr": [],
  "groundFriction": 0.6239731945057649,
  "hitStreak": 0,
  "hittingRating": 0.5266771999283835,
  "id": "bbf9543f-f100-445a-a467-81d7aab12236",
  "indulgence": 0.2233283676402474,
  "laserlikeness": 0.429834665301235,
  "leagueTeamId": "bb4a9de5-c924-4923-a0cb-9d1445f1ee5d",
  "martyrdom": 0.9602819031969534,
  "moxie": 0.8682543698694155,
  "musclitude": 0.16962009478153217,
  "name": "Farrell Seagull",
  "omniscience": 0.283870582260998,
  "overpowerment": 0.5876199160076078,
  "patheticism": 0.026134362157538255,
  "peanutAllergy": true,
  "permAttr": [],
  "pitchingRating": 0.423339055768954,
  "pressurization": 0.5276428922174883,
  "ritual": "Photography",
  "ruthlessness": 0.5522301413070778,
  "seasAttr": [],
  "shakespearianism": 0.34928858036917415,
  "soul": 7,
  "state": {},
  "suppression": 1.073830574980872,
  "tenaciousness": 0.1656006428859614,
  "thwackability": 0.7238064239825681,
  "totalFingers": 10,
  "tournamentTeamId": null,
  "tragicness": 0.001,
  "unthwackability": 0.42287807708303826,
  "watchfulness": 0.05044226272794346,
  "weekAttr": []
}