{
  "anticapitalism": 0.18830287036519963,
  "armor": "",
  "baseThirst": 0.2404188793717195,
  "baserunningRating": 0.503664831735918,
  "bat": "",
  "blood": 2,
  "buoyancy": 0.6908893899550086,
  "chasiness": 0.4896908230566406,
  "cinnamon": 0.661084664072313,
  "coffee": 4,
  "coldness": 0.8071574128983087,
  "continuation": 0.8243084546053447,
  "deceased": false,
  "defenseRating": 0.3798641355182785,
  "divinity": 0.40988415051765,
  "eDensity": 25.80562049861819,
  "evolution": 0,
  "fate": 89,
  "gameAttr": [],
  "groundFriction": 0.693245139531247,
  "hitStreak": 0,
  "hittingRating": 0.6054310949043115,
  "id": "bbf9543f-f100-445a-a467-81d7aab12236",
  "indulgence": 0.2649282395316194,
  "laserlikeness": 0.49211723236838834,
  "leagueTeamId": "bb4a9de5-c924-4923-a0cb-9d1445f1ee5d",
  "martyrdom": 1.0222934159096395,
  "moxie": 0.9477081297128304,
  "musclitude": 0.23594530420271015,
  "name": "Farrell Seagull",
  "omniscience": 0.3301354970261145,
  "overpowerment": 0.6601489471765758,
  "patheticism": 0.001,
  "peanutAllergy": true,
  "permAttr": [],
  "pitchingRating": 0.4943666158716667,
  "pressurization": 0.5276428922174883,
  "ritual": "Photography",
  "ruthlessness": 0.610856561944835,
  "seasAttr": [],
  "shakespearianism": 0.4290951721899768,
  "soul": 7,
  "state": {},
  "suppression": 1.1212455919244806,
  "tenaciousness": 0.22462642613683292,
  "thwackability": 0.8009212843004616,
  "totalFingers": 10,
  "tournamentTeamId": null,
  "tragicness": 0.001,
  "unthwackability": 0.4915816445807869,
  "watchfulness": 0.12336667885695536,
  "weekAttr": []
}