{
  "anticapitalism": 0.1206639433452377,
  "armor": "",
  "baseThirst": 0.26106102470412873,
  "baserunningRating": 0.5417519236116327,
  "bat": "",
  "blood": 2,
  "buoyancy": 0.54277603078937,
  "chasiness": 0.4466726324748562,
  "cinnamon": 0.6144606030462767,
  "coffee": 4,
  "coldness": 0.7620645311224323,
  "continuation": 0.8534821437822281,
  "deceased": false,
  "defenseRating": 0.3005194762096648,
  "divinity": 0.235514082001207,
  "fate": 89,
  "gameAttr": [],
  "groundFriction": 0.7239731945057649,
  "hitStreak": 0,
  "hittingRating": 0.4061563144981464,
  "id": "bbf9543f-f100-445a-a467-81d7aab12236",
  "indulgence": 0.3233283676402474,
  "laserlikeness": 0.5298346653012349,
  "leagueTeamId": "23e4cbc1-e9cd-47fa-a35b-bfa06f726cb7",
  "martyrdom": 0.8602819031969534,
  "moxie": 0.7682543698694155,
  "musclitude": 0.06962009478153215,
  "name": "Farrell Seagull",
  "omniscience": 0.283870582260998,
  "overpowerment": 0.5876199160076078,
  "patheticism": 0.12613436215753826,
  "peanutAllergy": true,
  "permAttr": [],
  "pitchingRating": 0.423339055768954,
  "pressurization": 0.5276428922174883,
  "ritual": "Photography",
  "ruthlessness": 0.5522301413070778,
  "seasAttr": [],
  "shakespearianism": 0.34928858036917415,
  "soul": 7,
  "suppression": 1.073830574980872,
  "tenaciousness": 0.1656006428859614,
  "thwackability": 0.6238064239825681,
  "totalFingers": 10,
  "tournamentTeamId": null,
  "tragicness": 0.036873332000989384,
  "unthwackability": 0.42287807708303826,
  "watchfulness": 0.05044226272794346,
  "weekAttr": []
}