{
  "anticapitalism": 0.46330930297334705,
  "armor": "",
  "baseThirst": 0.13637348943299,
  "bat": "",
  "blood": 11,
  "buoyancy": 0.09148519432489,
  "chasiness": 0.483643577821103,
  "cinnamon": 0.2681344624704567,
  "coffee": 3,
  "coldness": 0.5112415100190766,
  "continuation": 0.17754516970112522,
  "deceased": false,
  "divinity": 0.7801376811715985,
  "fate": 9,
  "groundFriction": 0.7684839792424973,
  "id": "bc4187fa-459a-4c06-bbf2-4e0e013d27ce",
  "indulgence": 0.9256864810331178,
  "laserlikeness": 0.2402088683966459,
  "martyrdom": 0.47320243374628146,
  "moxie": 0.5353334247728434,
  "musclitude": 0.9477862995677102,
  "name": "Sixpack Dogwalker",
  "omniscience": 0.04772255121420832,
  "overpowerment": 0.04157180867790067,
  "patheticism": 0.5432353904550866,
  "peanutAllergy": false,
  "pressurization": 0.8551471045385424,
  "ritual": "Flossing",
  "ruthlessness": 0.6657740824633718,
  "shakespearianism": 0.5415813280082218,
  "soul": 9,
  "suppression": 0.05882883251148385,
  "tenaciousness": 0.22310586243568764,
  "thwackability": 0.49703677530116863,
  "totalFingers": 10,
  "tragicness": 0.1,
  "unthwackability": 0.07467658384889164,
  "watchfulness": 0.436032456675467
}