{
  "anticapitalism": 0.21625490285883567,
  "armor": "",
  "baseThirst": 0.8090653184187909,
  "baserunningRating": 0.39266170128627753,
  "bat": "",
  "blood": 9,
  "buoyancy": 0.4734327071266761,
  "chasiness": 0.7272616273113237,
  "cinnamon": 0.06224168282918896,
  "coffee": 9,
  "coldness": 0.04751765060212687,
  "continuation": 0.8982900399887376,
  "deceased": false,
  "defenseRating": 0.4342653460713898,
  "divinity": 0.6331840815526989,
  "fate": 34,
  "gameAttr": [],
  "groundFriction": 0.7597490175468623,
  "hitStreak": 0,
  "hittingRating": 0.4865007568463796,
  "id": "bd24e18b-800d-4f15-878d-e334fb4803c4",
  "indulgence": 0.4660322375189851,
  "laserlikeness": 0.20227389277768057,
  "martyrdom": 0.7312212851637222,
  "moxie": 0.7537737983092544,
  "musclitude": 0.40080643798922216,
  "name": "Helga Burton",
  "omniscience": 0.10462126368997508,
  "overpowerment": 0.07448060547951729,
  "patheticism": 0.8877214808795161,
  "peanutAllergy": false,
  "permAttr": [],
  "pitchingRating": 0.3942725802157413,
  "pressurization": 0.10248119805293276,
  "ritual": "Talking to god",
  "ruthlessness": 0.8789348594052959,
  "seasAttr": [],
  "shakespearianism": 0.4170904732305447,
  "soul": 2,
  "suppression": 0.4722519687718245,
  "tenaciousness": 0.6305009347487762,
  "thwackability": 0.36354798487409584,
  "totalFingers": 10,
  "tragicness": 0.1,
  "unthwackability": 0.5211059559456686,
  "watchfulness": 0.3485649518048295,
  "weekAttr": []
}