{
  "anticapitalism": 0.19775345445555464,
  "armor": "",
  "baseThirst": 0.8638759549391458,
  "baserunningRating": 0.4905289814304427,
  "bat": "",
  "blood": 9,
  "buoyancy": 0.5631517502816304,
  "chasiness": 0.7053670776392801,
  "cinnamon": 0.14868742176172534,
  "coffee": 9,
  "coldness": 0.13552259514808923,
  "continuation": 0.9817398358935582,
  "deceased": false,
  "defenseRating": 0.41995115554293866,
  "divinity": 0.7177432216484152,
  "eDensity": 17.036284970290517,
  "evolution": 0,
  "fate": 34,
  "gameAttr": [],
  "groundFriction": 0.8732531427484953,
  "hitStreak": 0,
  "hittingRating": 0.5781771081654793,
  "id": "bd24e18b-800d-4f15-878d-e334fb4803c4",
  "indulgence": 0.543366864363536,
  "laserlikeness": 0.2886643297142372,
  "leagueTeamId": "b72f3061-f573-40d7-832a-5ad475bd7909",
  "martyrdom": 0.8128078725607808,
  "moxie": 0.8396041688499412,
  "musclitude": 0.4737797563724207,
  "name": "Helga Burton",
  "omniscience": 0.09871879936371832,
  "overpowerment": 0.14126308653305716,
  "patheticism": 0.771879051046485,
  "peanutAllergy": false,
  "permAttr": [],
  "pitchingRating": 0.5053284344051383,
  "pressurization": 0.10248119805293276,
  "ritual": "Talking to god",
  "ruthlessness": 0.9371604971961844,
  "seasAttr": [],
  "shakespearianism": 0.5197861110129978,
  "soul": 2,
  "state": {},
  "suppression": 0.5760986840601324,
  "tenaciousness": 0.5997417267203211,
  "thwackability": 0.4438909616438293,
  "totalFingers": 10,
  "tournamentTeamId": null,
  "tragicness": 0.035470767169327684,
  "unthwackability": 0.6094276667082434,
  "watchfulness": 0.3489155146679017,
  "weekAttr": []
}