{
  "_id": "bd24e18b-800d-4f15-878d-e334fb4803c4",
  "anticapitalism": 0.3162549028588357,
  "armor": "",
  "baseThirst": 0.8090653184187909,
  "bat": "",
  "blood": 2,
  "buoyancy": 0.4734327071266761,
  "chasiness": 0.8272616273113237,
  "cinnamon": 0.06224168282918896,
  "coffee": 9,
  "coldness": 0.04751765060212687,
  "continuation": 0.8982900399887376,
  "deceased": false,
  "divinity": 0.6331840815526989,
  "fate": 34,
  "groundFriction": 0.7597490175468623,
  "indulgence": 0.4660322375189851,
  "laserlikeness": 0.20227389277768057,
  "martyrdom": 0.7312212851637222,
  "moxie": 0.7537737983092544,
  "musclitude": 0.40080643798922216,
  "name": "Helga Burton",
  "omniscience": 0.20462126368997507,
  "overpowerment": 0.07448060547951729,
  "patheticism": 0.8877214808795161,
  "peanutAllergy": false,
  "pressurization": 0.10248119805293276,
  "ritual": "Talking to god",
  "ruthlessness": 0.8789348594052959,
  "shakespearianism": 0.4170904732305447,
  "soul": 2,
  "suppression": 0.4722519687718245,
  "tenaciousness": 0.7305009347487762,
  "thwackability": 0.36354798487409584,
  "totalFingers": 10,
  "tragicness": 0.1,
  "unthwackability": 0.5211059559456686,
  "watchfulness": 0.4485649518048295
}