{
  "_id": "bd4c6837-eeaa-4675-ae48-061efa0fd11a",
  "anticapitalism": 0.7004977230427236,
  "baseThirst": 0.09077716351274456,
  "bat": "",
  "buoyancy": 0.4472014726180894,
  "chasiness": 0.09623567310236014,
  "cinnamon": 0.6734163940698945,
  "coldness": 0.4080446913945997,
  "continuation": 0.5944939229430928,
  "deceased": false,
  "divinity": 0.38451087555406505,
  "fate": 46,
  "groundFriction": 0.7668415258350028,
  "indulgence": 0.5921218152691137,
  "laserlikeness": 0.14898710417626537,
  "martyrdom": 0.4453264645120002,
  "moxie": 0.8116153873731354,
  "musclitude": 0.1644251026816376,
  "name": "Workman Gloom",
  "omniscience": 0.016386739596387923,
  "overpowerment": 0.9458789291544268,
  "patheticism": 0.17194906641265847,
  "peanutAllergy": false,
  "pressurization": 0.294383392054151,
  "ruthlessness": 0.09874397660228508,
  "shakespearianism": 0.5783570826909019,
  "soul": 6,
  "suppression": 0.5354300778097132,
  "tenaciousness": 0.5128101847097593,
  "thwackability": 0.8894259175517506,
  "totalFingers": 10,
  "tragicness": 0.1,
  "unthwackability": 0.08997250073066065,
  "watchfulness": 0.9908201074291408
}