{
  "anticapitalism": 0.778347826216625,
  "baseThirst": 0.13490062894165675,
  "baserunningRating": 0.4657614881614017,
  "blood": 2,
  "buoyancy": 0.531102124404621,
  "chasiness": 0.2156214141505317,
  "cinnamon": 0.6063513277665122,
  "coffee": 6,
  "coldness": 0.24422883928336936,
  "continuation": 0.2838328657578084,
  "deceased": true,
  "defenseRating": 0.5066487676931041,
  "divinity": 0.5897900644995002,
  "eDensity": 0,
  "evolution": 0,
  "fate": 51,
  "gameAttr": [],
  "groundFriction": 0.06055090569739696,
  "hitStreak": 0,
  "hittingRating": 0.6550996778544023,
  "id": "bd549bfe-b395-4dc0-8546-5c04c08e24a5",
  "indulgence": 0.3794604717067436,
  "itemAttr": [],
  "items": [],
  "laserlikeness": 0.8860421514499264,
  "leagueTeamId": null,
  "martyrdom": 0.1982507832828155,
  "moxie": 0.9574920078552248,
  "musclitude": 0.8588038348696743,
  "name": "Sam Solis",
  "omniscience": 0.24151845633966484,
  "overpowerment": 0.23680063876425383,
  "patheticism": 0.8583895669319737,
  "peanutAllergy": true,
  "permAttr": [
    "INHABITING"
  ],
  "pitchingRating": 0.5167134563015332,
  "pressurization": 0.20649871448105128,
  "ritual": null,
  "ruthlessness": 0.6519680791467461,
  "seasAttr": [],
  "shakespearianism": 0.4633267106697767,
  "soul": 5,
  "state": {},
  "suppression": 0.4753566298897658,
  "tenaciousness": 0.49803208014791056,
  "thwackability": 0.7680918592068282,
  "totalFingers": 10,
  "tournamentTeamId": null,
  "tragicness": 0.1,
  "unthwackability": 0.7248302356494096,
  "watchfulness": 0.4589749834638299,
  "weekAttr": []
}