{
  "anticapitalism": 0.8752375656585748,
  "armor": "",
  "baseThirst": 0.18250456746836163,
  "baserunningRating": 0.5197211808446381,
  "bat": "",
  "blood": 7,
  "buoyancy": 0.7968411081954775,
  "chasiness": 0.16007973295578118,
  "cinnamon": 0.3245531126987678,
  "coffee": 1,
  "coldness": 0.08725175954112933,
  "continuation": 0.7332191835037621,
  "deceased": false,
  "defenseRating": 0.5318119939027578,
  "divinity": 1.0194514584109586,
  "fate": 98,
  "gameAttr": [],
  "groundFriction": 0.08950282325745404,
  "hitStreak": 0,
  "hittingRating": 0.5739474099057348,
  "id": "bd8778e5-02e8-4d1f-9c31-7b63942cc570",
  "indulgence": 0.5135762406259188,
  "laserlikeness": 0.7477406478495896,
  "martyrdom": 0.40330223106539215,
  "moxie": 1.1155019477690964,
  "musclitude": 0.6166512197292657,
  "name": "Cell Barajas",
  "omniscience": 0.3654597557062832,
  "overpowerment": 0.6690966202135713,
  "patheticism": 0.39995826780000376,
  "peanutAllergy": false,
  "permAttr": [],
  "pitchingRating": 0.7496245567578456,
  "pressurization": 0.7472607371098754,
  "ritual": "Barrel of fish",
  "ruthlessness": 0.9066227119412896,
  "seasAttr": [],
  "shakespearianism": 0.5557451808132597,
  "soul": 4,
  "suppression": 0.0743843988104941,
  "tenaciousness": 0.550799033055871,
  "thwackability": 0.24719916914255904,
  "totalFingers": 13,
  "tragicness": 0.1,
  "unthwackability": 0.8711357421850809,
  "watchfulness": 0.3187524407167487,
  "weekAttr": []
}