{
  "anticapitalism": 0.9158904540757228,
  "armor": "",
  "baseThirst": 0.1165786903582662,
  "bat": "",
  "blood": 7,
  "buoyancy": 0.7528728313437453,
  "chasiness": 0.20861824054491285,
  "cinnamon": 0.2664687294966437,
  "coffee": 1,
  "coldness": 0.01,
  "continuation": 0.6557258350594917,
  "deceased": false,
  "divinity": 0.953485362091154,
  "fate": 98,
  "gameAttr": [],
  "groundFriction": 0.03343278466882006,
  "hitStreak": 0,
  "id": "bd8778e5-02e8-4d1f-9c31-7b63942cc570",
  "indulgence": 0.4619331085864282,
  "laserlikeness": 0.6839134860611646,
  "martyrdom": 0.35379878130252573,
  "moxie": 1.0516668386983314,
  "musclitude": 0.5504233945664702,
  "name": "Cell Barajas",
  "omniscience": 0.39204109584209834,
  "overpowerment": 0.5929447982946771,
  "patheticism": 0.45076613613299343,
  "peanutAllergy": false,
  "permAttr": [],
  "pressurization": 0.7472607371098754,
  "ritual": "Barrel of fish",
  "ruthlessness": 0.8362453439947825,
  "seasAttr": [],
  "shakespearianism": 0.47928516332929016,
  "soul": 4,
  "suppression": 0.023622213265174316,
  "tenaciousness": 0.6100163412871025,
  "thwackability": 0.2003832035171599,
  "totalFingers": 13,
  "tragicness": 0.1,
  "unthwackability": 0.8071796283379052,
  "watchfulness": 0.3739371922013539,
  "weekAttr": []
}