{
  "anticapitalism": 0.8958904540757227,
  "armor": "",
  "baseThirst": 0.0965786903582662,
  "bat": "",
  "blood": 7,
  "buoyancy": 0.6328728313437453,
  "chasiness": 0.18861824054491289,
  "cinnamon": 0.2664687294966437,
  "coffee": 1,
  "coldness": 0.01,
  "continuation": 0.6357258350594917,
  "deceased": false,
  "divinity": 0.833485362091154,
  "fate": 98,
  "gameAttr": [],
  "groundFriction": 0.013432784668820058,
  "id": "bd8778e5-02e8-4d1f-9c31-7b63942cc570",
  "indulgence": 0.4419331085864282,
  "laserlikeness": 0.6639134860611646,
  "martyrdom": 0.23379878130252577,
  "moxie": 0.9316668386983312,
  "musclitude": 0.43042339456647016,
  "name": "Cell Barajas",
  "omniscience": 0.3720410958420983,
  "overpowerment": 0.672944798294677,
  "patheticism": 0.5707661361329934,
  "peanutAllergy": false,
  "permAttr": [],
  "pressurization": 0.7472607371098754,
  "ritual": "Barrel of fish",
  "ruthlessness": 0.9162453439947824,
  "seasAttr": [],
  "shakespearianism": 0.5592851633292901,
  "soul": 4,
  "suppression": 0.10362221326517432,
  "tenaciousness": 0.5900163412871025,
  "thwackability": 0.08038320351715991,
  "totalFingers": 11,
  "tragicness": 0.13,
  "unthwackability": 0.8871796283379052,
  "watchfulness": 0.3539371922013539,
  "weekAttr": []
}