{
  "anticapitalism": 0.9258904540757228,
  "armor": "",
  "baseThirst": 0.1265786903582662,
  "bat": "",
  "blood": 7,
  "buoyancy": 0.6628728313437453,
  "chasiness": 0.21861824054491288,
  "cinnamon": 0.2664687294966437,
  "coffee": 1,
  "coldness": 0.011487935687709784,
  "continuation": 0.6657258350594917,
  "deceased": false,
  "divinity": 0.863485362091154,
  "fate": 98,
  "groundFriction": 0.04343278466882006,
  "id": "bd8778e5-02e8-4d1f-9c31-7b63942cc570",
  "indulgence": 0.47193310858642823,
  "laserlikeness": 0.6939134860611647,
  "martyrdom": 0.26379878130252576,
  "moxie": 0.9616668386983314,
  "musclitude": 0.4604233945664702,
  "name": "Cell Barajas",
  "omniscience": 0.4020410958420983,
  "overpowerment": 0.702944798294677,
  "patheticism": 0.5407661361329934,
  "peanutAllergy": false,
  "pressurization": 0.7472607371098754,
  "ritual": "Barrel of fish",
  "ruthlessness": 0.9462453439947824,
  "shakespearianism": 0.5892851633292902,
  "soul": 4,
  "suppression": 0.13362221326517432,
  "tenaciousness": 0.6200163412871025,
  "thwackability": 0.11038320351715993,
  "totalFingers": 10,
  "tragicness": 0.1,
  "unthwackability": 0.9171796283379052,
  "watchfulness": 0.3839371922013539
}