{
  "anticapitalism": 0.7054488256234361,
  "armor": "",
  "baseThirst": 0.03,
  "bat": "MUSHROOM",
  "blood": 12,
  "buoyancy": 0.7053473609848746,
  "chasiness": 0.8007670476342832,
  "cinnamon": 1.05417568062235,
  "coffee": 11,
  "coldness": 0.4220650950278062,
  "continuation": 0.11144350590625098,
  "deceased": false,
  "divinity": 1.1695954963679982,
  "fate": 9,
  "gameAttr": [],
  "groundFriction": 0.30109653630456024,
  "id": "bd8d58b6-f37f-48e6-9919-8e14ec91f92a",
  "indulgence": 0.42126261483467975,
  "laserlikeness": 0.363597769166374,
  "martyrdom": 0.7374878946878154,
  "moxie": 0.8294594855531319,
  "musclitude": 0.6511051680211303,
  "name": "José Haley",
  "omniscience": 0.20850704217419236,
  "overpowerment": 0.03988723501487736,
  "patheticism": 0.1384083999268748,
  "peanutAllergy": false,
  "permAttr": [],
  "pressurization": 0.5228629100377091,
  "ritual": "Blood transfusion",
  "ruthlessness": 0.8308153901712421,
  "seasAttr": [],
  "shakespearianism": 0.9798894978911136,
  "soul": 6,
  "suppression": 0.45870067653782653,
  "tenaciousness": 0.4926610346424867,
  "thwackability": 0.14773648236309822,
  "totalFingers": 12,
  "tragicness": 0.1,
  "unthwackability": 0.1922889523592659,
  "watchfulness": 0.5272326666660634,
  "weekAttr": []
}