{
  "anticapitalism": 0.6854488256234361,
  "armor": "",
  "baseThirst": 0.01,
  "bat": "MUSHROOM",
  "blood": 12,
  "buoyancy": 0.6853473609848746,
  "chasiness": 0.7807670476342832,
  "cinnamon": 1.05417568062235,
  "coffee": 11,
  "coldness": 0.4020650950278062,
  "continuation": 0.09144350590625096,
  "deceased": false,
  "divinity": 1.1495954963679982,
  "fate": 9,
  "gameAttr": [],
  "groundFriction": 0.2810965363045602,
  "id": "bd8d58b6-f37f-48e6-9919-8e14ec91f92a",
  "indulgence": 0.4012626148346798,
  "laserlikeness": 0.34359776916637397,
  "martyrdom": 0.7174878946878154,
  "moxie": 0.8094594855531319,
  "musclitude": 0.6311051680211303,
  "name": "José Haley",
  "omniscience": 0.18850704217419237,
  "overpowerment": 0.019887235014877352,
  "patheticism": 0.1584083999268748,
  "peanutAllergy": false,
  "permAttr": [],
  "pressurization": 0.5228629100377091,
  "ritual": "Blood transfusion",
  "ruthlessness": 0.810815390171242,
  "seasAttr": [],
  "shakespearianism": 0.9598894978911134,
  "soul": 6,
  "suppression": 0.4387006765378265,
  "tenaciousness": 0.47266103464248665,
  "thwackability": 0.12773648236309823,
  "totalFingers": 11,
  "tragicness": 0.1,
  "unthwackability": 0.17228895235926592,
  "watchfulness": 0.5072326666660634,
  "weekAttr": []
}