{
  "anticapitalism": 0.32720236817037596,
  "baseThirst": 0.9154902434436594,
  "baserunningRating": 0.3031433433675424,
  "blood": 0,
  "buoyancy": 0.6355796743215956,
  "chasiness": 0.3448806038429164,
  "cinnamon": 0.9949794976181588,
  "coffee": 8,
  "coldness": 0.3935847951863306,
  "continuation": 0.8100101883019313,
  "deceased": true,
  "defenseRating": 0.30866762198181774,
  "divinity": 0.2397417459620026,
  "eDensity": 0,
  "evolution": 0,
  "fate": 34,
  "gameAttr": [],
  "groundFriction": 0.04856966020941922,
  "hitStreak": 0,
  "hittingRating": 0.19675393135253336,
  "id": "bd9d1d6e-7822-4ad9-bac4-89b8afd8a630",
  "indulgence": 0.6981076530729737,
  "itemAttr": [],
  "items": [],
  "laserlikeness": 0.19195955703013312,
  "leagueTeamId": null,
  "martyrdom": 0.2489587377349476,
  "moxie": 0.7082830219528491,
  "musclitude": 0.56427348799798,
  "name": "Derrick Krueger",
  "omniscience": 0.31384573503577107,
  "overpowerment": 0.9974695078467828,
  "patheticism": 0.5599705141246558,
  "peanutAllergy": true,
  "permAttr": [
    "INHABITING"
  ],
  "pitchingRating": 0.4472691547139568,
  "pressurization": 0.5458530784609541,
  "ritual": null,
  "ruthlessness": 0.4843252419240215,
  "seasAttr": [],
  "shakespearianism": 0.8166827564301252,
  "soul": 8,
  "state": {},
  "suppression": 0.8640990354644077,
  "tenaciousness": 0.05545761996736509,
  "thwackability": 0.05956497570000918,
  "totalFingers": 11,
  "tournamentTeamId": null,
  "tragicness": 0.1,
  "unthwackability": 0.39011776980480695,
  "watchfulness": 0.22965221322393004,
  "weekAttr": []
}