{
  "anticapitalism": 0.7765132371522836,
  "baseThirst": 1.1745923231791435,
  "baserunningRating": 0.7547367211930989,
  "blood": 11,
  "buoyancy": 0.48245028344847474,
  "chasiness": 1.2311156305055075,
  "cinnamon": 0.8349205854981657,
  "coffee": 9,
  "coldness": 1.1861001576125252,
  "continuation": 1.068120927682935,
  "deceased": false,
  "defenseRating": 0.9302578248915664,
  "divinity": 1.0449769548620913,
  "eDensity": 28.832146914392,
  "evolution": 0,
  "fate": 79,
  "gameAttr": [],
  "groundFriction": 0.7059484228808695,
  "hitStreak": 0,
  "hittingRating": 1.020750937833251,
  "id": "be18d363-752d-4e4a-b06b-1a7e4641400b",
  "indulgence": 0.5004242135157162,
  "itemAttr": [],
  "items": [
    {
      "baserunningRating": 0,
      "defenseRating": 0,
      "durability": 1,
      "forger": null,
      "forgerName": null,
      "health": 1,
      "hittingRating": 0.03305100626252977,
      "id": "7c3d85d6-9569-4a67-b1b4-c844cb23274b",
      "name": "Bat",
      "pitchingRating": 0,
      "postPrefix": null,
      "prePrefix": null,
      "prefixes": null,
      "root": {
        "adjustments": [
          {
            "stat": 2,
            "type": 1,
            "value": 0.12231877308355169
          }
        ],
        "name": "Bat"
      },
      "suffix": null
    }
  ],
  "laserlikeness": 0.6702968641043072,
  "leagueTeamId": "3f8bbb15-61c0-4e3f-8e4a-907a5fb1565e",
  "martyrdom": 0.5491009312620014,
  "moxie": 0.6033958423625254,
  "musclitude": 0.7196064585345691,
  "name": "Scores Baserunner",
  "omniscience": 0.9262137039396852,
  "overpowerment": 0.8276188597685225,
  "patheticism": 0.001,
  "peanutAllergy": false,
  "permAttr": [],
  "pitchingRating": 0.4959527876953739,
  "pressurization": 0.520925651107808,
  "ritual": "Smack-talking opponents",
  "ruthlessness": 1.0754830543970906,
  "seasAttr": [],
  "shakespearianism": 0.4466357570063584,
  "soul": 4,
  "state": {},
  "suppression": 1.0354786821778472,
  "tenaciousness": 1.0083684225232632,
  "thwackability": 1.2559321539722268,
  "totalFingers": 11,
  "tournamentTeamId": "49181b72-7f1c-4f1c-929f-928d763ad7fb",
  "tragicness": 0.001,
  "unthwackability": 0.2861224494226712,
  "watchfulness": 0.5820023392082316,
  "weekAttr": []
}