{
  "anticapitalism": 0.6696757861606634,
  "baseThirst": 1.063267921384886,
  "baserunningRating": 0.6407485941205046,
  "blood": 11,
  "buoyancy": 0.3699851505029126,
  "chasiness": 1.112808644427306,
  "cinnamon": 0.7215633721522084,
  "coffee": 9,
  "coldness": 1.069228884858991,
  "continuation": 0.943196997628707,
  "deceased": false,
  "defenseRating": 0.837343165652877,
  "divinity": 0.9340628841298412,
  "eDensity": 27.12726229616576,
  "evolution": 0,
  "fate": 79,
  "gameAttr": [],
  "groundFriction": 0.590867684008769,
  "hitStreak": 0,
  "hittingRating": 0.9198241944004368,
  "id": "be18d363-752d-4e4a-b06b-1a7e4641400b",
  "indulgence": 0.38394916049041233,
  "itemAttr": [],
  "items": [
    {
      "baserunningRating": 0,
      "defenseRating": 0,
      "durability": 1,
      "forger": null,
      "forgerName": null,
      "health": 0,
      "hittingRating": 0.03305100626252977,
      "id": "7c3d85d6-9569-4a67-b1b4-c844cb23274b",
      "name": "Bat",
      "pitchingRating": 0,
      "postPrefix": null,
      "prePrefix": null,
      "prefixes": null,
      "root": {
        "adjustments": [
          {
            "stat": 2,
            "type": 1,
            "value": 0.12231877308355169
          }
        ],
        "name": "Bat"
      },
      "suffix": null
    }
  ],
  "laserlikeness": 0.5520437630684276,
  "leagueTeamId": "3f8bbb15-61c0-4e3f-8e4a-907a5fb1565e",
  "martyrdom": 0.4266701417210102,
  "moxie": 0.4786740958293689,
  "musclitude": 0.6101010725980524,
  "name": "Scores Baserunner",
  "omniscience": 0.814680130297896,
  "overpowerment": 0.7089459930460945,
  "patheticism": 0.001,
  "peanutAllergy": false,
  "permAttr": [],
  "pitchingRating": 0.3345500881355757,
  "pressurization": 0.520925651107808,
  "ritual": "Smack-talking opponents",
  "ruthlessness": 0.9666651851381468,
  "seasAttr": [],
  "shakespearianism": 0.33422960775604277,
  "soul": 4,
  "state": {},
  "suppression": 0.8930404700261663,
  "tenaciousness": 0.8734189490400044,
  "thwackability": 1.1526134228013185,
  "totalFingers": 11,
  "tournamentTeamId": "49181b72-7f1c-4f1c-929f-928d763ad7fb",
  "tragicness": 0.001,
  "unthwackability": 0.15821766525735642,
  "watchfulness": 0.4490867534304957,
  "weekAttr": []
}