{
  "anticapitalism": 0.5149355749259581,
  "armor": "",
  "baseThirst": 0.9337708915177836,
  "baserunningRating": 0.46806369001821535,
  "bat": "",
  "blood": 11,
  "buoyancy": 0.20488732030815593,
  "chasiness": 0.9515926854551462,
  "cinnamon": 0.603153460338602,
  "coffee": 9,
  "coldness": 0.9754702382116264,
  "continuation": 0.7551583892340594,
  "deceased": false,
  "defenseRating": 0.7110476546857144,
  "divinity": 0.7511809366223391,
  "fate": 79,
  "gameAttr": [],
  "groundFriction": 0.43634391169284226,
  "hitStreak": 0,
  "hittingRating": 0.7622256838530985,
  "id": "be18d363-752d-4e4a-b06b-1a7e4641400b",
  "indulgence": 0.1961487702581954,
  "laserlikeness": 0.3841238964056024,
  "martyrdom": 0.25938971726020876,
  "moxie": 0.31913239293933227,
  "musclitude": 0.44094654500271135,
  "name": "Scores Baserunner",
  "omniscience": 0.6548283231499645,
  "overpowerment": 0.556763008860403,
  "patheticism": 0.08255050081822735,
  "peanutAllergy": false,
  "permAttr": [],
  "pitchingRating": 0.15219675828231072,
  "pressurization": 0.520925651107808,
  "ritual": "Smack-talking opponents",
  "ruthlessness": 0.866390324349684,
  "seasAttr": [],
  "shakespearianism": 0.22595692876097903,
  "soul": 4,
  "suppression": 0.7455499859574668,
  "tenaciousness": 0.7117681448368853,
  "thwackability": 1.023263588926811,
  "totalFingers": 11,
  "tragicness": 0.1,
  "unthwackability": 0.04175158662059951,
  "watchfulness": 0.3103495252976223,
  "weekAttr": []
}