{
  "anticapitalism": 0.5904243110455751,
  "armor": "",
  "baseThirst": 0.8941863975177915,
  "bat": "",
  "blood": 9,
  "buoyancy": 0.48008564110001406,
  "chasiness": 0.13866820195642848,
  "cinnamon": 0.36708963246137616,
  "coffee": 2,
  "coldness": 0.973862084107166,
  "continuation": 0.051056319794752225,
  "deceased": false,
  "divinity": 0.6764240469805907,
  "fate": 97,
  "gameAttr": [],
  "groundFriction": 0.32065053009472444,
  "id": "be35caba-b16a-4e0d-b927-4da857f4cdb5",
  "indulgence": 0.6545087064331456,
  "laserlikeness": 0.17539962516673624,
  "martyrdom": 0.674943807692532,
  "moxie": 0.4152387893733964,
  "musclitude": 0.9448429599987054,
  "name": "Frasier Shmurmgle",
  "omniscience": 0.9611371617172362,
  "overpowerment": 0.6190040456167565,
  "patheticism": 0.7065600045792289,
  "peanutAllergy": true,
  "permAttr": [],
  "pressurization": 0.4747600321721557,
  "ritual": "Astronomy",
  "ruthlessness": 0.5400361926439705,
  "seasAttr": [],
  "shakespearianism": 0.1617171939384665,
  "soul": 5,
  "suppression": 0.5681728237246484,
  "tenaciousness": 0.0394193484199179,
  "thwackability": 0.9195297176187752,
  "totalFingers": 10,
  "tragicness": 0.1,
  "unthwackability": 0.17667205128185137,
  "watchfulness": 0.5172609651658591,
  "weekAttr": []
}