{
  "anticapitalism": 0.8451828209895689,
  "armor": "",
  "baseThirst": 0.9907616092163452,
  "baserunningRating": 0.6376576646809029,
  "bat": "",
  "blood": 8,
  "buoyancy": 0.1443771127656195,
  "chasiness": 1.02646188052692,
  "cinnamon": 0.6372435216287934,
  "coffee": 9,
  "coldness": 0.4714982166843248,
  "continuation": 0.588718488293999,
  "deceased": false,
  "defenseRating": 0.9049166855108544,
  "divinity": 0.45492117008006067,
  "eDensity": 19.40331247715513,
  "evolution": 0,
  "fate": 48,
  "gameAttr": [],
  "groundFriction": 0.14547003225763533,
  "hitStreak": 0,
  "hittingRating": 0.25078974286237715,
  "id": "bf122660-df52-4fc4-9e70-ee185423ff93",
  "indulgence": 0.34693055742858614,
  "laserlikeness": 0.8229938348378785,
  "leagueTeamId": "a37f9158-7f82-46bc-908c-c9e2dda7c33b",
  "martyrdom": 0.6478147168924653,
  "moxie": 0.14520180438474622,
  "musclitude": 0.19950443452376992,
  "name": "Walton Sports",
  "omniscience": 0.8316042240912753,
  "overpowerment": 0.43581408474029526,
  "patheticism": 0.1583559390659946,
  "peanutAllergy": false,
  "permAttr": [
    "FRIEND_OF_CROWS"
  ],
  "pitchingRating": 0.6764190549013187,
  "pressurization": 0.4286682141063424,
  "ritual": "Tarot",
  "ruthlessness": 0.5596286666882682,
  "seasAttr": [],
  "shakespearianism": 0.8784234168585469,
  "soul": 2,
  "state": {},
  "suppression": 1.0040585464963927,
  "tenaciousness": 0.9876818316161564,
  "thwackability": 0.09489503839588416,
  "totalFingers": 10,
  "tournamentTeamId": "49181b72-7f1c-4f1c-929f-928d763ad7fb",
  "tragicness": 0.030135725968091567,
  "unthwackability": 0.9951912343135326,
  "watchfulness": 0.6291076570510206,
  "weekAttr": []
}