{
  "anticapitalism": 0.8886697478583736,
  "baseThirst": 1.030930455971265,
  "baserunningRating": 0.7104639812478639,
  "blood": 8,
  "buoyancy": 0.19315434105360477,
  "chasiness": 1.097940445693794,
  "cinnamon": 0.6882245246681683,
  "coffee": 9,
  "coldness": 0.5238692754556791,
  "continuation": 0.6686203381716658,
  "deceased": false,
  "defenseRating": 0.9514861455564816,
  "divinity": 0.5106922472307364,
  "eDensity": 23.233263107238734,
  "evolution": 0,
  "fate": 48,
  "gameAttr": [
    "WIRED"
  ],
  "groundFriction": 0.2177821134744142,
  "hitStreak": 0,
  "hittingRating": 0.3330353117583767,
  "id": "bf122660-df52-4fc4-9e70-ee185423ff93",
  "indulgence": 0.41946528491389934,
  "itemAttr": [],
  "items": [
    {
      "baserunningRating": 0.03227373564151104,
      "defenseRating": 0.007653310729041851,
      "durability": 2,
      "forger": null,
      "forgerName": null,
      "health": 2,
      "hittingRating": 0,
      "id": "c85b3ae3-b6f5-4a0a-a4ed-67476c02ca6f",
      "name": "Leg Ring",
      "pitchingRating": 0.053025043970003405,
      "postPrefix": {
        "adjustments": [
          {
            "stat": 10,
            "type": 1,
            "value": 0.08153605538292794
          },
          {
            "stat": 25,
            "type": 1,
            "value": 0.09157932340153564
          }
        ],
        "name": "Leg"
      },
      "prePrefix": null,
      "prefixes": null,
      "root": {
        "adjustments": [
          {
            "stat": 19,
            "type": 1,
            "value": 0.11420471796663602
          }
        ],
        "name": "Ring"
      },
      "suffix": null
    }
  ],
  "laserlikeness": 0.877523374042722,
  "leagueTeamId": "a37f9158-7f82-46bc-908c-c9e2dda7c33b",
  "martyrdom": 0.6880348802642454,
  "moxie": 0.19633187398234583,
  "musclitude": 0.2749574954114772,
  "name": "Walton Sports",
  "omniscience": 0.9027258384320214,
  "overpowerment": 0.5107740325814711,
  "patheticism": 0.0995206567679792,
  "peanutAllergy": false,
  "permAttr": [
    "FRIEND_OF_CROWS"
  ],
  "pitchingRating": 0.752623576757097,
  "pressurization": 0.4286682141063424,
  "ritual": "Tarot",
  "ruthlessness": 0.6154952417263115,
  "seasAttr": [],
  "shakespearianism": 0.9289335115532616,
  "soul": 2,
  "state": {},
  "suppression": 1.0734098343144296,
  "tenaciousness": 1.060076624834244,
  "thwackability": 0.16405224431311738,
  "totalFingers": 10,
  "tournamentTeamId": "49181b72-7f1c-4f1c-929f-928d763ad7fb",
  "tragicness": 0.001,
  "unthwackability": 1.0709006016347011,
  "watchfulness": 0.6806427872899565,
  "weekAttr": []
}