{
  "anticapitalism": 0.7895425089062604,
  "armor": "",
  "baseThirst": 0.928387730620946,
  "baserunningRating": 0,
  "bat": "",
  "blood": 8,
  "buoyancy": 0.16878327071525062,
  "chasiness": 0.9471455938964108,
  "cinnamon": 0.576459201104455,
  "coffee": 9,
  "coldness": 0.3933740557917492,
  "continuation": 0.5330842153867078,
  "deceased": false,
  "defenseRating": 0,
  "divinity": 0.5148664141133846,
  "fate": 48,
  "gameAttr": [],
  "groundFriction": 0.0907710535889342,
  "hitStreak": 0,
  "hittingRating": 0,
  "id": "bf122660-df52-4fc4-9e70-ee185423ff93",
  "indulgence": 0.2705655403827165,
  "laserlikeness": 0.7602650868630528,
  "martyrdom": 0.6743099566166333,
  "moxie": 0.20435791804236708,
  "musclitude": 0.22293202139247445,
  "name": "Walton Sports",
  "omniscience": 0.7629588753884712,
  "overpowerment": 0.393205262192887,
  "patheticism": 0.12787630448775883,
  "peanutAllergy": false,
  "permAttr": [
    "FRIEND_OF_CROWS"
  ],
  "pitchingRating": 0,
  "pressurization": 0.4286682141063424,
  "ritual": "Tarot",
  "ruthlessness": 0.4816371664817245,
  "seasAttr": [],
  "shakespearianism": 0.8119576470218195,
  "soul": 2,
  "suppression": 0.9377354379250402,
  "tenaciousness": 0.937787220106982,
  "thwackability": 0.14775843388456825,
  "totalFingers": 10,
  "tragicness": 0.1,
  "unthwackability": 0.9406146592213176,
  "watchfulness": 0.5705939012809509,
  "weekAttr": []
}