{
  "anticapitalism": 0.9799246783601698,
  "baseThirst": 1.1183354165282722,
  "baserunningRating": 0.4736633554572987,
  "blood": 9,
  "buoyancy": 0.48504976837939257,
  "chasiness": 0.18264663140696377,
  "cinnamon": 1.0929434565839165,
  "coffee": 12,
  "coldness": 0.2724923115171516,
  "continuation": 0.35313236786502217,
  "deceased": false,
  "defenseRating": 0.5884774512464882,
  "divinity": 0.6359579855737951,
  "eDensity": 29.05633232268834,
  "evolution": 0,
  "fate": 81,
  "gameAttr": [],
  "groundFriction": 0.3884971988410309,
  "hitStreak": 0,
  "hittingRating": 0.8318237984572496,
  "id": "bf6a24d1-4e89-4790-a4ba-eeb2870cbf6f",
  "indulgence": 0.5305682973720833,
  "itemAttr": [],
  "items": [
    {
      "baserunningRating": 0,
      "defenseRating": 0,
      "durability": 1,
      "forger": null,
      "forgerName": null,
      "health": 0,
      "hittingRating": 0.03402223855562836,
      "id": "875c47d8-ddf0-43ac-a8d6-ad2ac27480ad",
      "name": "Bat",
      "pitchingRating": 0,
      "postPrefix": null,
      "prePrefix": null,
      "prefixes": null,
      "root": {
        "adjustments": [
          {
            "stat": 2,
            "type": 1,
            "value": 0.13216351468496929
          }
        ],
        "name": "Bat"
      },
      "suffix": null
    }
  ],
  "laserlikeness": 0.3705201368277672,
  "leagueTeamId": "878c1bf6-0d21-4659-bfee-916c8314d69c",
  "martyrdom": 0.8990901488245838,
  "moxie": 0.7321741850684608,
  "musclitude": 0.7838587867874945,
  "name": "Rat Mason",
  "omniscience": 0.5034377581619562,
  "overpowerment": 0.4783326346674326,
  "patheticism": 0.20744408603327225,
  "peanutAllergy": true,
  "permAttr": [],
  "pitchingRating": 0.25694001236586966,
  "pressurization": 0.8277156979127047,
  "ritual": "Spinning",
  "ruthlessness": 0.2934883624893819,
  "seasAttr": [],
  "shakespearianism": 0.276516978276644,
  "soul": 7,
  "state": {},
  "suppression": 0.6128515571356221,
  "tenaciousness": 0.4478551097220996,
  "thwackability": 1.089115657170416,
  "totalFingers": 14,
  "tournamentTeamId": "9a5ab308-41f2-4889-a3c3-733b9aab806e",
  "tragicness": 0.019604413830835103,
  "unthwackability": 0.3030816874354276,
  "watchfulness": 0.5474283279652876,
  "weekAttr": []
}