{
  "anticapitalism": 0.8,
  "armor": "",
  "baseThirst": 0.7875461687585636,
  "bat": "",
  "blood": 9,
  "buoyancy": 0.03719045749613831,
  "chasiness": 0.01,
  "cinnamon": 0.970036261904409,
  "coffee": 12,
  "coldness": 0.04523049935545659,
  "continuation": 0.01,
  "deceased": false,
  "divinity": 0.2155174226270264,
  "fate": 81,
  "gameAttr": [],
  "groundFriction": 0.01,
  "id": "bf6a24d1-4e89-4790-a4ba-eeb2870cbf6f",
  "indulgence": 0.17724570086726005,
  "laserlikeness": 0.01,
  "martyrdom": 0.45594373830973506,
  "moxie": 0.2605563457949997,
  "musclitude": 0.3358447537679194,
  "name": "Rat Mason",
  "omniscience": 0.2946586234068455,
  "overpowerment": 0.27842805281858357,
  "patheticism": 0.6432774270109554,
  "peanutAllergy": true,
  "permAttr": [],
  "pressurization": 0.8277156979127047,
  "ritual": "Spinning",
  "ruthlessness": 0.1037121340114024,
  "seasAttr": [],
  "shakespearianism": 0.01,
  "soul": 7,
  "suppression": 0.39786041692951873,
  "tenaciousness": 0.26772268641020974,
  "thwackability": 0.64846483101756,
  "totalFingers": 11,
  "tragicness": 0.1,
  "unthwackability": 0.01,
  "watchfulness": 0.34843145864171204,
  "weekAttr": []
}