{
  "anticapitalism": 0.8791715479636141,
  "armor": "",
  "baseThirst": 0.8661611870878106,
  "bat": "",
  "blood": 9,
  "buoyancy": 0.1474691869350606,
  "chasiness": 0.08030083209469491,
  "cinnamon": 1.041663969656479,
  "coffee": 12,
  "coldness": 0.20434356443638768,
  "continuation": 0.07792510110916558,
  "deceased": false,
  "divinity": 0.3304759769979459,
  "fate": 81,
  "gameAttr": [],
  "groundFriction": 0.10380025594718369,
  "hitStreak": 0,
  "id": "bf6a24d1-4e89-4790-a4ba-eeb2870cbf6f",
  "indulgence": 0.24723479003245227,
  "laserlikeness": 0.10014556729456732,
  "martyrdom": 0.5685144494497355,
  "moxie": 0.3962558046401696,
  "musclitude": 0.46452559234338087,
  "name": "Rat Mason",
  "omniscience": 0.3711812935402816,
  "overpowerment": 0.3944898835907624,
  "patheticism": 0.5200636769495568,
  "peanutAllergy": true,
  "permAttr": [],
  "pressurization": 0.8277156979127047,
  "ritual": "Spinning",
  "ruthlessness": 0.21798098004518768,
  "seasAttr": [],
  "shakespearianism": 0.1903070150811501,
  "soul": 7,
  "suppression": 0.5215013003331395,
  "tenaciousness": 0.34053631866382467,
  "thwackability": 0.7790108784139155,
  "totalFingers": 13,
  "tragicness": 0.1,
  "unthwackability": 0.2075821597545875,
  "watchfulness": 0.41519228506887673,
  "weekAttr": []
}