{
  "anticapitalism": 0.8991715479636141,
  "armor": "",
  "baseThirst": 0.8861611870878107,
  "baserunningRating": 0.19304386554473188,
  "bat": "",
  "blood": 9,
  "buoyancy": 0.3674691869350606,
  "chasiness": 0.10030083209469493,
  "cinnamon": 1.041663969656479,
  "coffee": 12,
  "coldness": 0.22434356443638767,
  "continuation": 0.09792510110916558,
  "deceased": false,
  "defenseRating": 0.4889317584519673,
  "divinity": 0.5504759769979459,
  "fate": 81,
  "gameAttr": [
    "WIRED"
  ],
  "groundFriction": 0.12380025594718368,
  "hitStreak": 0,
  "hittingRating": 0.742550259438307,
  "id": "bf6a24d1-4e89-4790-a4ba-eeb2870cbf6f",
  "indulgence": 0.26723479003245226,
  "laserlikeness": 0.12014556729456732,
  "leagueTeamId": "878c1bf6-0d21-4659-bfee-916c8314d69c",
  "martyrdom": 0.7885144494497355,
  "moxie": 0.6162558046401696,
  "musclitude": 0.6845255923433808,
  "name": "Rat Mason",
  "omniscience": 0.3911812935402816,
  "overpowerment": 0.4144898835907624,
  "patheticism": 0.3000636769495568,
  "peanutAllergy": true,
  "permAttr": [],
  "pitchingRating": 0.194031085521388,
  "pressurization": 0.8277156979127047,
  "ritual": "Spinning",
  "ruthlessness": 0.23798098004518767,
  "seasAttr": [],
  "shakespearianism": 0.2103070150811501,
  "soul": 7,
  "suppression": 0.5415013003331395,
  "tenaciousness": 0.3605363186638247,
  "thwackability": 0.9990108784139154,
  "totalFingers": 14,
  "tournamentTeamId": "9a5ab308-41f2-4889-a3c3-733b9aab806e",
  "tragicness": 0.1,
  "unthwackability": 0.22758215975458748,
  "watchfulness": 0.4351922850688767,
  "weekAttr": []
}