{
  "anticapitalism": 0.7393395242821734,
  "baseThirst": 1.1183354165282722,
  "baserunningRating": 0.4736633554572987,
  "blood": 9,
  "buoyancy": 0.6532431322503836,
  "chasiness": 0.01,
  "cinnamon": 1.0929434565839165,
  "coffee": 12,
  "coldness": 0.2724923115171516,
  "continuation": 0.35313236786502217,
  "deceased": false,
  "defenseRating": 0.29394492708686404,
  "divinity": 0.7984841952779628,
  "eDensity": 29.04907763153898,
  "evolution": 0,
  "fate": 81,
  "gameAttr": [],
  "groundFriction": 0.3884971988410309,
  "hitStreak": 0,
  "hittingRating": 1.0090650576649005,
  "id": "bf6a24d1-4e89-4790-a4ba-eeb2870cbf6f",
  "indulgence": 0.5305682973720833,
  "itemAttr": [],
  "items": [
    {
      "baserunningRating": 0,
      "defenseRating": 0,
      "durability": 1,
      "forger": null,
      "forgerName": null,
      "health": 0,
      "hittingRating": 0.03402223855562836,
      "id": "875c47d8-ddf0-43ac-a8d6-ad2ac27480ad",
      "name": "Bat",
      "pitchingRating": 0,
      "postPrefix": null,
      "prePrefix": null,
      "prefixes": null,
      "root": {
        "adjustments": [
          {
            "stat": 2,
            "type": 1,
            "value": 0.13216351468496929
          }
        ],
        "name": "Bat"
      },
      "suffix": null
    }
  ],
  "laserlikeness": 0.3705201368277672,
  "leagueTeamId": "878c1bf6-0d21-4659-bfee-916c8314d69c",
  "martyrdom": 1.0929724038061115,
  "moxie": 0.9067160467034094,
  "musclitude": 1.077501643641778,
  "name": "Rat Mason",
  "omniscience": 0.24007529609765416,
  "overpowerment": 0.4783326346674326,
  "patheticism": 0.030115240625233464,
  "peanutAllergy": true,
  "permAttr": [],
  "pitchingRating": 0.25694001236586966,
  "pressurization": 0.8277156979127047,
  "ritual": "Spinning",
  "ruthlessness": 0.2934883624893819,
  "seasAttr": [],
  "shakespearianism": 0.276516978276644,
  "soul": 7,
  "state": {},
  "suppression": 0.6128515571356221,
  "tenaciousness": 0.1926473512808001,
  "thwackability": 1.2906283071611568,
  "totalFingers": 14,
  "tournamentTeamId": "9a5ab308-41f2-4889-a3c3-733b9aab806e",
  "tragicness": 0.001,
  "unthwackability": 0.3030816874354276,
  "watchfulness": 0.3045052190564217,
  "weekAttr": []
}