{
  "anticapitalism": 0.8,
  "armor": "",
  "baseThirst": 0.7875461687585636,
  "bat": "",
  "blood": 9,
  "buoyancy": 0.08719045749613831,
  "chasiness": 0.01,
  "cinnamon": 0.970036261904409,
  "coffee": 12,
  "coldness": 0.11,
  "continuation": 0.01,
  "deceased": false,
  "divinity": 0.26551742262702643,
  "fate": 81,
  "gameAttr": [],
  "groundFriction": 0.01,
  "id": "bf6a24d1-4e89-4790-a4ba-eeb2870cbf6f",
  "indulgence": 0.17724570086726005,
  "laserlikeness": 0.01,
  "martyrdom": 0.505943738309735,
  "moxie": 0.31055634579499974,
  "musclitude": 0.38584475376791944,
  "name": "Rat Mason",
  "omniscience": 0.2946586234068455,
  "overpowerment": 0.32842805281858356,
  "patheticism": 0.5932774270109554,
  "peanutAllergy": true,
  "permAttr": [],
  "pressurization": 0.8277156979127047,
  "ritual": "Spinning",
  "ruthlessness": 0.15371213401140238,
  "seasAttr": [],
  "shakespearianism": 0.11,
  "soul": 7,
  "suppression": 0.4478604169295187,
  "tenaciousness": 0.26772268641020974,
  "thwackability": 0.69846483101756,
  "totalFingers": 13,
  "tragicness": 0.1,
  "unthwackability": 0.11,
  "watchfulness": 0.34843145864171204,
  "weekAttr": []
}