{
  "anticapitalism": 0.01,
  "armor": "",
  "baseThirst": 0.13149325698645292,
  "bat": "",
  "blood": 10,
  "buoyancy": 0.01,
  "chasiness": 0.5613069450614683,
  "cinnamon": 0.3860360402325038,
  "coffee": 10,
  "coldness": 0.22225667526697512,
  "continuation": 0.01,
  "deceased": false,
  "divinity": 0.35507961954894857,
  "fate": 20,
  "gameAttr": [],
  "groundFriction": 0.5223584413502351,
  "id": "bfd9ff52-9bf6-4aaf-a859-d308d8f29616",
  "indulgence": 0.4106325759736827,
  "laserlikeness": 0.08130830231918657,
  "martyrdom": 0.44202479804040135,
  "moxie": 0.01,
  "musclitude": 0.5789080521388299,
  "name": "Declan Suzanne",
  "omniscience": 0.02072456036303244,
  "overpowerment": 0.5703045165842273,
  "patheticism": 0.9341761354926053,
  "peanutAllergy": true,
  "permAttr": [],
  "pressurization": 0.3183402613994539,
  "ritual": "Feeding the bugs",
  "ruthlessness": 0.01610825699165852,
  "seasAttr": [],
  "shakespearianism": 0.08846415493582083,
  "soul": 9,
  "suppression": 0.16412804226642297,
  "tenaciousness": 0.3067262239972835,
  "thwackability": 0.6059746095218299,
  "totalFingers": 12,
  "tragicness": 0.1,
  "unthwackability": 0.01,
  "watchfulness": 0.20256959051008663,
  "weekAttr": []
}