{
  "anticapitalism": 0.09,
  "armor": "",
  "baseThirst": 0.33149325698645293,
  "bat": "",
  "blood": 10,
  "buoyancy": 0.09,
  "chasiness": 0.7613069450614683,
  "cinnamon": 0.3860360402325038,
  "coffee": 10,
  "coldness": 0.42225667526697513,
  "continuation": 0.09,
  "deceased": false,
  "divinity": 0.5550796195489486,
  "fate": 20,
  "gameAttr": [],
  "groundFriction": 0.7223584413502352,
  "id": "bfd9ff52-9bf6-4aaf-a859-d308d8f29616",
  "indulgence": 0.6106325759736827,
  "laserlikeness": 0.2813083023191866,
  "martyrdom": 0.6420247980404014,
  "moxie": 0.09,
  "musclitude": 0.77890805213883,
  "name": "Declan Suzanne",
  "omniscience": 0.22072456036303245,
  "overpowerment": 0.7703045165842273,
  "patheticism": 0.7341761354926052,
  "peanutAllergy": true,
  "permAttr": [],
  "pressurization": 0.3183402613994539,
  "ritual": "Feeding the bugs",
  "ruthlessness": 0.21610825699165853,
  "seasAttr": [],
  "shakespearianism": 0.28846415493582084,
  "soul": 9,
  "suppression": 0.364128042266423,
  "tenaciousness": 0.5067262239972835,
  "thwackability": 0.80597460952183,
  "totalFingers": 11,
  "tragicness": 0.1,
  "unthwackability": 0.1665810454285272,
  "watchfulness": 0.4025695905100867,
  "weekAttr": []
}