{
  "_id": "bfd9ff52-9bf6-4aaf-a859-d308d8f29616",
  "anticapitalism": 0.01,
  "armor": "",
  "baseThirst": 0.2514932569864529,
  "bat": "",
  "blood": 10,
  "buoyancy": 0.01,
  "chasiness": 0.6813069450614684,
  "cinnamon": 0.3860360402325038,
  "coffee": 10,
  "coldness": 0.42225667526697513,
  "continuation": 0.01,
  "deceased": false,
  "divinity": 0.47507961954894856,
  "fate": 20,
  "groundFriction": 0.6423584413502352,
  "indulgence": 0.5306325759736827,
  "laserlikeness": 0.20130830231918656,
  "martyrdom": 0.5620247980404014,
  "moxie": 0.01,
  "musclitude": 0.69890805213883,
  "name": "Declan Suzanne",
  "omniscience": 0.14072456036303244,
  "overpowerment": 0.7703045165842273,
  "patheticism": 0.8141761354926051,
  "peanutAllergy": true,
  "pressurization": 0.3183402613994539,
  "ritual": "Feeding the bugs",
  "ruthlessness": 0.21610825699165853,
  "shakespearianism": 0.28846415493582084,
  "soul": 9,
  "suppression": 0.364128042266423,
  "tenaciousness": 0.4267262239972835,
  "thwackability": 0.72597460952183,
  "totalFingers": 11,
  "tragicness": 0.1,
  "unthwackability": 0.1665810454285272,
  "watchfulness": 0.32256959051008666
}