{
  "anticapitalism": 0.09,
  "baseThirst": 0.7667414625286669,
  "baserunningRating": 0.6374806507125637,
  "blood": 10,
  "buoyancy": 0.27788498379307275,
  "chasiness": 0.6922277785722871,
  "cinnamon": 0.0669122973395675,
  "coffee": 6,
  "coldness": 0.6862077621743505,
  "continuation": 0.09,
  "deceased": false,
  "defenseRating": 0.40508691950797926,
  "divinity": 0.9824827419344944,
  "eDensity": 26.56753201659193,
  "evolution": 1,
  "fate": 94,
  "gameAttr": [],
  "groundFriction": 0.49,
  "hitStreak": 0,
  "hittingRating": 0.7767139737625454,
  "id": "c0177f76-67fc-4316-b650-894159dede45",
  "indulgence": 0.7559816164623098,
  "itemAttr": [],
  "items": [
    {
      "baserunningRating": 0,
      "defenseRating": 0,
      "durability": 1,
      "forger": null,
      "forgerName": null,
      "health": 1,
      "hittingRating": 0.05713266925988103,
      "id": "bc004467-1610-4a41-b2df-c967d1064568",
      "name": "Bat",
      "pitchingRating": 0,
      "postPrefix": null,
      "prePrefix": null,
      "prefixes": null,
      "root": {
        "adjustments": [
          {
            "stat": 2,
            "type": 1,
            "value": 0.1466798192039831
          }
        ],
        "name": "Bat"
      },
      "suffix": null
    }
  ],
  "laserlikeness": 0.8460855149038972,
  "leagueTeamId": "747b8e4a-7e50-4638-a973-ea7950a3e739",
  "martyrdom": 0.8270574221948851,
  "moxie": 0.6089653722607314,
  "musclitude": 0.4836436114517816,
  "name": "Paula Mason",
  "omniscience": 0.12326111011687069,
  "overpowerment": 0.646089120971773,
  "patheticism": 0.01,
  "peanutAllergy": false,
  "permAttr": [
    "FIRE_EATER"
  ],
  "pitchingRating": 0.5475087441014725,
  "pressurization": 0.5144439164417978,
  "ritual": "Signing autographs",
  "ruthlessness": 0.7959200344515607,
  "seasAttr": [],
  "shakespearianism": 0.2337731341258593,
  "soul": 5,
  "state": {},
  "suppression": 0.45064923238403626,
  "tenaciousness": 0.4823827020678805,
  "thwackability": 0.6524375884128492,
  "totalFingers": 11,
  "tournamentTeamId": null,
  "tragicness": 0.1,
  "unthwackability": 0.5590068633818548,
  "watchfulness": 0.540200602115129,
  "weekAttr": []
}