{
  "anticapitalism": 0.09,
  "armor": "",
  "baseThirst": 0.7667414625286669,
  "bat": "",
  "blood": 10,
  "buoyancy": 0.27788498379307275,
  "chasiness": 0.6922277785722871,
  "cinnamon": 0.0669122973395675,
  "coffee": 6,
  "coldness": 0.6862077621743505,
  "continuation": 0.09,
  "deceased": false,
  "divinity": 0.9824827419344944,
  "fate": 76,
  "groundFriction": 0.09,
  "id": "c0177f76-67fc-4316-b650-894159dede45",
  "indulgence": 0.7559816164623098,
  "laserlikeness": 0.8460855149038972,
  "martyrdom": 0.8270574221948851,
  "moxie": 0.6089653722607314,
  "musclitude": 0.4836436114517816,
  "name": "Paula Mason",
  "omniscience": 0.12326111011687069,
  "overpowerment": 0.646089120971773,
  "patheticism": 0.01,
  "peanutAllergy": true,
  "pressurization": 0.5144439164417978,
  "ritual": "Signing autographs",
  "ruthlessness": 0.7959200344515607,
  "shakespearianism": 0.2337731341258593,
  "soul": 5,
  "suppression": 0.45064923238403626,
  "tenaciousness": 0.4823827020678805,
  "thwackability": 0.6524375884128492,
  "totalFingers": 11,
  "tragicness": 0.1,
  "unthwackability": 0.5590068633818548,
  "watchfulness": 0.540200602115129
}