{
  "anticapitalism": 0.1303348402400734,
  "baseThirst": 0.8239998088740818,
  "baserunningRating": 0.7147271626502126,
  "blood": 10,
  "buoyancy": 0.3240108292241211,
  "chasiness": 0.7380213846509868,
  "cinnamon": 0.11323045196090668,
  "coffee": 6,
  "coldness": 0.7448099901868465,
  "continuation": 0.16686341116920136,
  "deceased": false,
  "defenseRating": 0.4662388819733848,
  "divinity": 1.0557556744769114,
  "eDensity": 28.398273138639784,
  "evolution": 1,
  "fate": 94,
  "gameAttr": [],
  "groundFriction": 0.5457916122857828,
  "hitStreak": 0,
  "hittingRating": 0.8275765745685961,
  "id": "c0177f76-67fc-4316-b650-894159dede45",
  "indulgence": 0.8167133328106483,
  "itemAttr": [
    "PARASITE"
  ],
  "items": [
    {
      "baserunningRating": 0,
      "defenseRating": 0.028362550508333303,
      "durability": 3,
      "forger": null,
      "forgerName": null,
      "health": 3,
      "hittingRating": 0,
      "id": "868be9a6-8019-4a77-af71-533c07412519",
      "name": "Parasitic Ring of Intelligence",
      "pitchingRating": 0.09860266812674769,
      "postPrefix": null,
      "prePrefix": null,
      "prefixes": [
        {
          "adjustments": [
            {
              "mod": "PARASITE",
              "type": 0
            }
          ],
          "name": "Parasitic"
        }
      ],
      "root": {
        "adjustments": [
          {
            "stat": 19,
            "type": 1,
            "value": 0.14319263642502666
          }
        ],
        "name": "Ring"
      },
      "suffix": {
        "adjustments": [
          {
            "stat": 19,
            "type": 1,
            "value": 0.1496511368313167
          },
          {
            "stat": 24,
            "type": 1,
            "value": 0.1049149992222774
          },
          {
            "stat": 14,
            "type": 1,
            "value": 0.11680957491156292
          }
        ],
        "name": "Intelligence"
      }
    },
    {
      "baserunningRating": 0,
      "defenseRating": 0,
      "durability": 1,
      "forger": null,
      "forgerName": null,
      "health": 1,
      "hittingRating": 0.05713266925988103,
      "id": "bc004467-1610-4a41-b2df-c967d1064568",
      "name": "Bat",
      "pitchingRating": 0,
      "postPrefix": null,
      "prePrefix": null,
      "prefixes": null,
      "root": {
        "adjustments": [
          {
            "stat": 2,
            "type": 1,
            "value": 0.1466798192039831
          }
        ],
        "name": "Bat"
      },
      "suffix": null
    }
  ],
  "laserlikeness": 0.8929016564586848,
  "leagueTeamId": "747b8e4a-7e50-4638-a973-ea7950a3e739",
  "martyrdom": 0.8759069745520646,
  "moxie": 0.6652761511195923,
  "musclitude": 0.5343049796851954,
  "name": "Paula Mason",
  "omniscience": 0.17027277290573567,
  "overpowerment": 0.6861743845697831,
  "patheticism": 0.001,
  "peanutAllergy": false,
  "permAttr": [
    "FIRE_EATER",
    "MAGMATIC"
  ],
  "pitchingRating": 0.6197821148992037,
  "pressurization": 0.5144439164417978,
  "ritual": "Signing autographs",
  "ruthlessness": 0.872648309805373,
  "seasAttr": [],
  "shakespearianism": 0.31097263910973516,
  "soul": 5,
  "state": {
    "itemModSources": {
      "PARASITE": [
        "868be9a6-8019-4a77-af71-533c07412519"
      ]
    }
  },
  "suppression": 0.5265577366928109,
  "tenaciousness": 0.5402691015834695,
  "thwackability": 0.6948524920942037,
  "totalFingers": 11,
  "tournamentTeamId": null,
  "tragicness": 0.053370290958973395,
  "unthwackability": 0.614793994847655,
  "watchfulness": 0.5962724424997261,
  "weekAttr": []
}