{
  "anticapitalism": 0.3472505780598164,
  "baseThirst": 1.0026626790598738,
  "baserunningRating": 1.4460156504089738,
  "blood": 4,
  "buoyancy": 0.3887304249650806,
  "chasiness": 0.5728722781863249,
  "cinnamon": 0.19389298801430227,
  "coffee": 6,
  "coldness": 0.9947926599560988,
  "continuation": 1.0025738264772726,
  "deceased": false,
  "defenseRating": 1.2108145671946944,
  "divinity": 0.771587864433773,
  "eDensity": 213.4569716933711,
  "evolution": 0,
  "fate": 46,
  "gameAttr": [
    "WIRED"
  ],
  "groundFriction": 1.0694413871641424,
  "hitStreak": 0,
  "hittingRating": 0.9749825040807932,
  "id": "c0732e36-3731-4f1a-abdc-daa9563b6506",
  "indulgence": 0.911049408154488,
  "itemAttr": [],
  "items": [],
  "laserlikeness": 0.4806629468404914,
  "leagueTeamId": "57ec08cc-0411-4643-b304-0e80dbc15ac7",
  "martyrdom": 0.5644141959201013,
  "moxie": 0.9229360351896568,
  "musclitude": 0.8010711025763109,
  "name": "Nagomi Mcdaniel",
  "omniscience": 0.5684941929782857,
  "overpowerment": 0.7033588196040186,
  "patheticism": 0.36757635798097493,
  "peanutAllergy": false,
  "permAttr": [
    "SIPHON",
    "FIRE_EATER",
    "FLINCH",
    "DOUBLE_PAYOUTS",
    "MARKED",
    "ATTRACTOR",
    "EGO4"
  ],
  "pitchingRating": 0.8620403773685528,
  "pressurization": 0.572681607691041,
  "ritual": "Cursing the sun",
  "ruthlessness": 0.6083536918079903,
  "seasAttr": [],
  "shakespearianism": 1.1455765830719284,
  "soul": 0,
  "state": {},
  "suppression": 0.5609732008998307,
  "tenaciousness": 0.6217267600409491,
  "thwackability": 0.576161827439252,
  "totalFingers": 15,
  "tournamentTeamId": "4e5d0063-73b4-440a-b2d1-214a7345cf16",
  "tragicness": 0.6925333594608549,
  "unthwackability": 0.9178364741359416,
  "watchfulness": 0.16523420129390928,
  "weekAttr": []
}