{
  "_id": "c0732e36-3731-4f1a-abdc-daa9563b6506",
  "anticapitalism": 0.4899020996826825,
  "baseThirst": 1.030648296993099,
  "bat": "",
  "buoyancy": 0.5961696379506769,
  "chasiness": 0.5619793719586337,
  "cinnamon": 0.6263053270205567,
  "coldness": 1.0182354539408671,
  "continuation": 0.993301841498254,
  "deceased": false,
  "divinity": 1.0574110983100398,
  "fate": 34,
  "groundFriction": 1.0162508249428368,
  "indulgence": 0.9651524357516896,
  "laserlikeness": 0.4164887816863203,
  "martyrdom": 0.7650926345792766,
  "moxie": 1.1799968085446797,
  "musclitude": 1.125663924495939,
  "name": "Nagomi Mcdaniel",
  "omniscience": 0.6925547462354027,
  "overpowerment": 0.8512059797939042,
  "patheticism": 0.06083462930013267,
  "peanutAllergy": false,
  "pressurization": 0.572681607691041,
  "ruthlessness": 0.6683244229066214,
  "shakespearianism": 1.044276127310948,
  "soul": 4,
  "suppression": 0.6303914938571418,
  "tenaciousness": 0.45020638571288,
  "thwackability": 0.9212287310043544,
  "totalFingers": 11,
  "tragicness": 0.01,
  "unthwackability": 0.9766848135958212,
  "watchfulness": 0.29637882128618426
}