{
  "anticapitalism": 0.9075719956611608,
  "armor": "",
  "baseThirst": 1.5033915653689651,
  "baserunningRating": 1.0929991793791238,
  "bat": "",
  "blood": 4,
  "buoyancy": 0.8781019882389651,
  "chasiness": 1.0118289031617456,
  "cinnamon": 0.6424403721600433,
  "coffee": 6,
  "coldness": 1.456695889291345,
  "continuation": 1.4466775659096267,
  "deceased": false,
  "defenseRating": 0.9538463938603932,
  "divinity": 1.345687262657651,
  "eDensity": 53.432379725108966,
  "evolution": 0,
  "fate": 34,
  "gameAttr": [],
  "groundFriction": 1.4755921373716443,
  "hitStreak": 0,
  "hittingRating": 1.2491096662332457,
  "id": "c0732e36-3731-4f1a-abdc-daa9563b6506",
  "indulgence": 1.4463857092984629,
  "laserlikeness": 0.8788217760169102,
  "leagueTeamId": "8d87c468-699a-47a8-b40d-cfb73a5660ad",
  "martyrdom": 1.060042309025866,
  "moxie": 1.479155263017404,
  "musclitude": 1.415884357184258,
  "name": "Nagomi Mcdaniel",
  "omniscience": 1.114222909686873,
  "overpowerment": 1.2679172863042854,
  "patheticism": 0.001,
  "peanutAllergy": true,
  "permAttr": [
    "SUPERALLERGIC",
    "SIPHON",
    "FIRE_EATER",
    "FLINCH",
    "DOUBLE_PAYOUTS",
    "EGO2"
  ],
  "pitchingRating": 1.3372418641142323,
  "pressurization": 0.572681607691041,
  "ritual": "Cursing the sun",
  "ruthlessness": 1.0871680792957843,
  "seasAttr": [],
  "shakespearianism": 1.4828205002154102,
  "soul": 4,
  "state": {},
  "suppression": 1.0787405746033738,
  "tenaciousness": 0.8752777596000562,
  "thwackability": 1.196403744172365,
  "totalFingers": 15,
  "tournamentTeamId": "4e5d0063-73b4-440a-b2d1-214a7345cf16",
  "tragicness": 0.07741839082911686,
  "unthwackability": 1.4127624288386278,
  "watchfulness": 0.7137733015856592,
  "weekAttr": []
}