{
  "anticapitalism": 0.8617520307728266,
  "baseThirst": 0.8357785994542926,
  "baserunningRating": 0.7396713251141782,
  "blood": 11,
  "buoyancy": 0.15319628341428593,
  "chasiness": 0.9200905540095984,
  "cinnamon": 0.6334486987908737,
  "coffee": 7,
  "coldness": 0.6278287934052436,
  "continuation": 0.9699518602381684,
  "deceased": false,
  "defenseRating": 0.5325324877926989,
  "divinity": 0.5342116088991029,
  "eDensity": 23.149298704419465,
  "evolution": 0,
  "fate": 88,
  "gameAttr": [],
  "groundFriction": 0.4217185272398044,
  "hitStreak": 0,
  "hittingRating": 0.6379420482614783,
  "id": "c07ab5a8-ece3-4c4d-b2d2-98e3a7cf864f",
  "indulgence": 0.4528626840753654,
  "itemAttr": [],
  "items": [],
  "laserlikeness": 0.7945320792484065,
  "leagueTeamId": "57ec08cc-0411-4643-b304-0e80dbc15ac7",
  "martyrdom": 0.27967881113408055,
  "moxie": 0.4759702210494135,
  "musclitude": 0.9036372138861064,
  "name": "Wichita Toaster",
  "omniscience": 0.17621480071219445,
  "overpowerment": 0.12025596196273346,
  "patheticism": 0.001,
  "peanutAllergy": false,
  "permAttr": [],
  "pitchingRating": 0.5397539537487113,
  "pressurization": 0.8047605601253895,
  "ritual": "Blowing bubbles",
  "ruthlessness": 0.8209541431904133,
  "seasAttr": [],
  "shakespearianism": 0.8591766691954483,
  "soul": 3,
  "state": {},
  "suppression": 0.1118585295930232,
  "tenaciousness": 0.4485587289940205,
  "thwackability": 0.6798279505268675,
  "totalFingers": 10,
  "tournamentTeamId": null,
  "tragicness": 0.4614323247183973,
  "unthwackability": 0.6795102368528714,
  "watchfulness": 0.3702753465410694,
  "weekAttr": []
}