{
  "anticapitalism": 0.45968194813560315,
  "armor": "",
  "baseThirst": 0.7364054583290269,
  "bat": "",
  "blood": 0,
  "buoyancy": 0.714221533406872,
  "chasiness": 0.7064677306501252,
  "cinnamon": 0.020498037865233965,
  "coffee": 0,
  "coldness": 0.5815699884848999,
  "continuation": 0.9710234395013636,
  "deceased": false,
  "divinity": 0.55123107867208,
  "fate": 48,
  "gameAttr": [],
  "groundFriction": 0.24150702087861187,
  "id": "c0998a08-de15-4187-b903-2e096ffa08e5",
  "indulgence": 0.7353524533245297,
  "laserlikeness": 0.2319486370303201,
  "martyrdom": 0.7689982056795108,
  "moxie": 0.49322781726300824,
  "musclitude": 0.48633045696085664,
  "name": "Cannonball Sports",
  "omniscience": 0.8036449138647679,
  "overpowerment": 0.952943241758068,
  "patheticism": 0.6967329102339161,
  "peanutAllergy": false,
  "permAttr": [],
  "pressurization": 0.6905209355522612,
  "ritual": "",
  "ruthlessness": 0.09810465482680186,
  "seasAttr": [],
  "shakespearianism": 0.17971749868587406,
  "soul": 3,
  "suppression": 0.08840614176616746,
  "tenaciousness": 0.7708212220789998,
  "thwackability": 0.6130159470369032,
  "totalFingers": 10,
  "tragicness": 0.3103535435774907,
  "unthwackability": 0.16479934126330287,
  "watchfulness": 0.1020466177444066,
  "weekAttr": []
}