{
  "anticapitalism": 0.46282026378978447,
  "armor": "",
  "baseThirst": 0.8283966268769732,
  "baserunningRating": 0.4957563677875119,
  "bat": "",
  "blood": 8,
  "buoyancy": 0.8178939841201571,
  "chasiness": 0.706108056151441,
  "cinnamon": 0.09515668342894525,
  "coffee": 5,
  "coldness": 0.6058399485241579,
  "continuation": 1.0937593553109226,
  "deceased": false,
  "defenseRating": 0.6551010963770307,
  "divinity": 0.6695892655477155,
  "fate": 48,
  "gameAttr": [],
  "groundFriction": 0.3639140091746254,
  "hitStreak": 0,
  "hittingRating": 0.6864503951683228,
  "id": "c0998a08-de15-4187-b903-2e096ffa08e5",
  "indulgence": 0.8343502080648206,
  "laserlikeness": 0.3181523616659125,
  "martyrdom": 0.8750668676180424,
  "moxie": 0.5932995002725356,
  "musclitude": 0.5901360289605615,
  "name": "Cannonball Sports",
  "omniscience": 0.8065702554910826,
  "overpowerment": 0.9605758668681936,
  "patheticism": 0.6053190167968729,
  "peanutAllergy": false,
  "permAttr": [],
  "pitchingRating": 0.13051994195600258,
  "pressurization": 0.6905209355522612,
  "ritual": "Destroying a pitching machine",
  "ruthlessness": 0.09608428335442444,
  "seasAttr": [],
  "shakespearianism": 0.1729930859059766,
  "soul": 3,
  "suppression": 0.10738412842012764,
  "tenaciousness": 0.7666121195576386,
  "thwackability": 0.7367578590071977,
  "totalFingers": 12,
  "tragicness": 0.1,
  "unthwackability": 0.16358697204223946,
  "watchfulness": 0.11651020453289068,
  "weekAttr": []
}