{
  "anticapitalism": 0.6925239150250833,
  "baseThirst": 1.198475922240846,
  "baserunningRating": 0.8491982244791922,
  "blood": 8,
  "buoyancy": 1.2132560593621555,
  "chasiness": 0.9805021064721432,
  "cinnamon": 0.4152997364423443,
  "coffee": 5,
  "coldness": 0.9091794705222987,
  "continuation": 1.453139974916034,
  "deceased": false,
  "defenseRating": 0.892878153105116,
  "divinity": 1.0825407880074334,
  "eDensity": 28.81481158687544,
  "evolution": 0,
  "fate": 48,
  "gameAttr": [],
  "groundFriction": 0.7270664327488361,
  "hitStreak": 0,
  "hittingRating": 1.090249241021162,
  "id": "c0998a08-de15-4187-b903-2e096ffa08e5",
  "indulgence": 1.1668962015373954,
  "itemAttr": [],
  "items": [
    {
      "baserunningRating": 0,
      "defenseRating": 0,
      "durability": 1,
      "forger": null,
      "forgerName": null,
      "health": 1,
      "hittingRating": 0,
      "id": "02d4a72a-c41a-42f1-a54f-e220b6358846",
      "name": "Ring",
      "pitchingRating": 0.05781584421184793,
      "postPrefix": null,
      "prePrefix": null,
      "prefixes": null,
      "root": {
        "adjustments": [
          {
            "stat": 19,
            "type": 1,
            "value": 0.12249490434327098
          }
        ],
        "name": "Ring"
      },
      "suffix": null
    }
  ],
  "laserlikeness": 0.6669749729567225,
  "leagueTeamId": "b72f3061-f573-40d7-832a-5ad475bd7909",
  "martyrdom": 1.3210181886805046,
  "moxie": 1.002781419878107,
  "musclitude": 0.995043828272223,
  "name": "Cannonball Sports",
  "omniscience": 1.065420910777234,
  "overpowerment": 1.2806355961266114,
  "patheticism": 0.1401929894774172,
  "peanutAllergy": false,
  "permAttr": [],
  "pitchingRating": 0.4269331795195924,
  "pressurization": 0.6905209355522612,
  "ritual": "Destroying a pitching machine",
  "ruthlessness": 0.32778750001474,
  "seasAttr": [],
  "shakespearianism": 0.4920577348097678,
  "soul": 3,
  "state": {},
  "suppression": 0.4416231286833216,
  "tenaciousness": 1.037764162248182,
  "thwackability": 1.1897365582642605,
  "totalFingers": 12,
  "tournamentTeamId": "e3f90fa1-0bbe-40df-88ce-578d0723a23b",
  "tragicness": 0.001,
  "unthwackability": 0.4782803525279418,
  "watchfulness": 0.3879706666282959,
  "weekAttr": []
}