{
  "anticapitalism": 0.5428202637897844,
  "armor": "",
  "baseThirst": 0.8083966268769732,
  "bat": "",
  "blood": 4,
  "buoyancy": 0.7978939841201571,
  "chasiness": 0.786108056151441,
  "cinnamon": 0.09515668342894525,
  "coffee": 5,
  "coldness": 0.5858399485241579,
  "continuation": 1.0737593553109226,
  "deceased": false,
  "divinity": 0.6495892655477155,
  "fate": 48,
  "gameAttr": [],
  "groundFriction": 0.3439140091746254,
  "hitStreak": 0,
  "id": "c0998a08-de15-4187-b903-2e096ffa08e5",
  "indulgence": 0.8143502080648206,
  "laserlikeness": 0.29815236166591247,
  "martyrdom": 0.8550668676180424,
  "moxie": 0.5732995002725356,
  "musclitude": 0.5701360289605615,
  "name": "Cannonball Sports",
  "omniscience": 0.8865702554910826,
  "overpowerment": 0.9405758668681936,
  "patheticism": 0.625319016796873,
  "peanutAllergy": false,
  "permAttr": [],
  "pressurization": 0.6905209355522612,
  "ritual": "Destroying a pitching machine",
  "ruthlessness": 0.07608428335442444,
  "seasAttr": [],
  "shakespearianism": 0.1529930859059766,
  "soul": 3,
  "suppression": 0.08738412842012765,
  "tenaciousness": 0.8466121195576386,
  "thwackability": 0.7167578590071977,
  "totalFingers": 11,
  "tragicness": 0.1,
  "unthwackability": 0.14358697204223947,
  "watchfulness": 0.1965102045328907,
  "weekAttr": []
}