{
  "anticapitalism": 0.8252746696230041,
  "baseThirst": 1.152929229548319,
  "baserunningRating": 0.9384047764763156,
  "blood": 5,
  "buoyancy": 0.9771184249232658,
  "chasiness": 1.0774712763654195,
  "cinnamon": 0.47861776910358705,
  "coffee": 1,
  "coldness": 0.7974383036539239,
  "continuation": 1.1018237359874472,
  "deceased": false,
  "defenseRating": 0.9444246982072124,
  "divinity": 1.1067987789670934,
  "eDensity": 28.189228294849467,
  "evolution": 0,
  "fate": 97,
  "gameAttr": [],
  "groundFriction": 0.6857214811020653,
  "hitStreak": 0,
  "hittingRating": 0.9285101409933668,
  "id": "c09e64b6-8248-407e-b3af-1931b880dbee",
  "indulgence": 0.7936510158706773,
  "itemAttr": [],
  "items": [
    {
      "baserunningRating": 0,
      "defenseRating": 0,
      "durability": 1,
      "forger": null,
      "forgerName": null,
      "health": 0,
      "hittingRating": 0.04801308715138597,
      "id": "d267588f-f2d2-4115-9e0f-0e5d3d74a326",
      "name": "Bat",
      "pitchingRating": 0,
      "postPrefix": null,
      "prePrefix": null,
      "prefixes": null,
      "root": {
        "adjustments": [
          {
            "stat": 2,
            "type": 1,
            "value": 0.1464857028679947
          }
        ],
        "name": "Bat"
      },
      "suffix": null
    }
  ],
  "laserlikeness": 0.948073479946203,
  "leagueTeamId": "3f8bbb15-61c0-4e3f-8e4a-907a5fb1565e",
  "martyrdom": 1.257666891111753,
  "moxie": 0.8008506911634837,
  "musclitude": 0.449457508332221,
  "name": "Lenny Spruce",
  "omniscience": 0.931089100812884,
  "overpowerment": 0.8676222006824816,
  "patheticism": 0.302169307873866,
  "peanutAllergy": false,
  "permAttr": [
    "ELSEWHERE"
  ],
  "pitchingRating": 0.3585501407301715,
  "pressurization": 0.8198831108644654,
  "ritual": "Jumping in mud",
  "ruthlessness": 0.3687524635988764,
  "seasAttr": [],
  "shakespearianism": 1.127826105360476,
  "soul": 3,
  "state": {},
  "suppression": 0.8674530854073607,
  "tenaciousness": 0.7914228137701792,
  "thwackability": 0.945429056857814,
  "totalFingers": 12,
  "tournamentTeamId": null,
  "tragicness": 0.001,
  "unthwackability": 0.29422486358937716,
  "watchfulness": 1.1691480979996354,
  "weekAttr": []
}