{
  "anticapitalism": 0.9023841287265816,
  "baseThirst": 1.214506068879866,
  "baserunningRating": 0.9879545877578828,
  "blood": 5,
  "buoyancy": 1.021650660592173,
  "chasiness": 1.1194693989100508,
  "cinnamon": 0.5391316821762385,
  "coffee": 1,
  "coldness": 0.8489505308866008,
  "continuation": 1.167660152901359,
  "deceased": false,
  "defenseRating": 0.9840149948006156,
  "divinity": 1.169343141394536,
  "eDensity": 29.678522278463227,
  "evolution": 0,
  "fate": 97,
  "gameAttr": [],
  "groundFriction": 0.7535631896212143,
  "hitStreak": 0,
  "hittingRating": 0.981983647827464,
  "id": "c09e64b6-8248-407e-b3af-1931b880dbee",
  "indulgence": 0.8367703988130273,
  "itemAttr": [],
  "items": [
    {
      "baserunningRating": 0,
      "defenseRating": 0,
      "durability": 1,
      "forger": null,
      "forgerName": null,
      "health": 0,
      "hittingRating": 0.04801308715138597,
      "id": "d267588f-f2d2-4115-9e0f-0e5d3d74a326",
      "name": "Bat",
      "pitchingRating": 0,
      "postPrefix": null,
      "prePrefix": null,
      "prefixes": null,
      "root": {
        "adjustments": [
          {
            "stat": 2,
            "type": 1,
            "value": 0.1464857028679947
          }
        ],
        "name": "Bat"
      },
      "suffix": null
    }
  ],
  "laserlikeness": 0.9981263892010795,
  "leagueTeamId": "3f8bbb15-61c0-4e3f-8e4a-907a5fb1565e",
  "martyrdom": 1.3010631597753803,
  "moxie": 0.8777583495350735,
  "musclitude": 0.5117114219521455,
  "name": "Lenny Spruce",
  "omniscience": 0.9983629660084472,
  "overpowerment": 0.9168757115211368,
  "patheticism": 0.23425213890348057,
  "peanutAllergy": false,
  "permAttr": [],
  "pitchingRating": 0.4286928093944984,
  "pressurization": 0.8198831108644654,
  "ritual": "Jumping in mud",
  "ruthlessness": 0.43637433725932384,
  "seasAttr": [],
  "shakespearianism": 1.180421554333378,
  "soul": 3,
  "state": {},
  "suppression": 0.9402967152050344,
  "tenaciousness": 0.8321694345469745,
  "thwackability": 0.9863355958345882,
  "totalFingers": 12,
  "tournamentTeamId": null,
  "tragicness": 0.001,
  "unthwackability": 0.35715797366831736,
  "watchfulness": 1.2207115224731389,
  "weekAttr": []
}