{
  "_id": "c182f33c-aea5-48a2-97ed-dc74fa29b3c0",
  "anticapitalism": 0.3415987193361116,
  "armor": "",
  "baseThirst": 0.8418162302341865,
  "bat": "",
  "blood": 8,
  "buoyancy": 0.7733430264555528,
  "chasiness": 0.401680729580661,
  "cinnamon": 0.21843119929458976,
  "coffee": 6,
  "coldness": 0.4750130168314039,
  "continuation": 0.9326394975654412,
  "deceased": false,
  "divinity": 0.8440844028676309,
  "fate": 93,
  "groundFriction": 0.38484467554422586,
  "indulgence": 0.5994302133046592,
  "laserlikeness": 0.6670543815645276,
  "martyrdom": 0.3236819679911904,
  "moxie": 0.617557071726089,
  "musclitude": 0.9573740601108968,
  "name": "Swamuel Mora",
  "omniscience": 0.2228739086278188,
  "overpowerment": 0.46102008658650767,
  "patheticism": 0.3103682261276024,
  "peanutAllergy": true,
  "pressurization": 0.7091781670118431,
  "ritual": "Eating",
  "ruthlessness": 0.531551969654135,
  "shakespearianism": 0.16650299721294964,
  "soul": 8,
  "suppression": 0.19888503316596343,
  "tenaciousness": 0.8491033575253254,
  "thwackability": 0.4169464999747872,
  "totalFingers": 11,
  "tragicness": 0.1,
  "unthwackability": 0.20921442527663564,
  "watchfulness": 0.6816744945512875
}