{
  "anticapitalism": 0.7245989188821153,
  "baseThirst": 1.1264177348597717,
  "baserunningRating": 0.9453130684822252,
  "blood": 8,
  "buoyancy": 1.0741754706181372,
  "chasiness": 0.8508254326209551,
  "cinnamon": 0.44676319326621783,
  "coffee": 6,
  "coldness": 0.6773828514640127,
  "continuation": 1.191138945347035,
  "deceased": false,
  "defenseRating": 0.8946300407073191,
  "divinity": 1.09537182239152,
  "eDensity": 38.00101125820237,
  "evolution": 0,
  "fate": 93,
  "gameAttr": [],
  "groundFriction": 0.6226410557692916,
  "hitStreak": 0,
  "hittingRating": 0.913197249603486,
  "id": "c182f33c-aea5-48a2-97ed-dc74fa29b3c0",
  "indulgence": 0.8010450026327978,
  "itemAttr": [],
  "items": [
    {
      "baserunningRating": 0,
      "defenseRating": 0,
      "durability": 1,
      "forger": null,
      "forgerName": null,
      "health": 1,
      "hittingRating": 0.055224130371614555,
      "id": "deee542a-e002-4245-8332-415aa1efd42e",
      "name": "Bat",
      "pitchingRating": 0,
      "postPrefix": null,
      "prePrefix": null,
      "prefixes": null,
      "root": {
        "adjustments": [
          {
            "stat": 2,
            "type": 1,
            "value": 0.12946963355379804
          }
        ],
        "name": "Bat"
      },
      "suffix": null
    }
  ],
  "laserlikeness": 0.9683670621449408,
  "leagueTeamId": "ca3f1c8c-c025-4d8e-8eef-5be6accbeb16",
  "martyrdom": 0.6186430027526612,
  "moxie": 0.8933376362016225,
  "musclitude": 1.3186323304455665,
  "name": "Swamuel Mora",
  "omniscience": 0.5987330401936041,
  "overpowerment": 0.5740329303700249,
  "patheticism": 0.093564474099049,
  "peanutAllergy": true,
  "permAttr": [],
  "pitchingRating": 0.38986124952159384,
  "pressurization": 0.7091781670118431,
  "ritual": "Eating",
  "ruthlessness": 0.6704917420009002,
  "seasAttr": [],
  "shakespearianism": 0.3243186874011442,
  "soul": 8,
  "state": {},
  "suppression": 0.3748183979076595,
  "tenaciousness": 1.202734574128,
  "thwackability": 0.708837281140754,
  "totalFingers": 12,
  "tournamentTeamId": null,
  "tragicness": 0.001,
  "unthwackability": 0.3157099339429298,
  "watchfulness": 1.0272841486532207,
  "weekAttr": []
}