{
  "anticapitalism": 0.4679636750774589,
  "armor": "",
  "baseThirst": 0.8418162302341865,
  "baserunningRating": 0.6884559245043969,
  "bat": "",
  "blood": 8,
  "buoyancy": 0.7733430264555528,
  "chasiness": 0.5280456853220081,
  "cinnamon": 0.21843119929458976,
  "coffee": 6,
  "coldness": 0.37501301683140387,
  "continuation": 0.9326394975654412,
  "deceased": false,
  "defenseRating": 0.6862759305692969,
  "divinity": 0.8440844028676309,
  "fate": 93,
  "gameAttr": [],
  "groundFriction": 0.38484467554422586,
  "hitStreak": 0,
  "hittingRating": 0.639470828854915,
  "id": "c182f33c-aea5-48a2-97ed-dc74fa29b3c0",
  "indulgence": 0.5994302133046592,
  "laserlikeness": 0.6670543815645276,
  "leagueTeamId": "ca3f1c8c-c025-4d8e-8eef-5be6accbeb16",
  "martyrdom": 0.3236819679911904,
  "moxie": 0.617557071726089,
  "musclitude": 0.9573740601108968,
  "name": "Swamuel Mora",
  "omniscience": 0.34923886436916607,
  "overpowerment": 0.3610200865865077,
  "patheticism": 0.3103682261276024,
  "peanutAllergy": true,
  "permAttr": [],
  "pitchingRating": 0.1508058639322148,
  "pressurization": 0.7091781670118431,
  "ritual": "Eating",
  "ruthlessness": 0.431551969654135,
  "seasAttr": [],
  "shakespearianism": 0.06650299721294964,
  "soul": 8,
  "suppression": 0.09888503316596343,
  "tenaciousness": 0.9754683132666728,
  "thwackability": 0.4169464999747872,
  "totalFingers": 12,
  "tournamentTeamId": null,
  "tragicness": 0.1,
  "unthwackability": 0.10921442527663563,
  "watchfulness": 0.8080394502926347,
  "weekAttr": []
}