{
  "anticapitalism": 0.5062765975646214,
  "armor": "",
  "baseThirst": 0.33948171248383674,
  "baserunningRating": 0.6237751895291397,
  "bat": "",
  "blood": 12,
  "buoyancy": 0.5367754340658032,
  "chasiness": 0.06301206750550045,
  "cinnamon": 0.5009155492409088,
  "coffee": 3,
  "coldness": 0.39612950240808087,
  "continuation": 0.31579247375979436,
  "deceased": false,
  "defenseRating": 0.44865253325527926,
  "divinity": 0.2765544464717232,
  "eDensity": 21.399172627545937,
  "evolution": 0,
  "fate": 73,
  "gameAttr": [],
  "groundFriction": 0.8227579908858038,
  "hitStreak": 0,
  "hittingRating": 0.4280930031944326,
  "id": "c18961e9-ef3f-4954-bd6b-9fe01c615186",
  "indulgence": 0.3476782867050088,
  "laserlikeness": 0.7811287564035923,
  "leagueTeamId": "747b8e4a-7e50-4638-a973-ea7950a3e739",
  "martyrdom": 0.04423245847258005,
  "moxie": 0.4515270426611625,
  "musclitude": 0.7284074667628283,
  "name": "Carmelo Plums",
  "omniscience": 0.16296317651747758,
  "overpowerment": 0.48656616795438445,
  "patheticism": 0.12443483186079696,
  "peanutAllergy": true,
  "permAttr": [
    "ELSEWHERE"
  ],
  "pitchingRating": 0.4136467922419963,
  "pressurization": 0.5254121069136266,
  "ritual": "Bagels",
  "ruthlessness": 0.24326743540937312,
  "seasAttr": [],
  "shakespearianism": 0.6428856349261729,
  "soul": 4,
  "state": {
    "elsewhere": {
      "day": 78,
      "season": 11
    }
  },
  "suppression": 0.7235822889506793,
  "tenaciousness": 0.6956761972274771,
  "thwackability": 0.4964743047664629,
  "totalFingers": 10,
  "tournamentTeamId": null,
  "tragicness": 0.1,
  "unthwackability": 0.7528890208737677,
  "watchfulness": 0.8059283058346632,
  "weekAttr": []
}