{
  "anticapitalism": 0.39450169854855327,
  "baseThirst": 0.27969109936358233,
  "baserunningRating": 0.5206542195342527,
  "blood": 12,
  "buoyancy": 0.407610956853374,
  "chasiness": 0.011,
  "cinnamon": 0.429741221905904,
  "coffee": 3,
  "coldness": 0.25427539390154125,
  "continuation": 0.25847643674815385,
  "deceased": false,
  "defenseRating": 0.2102468020731107,
  "divinity": 0.21500216190346633,
  "eDensity": 15.407502248326818,
  "evolution": 1,
  "fate": 73,
  "gameAttr": [],
  "groundFriction": 0.7543902337928543,
  "hitStreak": 0,
  "hittingRating": 0.288649086151637,
  "id": "c18961e9-ef3f-4954-bd6b-9fe01c615186",
  "indulgence": 0.1938659503862648,
  "items": [],
  "laserlikeness": 0.6733786533364888,
  "leagueTeamId": "105bc3ff-1320-4e37-8ef0-8d595cb95dd0",
  "martyrdom": 0.001,
  "moxie": 0.33529230498261875,
  "musclitude": 0.530410368474984,
  "name": "Carmelo Plums",
  "omniscience": 0.013712332493757464,
  "overpowerment": 0.39322453819703546,
  "patheticism": 0.24926554092693756,
  "peanutAllergy": true,
  "permAttr": [],
  "pitchingRating": 0.3243787848591164,
  "pressurization": 0.5254121069136266,
  "ritual": "Bagels",
  "ruthlessness": 0.1785787862761305,
  "seasAttr": [],
  "shakespearianism": 0.5754367549875005,
  "soul": 3,
  "state": {},
  "suppression": 0.5581964614150725,
  "tenaciousness": 0.5491098024646346,
  "thwackability": 0.3019263663693049,
  "totalFingers": 10,
  "tournamentTeamId": null,
  "tragicness": 0.2883201909929599,
  "unthwackability": 0.6606692169389491,
  "watchfulness": 0.6859798531711857,
  "weekAttr": []
}