{
  "anticapitalism": 0.4635303536600883,
  "baseThirst": 0.25111792493766316,
  "baserunningRating": 0.4738990907203329,
  "blood": 12,
  "buoyancy": 0.4248157910090884,
  "chasiness": 0.11923767108857956,
  "cinnamon": 0.3986577852200019,
  "coffee": 3,
  "coldness": 0.27969137275597966,
  "continuation": 0.18901822226962983,
  "deceased": false,
  "defenseRating": 0.4332662123978163,
  "divinity": 0.28463100514941453,
  "eDensity": 15.341924756738898,
  "evolution": 1,
  "fate": 73,
  "gameAttr": [],
  "groundFriction": 0.7095316520062295,
  "hitStreak": 0,
  "hittingRating": 0.34961965120837546,
  "id": "c18961e9-ef3f-4954-bd6b-9fe01c615186",
  "indulgence": 0.17829468813865312,
  "itemAttr": [],
  "items": [
    {
      "baserunningRating": 0,
      "defenseRating": -0.09373669520361122,
      "durability": 2,
      "forger": null,
      "forgerName": null,
      "health": 2,
      "hittingRating": 0.008219791059213777,
      "id": "d2efe4f0-b510-412e-b9c0-78f13cfb66ba",
      "name": "Hard Sunglasses",
      "pitchingRating": 0.09290347610214011,
      "postPrefix": null,
      "prePrefix": null,
      "prefixes": [
        {
          "adjustments": [
            {
              "stat": 19,
              "type": 1,
              "value": 0.1536755508703648
            },
            {
              "stat": 5,
              "type": 1,
              "value": 0.15699338750799635
            },
            {
              "stat": 21,
              "type": 1,
              "value": -0.1070189904574516
            }
          ],
          "name": "Hard"
        }
      ],
      "root": {
        "adjustments": [
          {
            "stat": 8,
            "type": 1,
            "value": 0.18268543607469276
          }
        ],
        "name": "Sunglasses"
      },
      "suffix": null
    },
    {
      "baserunningRating": 0,
      "defenseRating": 0,
      "durability": 1,
      "forger": null,
      "forgerName": null,
      "health": 0,
      "hittingRating": 0.038447505233901225,
      "id": "71de890f-cb03-40c2-8c5a-29e18d0dbffa",
      "name": "Bat",
      "pitchingRating": 0,
      "postPrefix": null,
      "prePrefix": null,
      "prefixes": null,
      "root": {
        "adjustments": [
          {
            "stat": 2,
            "type": 1,
            "value": 0.1158442704383897
          }
        ],
        "name": "Bat"
      },
      "suffix": null
    }
  ],
  "laserlikeness": 0.6247027783265481,
  "leagueTeamId": "eb67ae5e-c4bf-46ca-bbbc-425cd34182ff",
  "martyrdom": 0.1392524090474094,
  "moxie": 0.3209269739056197,
  "musclitude": 0.45296172317256617,
  "name": "Carmelo Plums",
  "omniscience": 0.15191595135810748,
  "overpowerment": 0.45571131003384735,
  "patheticism": 0.24664360770429825,
  "peanutAllergy": false,
  "permAttr": [],
  "pitchingRating": 0.363490010921889,
  "pressurization": 0.5254121069136266,
  "ritual": "Bagels",
  "ruthlessness": 0.2004859632506321,
  "seasAttr": [],
  "shakespearianism": 0.6309961998465443,
  "soul": 2,
  "state": {},
  "suppression": 0.5265088567317452,
  "tenaciousness": 0.5074777995266765,
  "thwackability": 0.3108967821672172,
  "totalFingers": 10,
  "tournamentTeamId": null,
  "tragicness": 0.32853622816462963,
  "unthwackability": 0.7069220682002112,
  "watchfulness": 0.709603437379432,
  "weekAttr": []
}