{
  "anticapitalism": 0.9662455421928744,
  "baseThirst": 1.2300591807226462,
  "baserunningRating": 1.146030264954932,
  "blood": 8,
  "buoyancy": 1.0505752260510557,
  "chasiness": 0.6193302412146401,
  "cinnamon": 1.1941952026484517,
  "coffee": 10,
  "coldness": 1.2777359406865922,
  "continuation": 1.0599153953623488,
  "deceased": false,
  "defenseRating": 0.7830044631206781,
  "divinity": 1.1734533164796916,
  "eDensity": 41.49402100738585,
  "evolution": 0,
  "fate": 36,
  "gameAttr": [],
  "groundFriction": 1.078839923794694,
  "hitStreak": 0,
  "hittingRating": 1.3003550311560803,
  "id": "c22e3af5-9001-465f-b450-864d7db2b4a0",
  "indulgence": 0.8985743110922206,
  "itemAttr": [],
  "items": [
    {
      "baserunningRating": 0,
      "defenseRating": 0,
      "durability": 1,
      "forger": null,
      "forgerName": null,
      "health": 0,
      "hittingRating": 0.03419334610675895,
      "id": "aa0f8bfc-ca43-472e-8cee-8e8546dea95d",
      "name": "Bat",
      "pitchingRating": 0,
      "postPrefix": null,
      "prePrefix": null,
      "prefixes": null,
      "root": {
        "adjustments": [
          {
            "stat": 2,
            "type": 1,
            "value": 0.14063385645713997
          }
        ],
        "name": "Bat"
      },
      "suffix": null
    }
  ],
  "laserlikeness": 1.2532869877420547,
  "leagueTeamId": "b63be8c2-576a-4d6e-8daf-814f8bcea96f",
  "martyrdom": 1.3290946104747647,
  "moxie": 1.5734358800184434,
  "musclitude": 0.8578054912419671,
  "name": "Logan Horseman",
  "omniscience": 0.6666808656299903,
  "overpowerment": 0.3145762826978174,
  "patheticism": 0.001,
  "peanutAllergy": false,
  "permAttr": [],
  "pitchingRating": 0.8423101540733113,
  "pressurization": 0.6007376760203784,
  "ritual": "Pondering",
  "ruthlessness": 1.0085526271503948,
  "seasAttr": [],
  "shakespearianism": 0.8904978985657148,
  "soul": 7,
  "state": {},
  "suppression": 1.0211925435779157,
  "tenaciousness": 0.48992263089074206,
  "thwackability": 1.665449553733779,
  "totalFingers": 13,
  "tournamentTeamId": "a3ea6358-ce03-4f23-85f9-deb38cb81b20",
  "tragicness": 0.001,
  "unthwackability": 1.0079031259299898,
  "watchfulness": 1.3568805019211174,
  "weekAttr": []
}