{
  "anticapitalism": 0.8771548854025026,
  "baseThirst": 1.1031027528070934,
  "baserunningRating": 1.023805154673065,
  "blood": 8,
  "buoyancy": 0.6459415605065706,
  "chasiness": 0.49830216588399506,
  "cinnamon": 1.01907988967786,
  "coffee": 10,
  "coldness": 1.1315220312005905,
  "continuation": 0.944169475743253,
  "deceased": false,
  "defenseRating": 0.7056342057112467,
  "divinity": 0.8131425561348377,
  "eDensity": 37.44592927526857,
  "evolution": 0,
  "fate": 36,
  "gameAttr": [],
  "groundFriction": 0.9514554430307308,
  "hitStreak": 0,
  "hittingRating": 0.9603948483623932,
  "id": "c22e3af5-9001-465f-b450-864d7db2b4a0",
  "indulgence": 0.7419327684875501,
  "itemAttr": [],
  "items": [
    {
      "baserunningRating": 0,
      "defenseRating": 0,
      "durability": 1,
      "forger": null,
      "forgerName": null,
      "health": 0,
      "hittingRating": 0.03419334610675895,
      "id": "aa0f8bfc-ca43-472e-8cee-8e8546dea95d",
      "name": "Bat",
      "pitchingRating": 0,
      "postPrefix": null,
      "prePrefix": null,
      "prefixes": null,
      "root": {
        "adjustments": [
          {
            "stat": 2,
            "type": 1,
            "value": 0.14063385645713997
          }
        ],
        "name": "Bat"
      },
      "suffix": null
    }
  ],
  "laserlikeness": 1.1146816126429315,
  "leagueTeamId": "b63be8c2-576a-4d6e-8daf-814f8bcea96f",
  "martyrdom": 0.956459591375036,
  "moxie": 1.234085789377656,
  "musclitude": 0.5458466779261905,
  "name": "Logan Horseman",
  "omniscience": 0.5804735544570754,
  "overpowerment": 0.20454117595032553,
  "patheticism": 0.3978786513890714,
  "peanutAllergy": false,
  "permAttr": [],
  "pitchingRating": 0.6595842591488044,
  "pressurization": 0.6007376760203784,
  "ritual": "Pondering",
  "ruthlessness": 0.8703872287122093,
  "seasAttr": [],
  "shakespearianism": 0.7656473392924403,
  "soul": 7,
  "state": {},
  "suppression": 0.8483659952017838,
  "tenaciousness": 0.40951973112608026,
  "thwackability": 1.2854311724924683,
  "totalFingers": 13,
  "tournamentTeamId": "a3ea6358-ce03-4f23-85f9-deb38cb81b20",
  "tragicness": 0.001,
  "unthwackability": 0.8204411349808121,
  "watchfulness": 1.2391179537114798,
  "weekAttr": []
}