{
  "anticapitalism": 0.6252588617327166,
  "armor": "",
  "baseThirst": 0.9238386744132892,
  "bat": "",
  "blood": 8,
  "buoyancy": 0.30118293278586766,
  "chasiness": 0.32294242346186874,
  "cinnamon": 0.6783474949676875,
  "coffee": 10,
  "coldness": 0.923402650868816,
  "continuation": 0.705517967800871,
  "deceased": false,
  "divinity": 0.506473041961152,
  "fate": 36,
  "gameAttr": [],
  "groundFriction": 0.6594154179665093,
  "hitStreak": 0,
  "id": "c22e3af5-9001-465f-b450-864d7db2b4a0",
  "indulgence": 0.4053472687346318,
  "laserlikeness": 0.826852349434134,
  "martyrdom": 0.7354511576109771,
  "moxie": 0.8319299843508553,
  "musclitude": 0.12079372306115038,
  "name": "Logan Horseman",
  "omniscience": 0.2206163128607401,
  "overpowerment": 0.13,
  "patheticism": 0.7188915144296347,
  "peanutAllergy": false,
  "permAttr": [],
  "pressurization": 0.6007376760203784,
  "ritual": "Pondering",
  "ruthlessness": 0.7022777803302774,
  "seasAttr": [],
  "shakespearianism": 0.6278900944502895,
  "soul": 8,
  "suppression": 0.7215363769842059,
  "tenaciousness": 0.16560398075519697,
  "thwackability": 0.99515495701112,
  "totalFingers": 13,
  "tragicness": 0.08,
  "unthwackability": 0.5424278826832389,
  "watchfulness": 0.9412169636904166,
  "weekAttr": []
}