{
  "anticapitalism": 0.5765858115945791,
  "baseThirst": 0.9257740393049434,
  "baserunningRating": 0.3832065961576474,
  "blood": 9,
  "buoyancy": 0.5988796228820037,
  "chasiness": 0.8727692019786955,
  "cinnamon": 0.06694285843683953,
  "coffee": 4,
  "coldness": 0.6946187811446128,
  "continuation": 0.4223299403502371,
  "deceased": false,
  "defenseRating": 0.8587719487061791,
  "divinity": 0.31330691089683926,
  "eDensity": 23.59690982902131,
  "evolution": 0,
  "fate": 46,
  "gameAttr": [],
  "groundFriction": 0.7140657926807107,
  "hitStreak": 0,
  "hittingRating": 0.45342547423963986,
  "id": "c31d874c-1b4d-40f2-a1b3-42542e934047",
  "indulgence": 0.4728423889642236,
  "itemAttr": [],
  "items": [
    {
      "baserunningRating": 0,
      "defenseRating": 0,
      "durability": 1,
      "forger": null,
      "forgerName": null,
      "health": 0,
      "hittingRating": 0.029772856703613015,
      "id": "05e10b96-9735-47e3-b53b-0faa3ba85292",
      "name": "Bat",
      "pitchingRating": 0,
      "postPrefix": null,
      "prePrefix": null,
      "prefixes": null,
      "root": {
        "adjustments": [
          {
            "stat": 2,
            "type": 1,
            "value": 0.10304458338276948
          }
        ],
        "name": "Bat"
      },
      "suffix": null
    }
  ],
  "laserlikeness": 0.2201626539927513,
  "leagueTeamId": "eb67ae5e-c4bf-46ca-bbbc-425cd34182ff",
  "martyrdom": 0.3619221812000139,
  "moxie": 0.4087455300772449,
  "musclitude": 0.43633430549003727,
  "name": "Cedric Spliff",
  "omniscience": 1.4345994794137475,
  "overpowerment": 0.9281631317756648,
  "patheticism": 0.06653481045852369,
  "peanutAllergy": false,
  "permAttr": [],
  "pitchingRating": 0.24701167075672095,
  "pressurization": 0.6822997757659564,
  "ritual": "Intermittent fasting",
  "ruthlessness": 0.37539795017414823,
  "seasAttr": [],
  "shakespearianism": 0.17377788114616094,
  "soul": 5,
  "state": {},
  "suppression": 0.5980769559001694,
  "tenaciousness": 0.4206426007639614,
  "thwackability": 0.5171396465964272,
  "totalFingers": 10,
  "tournamentTeamId": "4d921519-410b-41e2-882e-9726a4e54a6a",
  "tragicness": 0.08144657067663233,
  "unthwackability": 0.1974548971283458,
  "watchfulness": 1.1904942184862586,
  "weekAttr": []
}