{
  "anticapitalism": 0.1709655420282874,
  "armor": "",
  "baseThirst": 0.9855642919774088,
  "bat": "",
  "blood": 9,
  "buoyancy": 0.5186957530691713,
  "chasiness": 0.4818462820427876,
  "cinnamon": 0.20684478575707588,
  "coffee": 4,
  "coldness": 0.7466855529568399,
  "continuation": 0.4822303885837359,
  "deceased": false,
  "divinity": 0.11540348921955956,
  "fate": 84,
  "gameAttr": [],
  "groundFriction": 0.7858917950544032,
  "id": "c31d874c-1b4d-40f2-a1b3-42542e934047",
  "indulgence": 0.4776965956196632,
  "laserlikeness": 0.26820653790872584,
  "martyrdom": 0.29183060060062516,
  "moxie": 0.2209472566002596,
  "musclitude": 0.3402440197784463,
  "name": "Cedric Spliff",
  "omniscience": 0.995312869672346,
  "overpowerment": 0.995164755107433,
  "patheticism": 0.13382067578080703,
  "peanutAllergy": true,
  "permAttr": [],
  "pressurization": 0.6122997757659563,
  "ritual": "Intermittent fasting",
  "ruthlessness": 0.5011611886619642,
  "seasAttr": [],
  "shakespearianism": 0.18359508492090135,
  "soul": 6,
  "suppression": 0.6221848651580406,
  "tenaciousness": 0.004693329194886076,
  "thwackability": 0.3840630007443123,
  "totalFingers": 10,
  "tragicness": 0.1,
  "unthwackability": 0.2785201030980624,
  "watchfulness": 0.7620697305105215,
  "weekAttr": []
}