{
  "anticapitalism": 0.3326921178204845,
  "armor": "",
  "baseThirst": 0.3509484204292336,
  "bat": "",
  "blood": 6,
  "buoyancy": 0.3932959491778848,
  "chasiness": 0.677928931394391,
  "cinnamon": 0.7493980030704963,
  "coffee": 13,
  "coldness": 0.25339296643058207,
  "continuation": 0.1723876520431946,
  "deceased": false,
  "divinity": 0.7500653800998109,
  "fate": 74,
  "gameAttr": [],
  "groundFriction": 0.08758296194274864,
  "hitStreak": 0,
  "id": "c4dec95e-78a1-4840-b209-b3b597181534",
  "indulgence": 0.14803959572036873,
  "laserlikeness": 0.44238764182412255,
  "martyrdom": 0.7243672971931377,
  "moxie": 0.0551522397659839,
  "musclitude": 0.05968607850024302,
  "name": "Charlatan Seabright",
  "omniscience": 0.06593147017621877,
  "overpowerment": 0.4308550947809177,
  "patheticism": 0.8439781833048409,
  "peanutAllergy": true,
  "permAttr": [
    "SPICY",
    "HEATING_UP"
  ],
  "pressurization": 0.037726958854510606,
  "ritual": "Bottling up emotions",
  "ruthlessness": 0.4310330835606102,
  "seasAttr": [],
  "shakespearianism": 0.6538414591384609,
  "soul": 8,
  "suppression": 0.4821995451072817,
  "tenaciousness": 0.42702916817785885,
  "thwackability": 0.05409470993509967,
  "totalFingers": 11,
  "tragicness": 0.1,
  "unthwackability": 0.08205145020465164,
  "watchfulness": 0.07118248277046758,
  "weekAttr": []
}