{
  "anticapitalism": 0.35579929069444227,
  "armor": "",
  "baseThirst": 0.41811924186048777,
  "baserunningRating": 0.3668339175867957,
  "bat": "",
  "blood": 6,
  "buoyancy": 0.22182172959925703,
  "chasiness": 0.5847829198379533,
  "cinnamon": 0.23710397827323892,
  "coffee": 5,
  "coldness": 0.04097450949960524,
  "continuation": 0.6327153403883086,
  "deceased": false,
  "defenseRating": 0.7024432158733905,
  "divinity": 0.3470365757463991,
  "eDensity": 22.498748668911222,
  "evolution": 0,
  "fate": 86,
  "gameAttr": [],
  "groundFriction": 0.10298541078166656,
  "hitStreak": 0,
  "hittingRating": 0.3643076606995048,
  "id": "c549f280-82ba-4d8e-a4ce-c49e56461fb6",
  "indulgence": 0.6595128865181599,
  "laserlikeness": 0.3006335642256204,
  "leagueTeamId": "c73b705c-40ad-4633-a6ed-d357ee2e2bcf",
  "martyrdom": 0.0031875418436966285,
  "moxie": 0.83496252373416,
  "musclitude": 0.5344748523864922,
  "name": "Val Hitherto",
  "omniscience": 0.6043217507743368,
  "overpowerment": 0.5169413211524534,
  "patheticism": 0.22289549235573536,
  "peanutAllergy": false,
  "permAttr": [],
  "pitchingRating": 0.35195072997048393,
  "pressurization": 0.9890302659779148,
  "ritual": "Cup of tea",
  "ruthlessness": 0.35561881453503896,
  "seasAttr": [],
  "shakespearianism": 0.16853566372094742,
  "soul": 5,
  "state": {},
  "suppression": 0.5285967711551909,
  "tenaciousness": 0.9958977704767378,
  "thwackability": 0.2762974058800345,
  "totalFingers": 10,
  "tournamentTeamId": null,
  "tragicness": 0.1,
  "unthwackability": 0.578335073068355,
  "watchfulness": 0.3881025497055788,
  "weekAttr": []
}