{
  "anticapitalism": 0.48739106167840074,
  "armor": "",
  "baseThirst": 0.5198710457322578,
  "baserunningRating": 0.5094184597254051,
  "bat": "",
  "blood": 6,
  "buoyancy": 0.3610666335264696,
  "chasiness": 0.6852999374255964,
  "cinnamon": 0.3771900935899633,
  "coffee": 5,
  "coldness": 0.15306639435149028,
  "continuation": 0.7263273456414469,
  "deceased": false,
  "defenseRating": 0.8044411458095523,
  "divinity": 0.47228476806325653,
  "eDensity": 24.52026475981665,
  "evolution": 0,
  "fate": 86,
  "gameAttr": [],
  "groundFriction": 0.2266182599238983,
  "hitStreak": 0,
  "hittingRating": 0.5138054470813109,
  "id": "c549f280-82ba-4d8e-a4ce-c49e56461fb6",
  "indulgence": 0.790621501889382,
  "laserlikeness": 0.4447244916141149,
  "leagueTeamId": "c73b705c-40ad-4633-a6ed-d357ee2e2bcf",
  "martyrdom": 0.11472829549230736,
  "moxie": 0.9566279188910994,
  "musclitude": 0.663772506430475,
  "name": "Val Hitherto",
  "omniscience": 0.7331230471882432,
  "overpowerment": 0.6303058132938532,
  "patheticism": 0.12137429092565086,
  "peanutAllergy": false,
  "permAttr": [],
  "pitchingRating": 0.48863926369086286,
  "pressurization": 0.9890302659779148,
  "ritual": "Cup of tea",
  "ruthlessness": 0.4957436612090408,
  "seasAttr": [],
  "shakespearianism": 0.27641037429755777,
  "soul": 5,
  "state": {},
  "suppression": 0.6377607345250234,
  "tenaciousness": 1.1308503544254511,
  "thwackability": 0.4013704569526738,
  "totalFingers": 10,
  "tournamentTeamId": null,
  "tragicness": 0.001,
  "unthwackability": 0.6828899665620042,
  "watchfulness": 0.4943340028361614,
  "weekAttr": []
}