{
  "anticapitalism": 0.24603026217626703,
  "baseThirst": 0.6711061836762937,
  "baserunningRating": 1.06606244308508,
  "blood": 12,
  "buoyancy": 1.1684693715001735,
  "chasiness": 0.15904364002847124,
  "cinnamon": 1.0127053191088395,
  "coffee": 9,
  "coldness": 0.4885685735201899,
  "continuation": 1.352816955186598,
  "deceased": false,
  "defenseRating": 0.5033188323732921,
  "divinity": 1.3006518469747248,
  "eDensity": 37.24697940891092,
  "evolution": 0,
  "fate": 40,
  "gameAttr": [],
  "groundFriction": 1.4133740030763011,
  "hitStreak": 0,
  "hittingRating": 1.2356334773185322,
  "id": "c675fcdf-6117-49a6-ac32-99a89a3a88aa",
  "indulgence": 1.215958398614572,
  "items": [],
  "laserlikeness": 1.0397383633044897,
  "leagueTeamId": "979aee4a-6d80-4863-bf1c-ee1a78e06024",
  "martyrdom": 1.6011085511258365,
  "moxie": 1.38641048178212,
  "musclitude": 1.758511938549593,
  "name": "Valentine Games",
  "omniscience": 1.0161256230170197,
  "overpowerment": 1.2161606085075116,
  "patheticism": 0.001,
  "peanutAllergy": false,
  "permAttr": [
    "EGO1"
  ],
  "pitchingRating": 0.9470245617404196,
  "pressurization": 0.3384408801738285,
  "ritual": "Blacking out",
  "ruthlessness": 1.031790242310779,
  "seasAttr": [],
  "shakespearianism": 0.6765435390791124,
  "soul": 3,
  "state": {},
  "suppression": 1.0219782790181358,
  "tenaciousness": 0.435856120695417,
  "thwackability": 1.131977016163359,
  "totalFingers": 14,
  "tournamentTeamId": "49181b72-7f1c-4f1c-929f-928d763ad7fb",
  "tragicness": 0.001,
  "unthwackability": 0.9243717114305218,
  "watchfulness": 0.13593956132212215,
  "weekAttr": []
}