{
  "_id": "c675fcdf-6117-49a6-ac32-99a89a3a88aa",
  "anticapitalism": 0.1785231632528012,
  "baseThirst": 0.15740097371606304,
  "bat": "",
  "buoyancy": 0.33778736525506375,
  "chasiness": 0.10028023392133084,
  "cinnamon": 0.8055539684951079,
  "coldness": 0.03065049353221472,
  "continuation": 0.8471194348883537,
  "deceased": false,
  "divinity": 0.5022325717663405,
  "fate": 86,
  "groundFriction": 0.9059012982841372,
  "indulgence": 0.7160692447100949,
  "laserlikeness": 0.5685196336079874,
  "martyrdom": 0.806024467312602,
  "moxie": 0.5703972967919861,
  "musclitude": 0.9279858658786752,
  "name": "Valentine Games",
  "omniscience": 0.9762530636093528,
  "overpowerment": 0.7361218684048398,
  "patheticism": 0.7277322913462894,
  "peanutAllergy": false,
  "pressurization": 0.2684408801738285,
  "ruthlessness": 0.5682685574586215,
  "shakespearianism": 0.2475712344483287,
  "soul": 2,
  "suppression": 0.5568585664806911,
  "tenaciousness": 0.33780869459779733,
  "thwackability": 0.3251988441618789,
  "totalFingers": 10,
  "tragicness": 0.1,
  "unthwackability": 0.44139656474289657,
  "watchfulness": 0.074515719447306
}