{
  "anticapitalism": 0.27852316325280124,
  "armor": "",
  "baseThirst": 0.35740097371606305,
  "bat": "",
  "blood": 12,
  "buoyancy": 0.6877873652550637,
  "chasiness": 0.20028023392133085,
  "cinnamon": 0.8055539684951079,
  "coffee": 9,
  "coldness": 0.2806504935322147,
  "continuation": 1.0471194348883537,
  "deceased": false,
  "divinity": 0.8522325717663404,
  "fate": 58,
  "gameAttr": [],
  "groundFriction": 1.1059012982841372,
  "id": "c675fcdf-6117-49a6-ac32-99a89a3a88aa",
  "indulgence": 0.9160692447100948,
  "laserlikeness": 0.7685196336079874,
  "martyrdom": 1.156024467312602,
  "moxie": 0.920397296791986,
  "musclitude": 1.2779858658786754,
  "name": "Valentine Games",
  "omniscience": 1.0762530636093528,
  "overpowerment": 0.9861218684048396,
  "patheticism": 0.3777322913462894,
  "peanutAllergy": false,
  "permAttr": [],
  "pressurization": 0.3384408801738285,
  "ritual": "Blacking out",
  "ruthlessness": 0.8182685574586214,
  "seasAttr": [],
  "shakespearianism": 0.49757123444832874,
  "soul": 2,
  "suppression": 0.806858566480691,
  "tenaciousness": 0.43780869459779737,
  "thwackability": 0.6751988441618788,
  "totalFingers": 13,
  "tragicness": 0.1,
  "unthwackability": 0.6913965647428965,
  "watchfulness": 0.174515719447306,
  "weekAttr": []
}