{
  "anticapitalism": 0.5213194315256015,
  "baseThirst": 0.5394020681480318,
  "baserunningRating": 0.491703353701724,
  "blood": 7,
  "buoyancy": 0.12919689538414728,
  "chasiness": 0.429890585635741,
  "cinnamon": 0.23839952192257563,
  "coffee": 9,
  "coldness": 0.6287676460249405,
  "continuation": 0.8099183326018289,
  "deceased": false,
  "defenseRating": 0.7276662503220103,
  "divinity": 1.0950436284059455,
  "eDensity": 19.142839771971317,
  "evolution": 1,
  "fate": 89,
  "gameAttr": [],
  "groundFriction": 0.1411101977474547,
  "hitStreak": 0,
  "hittingRating": 0.6786760396724256,
  "id": "c6a19154-7438-4c4f-b786-2dfaf5951f0f",
  "indulgence": 0.2720137456995406,
  "itemAttr": [],
  "items": [
    {
      "baserunningRating": 0,
      "defenseRating": 0,
      "durability": 1,
      "forger": null,
      "forgerName": null,
      "health": 0,
      "hittingRating": 0.04892718208089475,
      "id": "c102aff6-5fb6-40cf-babd-0a2e4d572379",
      "name": "Bat",
      "pitchingRating": 0,
      "postPrefix": null,
      "prePrefix": null,
      "prefixes": null,
      "root": {
        "adjustments": [
          {
            "stat": 2,
            "type": 1,
            "value": 0.101725498965764
          }
        ],
        "name": "Bat"
      },
      "suffix": null
    }
  ],
  "laserlikeness": 0.5476533180853311,
  "leagueTeamId": "8d87c468-699a-47a8-b40d-cfb73a5660ad",
  "martyrdom": 0.6096626321564692,
  "moxie": 0.42437096351387826,
  "musclitude": 0.3674120561125577,
  "name": "Silvaire Roadhouse",
  "omniscience": 0.6800853353132367,
  "overpowerment": 0.9659426524569464,
  "patheticism": 0.001,
  "peanutAllergy": false,
  "permAttr": [
    "FLINCH",
    "COFFEE_RALLY"
  ],
  "pitchingRating": 0.2652171808711711,
  "pressurization": 0.39393407677432024,
  "ritual": "Astrology",
  "ruthlessness": 0.885071004353041,
  "seasAttr": [],
  "shakespearianism": 0.9630311229273228,
  "soul": 2,
  "state": {},
  "suppression": 0.9784594685866724,
  "tenaciousness": 0.6818911418256554,
  "thwackability": 0.4622848106557965,
  "totalFingers": 10,
  "tournamentTeamId": null,
  "tragicness": 0.001,
  "unthwackability": 0.0808132999905844,
  "watchfulness": 0.8635819563442292,
  "weekAttr": []
}