{
  "anticapitalism": 0.6287325939235094,
  "baseThirst": 0.6962914826695862,
  "baserunningRating": 0.6293301239773337,
  "blood": 7,
  "buoyancy": 0.24485356933842825,
  "chasiness": 0.5506074676839213,
  "cinnamon": 0.3631211912747803,
  "coffee": 9,
  "coldness": 0.7332817134325955,
  "continuation": 0.9357831408821912,
  "deceased": false,
  "defenseRating": 0.8282697941970167,
  "divinity": 1.2163841022047952,
  "eDensity": 22.90593213061364,
  "evolution": 1,
  "fate": 89,
  "gameAttr": [],
  "groundFriction": 0.27627623174685323,
  "hitStreak": 0,
  "hittingRating": 0.7905826095266791,
  "id": "c6a19154-7438-4c4f-b786-2dfaf5951f0f",
  "indulgence": 0.40032528114822696,
  "itemAttr": [],
  "items": [
    {
      "baserunningRating": 0,
      "defenseRating": 0,
      "durability": 1,
      "forger": null,
      "forgerName": null,
      "health": 0,
      "hittingRating": 0.04892718208089475,
      "id": "c102aff6-5fb6-40cf-babd-0a2e4d572379",
      "name": "Bat",
      "pitchingRating": 0,
      "postPrefix": null,
      "prePrefix": null,
      "prefixes": null,
      "root": {
        "adjustments": [
          {
            "stat": 2,
            "type": 1,
            "value": 0.101725498965764
          }
        ],
        "name": "Bat"
      },
      "suffix": null
    }
  ],
  "laserlikeness": 0.6702124218828129,
  "leagueTeamId": "8d87c468-699a-47a8-b40d-cfb73a5660ad",
  "martyrdom": 0.7570748910138194,
  "moxie": 0.547489987924815,
  "musclitude": 0.502341809957251,
  "name": "Silvaire Roadhouse",
  "omniscience": 0.8009613520224752,
  "overpowerment": 1.0988879114820354,
  "patheticism": 0.001,
  "peanutAllergy": false,
  "permAttr": [
    "FLINCH"
  ],
  "pitchingRating": 0.45266491952949034,
  "pressurization": 0.39393407677432024,
  "ritual": "Astrology",
  "ruthlessness": 1.0233035590285957,
  "seasAttr": [],
  "shakespearianism": 1.0891158251025026,
  "soul": 2,
  "state": {},
  "suppression": 1.0742573044636736,
  "tenaciousness": 0.832762998373599,
  "thwackability": 0.5629433044028376,
  "totalFingers": 10,
  "tournamentTeamId": null,
  "tragicness": 0.001,
  "unthwackability": 0.19524760490910137,
  "watchfulness": 0.9866070189049494,
  "weekAttr": []
}