{
  "anticapitalism": 0.7320943079772675,
  "armor": "",
  "baseThirst": 0.9657128295382946,
  "bat": "",
  "blood": 10,
  "buoyancy": 0.22085296997917656,
  "chasiness": 0.8579579857910911,
  "cinnamon": 0.8194558017398039,
  "coffee": 3,
  "coldness": 0.401081354385475,
  "continuation": 0.06840138322861922,
  "deceased": false,
  "divinity": 0.3993215824401763,
  "fate": 92,
  "gameAttr": [],
  "groundFriction": 0.8413527840736199,
  "id": "c6a277c3-d2b5-4363-839b-950896a5ec5e",
  "indulgence": 0.2912036834388074,
  "laserlikeness": 0.14390801424159916,
  "martyrdom": 0.8850112825724012,
  "moxie": 0.7872867367230063,
  "musclitude": 0.33014404550779286,
  "name": "Mike Townsend",
  "omniscience": 0.10197405458585672,
  "overpowerment": 0.5807660680309168,
  "patheticism": 0.5689941211969762,
  "peanutAllergy": true,
  "permAttr": [],
  "pressurization": 0.8484989078690646,
  "ritual": "Baking",
  "ruthlessness": 0.3479105315496283,
  "seasAttr": [],
  "shakespearianism": 0.7351557333788714,
  "soul": 7,
  "suppression": 0.7068834767511574,
  "tenaciousness": 0.7877122118953845,
  "thwackability": 0.5904418100424451,
  "totalFingers": 12,
  "tragicness": 0.1,
  "unthwackability": 0.304684958205868,
  "watchfulness": 0.3510981250374361,
  "weekAttr": []
}