{
  "anticapitalism": 0.4502444832812801,
  "baseThirst": 0.9132545298440023,
  "baserunningRating": 0.5475836015346701,
  "blood": 2,
  "buoyancy": 1.0959752604195856,
  "chasiness": 1.1456364302378537,
  "cinnamon": 1.1136317464927852,
  "coffee": 12,
  "coldness": 0.80835139180201,
  "continuation": 0.9293115300584311,
  "deceased": false,
  "defenseRating": 0.933446358412682,
  "divinity": 1.1509091627539387,
  "eDensity": 30.738460279675117,
  "evolution": 0,
  "fate": 64,
  "gameAttr": [],
  "groundFriction": 0.7600899196369936,
  "hitStreak": 0,
  "hittingRating": 0.713297273410926,
  "id": "c6e2e389-ed04-4626-a5ba-fe398fe89568",
  "indulgence": 0.7027258701896817,
  "itemAttr": [],
  "items": [
    {
      "baserunningRating": 0,
      "defenseRating": 0,
      "durability": 1,
      "forger": null,
      "forgerName": null,
      "health": 1,
      "hittingRating": 0,
      "id": "44255b4b-4dd9-4aef-960e-fb8f41c61625",
      "name": "Ring",
      "pitchingRating": 0.04210464817588522,
      "postPrefix": null,
      "prePrefix": null,
      "prefixes": null,
      "root": {
        "adjustments": [
          {
            "stat": 19,
            "type": 1,
            "value": 0.16709662767711697
          }
        ],
        "name": "Ring"
      },
      "suffix": null
    }
  ],
  "laserlikeness": 0.35125300844966195,
  "leagueTeamId": "23e4cbc1-e9cd-47fa-a35b-bfa06f726cb7",
  "martyrdom": 0.8772132225783752,
  "moxie": 1.0456847551967332,
  "musclitude": 0.5965766234875829,
  "name": "Henry Marshallow",
  "omniscience": 0.866120429352816,
  "overpowerment": 1.428524237499348,
  "patheticism": 0.42972516452209675,
  "peanutAllergy": false,
  "permAttr": [
    "MAXIMALIST"
  ],
  "pitchingRating": 0.7683099494524527,
  "pressurization": 0.7109746789920819,
  "ritual": "Hyperbolic time chamber",
  "ruthlessness": 1.171077439954874,
  "seasAttr": [],
  "shakespearianism": 0.822605306165232,
  "soul": 5,
  "state": {},
  "suppression": 0.8761064538397711,
  "tenaciousness": 1.3052552376952629,
  "thwackability": 0.3997190675299633,
  "totalFingers": 11,
  "tournamentTeamId": "9a5ab308-41f2-4889-a3c3-733b9aab806e",
  "tragicness": 0.001,
  "unthwackability": 0.49126952908268695,
  "watchfulness": 0.761817575396375,
  "weekAttr": []
}