{
  "anticapitalism": 0.16,
  "armor": "",
  "baseThirst": 0.37835501673025945,
  "bat": "",
  "blood": 4,
  "buoyancy": 0.5062497836410118,
  "chasiness": 0.16,
  "cinnamon": 0.8084061198168153,
  "coffee": 9,
  "coldness": 0.01,
  "continuation": 0.6104949365114587,
  "deceased": false,
  "divinity": 0.5144069003172438,
  "fate": 81,
  "groundFriction": 0.01,
  "id": "c73d59dd-32a0-49ce-8ab4-b2dbb7dc94ec",
  "indulgence": 0.720756888829527,
  "laserlikeness": 0.6754463627492489,
  "martyrdom": 0.037424429060226805,
  "moxie": 0.5586108960855785,
  "musclitude": 0.5421457916875414,
  "name": "Eduardo Ingram",
  "omniscience": 0.2265884784555488,
  "overpowerment": 0.11005128320284058,
  "patheticism": 0.36791340603244693,
  "peanutAllergy": true,
  "pressurization": 0.9299690616857164,
  "ritual": "Bubble bath",
  "ruthlessness": 0.15602285762004636,
  "shakespearianism": 0.12640400842397098,
  "soul": 4,
  "suppression": 0.01,
  "tenaciousness": 0.30680738405316,
  "thwackability": 0.8531587665173628,
  "totalFingers": 11,
  "tragicness": 0.1,
  "unthwackability": 0.5756579643400941,
  "watchfulness": 0.16
}