{
  "anticapitalism": 0.4170668965916473,
  "armor": "",
  "baseThirst": 0.2516206991473268,
  "bat": "",
  "blood": 8,
  "buoyancy": 0.3924372952119621,
  "chasiness": 0.01,
  "cinnamon": 0.2531897364862261,
  "coffee": 12,
  "coldness": 0.6679667436850683,
  "continuation": 0.2508289925332951,
  "deceased": false,
  "divinity": 0.5575834702329303,
  "fate": 30,
  "groundFriction": 0.7392161003613513,
  "id": "c755efce-d04d-4e00-b5c1-d801070d3808",
  "indulgence": 0.11515941942046898,
  "laserlikeness": 0.01,
  "martyrdom": 0.03607732339643682,
  "moxie": 0.01,
  "musclitude": 0.0928423433067,
  "name": "Basilio Fig",
  "omniscience": 0.6812472939716809,
  "overpowerment": 0.09889568956131772,
  "patheticism": 0.99,
  "peanutAllergy": true,
  "pressurization": 0.130306564204822,
  "ritual": "Slaps",
  "ruthlessness": 0.5059403835150349,
  "shakespearianism": 0.34557743868569907,
  "soul": 6,
  "suppression": 0.09827954828273494,
  "tenaciousness": 0.2011318923754792,
  "thwackability": 0.01,
  "totalFingers": 11,
  "tragicness": 0.1,
  "unthwackability": 0.1417566495695905,
  "watchfulness": 0.5087393041116153
}