{
  "anticapitalism": 0.5351777418929591,
  "baseThirst": 0.8406476847967972,
  "baserunningRating": 0.7143788788148064,
  "blood": 3,
  "buoyancy": 0.8584000989910588,
  "chasiness": 0.1958296828853719,
  "cinnamon": 0.5281584438684465,
  "coffee": 12,
  "coldness": 0.9979096989465742,
  "continuation": 0.7966535643374562,
  "deceased": false,
  "defenseRating": 0.5940456106329471,
  "divinity": 1.0491919144029167,
  "eDensity": 29.8450005569771,
  "evolution": 0,
  "fate": 30,
  "gameAttr": [],
  "groundFriction": 1.29121219139081,
  "hitStreak": 0,
  "hittingRating": 0.6691677988546645,
  "id": "c755efce-d04d-4e00-b5c1-d801070d3808",
  "indulgence": 0.6756178650028889,
  "itemAttr": [],
  "items": [
    {
      "baserunningRating": 0,
      "defenseRating": 0,
      "durability": 1,
      "forger": null,
      "forgerName": null,
      "health": 1,
      "hittingRating": 0.06265487035337536,
      "id": "289fa9f8-6c8c-4a30-8626-698583b4c1d8",
      "name": "Bat",
      "pitchingRating": 0,
      "postPrefix": null,
      "prePrefix": null,
      "prefixes": null,
      "root": {
        "adjustments": [
          {
            "stat": 2,
            "type": 1,
            "value": 0.1336619985812108
          }
        ],
        "name": "Bat"
      },
      "suffix": null
    }
  ],
  "laserlikeness": 0.5682517188961022,
  "leagueTeamId": "878c1bf6-0d21-4659-bfee-916c8314d69c",
  "martyrdom": 0.5101422446539144,
  "moxie": 0.5028470471471307,
  "musclitude": 0.5539713217328542,
  "name": "Basilio Fig",
  "omniscience": 0.7958675963458282,
  "overpowerment": 0.4280486350385403,
  "patheticism": 0.511391966939865,
  "peanutAllergy": true,
  "permAttr": [
    "FIRE_EATER",
    "SHELLED",
    "MARKED"
  ],
  "pitchingRating": 0.5716935055514534,
  "pressurization": 0.130306564204822,
  "ritual": "Slaps",
  "ruthlessness": 0.8818432363428376,
  "seasAttr": [],
  "shakespearianism": 0.6863239355128756,
  "soul": 6,
  "state": {},
  "suppression": 0.4383500449410565,
  "tenaciousness": 0.3540831091315421,
  "thwackability": 0.4586950940397886,
  "totalFingers": 14,
  "tournamentTeamId": "9a5ab308-41f2-4889-a3c3-733b9aab806e",
  "tragicness": 0.060000000000000005,
  "unthwackability": 0.5026955960383966,
  "watchfulness": 0.6575507589731819,
  "weekAttr": []
}