{
  "anticapitalism": 0.4969968171190129,
  "armor": "",
  "baseThirst": 0.43363014273680767,
  "bat": "",
  "blood": 8,
  "buoyancy": 0.5030193692990409,
  "chasiness": 0.09899439822178537,
  "cinnamon": 0.34317268070842855,
  "coffee": 12,
  "coldness": 0.8138806331597862,
  "continuation": 0.438490466374563,
  "deceased": false,
  "divinity": 0.7014165612330636,
  "fate": 30,
  "gameAttr": [],
  "groundFriction": 0.9105502178821776,
  "hitStreak": 0,
  "id": "c755efce-d04d-4e00-b5c1-d801070d3808",
  "indulgence": 0.31138011834162893,
  "laserlikeness": 0.1895843283305373,
  "martyrdom": 0.1627286873412187,
  "moxie": 0.14691366033948672,
  "musclitude": 0.2237356783697776,
  "name": "Basilio Fig",
  "omniscience": 0.7527715354217044,
  "overpowerment": 0.23578226583002437,
  "patheticism": 0.8422538915896011,
  "peanutAllergy": true,
  "permAttr": [],
  "pressurization": 0.130306564204822,
  "ritual": "Slaps",
  "ruthlessness": 0.6416671520083593,
  "seasAttr": [],
  "shakespearianism": 0.4762083288554423,
  "soul": 6,
  "suppression": 0.23198086637842855,
  "tenaciousness": 0.30003405514318066,
  "thwackability": 0.12104309160230872,
  "totalFingers": 13,
  "tragicness": 0.1,
  "unthwackability": 0.289565606115633,
  "watchfulness": 0.599287626065161,
  "weekAttr": []
}