{
  "anticapitalism": 0.1579138081589464,
  "baseThirst": 1.0220989679823982,
  "baserunningRating": 0.7290114244143814,
  "blood": 3,
  "buoyancy": 0.24451809910132136,
  "chasiness": 0.5822683690940729,
  "cinnamon": 0.4736985578236472,
  "coffee": 4,
  "coldness": 0.6775324887822898,
  "continuation": 0.24804460402654363,
  "deceased": false,
  "defenseRating": 0.5336605785986444,
  "divinity": 0.4701661339119472,
  "eDensity": 23.26905728715136,
  "evolution": 0,
  "fate": 86,
  "gameAttr": [],
  "groundFriction": 0.6799136996335707,
  "hitStreak": 0,
  "hittingRating": 0.4512735076658175,
  "id": "c771abab-f468-46e9-bac5-43db4c5b410f",
  "indulgence": 0.272505705361887,
  "itemAttr": [],
  "items": [],
  "laserlikeness": 0.979711584874446,
  "leagueTeamId": "3f8bbb15-61c0-4e3f-8e4a-907a5fb1565e",
  "martyrdom": 0.5409149634368813,
  "moxie": 0.8441485800813684,
  "musclitude": 0.005042985570971048,
  "name": "Wade Howe",
  "omniscience": 0.343913012540527,
  "overpowerment": 0.1272508351286752,
  "patheticism": 0.26817574989700765,
  "peanutAllergy": true,
  "permAttr": [],
  "pitchingRating": 0.1816341017713514,
  "pressurization": 0.2768152932394745,
  "ritual": "Chanting",
  "ruthlessness": 0.04044896724347513,
  "seasAttr": [],
  "shakespearianism": 0.948422941590571,
  "soul": 5,
  "state": {},
  "suppression": 0.04528567549027773,
  "tenaciousness": 0.5185510920993683,
  "thwackability": 0.7663198538762055,
  "totalFingers": 10,
  "tournamentTeamId": null,
  "tragicness": 0.1,
  "unthwackability": 0.8213414154581498,
  "watchfulness": 0.6406599845345919,
  "weekAttr": []
}