{
  "anticapitalism": 0.363906721191512,
  "baseThirst": 0.9770923479984596,
  "baserunningRating": 0.9118982657890354,
  "blood": 5,
  "buoyancy": 0.9495625772438776,
  "chasiness": 0.439538459792472,
  "cinnamon": 0.7418120545450012,
  "coffee": 2,
  "coldness": 1.13023757434341,
  "continuation": 0.6441694719811688,
  "deceased": false,
  "defenseRating": 0.6093001323627617,
  "divinity": 0.7832931618739083,
  "eDensity": 27.148034769537546,
  "evolution": 1,
  "fate": 32,
  "gameAttr": [],
  "groundFriction": 0.5694633731429386,
  "hitStreak": 0,
  "hittingRating": 0.6922927892074445,
  "id": "c83b82e8-b8d2-4cb7-9982-97593283acc2",
  "indulgence": 0.802746902602295,
  "itemAttr": [],
  "items": [
    {
      "baserunningRating": 0,
      "defenseRating": 0,
      "durability": 1,
      "forger": null,
      "forgerName": null,
      "health": 0,
      "hittingRating": 0.04010611580043555,
      "id": "e9569d81-fb8f-4db5-8779-77551063a7b8",
      "name": "Bat",
      "pitchingRating": 0,
      "postPrefix": null,
      "prePrefix": null,
      "prefixes": null,
      "root": {
        "adjustments": [
          {
            "stat": 2,
            "type": 1,
            "value": 0.12184124116833608
          }
        ],
        "name": "Bat"
      },
      "suffix": null
    }
  ],
  "laserlikeness": 1.0668337399497518,
  "leagueTeamId": "46358869-dce9-4a01-bfba-ac24fc56f57e",
  "martyrdom": 0.42367749610362226,
  "moxie": 0.5059315578940629,
  "musclitude": 0.3225038851624912,
  "name": "Kelvin Drumsolo",
  "omniscience": 0.33747245901653666,
  "overpowerment": 0.31849940756449474,
  "patheticism": 0.10621382612100495,
  "peanutAllergy": true,
  "permAttr": [],
  "pitchingRating": 0.4772815671217505,
  "pressurization": 0.2626685400583968,
  "ritual": "Unknown",
  "ruthlessness": 0.4828985501082519,
  "seasAttr": [],
  "shakespearianism": 0.9056329411178514,
  "soul": 5,
  "state": {},
  "suppression": 1.0414540374218109,
  "tenaciousness": 1.150510921414151,
  "thwackability": 0.7045357921236428,
  "totalFingers": 10,
  "tournamentTeamId": null,
  "tragicness": 0.08781573327990386,
  "unthwackability": 0.5827510771401598,
  "watchfulness": 0.29246075881483385,
  "weekAttr": []
}