{
  "anticapitalism": 0.2977806744107757,
  "baseThirst": 0.9025206698835953,
  "baserunningRating": 0.8597907671854487,
  "blood": 5,
  "buoyancy": 0.9080236747312268,
  "chasiness": 0.3818642923571893,
  "cinnamon": 0.6977091483249388,
  "coffee": 2,
  "coldness": 1.0676509888189831,
  "continuation": 0.6016411717853273,
  "deceased": false,
  "defenseRating": 0.5412385694660463,
  "divinity": 0.7313459896472708,
  "eDensity": 27.148034769537546,
  "evolution": 1,
  "fate": 32,
  "gameAttr": [],
  "groundFriction": 0.4944445132206968,
  "hitStreak": 0,
  "hittingRating": 0.6358712380710195,
  "id": "c83b82e8-b8d2-4cb7-9982-97593283acc2",
  "indulgence": 0.7263637930454613,
  "itemAttr": [],
  "items": [
    {
      "baserunningRating": 0,
      "defenseRating": 0,
      "durability": 1,
      "forger": null,
      "forgerName": null,
      "health": 0,
      "hittingRating": 0.04010611580043555,
      "id": "e9569d81-fb8f-4db5-8779-77551063a7b8",
      "name": "Bat",
      "pitchingRating": 0,
      "postPrefix": null,
      "prePrefix": null,
      "prefixes": null,
      "root": {
        "adjustments": [
          {
            "stat": 2,
            "type": 1,
            "value": 0.12184124116833608
          }
        ],
        "name": "Bat"
      },
      "suffix": null
    }
  ],
  "laserlikeness": 1.0251142325756426,
  "leagueTeamId": "46358869-dce9-4a01-bfba-ac24fc56f57e",
  "martyrdom": 0.38313729347028475,
  "moxie": 0.4469059753481393,
  "musclitude": 0.28083693757567096,
  "name": "Kelvin Drumsolo",
  "omniscience": 0.26217745859163705,
  "overpowerment": 0.26472196886392924,
  "patheticism": 0.17587490448163068,
  "peanutAllergy": true,
  "permAttr": [],
  "pitchingRating": 0.4128186780685629,
  "pressurization": 0.2626685400583968,
  "ritual": "Unknown",
  "ruthlessness": 0.4242045272326075,
  "seasAttr": [],
  "shakespearianism": 0.8522711866575498,
  "soul": 5,
  "state": {},
  "suppression": 0.990694848771536,
  "tenaciousness": 1.0755399496019478,
  "thwackability": 0.638073261602901,
  "totalFingers": 10,
  "tournamentTeamId": null,
  "tragicness": 0.13812239408284918,
  "unthwackability": 0.5189008910830571,
  "watchfulness": 0.2385821920639249,
  "weekAttr": []
}