{
  "anticapitalism": 0.1537981466966558,
  "baseThirst": 0.7849145165398732,
  "baserunningRating": 0.7548559578257504,
  "blood": 5,
  "buoyancy": 0.798433776626136,
  "chasiness": 0.2643230233783563,
  "cinnamon": 0.5607711526023806,
  "coffee": 2,
  "coldness": 0.9270796945639548,
  "continuation": 0.4977680102858073,
  "deceased": false,
  "defenseRating": 0.38611155312691375,
  "divinity": 0.6020456048947965,
  "eDensity": 23.505114939814938,
  "evolution": 1,
  "fate": 32,
  "gameAttr": [],
  "groundFriction": 0.3655006612571226,
  "hitStreak": 0,
  "hittingRating": 0.5065495960704787,
  "id": "c83b82e8-b8d2-4cb7-9982-97593283acc2",
  "indulgence": 0.619773451367916,
  "items": [],
  "laserlikeness": 0.9254097659328612,
  "leagueTeamId": "46358869-dce9-4a01-bfba-ac24fc56f57e",
  "martyrdom": 0.28444404621766683,
  "moxie": 0.30406141802591047,
  "musclitude": 0.1480480354562961,
  "name": "Kelvin Drumsolo",
  "omniscience": 0.1262718107683936,
  "overpowerment": 0.1645547867919527,
  "patheticism": 0.3233274203847706,
  "peanutAllergy": true,
  "permAttr": [],
  "pitchingRating": 0.281785027236134,
  "pressurization": 0.2626685400583968,
  "ritual": "Unknown",
  "ruthlessness": 0.283910708374575,
  "seasAttr": [],
  "shakespearianism": 0.7461675934170063,
  "soul": 5,
  "state": {},
  "suppression": 0.8714393800313028,
  "tenaciousness": 0.9650655571466904,
  "thwackability": 0.529427219954559,
  "totalFingers": 10,
  "tournamentTeamId": null,
  "tragicness": 0.2382139255171643,
  "unthwackability": 0.39762540194248774,
  "watchfulness": 0.12198752564213763,
  "weekAttr": []
}