{
  "_id": "c86b5add-6c9a-40e0-aa43-e4fd7dd4f2c7",
  "anticapitalism": 0.2710985027103767,
  "baseThirst": 0.18522635922748032,
  "buoyancy": 0.39759447348666455,
  "chasiness": 0.2376458934167411,
  "coldness": 0.23995282665825535,
  "continuation": 0.8091476800692161,
  "deceased": false,
  "divinity": 0.17571084132002013,
  "groundFriction": 0.07622162417581757,
  "indulgence": 0.06861386318596074,
  "laserlikeness": 0.43510772555808264,
  "martyrdom": 0.30012840888543124,
  "moxie": 0.8014307740637745,
  "musclitude": 0.3151465288773496,
  "name": "Sosa Elftower",
  "omniscience": 0.8618934899032857,
  "overpowerment": 0.3793107792208213,
  "patheticism": 0.1063936238255192,
  "pressurization": 0.6813329271299375,
  "ruthlessness": 0.1342336526904715,
  "shakespearianism": 0.7036084415464441,
  "soul": 8,
  "suppression": 0.2400468697126732,
  "tenaciousness": 0.07579599955179583,
  "thwackability": 0.7473621211583394,
  "totalFingers": 10,
  "tragicness": 0,
  "unthwackability": 0.20147713784602073,
  "watchfulness": 0.27955037742988553
}