{
  "anticapitalism": 0.24625744000402383,
  "baseThirst": 0.4317046555824029,
  "baserunningRating": 0.697958270872524,
  "blood": 1,
  "buoyancy": 0.4821348402118346,
  "chasiness": 0.400239291446026,
  "cinnamon": 0.66426428724053,
  "coffee": 4,
  "coldness": 0.2991596870898521,
  "continuation": 0.22849068010495333,
  "deceased": false,
  "defenseRating": 0.6746874589231153,
  "divinity": 0.4545976619710837,
  "eDensity": 33.30479628015114,
  "evolution": 0,
  "fate": 53,
  "gameAttr": [],
  "groundFriction": 0.4679468775949003,
  "hitStreak": 0,
  "hittingRating": 0.5692373516510614,
  "id": "c8de53a4-d90f-4192-955b-cec1732d920e",
  "indulgence": 0.7785311392380507,
  "itemAttr": [],
  "items": [],
  "laserlikeness": 0.9474435930071736,
  "leagueTeamId": "ca3f1c8c-c025-4d8e-8eef-5be6accbeb16",
  "martyrdom": 0.6257727579238013,
  "moxie": 0.09977243665945236,
  "musclitude": 0.388071305443634,
  "name": "Tyreek Cain",
  "omniscience": 0.6317630625644386,
  "overpowerment": 0.8353073068472134,
  "patheticism": 0.2081577938260533,
  "peanutAllergy": true,
  "permAttr": [
    "ALTERNATE"
  ],
  "pitchingRating": 0.20629890283966815,
  "pressurization": 0.47936274287900216,
  "ritual": "Chanting",
  "ruthlessness": 0.8522024468597189,
  "seasAttr": [],
  "shakespearianism": 0.06815219064035438,
  "soul": 9,
  "state": {},
  "suppression": 0.01364858528036117,
  "tenaciousness": 0.7589085967431493,
  "thwackability": 0.9703695103476184,
  "totalFingers": 10,
  "tournamentTeamId": null,
  "tragicness": 0.7020491160332907,
  "unthwackability": 0.09279287131603751,
  "watchfulness": 0.8626405890879496,
  "weekAttr": []
}