{
  "anticapitalism": 0.5780667156500228,
  "armor": "",
  "baseThirst": 0.6500176466592464,
  "baserunningRating": 0.6121567915293293,
  "bat": "",
  "blood": 5,
  "buoyancy": 0.8342875143576338,
  "chasiness": 0.9910967541358716,
  "cinnamon": 0.6060875047540508,
  "coffee": 7,
  "coldness": 0.21620803524276264,
  "continuation": 0.3932931785632885,
  "deceased": false,
  "defenseRating": 0.7624147247110398,
  "divinity": 0.12138351999141928,
  "eDensity": 17.13517744274933,
  "evolution": 0,
  "fate": 21,
  "gameAttr": [],
  "groundFriction": 0.7001738022607962,
  "hitStreak": 0,
  "hittingRating": 0.21861114935800072,
  "id": "c9a22fa4-1721-4eef-a1a6-620cdf7d377f",
  "indulgence": 0.5194276959684241,
  "laserlikeness": 0.6026301280100883,
  "leagueTeamId": "57ec08cc-0411-4643-b304-0e80dbc15ac7",
  "martyrdom": 0.4776200773536985,
  "moxie": 0.9933669133094344,
  "musclitude": 0.4674558150380312,
  "name": "Roscoe Sundae",
  "omniscience": 0.8258117395323146,
  "overpowerment": 0.699876154971689,
  "patheticism": 0.2848001869011556,
  "peanutAllergy": true,
  "permAttr": [],
  "pitchingRating": 0.28327125479439136,
  "pressurization": 0.10606497032051364,
  "ritual": "Bragging",
  "ruthlessness": 0.5888018695578103,
  "seasAttr": [],
  "shakespearianism": 0.24096579453121403,
  "soul": 2,
  "state": {},
  "suppression": 0.4415049088287819,
  "tenaciousness": 0.7807719121689449,
  "thwackability": 0.144754547265874,
  "totalFingers": 10,
  "tournamentTeamId": null,
  "tragicness": 0.8147177911257482,
  "unthwackability": 0.19578915774493044,
  "watchfulness": 0.27861742109914345,
  "weekAttr": []
}