{
  "anticapitalism": 0.5302700499202169,
  "baseThirst": 0.5916284374326957,
  "baserunningRating": 0.5794506143171096,
  "blood": 5,
  "buoyancy": 0.7644374100919912,
  "chasiness": 0.9552063984502788,
  "cinnamon": 0.6069410689853882,
  "coffee": 7,
  "coldness": 0.14674399437198288,
  "continuation": 0.3933538113044812,
  "deceased": false,
  "defenseRating": 0.7505407987165664,
  "divinity": 0.15524030208083903,
  "eDensity": 13.930273025550065,
  "evolution": 0,
  "fate": 21,
  "gameAttr": [],
  "groundFriction": 0.7028849281405504,
  "hitStreak": 0,
  "hittingRating": 0.23197981258067124,
  "id": "c9a22fa4-1721-4eef-a1a6-620cdf7d377f",
  "indulgence": 0.45624203687933707,
  "itemAttr": [],
  "items": [
    {
      "baserunningRating": 0,
      "defenseRating": 0,
      "durability": 1,
      "forger": null,
      "forgerName": null,
      "health": 0,
      "hittingRating": 0.04776332348275236,
      "id": "223e95bc-b8af-4ef2-9b6f-1bd52895e444",
      "name": "Bat",
      "pitchingRating": 0,
      "postPrefix": null,
      "prePrefix": null,
      "prefixes": null,
      "root": {
        "adjustments": [
          {
            "stat": 2,
            "type": 1,
            "value": 0.13591823505330963
          }
        ],
        "name": "Bat"
      },
      "suffix": null
    }
  ],
  "laserlikeness": 0.5642225883547949,
  "leagueTeamId": "57ec08cc-0411-4643-b304-0e80dbc15ac7",
  "martyrdom": 0.4062902373008373,
  "moxie": 0.942669580592394,
  "musclitude": 0.48714456862544664,
  "name": "Roscoe Sundae",
  "omniscience": 0.8266424493547502,
  "overpowerment": 0.6875685172675524,
  "patheticism": 0.34470218763497507,
  "peanutAllergy": false,
  "permAttr": [
    "ELSEWHERE"
  ],
  "pitchingRating": 0.2676808562457526,
  "pressurization": 0.10606497032051364,
  "ritual": "Bragging",
  "ruthlessness": 0.5227353188088215,
  "seasAttr": [],
  "shakespearianism": 0.21021540157560048,
  "soul": 1,
  "state": {
    "elsewhere": {
      "day": 97,
      "season": 15
    }
  },
  "suppression": 0.438268839530583,
  "tenaciousness": 0.8283443457709401,
  "thwackability": 0.13998900529549613,
  "totalFingers": 10,
  "tournamentTeamId": null,
  "tragicness": 0.9041529968510084,
  "unthwackability": 0.20255988051445073,
  "watchfulness": 0.2388314408268996,
  "weekAttr": []
}