{
  "anticapitalism": 0.8032460601419593,
  "baseThirst": 0.596318300157896,
  "baserunningRating": 0.9238774424743236,
  "blood": 9,
  "buoyancy": 0.2545494416826339,
  "chasiness": 0.5941970569320166,
  "cinnamon": 0.9533401746352544,
  "coffee": 7,
  "coldness": 0.6544740184260648,
  "continuation": 0.9962924988650376,
  "deceased": false,
  "defenseRating": 0.7642322414293775,
  "divinity": 0.5459990469902907,
  "eDensity": 29.054873642583345,
  "evolution": 0,
  "fate": 12,
  "gameAttr": [],
  "groundFriction": 0.8097191050848227,
  "hitStreak": 0,
  "hittingRating": 0.5293869336853838,
  "id": "c9e4a49e-e35a-4034-a4c7-293896b40c58",
  "indulgence": 1.198133419086652,
  "itemAttr": [],
  "items": [
    {
      "baserunningRating": 0,
      "defenseRating": 0,
      "durability": 1,
      "forger": null,
      "forgerName": null,
      "health": 0,
      "hittingRating": 0.04069239368811112,
      "id": "b49200eb-4c02-4347-ac45-20f4a7d232f0",
      "name": "Bat",
      "pitchingRating": 0,
      "postPrefix": null,
      "prePrefix": null,
      "prefixes": null,
      "root": {
        "adjustments": [
          {
            "stat": 2,
            "type": 1,
            "value": 0.10630581486742482
          }
        ],
        "name": "Bat"
      },
      "suffix": null
    }
  ],
  "laserlikeness": 0.9529888372909908,
  "leagueTeamId": "b72f3061-f573-40d7-832a-5ad475bd7909",
  "martyrdom": 0.8155723571246234,
  "moxie": 0.7533017783670192,
  "musclitude": 0.2521482124023343,
  "name": "Alexander Horne",
  "omniscience": 1.0747980760101146,
  "overpowerment": 0.3223901123375309,
  "patheticism": 0.3045301670347271,
  "peanutAllergy": false,
  "permAttr": [],
  "pitchingRating": 0.4629668163117363,
  "pressurization": 0.725807241207326,
  "ritual": "Mourning",
  "ruthlessness": 0.4501541398187091,
  "seasAttr": [],
  "shakespearianism": 0.6342088836550805,
  "soul": 6,
  "state": {},
  "suppression": 0.5702043995813343,
  "tenaciousness": 0.6428041415729556,
  "thwackability": 0.4526603883445855,
  "totalFingers": 10,
  "tournamentTeamId": null,
  "tragicness": 0.001,
  "unthwackability": 0.6377568464533627,
  "watchfulness": 0.29830694463059676,
  "weekAttr": []
}