{
  "anticapitalism": 0.7335101964536329,
  "baseThirst": 0.5470648509364857,
  "baserunningRating": 0.8735955903453764,
  "blood": 9,
  "buoyancy": 0.20084748961069696,
  "chasiness": 0.5291442804957714,
  "cinnamon": 0.8816104534125484,
  "coffee": 7,
  "coldness": 0.608229450113653,
  "continuation": 0.923296898825838,
  "deceased": false,
  "defenseRating": 0.717850237127117,
  "divinity": 0.46996487907736806,
  "eDensity": 29.054873642583345,
  "evolution": 0,
  "fate": 12,
  "gameAttr": [
    "REVERBERATING"
  ],
  "groundFriction": 0.7556221335473303,
  "hitStreak": 0,
  "hittingRating": 0.451453349172933,
  "id": "c9e4a49e-e35a-4034-a4c7-293896b40c58",
  "indulgence": 1.1511438558737737,
  "itemAttr": [],
  "items": [
    {
      "baserunningRating": 0,
      "defenseRating": 0,
      "durability": 1,
      "forger": null,
      "forgerName": null,
      "health": 0,
      "hittingRating": 0.04069239368811112,
      "id": "b49200eb-4c02-4347-ac45-20f4a7d232f0",
      "name": "Bat",
      "pitchingRating": 0,
      "postPrefix": null,
      "prePrefix": null,
      "prefixes": null,
      "root": {
        "adjustments": [
          {
            "stat": 2,
            "type": 1,
            "value": 0.10630581486742482
          }
        ],
        "name": "Bat"
      },
      "suffix": null
    }
  ],
  "laserlikeness": 0.8996176644562572,
  "leagueTeamId": "b72f3061-f573-40d7-832a-5ad475bd7909",
  "martyrdom": 0.7652950515683624,
  "moxie": 0.6851092628050544,
  "musclitude": 0.17218039568380217,
  "name": "Alexander Horne",
  "omniscience": 1.0231303299051475,
  "overpowerment": 0.2428377310855566,
  "patheticism": 0.36683323611789587,
  "peanutAllergy": false,
  "permAttr": [],
  "pitchingRating": 0.3935113437236225,
  "pressurization": 0.725807241207326,
  "ritual": "Mourning",
  "ruthlessness": 0.3815144206748259,
  "seasAttr": [],
  "shakespearianism": 0.5804450136978982,
  "soul": 6,
  "state": {},
  "suppression": 0.5073630229499518,
  "tenaciousness": 0.5933215606531126,
  "thwackability": 0.3760988289020716,
  "totalFingers": 10,
  "tournamentTeamId": null,
  "tragicness": 0.022527533127150737,
  "unthwackability": 0.5849992465850443,
  "watchfulness": 0.2540481525773328,
  "weekAttr": []
}