{
  "anticapitalism": 0.36377863433006974,
  "armor": "",
  "baseThirst": 0.5463767575254137,
  "baserunningRating": 0.3423135548449659,
  "bat": "",
  "blood": 7,
  "buoyancy": 0.6640061574636424,
  "chasiness": 0.5205953167956798,
  "cinnamon": 0.9737892632871892,
  "coffee": 10,
  "coldness": 0.5989646100348407,
  "continuation": 0.04497205171059848,
  "deceased": false,
  "defenseRating": 0.7366217354241593,
  "divinity": 0.2656303007939922,
  "eDensity": 0,
  "evolution": 1,
  "fate": 60,
  "gameAttr": [],
  "groundFriction": 0.002530981768438245,
  "hitStreak": 0,
  "hittingRating": 0.4846223998189854,
  "id": "ca26d8cc-8668-48c9-a061-28f6fdf5f44d",
  "indulgence": 0.6544844716169804,
  "laserlikeness": 0.8849597874500355,
  "leagueTeamId": "46358869-dce9-4a01-bfba-ac24fc56f57e",
  "martyrdom": 0.9227172435355876,
  "moxie": 0.5686984107174515,
  "musclitude": 0.651894623160123,
  "name": "Doc Anice",
  "omniscience": 0.6638590265628306,
  "overpowerment": 0.8360366387261908,
  "patheticism": 0.3214982378686684,
  "peanutAllergy": false,
  "permAttr": [],
  "pitchingRating": 0.5682343851927685,
  "pressurization": 0.10764190737088496,
  "ritual": "Proselytizing",
  "ruthlessness": 0.3590451575464919,
  "seasAttr": [],
  "shakespearianism": 0.4560199836820005,
  "soul": 9,
  "state": {},
  "suppression": 0.1446984015124213,
  "tenaciousness": 0.828025833647537,
  "thwackability": 0.6358667441756196,
  "totalFingers": 10,
  "tournamentTeamId": null,
  "tragicness": 0.4788290491266476,
  "unthwackability": 0.9281140250086836,
  "watchfulness": 0.8219934293979236,
  "weekAttr": []
}