{
  "anticapitalism": 0.4399769364932072,
  "baseThirst": 0.6063376424495397,
  "baserunningRating": 0.5202426416567598,
  "blood": 7,
  "buoyancy": 0.7200279676328767,
  "chasiness": 0.5755790706542679,
  "cinnamon": 1.0444653253219414,
  "coffee": 10,
  "coldness": 0.6732419581368437,
  "continuation": 0.0953233739620134,
  "deceased": false,
  "defenseRating": 0.7910259111964005,
  "divinity": 0.30842821289468475,
  "eDensity": 32.922544526966156,
  "evolution": 1,
  "fate": 24,
  "gameAttr": [],
  "groundFriction": 0.044858612889070976,
  "hitStreak": 0,
  "hittingRating": 0.5364261984728009,
  "id": "ca26d8cc-8668-48c9-a061-28f6fdf5f44d",
  "indulgence": 0.6955131108871675,
  "items": [],
  "laserlikeness": 0.9576324916441228,
  "leagueTeamId": "23e4cbc1-e9cd-47fa-a35b-bfa06f726cb7",
  "martyrdom": 0.967632184354406,
  "moxie": 0.6456602178322308,
  "musclitude": 0.7039447687353663,
  "name": "Doc Anice",
  "omniscience": 0.7367730384519628,
  "overpowerment": 0.894189999054077,
  "patheticism": 0.25750304452497996,
  "peanutAllergy": false,
  "permAttr": [],
  "pitchingRating": 0.6346716582410344,
  "pressurization": 0.10764190737088496,
  "ritual": "Proselytizing",
  "ruthlessness": 0.4145758524962936,
  "seasAttr": [],
  "shakespearianism": 0.5265498903923007,
  "soul": 9,
  "state": {},
  "suppression": 0.18626646156378968,
  "tenaciousness": 0.8926434593039966,
  "thwackability": 0.688284280919303,
  "totalFingers": 10,
  "tournamentTeamId": null,
  "tragicness": 0.434716628800462,
  "unthwackability": 0.9769888368671766,
  "watchfulness": 0.8756865670238211,
  "weekAttr": []
}