{
  "anticapitalism": 0.7619338200925667,
  "armor": "",
  "baseThirst": 0.6297229032750462,
  "baserunningRating": 0.4886867611033041,
  "bat": "",
  "blood": 0,
  "buoyancy": 1.1777933621041945,
  "chasiness": 0.7522281664017545,
  "cinnamon": 0.8549940619847463,
  "coffee": 0,
  "coldness": 1.2090177551861443,
  "continuation": 0.4521292117116855,
  "deceased": false,
  "defenseRating": 0.7987501458703997,
  "divinity": 0.241984178133919,
  "eDensity": 0,
  "evolution": 0,
  "fate": 43,
  "gameAttr": [],
  "groundFriction": 1.1974903961680097,
  "hitStreak": 0,
  "hittingRating": 0.4266113816126976,
  "id": "caa9bd86-244a-4aba-a237-6a9528f09570",
  "indulgence": 1.0100746089466508,
  "laserlikeness": 0.2955654307501664,
  "leagueTeamId": null,
  "martyrdom": 0.8226646565774274,
  "moxie": 0.44122607146807424,
  "musclitude": 0.42600560567492174,
  "name": "Maddong Candy",
  "omniscience": 0.46993778524152385,
  "overpowerment": 0.8397467516400412,
  "patheticism": 0.01,
  "peanutAllergy": false,
  "permAttr": [
    "NON_IDOLIZED"
  ],
  "pitchingRating": 0.388166641731158,
  "pressurization": 0.3710668497991008,
  "ritual": "vibing",
  "ruthlessness": 0.5624082230915743,
  "seasAttr": [],
  "shakespearianism": 0.6764042422443606,
  "soul": 6,
  "state": {},
  "suppression": 1.1481696735066207,
  "tenaciousness": 1.2389239684894398,
  "thwackability": 0.5411677064257125,
  "totalFingers": 34,
  "tournamentTeamId": "3b0a289b-aebd-493c-bc11-96793e7216d5",
  "tragicness": 0.6533517582345694,
  "unthwackability": 0.26951794876526136,
  "watchfulness": 0.5440923516906939,
  "weekAttr": []
}