{
  "anticapitalism": 1.0788223281551648,
  "armor": "",
  "baseThirst": 0.3370439518938177,
  "baserunningRating": 0.7073178077814727,
  "bat": "",
  "blood": 9,
  "buoyancy": 0.6107279439760315,
  "chasiness": 0.9917051993407124,
  "cinnamon": 0.8098254970089086,
  "coffee": 7,
  "coldness": 0.5759269491637632,
  "continuation": 0.6740341661003181,
  "deceased": false,
  "defenseRating": 0.9531331019944927,
  "divinity": 0.7821887678138064,
  "eDensity": 60.68888370249082,
  "evolution": 0,
  "fate": 54,
  "gameAttr": [],
  "groundFriction": 0.29930837405882865,
  "hitStreak": 0,
  "hittingRating": 0.9754627654863666,
  "id": "cbd19e6f-3d08-4734-b23f-585330028665",
  "indulgence": 0.6752908161198298,
  "laserlikeness": 0.9264746747966836,
  "leagueTeamId": "9debc64f-74b7-4ae1-a4d6-fce0144b6ea5",
  "martyrdom": 1.0184461300268677,
  "moxie": 1.067962882380644,
  "musclitude": 1.2261388940330926,
  "name": "Knight Triumphant",
  "omniscience": 1.1771545059961053,
  "overpowerment": 1.0514355578684869,
  "patheticism": 0.26863460537342265,
  "peanutAllergy": false,
  "permAttr": [
    "SIPHON",
    "PERK"
  ],
  "pitchingRating": 0.8910697108077854,
  "pressurization": 0.7816458937113402,
  "ritual": "Bagels",
  "ruthlessness": 0.5918605837137538,
  "seasAttr": [],
  "shakespearianism": 1.1692854986417345,
  "soul": 5,
  "state": {},
  "suppression": 0.4538957511584621,
  "tenaciousness": 0.8852774512388122,
  "thwackability": 1.1754569797945071,
  "totalFingers": 12,
  "tournamentTeamId": "d8f82163-2e74-496b-8e4b-2ab35b2d3ff1",
  "tragicness": 0.03802943594864432,
  "unthwackability": 1.185524538233854,
  "watchfulness": 0.5325706966011051,
  "weekAttr": []
}