{
  "anticapitalism": 1.1361311521696646,
  "armor": "",
  "baseThirst": 1.182559361036254,
  "baserunningRating": 0.6355564007133833,
  "bat": "",
  "blood": 7,
  "buoyancy": 1.1917713814200694,
  "chasiness": 0.5534888075354057,
  "cinnamon": 0.3439493698970331,
  "coffee": 12,
  "coldness": 1.291047132938202,
  "continuation": 0.6933351906313983,
  "deceased": false,
  "defenseRating": 0.7258575369451997,
  "divinity": 1.0742609744184208,
  "eDensity": 30.100322494708816,
  "evolution": 0,
  "fate": 42,
  "gameAttr": [],
  "groundFriction": 0.33532035234342084,
  "hitStreak": 0,
  "hittingRating": 0.6896594598127107,
  "id": "cc11963b-a05b-477b-b154-911dc31960df",
  "indulgence": 1.1428506976764137,
  "laserlikeness": 0.5091726558570471,
  "leagueTeamId": "bfd38797-8404-4b38-8b82-341da28b1f83",
  "martyrdom": 0.44416643394766386,
  "moxie": 0.5413367876919197,
  "musclitude": 0.5958879660024068,
  "name": "Pudge Nakamoto",
  "omniscience": 0.32866859299223034,
  "overpowerment": 0.6798679337474867,
  "patheticism": 0.001,
  "peanutAllergy": true,
  "permAttr": [
    "WANDERER"
  ],
  "pitchingRating": 0.5346869589156802,
  "pressurization": 0.7778197828026574,
  "ritual": "Reading theory",
  "ruthlessness": 0.605190474731339,
  "seasAttr": [],
  "shakespearianism": 0.937315412942106,
  "soul": 6,
  "state": {},
  "suppression": 0.7613012414586173,
  "tenaciousness": 0.847690214607368,
  "thwackability": 0.429887008600122,
  "totalFingers": 10,
  "tournamentTeamId": null,
  "tragicness": 0.001,
  "unthwackability": 0.4797708885115941,
  "watchfulness": 0.831736660989086,
  "weekAttr": []
}