{
  "anticapitalism": 0.8328073946367796,
  "armor": "",
  "baseThirst": 0.15891387323674633,
  "baserunningRating": 0.5855175669519553,
  "bat": "",
  "blood": 4,
  "buoyancy": 0.9830301572763018,
  "chasiness": 0.25173777599217595,
  "cinnamon": 0.3222667496820062,
  "coffee": 5,
  "coldness": 0.36123759131238753,
  "continuation": 0.6625053470676274,
  "deceased": false,
  "defenseRating": 0.12942986617770114,
  "divinity": 0.6534830673311947,
  "fate": 84,
  "gameAttr": [],
  "groundFriction": 0.6765748442802897,
  "hitStreak": 0,
  "hittingRating": 0.6168730120330815,
  "id": "cc725a58-38cc-42af-9ff8-ace76541ac26",
  "indulgence": 0.6323122556546266,
  "laserlikeness": 0.6373237893831618,
  "leagueTeamId": "878c1bf6-0d21-4659-bfee-916c8314d69c",
  "martyrdom": 0.8636847535903032,
  "moxie": 0.34608708204388816,
  "musclitude": 0.7368780688702146,
  "name": "Aldo Comeback",
  "omniscience": 0.6978907877213147,
  "overpowerment": 0.02783196024289758,
  "patheticism": 0.8876663412969792,
  "peanutAllergy": true,
  "permAttr": [],
  "pitchingRating": 0.20118984556582276,
  "pressurization": 0.4914183507478631,
  "ritual": "Swag surfing",
  "ruthlessness": 0.5432116763734722,
  "seasAttr": [],
  "shakespearianism": 0.45498060120379114,
  "soul": 5,
  "suppression": 0.9257532175870868,
  "tenaciousness": 0.0004440814847535002,
  "thwackability": 0.7129709862526539,
  "totalFingers": 10,
  "tournamentTeamId": null,
  "tragicness": 0.1,
  "unthwackability": 0.2378950884473121,
  "watchfulness": 0.06551666671299516,
  "weekAttr": []
}