{
  "anticapitalism": 0.22658190932544195,
  "armor": "",
  "baseThirst": 0.2548654250463349,
  "baserunningRating": 0.5931440699814824,
  "bat": "",
  "blood": 3,
  "buoyancy": 0.6418094336869311,
  "chasiness": 0.40258312474922153,
  "cinnamon": 0.5506727193364396,
  "coffee": 1,
  "coldness": 0.47923088758765053,
  "continuation": 0.7526849476978881,
  "deceased": false,
  "defenseRating": 0.3910475266680581,
  "divinity": 0.933936005799044,
  "fate": 58,
  "gameAttr": [],
  "groundFriction": 0.6926396455234056,
  "hitStreak": 0,
  "hittingRating": 0.5436414958909441,
  "id": "ccc99f2f-2feb-4f32-a9b9-c289f619d84c",
  "indulgence": 0.24178271182780284,
  "laserlikeness": 0.6997598763175588,
  "leagueTeamId": "979aee4a-6d80-4863-bf1c-ee1a78e06024",
  "martyrdom": 0.6827525373604204,
  "moxie": 0.44695844716444966,
  "musclitude": 0.39062357645281653,
  "name": "Itsuki Winner",
  "omniscience": 0.4888694791935509,
  "overpowerment": 0.8693581395378833,
  "patheticism": 0.22889193708901992,
  "peanutAllergy": true,
  "permAttr": [],
  "pitchingRating": 0.5886856355151319,
  "pressurization": 0.5250147958222005,
  "ritual": "Greeting fans",
  "ruthlessness": 0.5797141076969425,
  "seasAttr": [],
  "shakespearianism": 0.21304947185693932,
  "soul": 9,
  "suppression": 0.4083635517185889,
  "tenaciousness": 0.0741615518870937,
  "thwackability": 0.2902422730257279,
  "totalFingers": 10,
  "tournamentTeamId": null,
  "tragicness": 0.1,
  "unthwackability": 0.7901559816858521,
  "watchfulness": 0.6973826970799939,
  "weekAttr": []
}