{
  "anticapitalism": 0.35531423415226576,
  "baseThirst": 1.0843852268417329,
  "baserunningRating": 0.6099589795715588,
  "blood": 2,
  "buoyancy": 0.9324816871417592,
  "chasiness": 0.8730131589747396,
  "cinnamon": 0.6379267667752888,
  "coffee": 7,
  "coldness": 1.0502790377040452,
  "continuation": 0.8906525267300157,
  "deceased": false,
  "defenseRating": 0.7737544423854393,
  "divinity": 0.8493180006856446,
  "eDensity": 32.02820629851958,
  "evolution": 1,
  "fate": 93,
  "gameAttr": [],
  "groundFriction": 0.9406549728555847,
  "hitStreak": 0,
  "hittingRating": 0.892943282148548,
  "id": "ccd6068b-2735-4072-bfe5-571a5d57c285",
  "indulgence": 0.5575164787005629,
  "itemAttr": [],
  "items": [
    {
      "baserunningRating": 0,
      "defenseRating": 0,
      "durability": 3,
      "forger": null,
      "forgerName": null,
      "health": 3,
      "hittingRating": 0.0294254841658409,
      "id": "ae37db0e-0a42-422e-be78-333ca00dacb9",
      "name": "Rock Bat",
      "pitchingRating": 0,
      "postPrefix": {
        "adjustments": [
          {
            "type": 3,
            "value": 1
          }
        ],
        "name": "Rock"
      },
      "prePrefix": null,
      "prefixes": null,
      "root": {
        "adjustments": [
          {
            "stat": 2,
            "type": 1,
            "value": 0.10216035615632264
          }
        ],
        "name": "Bat"
      },
      "suffix": null
    }
  ],
  "laserlikeness": 0.4262704880552366,
  "leagueTeamId": "bb4a9de5-c924-4923-a0cb-9d1445f1ee5d",
  "martyrdom": 0.43868737482158726,
  "moxie": 0.9873185451211658,
  "musclitude": 0.5084308407488232,
  "name": "Ephraim Ladd",
  "omniscience": 1.2027084783181852,
  "overpowerment": 0.6111821497799865,
  "patheticism": 0.05038298044261386,
  "peanutAllergy": true,
  "permAttr": [],
  "pitchingRating": 0.8702299099686791,
  "pressurization": 0.04955333860947353,
  "ritual": "Running the bases",
  "ruthlessness": 0.5079789841575107,
  "seasAttr": [],
  "shakespearianism": 1.2195171970823082,
  "soul": 5,
  "state": {},
  "suppression": 0.4243748992095883,
  "tenaciousness": 0.4161013939829944,
  "thwackability": 1.0428756777268229,
  "totalFingers": 11,
  "tournamentTeamId": null,
  "tragicness": 0.001,
  "unthwackability": 1.4468962685149764,
  "watchfulness": 0.990100027014686,
  "weekAttr": []
}