{
  "anticapitalism": 0.16847010512509145,
  "armor": "",
  "baseThirst": 0.8982332696579401,
  "baserunningRating": 0.4166925759679323,
  "bat": "",
  "blood": 2,
  "buoyancy": 0.7636690041232956,
  "chasiness": 0.6852885031741319,
  "cinnamon": 0.4562038268316321,
  "coffee": 7,
  "coldness": 0.7303291680184745,
  "continuation": 0.7271588078914417,
  "deceased": false,
  "defenseRating": 0.5836031940900891,
  "divinity": 0.6369499483457681,
  "eDensity": 25.240861338409022,
  "evolution": 1,
  "fate": 93,
  "gameAttr": [],
  "groundFriction": 0.7732327798851584,
  "hitStreak": 0,
  "hittingRating": 0.6743862584031043,
  "id": "ccd6068b-2735-4072-bfe5-571a5d57c285",
  "indulgence": 0.4095236606725228,
  "laserlikeness": 0.23796330577508207,
  "leagueTeamId": "bb4a9de5-c924-4923-a0cb-9d1445f1ee5d",
  "martyrdom": 0.2275304525536947,
  "moxie": 0.8640021694931503,
  "musclitude": 0.2611416574226123,
  "name": "Ephraim Ladd",
  "omniscience": 1.0016646582307374,
  "overpowerment": 0.3186509094260024,
  "patheticism": 0.25492848916447053,
  "peanutAllergy": true,
  "permAttr": [],
  "pitchingRating": 0.5025838770258775,
  "pressurization": 0.04955333860947353,
  "ritual": "Running the bases",
  "ruthlessness": 0.2349503898234853,
  "seasAttr": [],
  "shakespearianism": 0.9280699186320848,
  "soul": 5,
  "state": {},
  "suppression": 0.22710506424567317,
  "tenaciousness": 0.22081331247697228,
  "thwackability": 0.8018930323073732,
  "totalFingers": 10,
  "tournamentTeamId": null,
  "tragicness": 0.24558757425700337,
  "unthwackability": 1.1693635389958776,
  "watchfulness": 0.8114936046962816,
  "weekAttr": []
}