{
  "anticapitalism": 0.01,
  "armor": "",
  "baseThirst": 0.5862619100533615,
  "bat": "",
  "blood": 2,
  "buoyancy": 0.4468598513760977,
  "chasiness": 0.3803330030970343,
  "cinnamon": 0.06631638701345421,
  "coffee": 7,
  "coldness": 0.7251216702901635,
  "continuation": 0.5369559741207921,
  "deceased": false,
  "divinity": 0.30878840324701134,
  "fate": 42,
  "gameAttr": [],
  "groundFriction": 0.982579833932349,
  "hitStreak": 0,
  "id": "cd417f8a-ce01-4ab2-921d-42e2e445bbe2",
  "indulgence": 0.3826286431978818,
  "laserlikeness": 0.6199246771165257,
  "martyrdom": 0.01,
  "moxie": 0.09160430329455632,
  "musclitude": 0.4638251667780039,
  "name": "Eizabeth Guerra",
  "omniscience": 0.5516409418724444,
  "overpowerment": 0.655126862036574,
  "patheticism": 0.9220122361464844,
  "peanutAllergy": true,
  "permAttr": [],
  "pressurization": 0.7902724055138329,
  "ritual": "Removing restraints",
  "ruthlessness": 0.06683991516412519,
  "seasAttr": [],
  "shakespearianism": 0.10042138504016825,
  "soul": 6,
  "suppression": 0.6457356664328371,
  "tenaciousness": 0.5518064339971926,
  "thwackability": 0.49083854916838926,
  "totalFingers": 11,
  "tragicness": 0.30000000000000004,
  "unthwackability": 0.0462977969105311,
  "watchfulness": 0.6391486274086258,
  "weekAttr": []
}