{
  "anticapitalism": 0.01,
  "armor": "",
  "baseThirst": 0.6585381285735923,
  "baserunningRating": 0.6843708545617234,
  "bat": "",
  "blood": 2,
  "buoyancy": 0.48969271347612486,
  "chasiness": 0.23573582358360287,
  "cinnamon": 0.14039004614355743,
  "coffee": 7,
  "coldness": 0.7025766839779473,
  "continuation": 0.5869292322632647,
  "deceased": false,
  "defenseRating": 0.35879207008930386,
  "divinity": 0.35798817894223633,
  "eDensity": 22.22211248064045,
  "evolution": 0,
  "fate": 42,
  "gameAttr": [],
  "groundFriction": 1.0594196821339583,
  "hitStreak": 0,
  "hittingRating": 0.40125053577407654,
  "id": "cd417f8a-ce01-4ab2-921d-42e2e445bbe2",
  "indulgence": 0.4359193322101908,
  "laserlikeness": 0.6610812587149684,
  "leagueTeamId": "adc5b394-8f76-416d-9ce9-813706877b84",
  "martyrdom": 0.05802625602022943,
  "moxie": 0.14235596979611986,
  "musclitude": 0.5047417645456911,
  "name": "Eizabeth Guerra",
  "omniscience": 0.42058528895969705,
  "overpowerment": 0.6010537284699806,
  "patheticism": 0.8488187198007413,
  "peanutAllergy": true,
  "permAttr": [],
  "pitchingRating": 0.015888322523532183,
  "pressurization": 0.7902724055138329,
  "ritual": "Removing restraints",
  "ruthlessness": 0.024998201944812143,
  "seasAttr": [],
  "shakespearianism": 0.06153213816710454,
  "soul": 6,
  "state": {},
  "suppression": 0.6033257532861284,
  "tenaciousness": 0.40785621771754066,
  "thwackability": 0.5587950723569715,
  "totalFingers": 11,
  "tournamentTeamId": null,
  "tragicness": 0.1,
  "unthwackability": 0.01,
  "watchfulness": 0.5096598736725723,
  "weekAttr": []
}