{
  "anticapitalism": 0.06438902402541859,
  "baseThirst": 0.7104978127210543,
  "baserunningRating": 0.734276079543297,
  "blood": 2,
  "buoyancy": 0.5685130827361226,
  "chasiness": 0.30588699278647724,
  "cinnamon": 0.2123391426718508,
  "coffee": 7,
  "coldness": 0.7713582827151929,
  "continuation": 0.6552988710977597,
  "deceased": false,
  "defenseRating": 0.4775600531356569,
  "divinity": 0.40203209989328104,
  "eDensity": 24.21964709969384,
  "evolution": 0,
  "fate": 42,
  "gameAttr": [],
  "groundFriction": 1.1310223151788548,
  "hitStreak": 0,
  "hittingRating": 0.4668110035688144,
  "id": "cd417f8a-ce01-4ab2-921d-42e2e445bbe2",
  "indulgence": 0.5081497603990759,
  "items": [],
  "laserlikeness": 0.7018200126859641,
  "leagueTeamId": "adc5b394-8f76-416d-9ce9-813706877b84",
  "martyrdom": 0.1328024100540708,
  "moxie": 0.19354999063100956,
  "musclitude": 0.5844831167483694,
  "name": "Eizabeth Guerra",
  "omniscience": 0.4854119398601204,
  "overpowerment": 0.6571320374102685,
  "patheticism": 0.7997598014761583,
  "peanutAllergy": false,
  "permAttr": [],
  "pitchingRating": 0.067016735137066,
  "pressurization": 0.7902724055138329,
  "ritual": "Removing restraints",
  "ruthlessness": 0.09122875878317496,
  "seasAttr": [],
  "shakespearianism": 0.11652814113728194,
  "soul": 6,
  "state": {},
  "suppression": 0.6478206373709063,
  "tenaciousness": 0.4764685362056875,
  "thwackability": 0.6360814904376875,
  "totalFingers": 11,
  "tournamentTeamId": null,
  "tragicness": 0.031432982440852644,
  "unthwackability": 0.05386620215164716,
  "watchfulness": 0.5856224305680038,
  "weekAttr": [
    "COFFEE_PERIL"
  ]
}