{
  "anticapitalism": 0.827802068254365,
  "armor": "",
  "baseThirst": 0.01,
  "bat": "",
  "blood": 5,
  "buoyancy": 0.05280644052953057,
  "chasiness": 0.36020584913082754,
  "cinnamon": 0.8549998284648654,
  "coffee": 7,
  "coldness": 0.4729022863293677,
  "continuation": 0.847827248350675,
  "deceased": false,
  "divinity": 0.537714599594038,
  "fate": 78,
  "gameAttr": [],
  "groundFriction": 0.4723007753851729,
  "id": "cd68d3a6-7fbc-445d-90f1-970c955e32f4",
  "indulgence": 0.06523814558308952,
  "laserlikeness": 0.7735536818790261,
  "martyrdom": 0.6157149226137166,
  "moxie": 0.5843339392476783,
  "musclitude": 0.5297173587173529,
  "name": "Miguel Wheeler",
  "omniscience": 0.738127729717863,
  "overpowerment": 0.8335347546522338,
  "patheticism": 0.399254857584443,
  "peanutAllergy": true,
  "permAttr": [],
  "pressurization": 0.1839258183789687,
  "ritual": "Theft",
  "ruthlessness": 0.4175127678573891,
  "seasAttr": [],
  "shakespearianism": 0.9463256435104126,
  "soul": 9,
  "suppression": 0.4247070021032733,
  "tenaciousness": 0.7256715465744215,
  "thwackability": 0.1859880253814268,
  "totalFingers": 11,
  "tragicness": 0.13,
  "unthwackability": 0.7852909712543545,
  "watchfulness": 0.2830024716851671,
  "weekAttr": []
}