{
  "_id": "cd68d3a6-7fbc-445d-90f1-970c955e32f4",
  "anticapitalism": 0.857802068254365,
  "armor": "",
  "baseThirst": 0.002554690034175522,
  "bat": "",
  "blood": 5,
  "buoyancy": 0.08280644052953057,
  "chasiness": 0.3902058491308275,
  "cinnamon": 0.8549998284648654,
  "coffee": 7,
  "coldness": 0.5029022863293677,
  "continuation": 0.877827248350675,
  "deceased": false,
  "divinity": 0.567714599594038,
  "fate": 78,
  "groundFriction": 0.5023007753851729,
  "indulgence": 0.09523814558308952,
  "laserlikeness": 0.8035536818790261,
  "martyrdom": 0.6457149226137167,
  "moxie": 0.6143339392476783,
  "musclitude": 0.559717358717353,
  "name": "Miguel Wheeler",
  "omniscience": 0.768127729717863,
  "overpowerment": 0.8635347546522338,
  "patheticism": 0.369254857584443,
  "peanutAllergy": true,
  "pressurization": 0.1839258183789687,
  "ritual": "Theft",
  "ruthlessness": 0.44751276785738914,
  "shakespearianism": 0.9763256435104126,
  "soul": 9,
  "suppression": 0.4547070021032733,
  "tenaciousness": 0.7556715465744215,
  "thwackability": 0.2159880253814268,
  "totalFingers": 10,
  "tragicness": 0.1,
  "unthwackability": 0.8152909712543546,
  "watchfulness": 0.31300247168516715
}