{
  "anticapitalism": 0.847802068254365,
  "armor": "",
  "baseThirst": 0.03,
  "bat": "",
  "blood": 5,
  "buoyancy": 0.01,
  "chasiness": 0.3802058491308275,
  "cinnamon": 0.8549998284648654,
  "coffee": 7,
  "coldness": 0.4929022863293677,
  "continuation": 0.867827248350675,
  "deceased": false,
  "divinity": 0.4577145995940381,
  "fate": 78,
  "gameAttr": [],
  "groundFriction": 0.4923007753851729,
  "id": "cd68d3a6-7fbc-445d-90f1-970c955e32f4",
  "indulgence": 0.08523814558308952,
  "laserlikeness": 0.7935536818790261,
  "martyrdom": 0.5357149226137167,
  "moxie": 0.5043339392476783,
  "musclitude": 0.44971735871735297,
  "name": "Miguel Wheeler",
  "omniscience": 0.758127729717863,
  "overpowerment": 0.8535347546522338,
  "patheticism": 0.479254857584443,
  "peanutAllergy": true,
  "permAttr": [],
  "pressurization": 0.1839258183789687,
  "ritual": "Theft",
  "ruthlessness": 0.43751276785738913,
  "seasAttr": [],
  "shakespearianism": 0.9663256435104126,
  "soul": 9,
  "suppression": 0.4447070021032733,
  "tenaciousness": 0.7456715465744215,
  "thwackability": 0.1059880253814268,
  "totalFingers": 12,
  "tragicness": 0.2,
  "unthwackability": 0.8052909712543546,
  "watchfulness": 0.30300247168516714,
  "weekAttr": []
}