{
  "anticapitalism": 0.8263081829272463,
  "armor": "",
  "baseThirst": 0.7114325897260874,
  "baserunningRating": 0.46069284416317063,
  "bat": "",
  "blood": 11,
  "buoyancy": 0.4293817629402188,
  "chasiness": 0.7088218520011236,
  "cinnamon": 0.747865256612493,
  "coffee": 12,
  "coldness": 0.5229235885832839,
  "continuation": 0.4278981842585827,
  "deceased": false,
  "defenseRating": 0.5239451391865025,
  "divinity": 0.8969351598730544,
  "eDensity": 0,
  "evolution": 0,
  "fate": 45,
  "gameAttr": [],
  "groundFriction": 0.8064383777638136,
  "hitStreak": 0,
  "hittingRating": 0.69937122731721,
  "id": "cd6b102e-1881-4079-9a37-455038bbf10e",
  "indulgence": 0.6252571907448206,
  "laserlikeness": 0.3087465523364623,
  "leagueTeamId": "979aee4a-6d80-4863-bf1c-ee1a78e06024",
  "martyrdom": 0.8584367516943197,
  "moxie": 0.4562487384662981,
  "musclitude": 0.5180031105645386,
  "name": "Caleb Morin",
  "omniscience": 0.18200245397185008,
  "overpowerment": 0.36884772636488394,
  "patheticism": 0.06340163642588095,
  "peanutAllergy": true,
  "permAttr": [],
  "pitchingRating": 0.4063213387886919,
  "pressurization": 0.04080517696673655,
  "ritual": "Hanging",
  "ruthlessness": 0.4676724178543732,
  "seasAttr": [],
  "shakespearianism": 0.14694320725452978,
  "soul": 3,
  "state": {},
  "suppression": 0.1981434243466464,
  "tenaciousness": 0.9960393752503648,
  "thwackability": 0.5584043588098064,
  "totalFingers": 10,
  "tournamentTeamId": null,
  "tragicness": 0.1,
  "unthwackability": 0.6199831810633583,
  "watchfulness": 0.08099747919617004,
  "weekAttr": []
}