{
  "anticapitalism": 0.6948923098661408,
  "armor": "",
  "baseThirst": 0.6747542585577646,
  "bat": "",
  "blood": 5,
  "buoyancy": 0.6423008095413416,
  "chasiness": 0.08943522881378253,
  "cinnamon": 0.806206699725476,
  "coffee": 6,
  "coldness": 0.36670302538215327,
  "continuation": 0.7915702172717136,
  "deceased": false,
  "divinity": 0.43761555614610903,
  "fate": 64,
  "gameAttr": [],
  "groundFriction": 0.933879390220917,
  "id": "ce0e57a7-89f5-41ea-80f9-6e649dd54089",
  "indulgence": 0.2084134775166957,
  "laserlikeness": 0.4070147643605994,
  "martyrdom": 0.9395797202936542,
  "moxie": 0.22332037693369844,
  "musclitude": 0.3981406748587162,
  "name": "Yong Wright",
  "omniscience": 0.6712747905927399,
  "overpowerment": 0.14429476176856793,
  "patheticism": 0.027940654642712993,
  "peanutAllergy": false,
  "permAttr": [],
  "pressurization": 0.27696823136728854,
  "ritual": "Reading",
  "ruthlessness": 0.6208618665503527,
  "seasAttr": [],
  "shakespearianism": 0.4645973995307313,
  "soul": 2,
  "suppression": 0.37098801323148933,
  "tenaciousness": 0.4727348536285474,
  "thwackability": 0.13950625712636056,
  "totalFingers": 12,
  "tragicness": 0.1,
  "unthwackability": 0.03,
  "watchfulness": 0.5327085603916799,
  "weekAttr": []
}