{
  "anticapitalism": 0.6748923098661408,
  "armor": "",
  "baseThirst": 0.6547542585577646,
  "bat": "",
  "blood": 5,
  "buoyancy": 0.6223008095413416,
  "chasiness": 0.06943522881378253,
  "cinnamon": 0.806206699725476,
  "coffee": 6,
  "coldness": 0.34670302538215325,
  "continuation": 0.7715702172717136,
  "deceased": false,
  "divinity": 0.417615556146109,
  "fate": 64,
  "gameAttr": [],
  "groundFriction": 0.913879390220917,
  "id": "ce0e57a7-89f5-41ea-80f9-6e649dd54089",
  "indulgence": 0.1884134775166957,
  "laserlikeness": 0.38701476436059945,
  "martyrdom": 0.9195797202936542,
  "moxie": 0.20332037693369845,
  "musclitude": 0.37814067485871616,
  "name": "Yong Wright",
  "omniscience": 0.6512747905927398,
  "overpowerment": 0.12429476176856794,
  "patheticism": 0.04794065464271299,
  "peanutAllergy": false,
  "permAttr": [],
  "pressurization": 0.27696823136728854,
  "ritual": "Reading",
  "ruthlessness": 0.6008618665503527,
  "seasAttr": [],
  "shakespearianism": 0.4445973995307313,
  "soul": 2,
  "suppression": 0.3509880132314893,
  "tenaciousness": 0.4527348536285474,
  "thwackability": 0.11950625712636057,
  "totalFingers": 11,
  "tragicness": 0.13,
  "unthwackability": 0.01,
  "watchfulness": 0.5127085603916799,
  "weekAttr": []
}