{
  "_id": "ce58415f-4e62-47e2-a2c9-4d6a85961e1e",
  "anticapitalism": 0.7114327930875295,
  "armor": "",
  "baseThirst": 0.23727485603105447,
  "bat": "",
  "blood": 8,
  "buoyancy": 0.26744567184962253,
  "chasiness": 0.4462672311102358,
  "cinnamon": 0.0387470733026527,
  "coffee": 12,
  "coldness": 0.5030701960232409,
  "continuation": 0.43616785603661223,
  "deceased": false,
  "divinity": 0.6737208987288417,
  "fate": 91,
  "groundFriction": 0.7275857299278785,
  "indulgence": 0.5515313562263982,
  "laserlikeness": 0.997874203948933,
  "martyrdom": 0.22104857585378723,
  "moxie": 0.02171169411930052,
  "musclitude": 0.10473855731548154,
  "name": "Schneider Blanco",
  "omniscience": 0.03422564385744997,
  "overpowerment": 0.9232742388641332,
  "patheticism": 0.7251228164116208,
  "peanutAllergy": false,
  "pressurization": 0.48442324628865285,
  "ritual": "Holotropic breathwork",
  "ruthlessness": 0.3988993217007275,
  "shakespearianism": 0.15964044491248375,
  "soul": 2,
  "suppression": 0.9260041455754482,
  "tenaciousness": 0.49417174624882665,
  "thwackability": 0.1743173099734432,
  "totalFingers": 10,
  "tragicness": 0.1,
  "unthwackability": 0.7735322731732415,
  "watchfulness": 0.09930794647707408
}