{
  "anticapitalism": 0.7516913010376236,
  "baseThirst": 0.32216432590183985,
  "baserunningRating": 0.8195909035548583,
  "blood": 8,
  "buoyancy": 0.26744567184962253,
  "chasiness": 0.47262907379985186,
  "cinnamon": 0.0387470733026527,
  "coffee": 12,
  "coldness": 0.5399148379956431,
  "continuation": 0.527294004818116,
  "deceased": false,
  "defenseRating": 0.3634269573925576,
  "divinity": 0.6737208987288417,
  "eDensity": 18.193150576620372,
  "evolution": 0,
  "fate": 91,
  "gameAttr": [],
  "groundFriction": 0.7748310795976626,
  "hitStreak": 0,
  "hittingRating": 0.27201091022948143,
  "id": "ce58415f-4e62-47e2-a2c9-4d6a85961e1e",
  "indulgence": 0.618694866295821,
  "itemAttr": [],
  "items": [],
  "laserlikeness": 1.1092552526412374,
  "leagueTeamId": "105bc3ff-1320-4e37-8ef0-8d595cb95dd0",
  "martyrdom": 0.22104857585378723,
  "moxie": 0.02171169411930052,
  "musclitude": 0.10473855731548154,
  "name": "Schneider Blanco",
  "omniscience": 0.05330402512565967,
  "overpowerment": 1.0173199587618371,
  "patheticism": 0.7251228164116208,
  "peanutAllergy": false,
  "permAttr": [],
  "pitchingRating": 0.5725641683402988,
  "pressurization": 0.48442324628865285,
  "ritual": "Holotropic breathwork",
  "ruthlessness": 0.4640375262767303,
  "seasAttr": [],
  "shakespearianism": 0.25643889667394393,
  "soul": 2,
  "state": {},
  "suppression": 0.9552384789626396,
  "tenaciousness": 0.5533575750548306,
  "thwackability": 0.1743173099734432,
  "totalFingers": 10,
  "tournamentTeamId": null,
  "tragicness": 0.1,
  "unthwackability": 0.8161228489137623,
  "watchfulness": 0.1300408186561593,
  "weekAttr": []
}