{
  "anticapitalism": 0.4803295505014884,
  "armor": "",
  "baseThirst": 0.5995234735707458,
  "baserunningRating": 0.2282281852364429,
  "bat": "",
  "blood": 11,
  "buoyancy": 0.22246054678100413,
  "chasiness": 0.2744027952959087,
  "cinnamon": 0.8626047595411002,
  "coffee": 1,
  "coldness": 0.1809796815832836,
  "continuation": 0.8651773346838505,
  "deceased": false,
  "defenseRating": 0.578162809208151,
  "divinity": 0.3733448545036786,
  "eDensity": 29.837308962478104,
  "evolution": 0,
  "fate": 4,
  "gameAttr": [],
  "groundFriction": 0.2861960860262227,
  "hitStreak": 0,
  "hittingRating": 0.428619476802764,
  "id": "ce99d7af-ba75-48a7-a5d8-d46f543829f2",
  "indulgence": 0.4523273594451595,
  "laserlikeness": 0.08939906555310961,
  "leagueTeamId": "23e4cbc1-e9cd-47fa-a35b-bfa06f726cb7",
  "martyrdom": 0.9983863016269876,
  "moxie": 0.6268378236898244,
  "musclitude": 0.6402323674661654,
  "name": "Lucy Tokkan",
  "omniscience": 0.7535869468480054,
  "overpowerment": 0.26375848576998995,
  "patheticism": 0.7875491631738178,
  "peanutAllergy": true,
  "permAttr": [],
  "pitchingRating": 0.7417479519638001,
  "pressurization": 0.7075461791391933,
  "ritual": "Regaining control",
  "ruthlessness": 0.9955623834614042,
  "seasAttr": [],
  "shakespearianism": 0.9730197690746144,
  "soul": 8,
  "state": {},
  "suppression": 0.32180461599511134,
  "tenaciousness": 0.4481226562312088,
  "thwackability": 0.3670516698742339,
  "totalFingers": 10,
  "tournamentTeamId": null,
  "tragicness": 0.4287891246365143,
  "unthwackability": 0.9019660118818849,
  "watchfulness": 0.2776598880442884,
  "weekAttr": []
}