{
  "anticapitalism": 0.8792241153782387,
  "armor": "",
  "baseThirst": 0.3872974175305659,
  "baserunningRating": 0.6169400274913149,
  "bat": "",
  "blood": 5,
  "buoyancy": 0.12680506003661351,
  "chasiness": 0.291037373925622,
  "cinnamon": 0.1613031670019376,
  "coffee": 1,
  "coldness": 0.4852192890397342,
  "continuation": 0.5754632039027947,
  "deceased": false,
  "defenseRating": 0.5264709420252035,
  "divinity": 0.29011269070983503,
  "eDensity": 23.71526120888927,
  "evolution": 0,
  "fate": 20,
  "gameAttr": [],
  "groundFriction": 0.4605288263924481,
  "hitStreak": 0,
  "hittingRating": 0.46317923782724224,
  "id": "ceac785e-55fd-4a4e-9bc8-17a662a58a38",
  "indulgence": 0.1703942777426093,
  "laserlikeness": 0.8549310684016194,
  "leagueTeamId": "57ec08cc-0411-4643-b304-0e80dbc15ac7",
  "martyrdom": 0.951904808868101,
  "moxie": 0.4009676157500084,
  "musclitude": 0.6436019577705314,
  "name": "Best Cerna",
  "omniscience": 0.3021172767474627,
  "overpowerment": 0.1585458780233049,
  "patheticism": 0.4545393711215129,
  "peanutAllergy": true,
  "permAttr": [],
  "pitchingRating": 0.06701853678327875,
  "pressurization": 0.4537774174226312,
  "ritual": "Baking",
  "ruthlessness": 0.009124796355595157,
  "seasAttr": [],
  "shakespearianism": 0.3721538192564209,
  "soul": 6,
  "state": {},
  "suppression": 0.4726111936206898,
  "tenaciousness": 0.2862061745534745,
  "thwackability": 0.5605637898801623,
  "totalFingers": 10,
  "tournamentTeamId": null,
  "tragicness": 0.1,
  "unthwackability": 0.4223995560787888,
  "watchfulness": 0.8550402967903983,
  "weekAttr": []
}