{
  "anticapitalism": 0.26875671280266666,
  "armor": "",
  "baseThirst": 0.1665930313810844,
  "bat": "",
  "blood": 3,
  "buoyancy": 0.19955034770655145,
  "chasiness": 0.30545201965051794,
  "cinnamon": 0.7107953543999921,
  "coffee": 13,
  "coldness": 0.3277203155814128,
  "continuation": 0.11569084010728248,
  "deceased": false,
  "divinity": 0.5941389682762099,
  "fate": 47,
  "gameAttr": [],
  "groundFriction": 0.8855420557716349,
  "id": "ceb5606d-ea3f-4471-9ca7-3d2e71a50dde",
  "indulgence": 0.7890651473705614,
  "laserlikeness": 0.8924195756080389,
  "martyrdom": 0.4834487048772684,
  "moxie": 0.8695670506313822,
  "musclitude": 0.1748074787947349,
  "name": "London Simmons",
  "omniscience": 0.768127752265086,
  "overpowerment": 0.8622614900159533,
  "patheticism": 0.7322207762260531,
  "peanutAllergy": false,
  "permAttr": [],
  "pressurization": 0.3795626665599223,
  "ritual": "Vlogging",
  "ruthlessness": 0.5138160049998834,
  "seasAttr": [],
  "shakespearianism": 0.3264653446060992,
  "soul": 6,
  "suppression": 0.2361609389053232,
  "tenaciousness": 0.723760723320463,
  "thwackability": 0.6308891764650206,
  "totalFingers": 10,
  "tragicness": 0.1,
  "unthwackability": 0.17682543519624927,
  "watchfulness": 0.2951290860688578,
  "weekAttr": []
}