{
  "anticapitalism": 0.478976753723757,
  "baseThirst": 0.5387801333535553,
  "baserunningRating": 0.6967890711144789,
  "blood": 4,
  "buoyancy": 0.2516370637129077,
  "chasiness": 0.34732188287168414,
  "cinnamon": 0.8387872345132348,
  "coffee": 10,
  "coldness": 0.575743863953883,
  "continuation": 0.34275733913638873,
  "deceased": false,
  "defenseRating": 0.38237323790166966,
  "divinity": 0.3966743202211887,
  "eDensity": 26.40345878759328,
  "evolution": 0,
  "fate": 65,
  "gameAttr": [
    "TIRED"
  ],
  "groundFriction": 0.8822709916747892,
  "hitStreak": 0,
  "hittingRating": 0.5903029362206407,
  "id": "cf8e152e-2d27-4dcc-ba2b-68127de4e6a4",
  "indulgence": 0.8897828511241573,
  "itemAttr": [],
  "items": [
    {
      "baserunningRating": 0,
      "defenseRating": 0,
      "durability": 1,
      "forger": null,
      "forgerName": null,
      "health": 1,
      "hittingRating": 0.030434852279491494,
      "id": "28a5b2a3-ec70-44ad-afd9-29680cc6e6f3",
      "name": "Bat",
      "pitchingRating": 0,
      "postPrefix": null,
      "prePrefix": null,
      "prefixes": null,
      "root": {
        "adjustments": [
          {
            "stat": 2,
            "type": 1,
            "value": 0.1125730844214968
          }
        ],
        "name": "Bat"
      },
      "suffix": null
    }
  ],
  "laserlikeness": 0.7144071411498595,
  "leagueTeamId": "f02aeae2-5e6a-4098-9842-02d2273f25c7",
  "martyrdom": 0.994277731565638,
  "moxie": 0.5772779914216734,
  "musclitude": 0.6064185499663931,
  "name": "Hen-ric-s Ric----s-n",
  "omniscience": 0.07,
  "overpowerment": 0.29532449952165485,
  "patheticism": 0.23376890259039457,
  "peanutAllergy": false,
  "permAttr": [
    "SCATTERED"
  ],
  "pitchingRating": 0.10245743870510812,
  "pressurization": 0.6638795184418913,
  "ritual": "Cold tub",
  "ruthlessness": 0.5690675590427077,
  "seasAttr": [],
  "shakespearianism": 0.3578218176028243,
  "soul": 7,
  "state": {
    "unscatteredName": "Hendricks Richardson"
  },
  "suppression": 0.4212366013843887,
  "tenaciousness": 0.3371364495207882,
  "thwackability": 0.7287945032755325,
  "totalFingers": 15,
  "tournamentTeamId": "a3ea6358-ce03-4f23-85f9-deb38cb81b20",
  "tragicness": 0.060000000000000005,
  "unthwackability": 0.03,
  "watchfulness": 0.7211420259877999,
  "weekAttr": []
}