{
  "anticapitalism": 0.538976753723757,
  "armor": "",
  "baseThirst": 0.5700165936799051,
  "bat": "",
  "blood": 4,
  "buoyancy": 0.11163706371290771,
  "chasiness": 0.40732188287168414,
  "cinnamon": 0.8387872345132348,
  "coffee": 10,
  "coldness": 0.575743863953883,
  "continuation": 0.38,
  "deceased": false,
  "divinity": 0.2566743202211887,
  "fate": 65,
  "gameAttr": [],
  "groundFriction": 0.9215033731221032,
  "hitStreak": 0,
  "id": "cf8e152e-2d27-4dcc-ba2b-68127de4e6a4",
  "indulgence": 0.9294892039116196,
  "laserlikeness": 0.7450704745504269,
  "martyrdom": 0.8542777315656379,
  "moxie": 0.4372779914216733,
  "musclitude": 0.46641854996639304,
  "name": "Hendricks Richardson",
  "omniscience": 0.13,
  "overpowerment": 0.29532449952165485,
  "patheticism": 0.3737689025903946,
  "peanutAllergy": true,
  "permAttr": [],
  "pressurization": 0.6638795184418913,
  "ritual": "Cold tub",
  "ruthlessness": 0.5690675590427077,
  "seasAttr": [],
  "shakespearianism": 0.3578218176028243,
  "soul": 7,
  "suppression": 0.4212366013843887,
  "tenaciousness": 0.3971364495207882,
  "thwackability": 0.5887945032755325,
  "totalFingers": 15,
  "tragicness": 0.1,
  "unthwackability": 0.03,
  "watchfulness": 0.7811420259877998,
  "weekAttr": []
}