{
  "anticapitalism": 0.4189767537237569,
  "armor": "",
  "baseThirst": 0.4500165936799051,
  "bat": "",
  "blood": 2,
  "buoyancy": 0.04163706371290771,
  "chasiness": 0.2873218828716841,
  "cinnamon": 0.8387872345132348,
  "coffee": 10,
  "coldness": 0.605743863953883,
  "continuation": 0.26,
  "deceased": false,
  "divinity": 0.18667432022118863,
  "fate": 67,
  "groundFriction": 0.8015033731221033,
  "id": "cf8e152e-2d27-4dcc-ba2b-68127de4e6a4",
  "indulgence": 0.8094892039116197,
  "laserlikeness": 0.6250704745504269,
  "martyrdom": 0.784277731565638,
  "moxie": 0.3672779914216732,
  "musclitude": 0.396418549966393,
  "name": "Hendricks Richardson",
  "omniscience": 0.01,
  "overpowerment": 0.3253244995216548,
  "patheticism": 0.44376890259039464,
  "peanutAllergy": true,
  "pressurization": 0.5938795184418912,
  "ritual": "Cold tub",
  "ruthlessness": 0.5990675590427077,
  "shakespearianism": 0.38782181760282425,
  "soul": 7,
  "suppression": 0.45123660138438865,
  "tenaciousness": 0.27713644952078814,
  "thwackability": 0.5187945032755326,
  "totalFingers": 11,
  "tragicness": 0.1,
  "unthwackability": 0.01,
  "watchfulness": 0.6611420259877998
}