{
  "anticapitalism": 0.4189767537237569,
  "armor": "",
  "baseThirst": 0.4500165936799051,
  "bat": "",
  "blood": 2,
  "buoyancy": 0.09163706371290772,
  "chasiness": 0.2873218828716841,
  "cinnamon": 0.8387872345132348,
  "coffee": 10,
  "coldness": 0.655743863953883,
  "continuation": 0.26,
  "deceased": false,
  "divinity": 0.23667432022118867,
  "fate": 65,
  "gameAttr": [],
  "groundFriction": 0.8015033731221033,
  "id": "cf8e152e-2d27-4dcc-ba2b-68127de4e6a4",
  "indulgence": 0.8094892039116197,
  "laserlikeness": 0.6250704745504269,
  "martyrdom": 0.8342777315656379,
  "moxie": 0.41727799142167327,
  "musclitude": 0.446418549966393,
  "name": "Hendricks Richardson",
  "omniscience": 0.01,
  "overpowerment": 0.3753244995216548,
  "patheticism": 0.3937689025903946,
  "peanutAllergy": true,
  "permAttr": [],
  "pressurization": 0.6638795184418913,
  "ritual": "Cold tub",
  "ruthlessness": 0.6490675590427076,
  "seasAttr": [],
  "shakespearianism": 0.43782181760282424,
  "soul": 7,
  "suppression": 0.5012366013843886,
  "tenaciousness": 0.27713644952078814,
  "thwackability": 0.5687945032755325,
  "totalFingers": 13,
  "tragicness": 0.060000000000000005,
  "unthwackability": 0.11,
  "watchfulness": 0.6611420259877998,
  "weekAttr": []
}