{
  "anticapitalism": 1.1492018793833594,
  "armor": "",
  "baseThirst": 0.9232812031251968,
  "baserunningRating": 0.7558595985780172,
  "bat": "",
  "blood": 5,
  "buoyancy": 0.298631218736892,
  "chasiness": 0.6942609826602898,
  "cinnamon": 0.4662993776086716,
  "coffee": 9,
  "coldness": 0.6500016520074322,
  "continuation": 0.3625599438556408,
  "deceased": false,
  "defenseRating": 0.8415299747551019,
  "divinity": 0.22119998464167057,
  "eDensity": 26.67247972575882,
  "evolution": 0,
  "fate": 98,
  "gameAttr": [],
  "groundFriction": 0.6680945510650175,
  "hitStreak": 0,
  "hittingRating": 0.4731485639841045,
  "id": "cfb42325-592a-4119-9b40-4cdc19959b09",
  "indulgence": 1.0254089713027907,
  "laserlikeness": 0.7669949306412731,
  "leagueTeamId": "c73b705c-40ad-4633-a6ed-d357ee2e2bcf",
  "martyrdom": 1.0282928230408364,
  "moxie": 0.3710622765325381,
  "musclitude": 1.1437300153667729,
  "name": "Nandy Slumps",
  "omniscience": 0.473194955785831,
  "overpowerment": 0.5892791702441568,
  "patheticism": 0.07405060159426421,
  "peanutAllergy": false,
  "permAttr": [],
  "pitchingRating": 0.5686996504889553,
  "pressurization": 0.3734570949702994,
  "ritual": "Intermittent fasting",
  "ruthlessness": 0.3412629977123441,
  "seasAttr": [],
  "shakespearianism": 0.89424340671319,
  "soul": 5,
  "state": {},
  "suppression": 0.7356551305695068,
  "tenaciousness": 1.0771600359370923,
  "thwackability": 0.646387856251261,
  "totalFingers": 10,
  "tournamentTeamId": null,
  "tragicness": 0.001,
  "unthwackability": 0.935968778888256,
  "watchfulness": 0.8592828329183382,
  "weekAttr": []
}