{
  "anticapitalism": 0.9524608531150138,
  "armor": "",
  "baseThirst": 0.7197253619149611,
  "baserunningRating": 0.5783442340920053,
  "bat": "",
  "blood": 5,
  "buoyancy": 0.11446496074679112,
  "chasiness": 0.5034642046942961,
  "cinnamon": 0.26232988960969883,
  "coffee": 9,
  "coldness": 0.4518204095667535,
  "continuation": 0.17073485733462035,
  "deceased": false,
  "defenseRating": 0.6790497719004719,
  "divinity": 0.030808490988514237,
  "fate": 98,
  "gameAttr": [],
  "groundFriction": 0.4837460936101239,
  "hitStreak": 0,
  "hittingRating": 0.1925322355423121,
  "id": "cfb42325-592a-4119-9b40-4cdc19959b09",
  "indulgence": 0.8896296861883177,
  "laserlikeness": 0.6021569070087367,
  "martyrdom": 0.8695356950957125,
  "moxie": 0.17971468745512942,
  "musclitude": 0.9786071569673408,
  "name": "Nandy Slumps",
  "omniscience": 0.2907520551618181,
  "overpowerment": 0.3821637232195845,
  "patheticism": 0.28395410899184226,
  "peanutAllergy": false,
  "permAttr": [],
  "pitchingRating": 0.35541369068876155,
  "pressurization": 0.3734570949702994,
  "ritual": "Intermittent fasting",
  "ruthlessness": 0.18626394766224452,
  "seasAttr": [],
  "shakespearianism": 0.7186514704441278,
  "soul": 5,
  "suppression": 0.5265593683408925,
  "tenaciousness": 0.8803799769973717,
  "thwackability": 0.4511258240673739,
  "totalFingers": 10,
  "tragicness": 0.1,
  "unthwackability": 0.7188503189019648,
  "watchfulness": 0.6634595407340862,
  "weekAttr": []
}