{
  "anticapitalism": 1.0772847208982823,
  "baseThirst": 0.9449203367204604,
  "baserunningRating": 0.7504781670127247,
  "blood": 5,
  "buoyancy": 0.3974749952734701,
  "chasiness": 0.6808571919323376,
  "cinnamon": 0.4233204391691174,
  "coffee": 9,
  "coldness": 0.6914690926163138,
  "continuation": 0.43202298618707535,
  "deceased": false,
  "defenseRating": 0.8303458318318332,
  "divinity": 0.2509968060875951,
  "eDensity": 26.757345741754847,
  "evolution": 0,
  "fate": 98,
  "gameAttr": [],
  "groundFriction": 0.7062998318513865,
  "hitStreak": 0,
  "hittingRating": 0.5109485372441429,
  "id": "cfb42325-592a-4119-9b40-4cdc19959b09",
  "indulgence": 0.9955239883569692,
  "itemAttr": [],
  "items": [
    {
      "baserunningRating": 0,
      "defenseRating": 0,
      "durability": 1,
      "forger": null,
      "forgerName": null,
      "health": 0,
      "hittingRating": 0,
      "id": "efa4f599-c8c3-4ecc-b11e-4113d76e0c93",
      "name": "Ring",
      "pitchingRating": 0.06473796558302247,
      "postPrefix": null,
      "prePrefix": null,
      "prefixes": null,
      "root": {
        "adjustments": [
          {
            "stat": 19,
            "type": 1,
            "value": 0.10202140704927536
          }
        ],
        "name": "Ring"
      },
      "suffix": null
    }
  ],
  "laserlikeness": 0.7229155189232426,
  "leagueTeamId": "c73b705c-40ad-4633-a6ed-d357ee2e2bcf",
  "martyrdom": 1.045047802348284,
  "moxie": 0.4113862896959351,
  "musclitude": 1.1172174978777392,
  "name": "Nandy Slumps",
  "omniscience": 0.43589756833004034,
  "overpowerment": 0.6493990663395178,
  "patheticism": 0.14764747293081645,
  "peanutAllergy": false,
  "permAttr": [],
  "pitchingRating": 0.5878482841619913,
  "pressurization": 0.3734570949702994,
  "ritual": "Intermittent fasting",
  "ruthlessness": 0.3616409618219073,
  "seasAttr": [],
  "shakespearianism": 0.908947804015631,
  "soul": 4,
  "state": {},
  "suppression": 0.7684088743166144,
  "tenaciousness": 1.1013163341798824,
  "thwackability": 0.7053366175056944,
  "totalFingers": 10,
  "tournamentTeamId": null,
  "tragicness": 0.008759677800479704,
  "unthwackability": 0.921421818444105,
  "watchfulness": 0.9217444177917892,
  "weekAttr": []
}