{
  "anticapitalism": 1.2006804888200764,
  "baseThirst": 1.0021218279729818,
  "baserunningRating": 0.8185549005927492,
  "blood": 5,
  "buoyancy": 0.37714201809936687,
  "chasiness": 0.7514422447316983,
  "cinnamon": 0.5409190397138712,
  "coffee": 9,
  "coldness": 0.7297127119836112,
  "continuation": 0.44173734917499297,
  "deceased": false,
  "defenseRating": 0.8919212754987564,
  "divinity": 0.2781662182221719,
  "eDensity": 30.309715244129663,
  "evolution": 0,
  "fate": 98,
  "gameAttr": [],
  "groundFriction": 0.7081791248117548,
  "hitStreak": 0,
  "hittingRating": 0.5418920482896233,
  "id": "cfb42325-592a-4119-9b40-4cdc19959b09",
  "indulgence": 1.082163377118874,
  "items": [],
  "laserlikeness": 0.8317475048088321,
  "leagueTeamId": "c73b705c-40ad-4633-a6ed-d357ee2e2bcf",
  "martyrdom": 1.0852194632703824,
  "moxie": 0.44650933303818574,
  "musclitude": 1.1932461139330963,
  "name": "Nandy Slumps",
  "omniscience": 0.5403126040473851,
  "overpowerment": 0.6687871884422955,
  "patheticism": 0.001,
  "peanutAllergy": false,
  "permAttr": [],
  "pitchingRating": 0.6490196676373944,
  "pressurization": 0.3734570949702994,
  "ritual": "Intermittent fasting",
  "ruthlessness": 0.39817344308158553,
  "seasAttr": [],
  "shakespearianism": 0.9740005671633964,
  "soul": 5,
  "state": {},
  "suppression": 0.8129094044221594,
  "tenaciousness": 1.1367852860278398,
  "thwackability": 0.711353519383524,
  "totalFingers": 10,
  "tournamentTeamId": null,
  "tragicness": 0.001,
  "unthwackability": 1.0139161994175103,
  "watchfulness": 0.936041471451894,
  "weekAttr": []
}