{
  "anticapitalism": 1.0798854674863174,
  "armor": "",
  "baseThirst": 0.8687972749148681,
  "baserunningRating": 0.7016242295524776,
  "bat": "",
  "blood": 5,
  "buoyancy": 0.2411888197847855,
  "chasiness": 0.6319247594304807,
  "cinnamon": 0.4096477924518936,
  "coffee": 9,
  "coldness": 0.6068660136077195,
  "continuation": 0.28679922281628417,
  "deceased": false,
  "defenseRating": 0.7999354553468604,
  "divinity": 0.14984506715153556,
  "eDensity": 24.870148590549057,
  "evolution": 0,
  "fate": 98,
  "gameAttr": [],
  "groundFriction": 0.6241076799018488,
  "hitStreak": 0,
  "hittingRating": 0.3839020107443441,
  "id": "cfb42325-592a-4119-9b40-4cdc19959b09",
  "indulgence": 0.9795353682120976,
  "laserlikeness": 0.7172225620383537,
  "leagueTeamId": "c73b705c-40ad-4633-a6ed-d357ee2e2bcf",
  "martyrdom": 0.9830492860283544,
  "moxie": 0.2921337418862408,
  "musclitude": 1.083464733267793,
  "name": "Nandy Slumps",
  "omniscience": 0.4320338742400277,
  "overpowerment": 0.5136318817298515,
  "patheticism": 0.1456040917730673,
  "peanutAllergy": false,
  "permAttr": [],
  "pitchingRating": 0.4963211223218637,
  "pressurization": 0.3734570949702994,
  "ritual": "Intermittent fasting",
  "ruthlessness": 0.28652319040768487,
  "seasAttr": [],
  "shakespearianism": 0.8468512238766398,
  "soul": 5,
  "state": {},
  "suppression": 0.6694511166327003,
  "tenaciousness": 1.0314925790720058,
  "thwackability": 0.5671178942095846,
  "totalFingers": 10,
  "tournamentTeamId": null,
  "tragicness": 0.001,
  "unthwackability": 0.8667344067365474,
  "watchfulness": 0.7916597775667364,
  "weekAttr": []
}