{
  "_id": "d0d7b8fe-bad8-481f-978e-cb659304ed49",
  "anticapitalism": 0.20725121502833005,
  "armor": "",
  "baseThirst": 0.924324369525506,
  "bat": "",
  "blood": 11,
  "buoyancy": 0.23393635759508724,
  "chasiness": 0.5200948267242291,
  "cinnamon": 0.02220104223285091,
  "coffee": 10,
  "coldness": 0.3797180282053573,
  "continuation": 0.6882674086606695,
  "deceased": false,
  "divinity": 0.4877251591413314,
  "fate": 35,
  "groundFriction": 0.25449909321887754,
  "indulgence": 0.44540780925824985,
  "laserlikeness": 0.5491964052699563,
  "martyrdom": 0.8321141112564505,
  "moxie": 0.09893230761977125,
  "musclitude": 0.27822996801484456,
  "name": "Adalberto Tosser",
  "omniscience": 0.15314805737366582,
  "overpowerment": 0.1271101801561893,
  "patheticism": 0.10258223192672976,
  "peanutAllergy": true,
  "pressurization": 0.6889340729236781,
  "ritual": "Nursing a grudge",
  "ruthlessness": 0.6107112499551741,
  "shakespearianism": 0.7143557716632021,
  "soul": 7,
  "suppression": 0.9149075127838022,
  "tenaciousness": 0.9712574145856904,
  "thwackability": 0.30641751547772333,
  "totalFingers": 11,
  "tragicness": 0.1,
  "unthwackability": 0.804273396122317,
  "watchfulness": 0.5153489980883659
}