{
  "anticapitalism": 0.868439271793497,
  "armor": "",
  "baseThirst": 0.5862090776624831,
  "baserunningRating": 0.46995839285793056,
  "bat": "",
  "blood": 7,
  "buoyancy": 0.6943400350545783,
  "chasiness": 0.14564986040937522,
  "cinnamon": 0.05527859030975368,
  "coffee": 3,
  "coldness": 0.4415689988927871,
  "continuation": 0.5746246951841232,
  "deceased": false,
  "defenseRating": 0.4933318831673751,
  "divinity": 0.5319571426131504,
  "eDensity": 21.74652164081176,
  "evolution": 1,
  "fate": 13,
  "gameAttr": [],
  "groundFriction": 0.6334406536450079,
  "hitStreak": 0,
  "hittingRating": 0.46423164133782846,
  "id": "d0ffc9c2-e677-4230-a639-b0ae11650501",
  "indulgence": 0.30594795913420314,
  "laserlikeness": 0.3812069028051443,
  "leagueTeamId": "bb4a9de5-c924-4923-a0cb-9d1445f1ee5d",
  "martyrdom": 0.624204785802337,
  "moxie": 0.10093643804045294,
  "musclitude": 0.8824658915722217,
  "name": "Kaz Fiasco",
  "omniscience": 0.6714287518276714,
  "overpowerment": 0.9252825714498778,
  "patheticism": 0.059677648591126786,
  "peanutAllergy": false,
  "permAttr": [],
  "pitchingRating": 0.5362668884671175,
  "pressurization": 0.279931275499002,
  "ritual": "Spying",
  "ruthlessness": 0.8687340336344933,
  "seasAttr": [],
  "shakespearianism": 0.8797802677886899,
  "soul": 4,
  "state": {},
  "suppression": 0.0927533221505814,
  "tenaciousness": 0.18621937659136667,
  "thwackability": 0.3780861395791988,
  "totalFingers": 10,
  "tournamentTeamId": null,
  "tragicness": 0.7035288091345133,
  "unthwackability": 0.3520832865719046,
  "watchfulness": 0.4318100115152139,
  "weekAttr": []
}