{
  "anticapitalism": 1.0315026107255094,
  "armor": "",
  "baseThirst": 0.7243979938595116,
  "baserunningRating": 0.5981430426622353,
  "bat": "",
  "blood": 7,
  "buoyancy": 0.913216393486498,
  "chasiness": 0.28788149065404445,
  "cinnamon": 0.1440661460119685,
  "coffee": 3,
  "coldness": 0.6089643212374375,
  "continuation": 0.7272989604254935,
  "deceased": false,
  "defenseRating": 0.6450680628538678,
  "divinity": 0.7845984809240831,
  "eDensity": 26.565719078956946,
  "evolution": 1,
  "fate": 13,
  "gameAttr": [],
  "groundFriction": 0.7622499985382651,
  "hitStreak": 0,
  "hittingRating": 0.7198462841605582,
  "id": "d0ffc9c2-e677-4230-a639-b0ae11650501",
  "indulgence": 0.4596380639712903,
  "laserlikeness": 0.501613696370353,
  "leagueTeamId": "bb4a9de5-c924-4923-a0cb-9d1445f1ee5d",
  "martyrdom": 0.8557954737971586,
  "moxie": 0.3329699502346349,
  "musclitude": 1.1541497483287952,
  "name": "Kaz Fiasco",
  "omniscience": 0.7984577204563856,
  "overpowerment": 1.0470723956543018,
  "patheticism": 0.001,
  "peanutAllergy": false,
  "permAttr": [],
  "pitchingRating": 0.6891881930314732,
  "pressurization": 0.279931275499002,
  "ritual": "Spying",
  "ruthlessness": 1.0030409886663194,
  "seasAttr": [],
  "shakespearianism": 1.0025140231391805,
  "soul": 4,
  "state": {},
  "suppression": 0.2473361057889019,
  "tenaciousness": 0.32971839866386615,
  "thwackability": 0.6285293364311628,
  "totalFingers": 10,
  "tournamentTeamId": null,
  "tragicness": 0.4723454022499291,
  "unthwackability": 0.47882852672534887,
  "watchfulness": 0.6061514089188808,
  "weekAttr": []
}