{
  "anticapitalism": 0.6427609379035342,
  "baseThirst": 0.6386911555765608,
  "baserunningRating": 0.880978428047118,
  "blood": 10,
  "buoyancy": 0.7800872773917786,
  "chasiness": 0.270910595718948,
  "cinnamon": 0.4010983566309134,
  "coffee": 4,
  "coldness": 0.562353432346838,
  "continuation": 0.4668087465274269,
  "deceased": true,
  "defenseRating": 0.7583667221425022,
  "divinity": 0.7130648384620049,
  "eDensity": 0,
  "evolution": 0,
  "fate": 41,
  "gameAttr": [],
  "groundFriction": 0.9810588033497571,
  "hitStreak": 0,
  "hittingRating": 0.6126514151523491,
  "id": "d1a7c13f-8e78-4d2e-9cae-ebf3a5fcdb5d",
  "indulgence": 1.1236508770799998,
  "itemAttr": [],
  "items": [],
  "laserlikeness": 0.9695702566584812,
  "leagueTeamId": null,
  "martyrdom": 0.4365965568330457,
  "moxie": 0.6677121601196658,
  "musclitude": 0.9753048178744156,
  "name": "Elijah Bates",
  "omniscience": 0.8146520204788545,
  "overpowerment": 0.5645040431355317,
  "patheticism": 0.37968566625677175,
  "peanutAllergy": false,
  "permAttr": [
    "INHABITING"
  ],
  "pitchingRating": 0.4895505162061424,
  "pressurization": 0.5411428110520682,
  "ritual": "Knitting",
  "ruthlessness": 0.3063473348813644,
  "seasAttr": [],
  "shakespearianism": 1.1139391223600583,
  "soul": 4,
  "state": {},
  "suppression": 0.4024167812365383,
  "tenaciousness": 1.016396395965684,
  "thwackability": 0.42689939069081545,
  "totalFingers": 11,
  "tournamentTeamId": null,
  "tragicness": 0.1,
  "unthwackability": 0.7383305940596985,
  "watchfulness": 0.5270437857710089,
  "weekAttr": [
    "MARKED"
  ]
}