{
  "anticapitalism": 1.01311203741126,
  "baseThirst": 0.6487075824229566,
  "baserunningRating": 0.4234851901051304,
  "blood": 7,
  "buoyancy": 0.8700409061585807,
  "chasiness": 1.060276730825869,
  "cinnamon": 0.4608977149572559,
  "coffee": 12,
  "coldness": 0.873440030390508,
  "continuation": 0.5613984892089592,
  "deceased": false,
  "defenseRating": 0.9271459635025704,
  "divinity": 0.7288552442980905,
  "eDensity": 29.98467622162945,
  "evolution": 0,
  "fate": 15,
  "gameAttr": [],
  "groundFriction": 0.07339014108031545,
  "hitStreak": 0,
  "hittingRating": 0.3804838480764306,
  "id": "d23a1f7e-0071-444e-8361-6ae01f13036f",
  "indulgence": 0.2516252149710079,
  "itemAttr": [],
  "items": [],
  "laserlikeness": 0.4876789777640393,
  "leagueTeamId": "a37f9158-7f82-46bc-908c-c9e2dda7c33b",
  "martyrdom": 1.041355960014178,
  "moxie": 0.923104867128844,
  "musclitude": 0.5298607130928475,
  "name": "Edric Tosser",
  "omniscience": 0.8602181247339434,
  "overpowerment": 0.6241959285788911,
  "patheticism": 0.9074442229124384,
  "peanutAllergy": true,
  "permAttr": [
    "ALTERNATE"
  ],
  "pitchingRating": 0.5524101728343613,
  "pressurization": 0.5350042475458512,
  "ritual": "Carbo-loading",
  "ruthlessness": 0.4518869418041688,
  "seasAttr": [],
  "shakespearianism": 0.4550226796034198,
  "soul": 7,
  "state": {},
  "suppression": 0.22909437875134608,
  "tenaciousness": 0.9164598493606104,
  "thwackability": 0.14198993570379562,
  "totalFingers": 11,
  "tournamentTeamId": null,
  "tragicness": 0.0573485103841473,
  "unthwackability": 0.782050790206378,
  "watchfulness": 0.7030081325978115,
  "weekAttr": []
}