{
  "_id": "d23a1f7e-0071-444e-8361-6ae01f13036f",
  "anticapitalism": 0.5691108099091832,
  "armor": "",
  "baseThirst": 0.09,
  "bat": "",
  "blood": 7,
  "buoyancy": 0.38003094070504345,
  "chasiness": 0.6989803747214686,
  "cinnamon": 0.4027088739720155,
  "coffee": 12,
  "coldness": 0.6140959827114951,
  "continuation": 0.09,
  "deceased": false,
  "divinity": 1.044150045600048,
  "fate": 90,
  "groundFriction": 0.12056393959072752,
  "indulgence": 0.09,
  "laserlikeness": 0.4185946524702436,
  "martyrdom": 0.6619046822234959,
  "moxie": 0.6751376497854534,
  "musclitude": 0.4424103303566415,
  "name": "Edric Tosser",
  "omniscience": 0.2445862568097349,
  "overpowerment": 0.7005240963428787,
  "patheticism": 0.474507512541055,
  "peanutAllergy": true,
  "pressurization": 0.5350042475458512,
  "ritual": "Carbo-loading",
  "ruthlessness": 0.3433025052587035,
  "shakespearianism": 0.03508414555596223,
  "soul": 7,
  "suppression": 0.142907127318522,
  "tenaciousness": 0.8210320700395145,
  "thwackability": 0.7349896653334967,
  "totalFingers": 11,
  "tragicness": 0.1,
  "unthwackability": 0.3835987322502061,
  "watchfulness": 0.09
}