{
  "anticapitalism": 0.9950744250072344,
  "baseThirst": 0.587106578113598,
  "baserunningRating": 0.5473333821429349,
  "blood": 4,
  "buoyancy": 0.1858250836384248,
  "chasiness": 0.3102670383588562,
  "cinnamon": 0.959941876981987,
  "coffee": 10,
  "coldness": 0.6334817167668362,
  "continuation": 0.27778876699065363,
  "deceased": false,
  "defenseRating": 0.6977180857880526,
  "divinity": 0.07063403578516961,
  "eDensity": 20.06519532113918,
  "evolution": 0,
  "fate": 73,
  "gameAttr": [],
  "groundFriction": 0.8311669400183188,
  "hitStreak": 0,
  "hittingRating": 0.26876887371397445,
  "id": "d2a1e734-60d9-4989-b7d9-6eacda70486b",
  "indulgence": 0.226929415381802,
  "itemAttr": [
    "PARASITE"
  ],
  "items": [
    {
      "baserunningRating": 0,
      "defenseRating": 0,
      "durability": 2,
      "forger": null,
      "forgerName": null,
      "health": 2,
      "hittingRating": 0.0014599394542313404,
      "id": "22d15a06-759b-43a0-9e25-12f126e5bcb8",
      "name": "Parasitic Jersey",
      "pitchingRating": 0,
      "postPrefix": null,
      "prePrefix": null,
      "prefixes": [
        {
          "adjustments": [
            {
              "mod": "PARASITE",
              "type": 0
            }
          ],
          "name": "Parasitic"
        }
      ],
      "root": {
        "adjustments": [
          {
            "stat": 5,
            "type": 1,
            "value": 0.11035439957012971
          }
        ],
        "name": "Jersey"
      },
      "suffix": null
    }
  ],
  "laserlikeness": 0.6010377323680807,
  "leagueTeamId": "23e4cbc1-e9cd-47fa-a35b-bfa06f726cb7",
  "martyrdom": 0.42574756252400703,
  "moxie": 0.8681465386225232,
  "musclitude": 1.0657686276652434,
  "name": "Tiana Takahashi",
  "omniscience": 0.8153971038739746,
  "overpowerment": 0.9973073609169156,
  "patheticism": 0.4178730237225948,
  "peanutAllergy": false,
  "permAttr": [],
  "pitchingRating": 0.8101654963769417,
  "pressurization": 0.18765823310585017,
  "ritual": "Runes",
  "ruthlessness": 1.1146039834004833,
  "seasAttr": [],
  "shakespearianism": 0.116078958476636,
  "soul": 2,
  "state": {
    "itemModSources": {
      "PARASITE": [
        "22d15a06-759b-43a0-9e25-12f126e5bcb8"
      ]
    }
  },
  "suppression": 0.98207425601654,
  "tenaciousness": 0.39885445022031846,
  "thwackability": 0.3827524524939317,
  "totalFingers": 10,
  "tournamentTeamId": null,
  "tragicness": 0.022843141084337555,
  "unthwackability": 0.9479051916788196,
  "watchfulness": 0.8372234583080168,
  "weekAttr": []
}