{
  "anticapitalism": 0.9610343518596542,
  "baseThirst": 0.587106578113598,
  "baserunningRating": 0.5000764291461668,
  "blood": 4,
  "buoyancy": 0.1169440274624649,
  "chasiness": 0.2672494024202783,
  "cinnamon": 0.9243252066653688,
  "coffee": 10,
  "coldness": 0.5961218486925706,
  "continuation": 0.1603641626247709,
  "deceased": false,
  "defenseRating": 0.6578004084319888,
  "divinity": 0.041250455584755485,
  "eDensity": 17.45734831435748,
  "evolution": 0,
  "fate": 73,
  "gameAttr": [],
  "groundFriction": 0.7491405791208103,
  "hitStreak": 0,
  "hittingRating": 0.19320375131165105,
  "id": "d2a1e734-60d9-4989-b7d9-6eacda70486b",
  "indulgence": 0.17679402024095747,
  "itemAttr": [
    "PARASITE"
  ],
  "items": [
    {
      "baserunningRating": 0,
      "defenseRating": 0,
      "durability": 2,
      "forger": null,
      "forgerName": null,
      "health": 2,
      "hittingRating": 0.0014599394542313404,
      "id": "22d15a06-759b-43a0-9e25-12f126e5bcb8",
      "name": "Parasitic Jersey",
      "pitchingRating": 0,
      "postPrefix": null,
      "prePrefix": null,
      "prefixes": [
        {
          "adjustments": [
            {
              "mod": "PARASITE",
              "type": 0
            }
          ],
          "name": "Parasitic"
        }
      ],
      "root": {
        "adjustments": [
          {
            "stat": 5,
            "type": 1,
            "value": 0.11035439957012971
          }
        ],
        "name": "Jersey"
      },
      "suffix": null
    }
  ],
  "laserlikeness": 0.6010377323680807,
  "leagueTeamId": "23e4cbc1-e9cd-47fa-a35b-bfa06f726cb7",
  "martyrdom": 0.42574756252400703,
  "moxie": 0.836510066850155,
  "musclitude": 0.9876983316849516,
  "name": "Tiana Takahashi",
  "omniscience": 0.7779101759511464,
  "overpowerment": 0.7608631619146027,
  "patheticism": 0.4828712408410034,
  "peanutAllergy": false,
  "permAttr": [],
  "pitchingRating": 0.6340220959984689,
  "pressurization": 0.10446151011552995,
  "ritual": "Runes",
  "ruthlessness": 0.9989514516519864,
  "seasAttr": [],
  "shakespearianism": 0.02895415324880779,
  "soul": 2,
  "state": {
    "itemModSources": {
      "PARASITE": [
        "22d15a06-759b-43a0-9e25-12f126e5bcb8"
      ]
    }
  },
  "suppression": 0.945939967613159,
  "tenaciousness": 0.3501255994891132,
  "thwackability": 0.2665594466031725,
  "totalFingers": 10,
  "tournamentTeamId": null,
  "tragicness": 0.1,
  "unthwackability": 0.9100649495283876,
  "watchfulness": 0.7961210324059489,
  "weekAttr": []
}