{
  "anticapitalism": 0.9950744250072344,
  "baseThirst": 0.587106578113598,
  "baserunningRating": 0.5338381594857772,
  "blood": 4,
  "buoyancy": 0.1169440274624649,
  "chasiness": 0.2672494024202783,
  "cinnamon": 0.9243252066653688,
  "coffee": 10,
  "coldness": 0.6334817167668362,
  "continuation": 0.27778876699065363,
  "deceased": false,
  "defenseRating": 0.663425305586922,
  "divinity": 0.041250455584755485,
  "eDensity": 18.92331270894964,
  "evolution": 0,
  "fate": 73,
  "gameAttr": [],
  "groundFriction": 0.8311669400183188,
  "hitStreak": 0,
  "hittingRating": 0.2040512891137072,
  "id": "d2a1e734-60d9-4989-b7d9-6eacda70486b",
  "indulgence": 0.17679402024095747,
  "itemAttr": [
    "PARASITE"
  ],
  "items": [
    {
      "baserunningRating": 0,
      "defenseRating": 0,
      "durability": 2,
      "forger": null,
      "forgerName": null,
      "health": 2,
      "hittingRating": 0.0014599394542313404,
      "id": "22d15a06-759b-43a0-9e25-12f126e5bcb8",
      "name": "Parasitic Jersey",
      "pitchingRating": 0,
      "postPrefix": null,
      "prePrefix": null,
      "prefixes": [
        {
          "adjustments": [
            {
              "mod": "PARASITE",
              "type": 0
            }
          ],
          "name": "Parasitic"
        }
      ],
      "root": {
        "adjustments": [
          {
            "stat": 5,
            "type": 1,
            "value": 0.11035439957012971
          }
        ],
        "name": "Jersey"
      },
      "suffix": null
    }
  ],
  "laserlikeness": 0.6010377323680807,
  "leagueTeamId": "23e4cbc1-e9cd-47fa-a35b-bfa06f726cb7",
  "martyrdom": 0.42574756252400703,
  "moxie": 0.836510066850155,
  "musclitude": 0.9876983316849516,
  "name": "Tiana Takahashi",
  "omniscience": 0.7779101759511464,
  "overpowerment": 0.8371853403784175,
  "patheticism": 0.4828712408410034,
  "peanutAllergy": false,
  "permAttr": [],
  "pitchingRating": 0.7328922567702493,
  "pressurization": 0.10446151011552995,
  "ritual": "Runes",
  "ruthlessness": 1.0400538775540542,
  "seasAttr": [],
  "shakespearianism": 0.07306132253805808,
  "soul": 2,
  "state": {
    "itemModSources": {
      "PARASITE": [
        "22d15a06-759b-43a0-9e25-12f126e5bcb8"
      ]
    }
  },
  "suppression": 0.945939967613159,
  "tenaciousness": 0.3501255994891132,
  "thwackability": 0.3112055270188054,
  "totalFingers": 10,
  "tournamentTeamId": null,
  "tragicness": 0.06079906641624997,
  "unthwackability": 0.9479051916788196,
  "watchfulness": 0.8372234583080168,
  "weekAttr": []
}