{
  "anticapitalism": 0.3366074289101624,
  "armor": "",
  "baseThirst": 0.1590393516710431,
  "bat": "",
  "blood": 3,
  "buoyancy": 0.9140030107425252,
  "chasiness": 0.893369490792356,
  "cinnamon": 0.962451194972961,
  "coffee": 3,
  "coldness": 0.18269140036212864,
  "continuation": 0.43314914815331185,
  "deceased": false,
  "divinity": 0.8270124273989342,
  "fate": 99,
  "gameAttr": [],
  "groundFriction": 0.2905863740484931,
  "id": "d2d76815-cbdc-4c4b-9c9e-32ebf2297cc7",
  "indulgence": 0.4184245241864224,
  "laserlikeness": 0.2980487019905318,
  "martyrdom": 0.6594239475136588,
  "moxie": 0.5914688308262946,
  "musclitude": 0.5452515599999478,
  "name": "Denzel Scott",
  "omniscience": 0.0058499125426370036,
  "overpowerment": 0.20333318833364972,
  "patheticism": 0.14732410210609542,
  "peanutAllergy": true,
  "permAttr": [],
  "pressurization": 1.0401670756416868,
  "ritual": "Landscapes",
  "ruthlessness": 0.7754788572903434,
  "seasAttr": [],
  "shakespearianism": 0.5004369722277398,
  "soul": 3,
  "suppression": 0.11,
  "tenaciousness": 0.33123587632890383,
  "thwackability": 0.949750126239084,
  "totalFingers": 12,
  "tragicness": 0.060000000000000005,
  "unthwackability": 0.11,
  "watchfulness": 0.7793150628961387,
  "weekAttr": []
}