{
  "anticapitalism": 0.26149985701430567,
  "baseThirst": 0.286860856023379,
  "baserunningRating": 0.46071436607554705,
  "blood": 11,
  "buoyancy": 0.9497067527723144,
  "chasiness": 0.8666989153058045,
  "cinnamon": 1.009724280281208,
  "coffee": 3,
  "coldness": 0.4548104965530766,
  "continuation": 0.5712943173138048,
  "deceased": false,
  "defenseRating": 0.2961373393241938,
  "divinity": 0.8496158017694546,
  "eDensity": 21.09441183654682,
  "evolution": 0,
  "fate": 99,
  "gameAttr": [],
  "groundFriction": 0.4031635954723975,
  "hitStreak": 0,
  "hittingRating": 0.8504109367498979,
  "id": "d2d76815-cbdc-4c4b-9c9e-32ebf2297cc7",
  "indulgence": 0.5384772439738941,
  "itemAttr": [],
  "items": [
    {
      "baserunningRating": -0.05424363436871504,
      "defenseRating": -0.02831069712990292,
      "durability": 3,
      "forger": null,
      "forgerName": null,
      "health": 2,
      "hittingRating": 0.11773864648368326,
      "id": "95c518b0-1e4f-4403-b590-003e387c01bf",
      "name": "Wooden Bat of Strength",
      "pitchingRating": 0.029546350843105414,
      "postPrefix": null,
      "prePrefix": null,
      "prefixes": [
        {
          "adjustments": [
            {
              "stat": 2,
              "type": 1,
              "value": 0.22492803134131947
            },
            {
              "stat": 10,
              "type": 1,
              "value": -0.09166944759839447
            },
            {
              "stat": 22,
              "type": 1,
              "value": -0.11340716886746303
            }
          ],
          "name": "Wooden"
        }
      ],
      "root": {
        "adjustments": [
          {
            "stat": 2,
            "type": 1,
            "value": 0.11892729928843176
          }
        ],
        "name": "Bat"
      },
      "suffix": {
        "adjustments": [
          {
            "stat": 5,
            "type": 1,
            "value": 0.2016546861377156
          },
          {
            "stat": 18,
            "type": 1,
            "value": 0.19430197192451196
          }
        ],
        "name": "Strength"
      }
    }
  ],
  "laserlikeness": 0.4136447700851963,
  "leagueTeamId": "9debc64f-74b7-4ae1-a4d6-fce0144b6ea5",
  "martyrdom": 0.673793423020543,
  "moxie": 0.6273988842953775,
  "musclitude": 0.566107444256323,
  "name": "Denzel Scott",
  "omniscience": 0.019751364245760683,
  "overpowerment": 0.4645693973793762,
  "patheticism": 0.1197432798964228,
  "peanutAllergy": false,
  "permAttr": [],
  "pitchingRating": 0.5490819059284784,
  "pressurization": 1.0401670756416868,
  "ritual": "Landscapes",
  "ruthlessness": 1.0674141320034074,
  "seasAttr": [],
  "shakespearianism": 0.7771392480134922,
  "soul": 3,
  "state": {},
  "suppression": 0.38911730821808344,
  "tenaciousness": 0.28715502287947536,
  "thwackability": 0.9635152703441217,
  "totalFingers": 14,
  "tournamentTeamId": "b3b9636a-f88a-47dc-a91d-86ecc79f9934",
  "tragicness": 0.007746975312431827,
  "unthwackability": 0.39400472896389127,
  "watchfulness": 0.7114837106253099,
  "weekAttr": []
}