{
  "anticapitalism": 0.3566074289101624,
  "armor": "",
  "baseThirst": 0.1790393516710431,
  "bat": "",
  "blood": 3,
  "buoyancy": 0.9340030107425252,
  "chasiness": 0.913369490792356,
  "cinnamon": 0.962451194972961,
  "coffee": 3,
  "coldness": 0.4026914003621287,
  "continuation": 0.45314914815331186,
  "deceased": false,
  "divinity": 0.8470124273989342,
  "fate": 99,
  "gameAttr": [],
  "groundFriction": 0.3105863740484931,
  "hitStreak": 0,
  "id": "d2d76815-cbdc-4c4b-9c9e-32ebf2297cc7",
  "indulgence": 0.4384245241864224,
  "laserlikeness": 0.3180487019905318,
  "martyrdom": 0.6794239475136589,
  "moxie": 0.6114688308262947,
  "musclitude": 0.5652515599999478,
  "name": "Denzel Scott",
  "omniscience": 0.025849912542637004,
  "overpowerment": 0.42333318833364975,
  "patheticism": 0.12732410210609543,
  "peanutAllergy": true,
  "permAttr": [],
  "pressurization": 1.0401670756416868,
  "ritual": "Landscapes",
  "ruthlessness": 0.9954788572903436,
  "seasAttr": [],
  "shakespearianism": 0.7204369722277397,
  "soul": 3,
  "suppression": 0.33,
  "tenaciousness": 0.35123587632890385,
  "thwackability": 0.969750126239084,
  "totalFingers": 14,
  "tragicness": 0.08,
  "unthwackability": 0.33,
  "watchfulness": 0.7993150628961387,
  "weekAttr": []
}