{
  "anticapitalism": 0.2966074289101624,
  "baseThirst": 0.2190393516710431,
  "baserunningRating": 0.4006654938722885,
  "blood": 3,
  "buoyancy": 0.8740030107425252,
  "chasiness": 0.853369490792356,
  "cinnamon": 0.962451194972961,
  "coffee": 3,
  "coldness": 0.4026914003621287,
  "continuation": 0.49314914815331184,
  "deceased": false,
  "defenseRating": 0.36295922973378025,
  "divinity": 0.7870124273989343,
  "eDensity": 20.22629771349419,
  "evolution": 0,
  "fate": 99,
  "gameAttr": [],
  "groundFriction": 0.3505863740484931,
  "hitStreak": 0,
  "hittingRating": 0.7918817880957904,
  "id": "d2d76815-cbdc-4c4b-9c9e-32ebf2297cc7",
  "indulgence": 0.4784245241864224,
  "items": [],
  "laserlikeness": 0.3580487019905318,
  "leagueTeamId": "9debc64f-74b7-4ae1-a4d6-fce0144b6ea5",
  "martyrdom": 0.6194239475136589,
  "moxie": 0.5514688308262947,
  "musclitude": 0.5052515599999479,
  "name": "Denzel Scott",
  "omniscience": 0.05,
  "overpowerment": 0.42333318833364975,
  "patheticism": 0.1873241021060954,
  "peanutAllergy": true,
  "permAttr": [
    "SUPERALLERGIC"
  ],
  "pitchingRating": 0.4768217330830252,
  "pressurization": 1.0401670756416868,
  "ritual": "Landscapes",
  "ruthlessness": 0.9954788572903436,
  "seasAttr": [],
  "shakespearianism": 0.7204369722277397,
  "soul": 3,
  "state": {},
  "suppression": 0.33,
  "tenaciousness": 0.29123587632890385,
  "thwackability": 0.909750126239084,
  "totalFingers": 14,
  "tournamentTeamId": "b3b9636a-f88a-47dc-a91d-86ecc79f9934",
  "tragicness": 0.060000000000000005,
  "unthwackability": 0.33,
  "watchfulness": 0.7393150628961388,
  "weekAttr": []
}