{
  "anticapitalism": 0.9520045091319592,
  "armor": "",
  "baseThirst": 1.4893240543129698,
  "baserunningRating": 0,
  "bat": "",
  "blood": 11,
  "buoyancy": 0.8607657176607342,
  "chasiness": 0.37201058351485095,
  "cinnamon": 0.7649208443819819,
  "coffee": 4,
  "coldness": 1.0430399722279748,
  "continuation": 1.0395923943820216,
  "deceased": false,
  "defenseRating": 0,
  "divinity": 0.7532003680926809,
  "fate": 44,
  "gameAttr": [],
  "groundFriction": 0.8644676816956027,
  "hitStreak": 0,
  "hittingRating": 0,
  "id": "d35ccee1-9559-49a1-aaa4-7809f7b5c46e",
  "indulgence": 0.7209526288801629,
  "laserlikeness": 1.3224608558884063,
  "martyrdom": 0.913029637876206,
  "moxie": 0.4736728653053264,
  "musclitude": 1.3054172122657373,
  "name": "Forrest Best",
  "omniscience": 0.3419692681537668,
  "overpowerment": 0.8834891099986169,
  "patheticism": 0.5871488950894235,
  "peanutAllergy": true,
  "permAttr": [],
  "pitchingRating": 0,
  "pressurization": 0.006728126764180775,
  "ritual": "Doing crimes",
  "ruthlessness": 1.1200330981977529,
  "seasAttr": [],
  "shakespearianism": 1.0699241195347762,
  "soul": 6,
  "suppression": 0.7120063469761826,
  "tenaciousness": 1.0519473371470682,
  "thwackability": 0.5978219079631515,
  "totalFingers": 12,
  "tragicness": 0.1,
  "unthwackability": 1.1944804696542584,
  "watchfulness": 0.9226059020910932,
  "weekAttr": []
}