{
  "anticapitalism": 0.3974157359060202,
  "armor": "",
  "baseThirst": 0.3778794864561381,
  "bat": "",
  "blood": 6,
  "buoyancy": 0.09991986723525148,
  "chasiness": 0.7557703549926424,
  "cinnamon": 0.26932806148933364,
  "coffee": 2,
  "coldness": 0.47178722070614226,
  "continuation": 0.13410070417603936,
  "deceased": false,
  "divinity": 0.3443680968342282,
  "fate": 4,
  "gameAttr": [],
  "groundFriction": 0.6868249771941823,
  "id": "d46abb00-c546-4952-9218-4f16084e3238",
  "indulgence": 0.735020183808275,
  "laserlikeness": 0.6909314141525009,
  "martyrdom": 0.9262695849727998,
  "moxie": 0.8579891671896867,
  "musclitude": 0.10289843094210838,
  "name": "Atlas Guerra",
  "omniscience": 0.1502956702814673,
  "overpowerment": 0.26099069045624296,
  "patheticism": 0.606398326002408,
  "peanutAllergy": true,
  "permAttr": [],
  "pressurization": 0.3070371760149635,
  "ritual": "Positive affirmations",
  "ruthlessness": 0.5732083555040022,
  "seasAttr": [],
  "shakespearianism": 0.7917444404179839,
  "soul": 9,
  "suppression": 0.8164675241143065,
  "tenaciousness": 0.1790695759615908,
  "thwackability": 0.4817784735649726,
  "totalFingers": 11,
  "tragicness": 0.1,
  "unthwackability": 0.2365784979889792,
  "watchfulness": 0.6024510346259779,
  "weekAttr": []
}