{
  "_id": "d4a10c2a-0c28-466a-9213-38ba3339b65e",
  "anticapitalism": 0.1805871583454848,
  "armor": "",
  "baseThirst": 0.9604601227027616,
  "bat": "",
  "blood": 6,
  "buoyancy": 0.9149226402382156,
  "chasiness": 0.5260557716031151,
  "cinnamon": 0.17833605360722826,
  "coffee": 12,
  "coldness": 0.2895636011894043,
  "continuation": 0.4335306217521347,
  "deceased": false,
  "divinity": 0.6095180914024694,
  "fate": 48,
  "groundFriction": 0.3095581504777377,
  "indulgence": 0.17607763434904414,
  "laserlikeness": 0.8679183422170827,
  "martyrdom": 0.06371216025719684,
  "moxie": 0.805946142500559,
  "musclitude": 0.08638695081436976,
  "name": "Richmond Harrison",
  "omniscience": 0.7303946134325441,
  "overpowerment": 0.11908604066587912,
  "patheticism": 0.6142249215218456,
  "peanutAllergy": true,
  "pressurization": 0.7889734960246821,
  "ritual": "Gonging",
  "ruthlessness": 0.7359636911215603,
  "shakespearianism": 0.6406725654214616,
  "soul": 5,
  "suppression": 0.5387085193380774,
  "tenaciousness": 0.751132461637191,
  "thwackability": 0.016251916392678867,
  "totalFingers": 10,
  "tragicness": 0.1,
  "unthwackability": 0.2864419691023212,
  "watchfulness": 0.062093074121507774
}