{
  "anticapitalism": 0.4234849965832184,
  "armor": "",
  "baseThirst": 0.8286468045725655,
  "bat": "",
  "blood": 11,
  "buoyancy": 0.423970316350772,
  "chasiness": 0.7786357679395253,
  "cinnamon": 0.3995858124989742,
  "coffee": 7,
  "coldness": 0.25461118189930043,
  "continuation": 0.00951563258084276,
  "deceased": false,
  "divinity": 0.463476802100079,
  "fate": 15,
  "groundFriction": 0.9058154529868568,
  "id": "d5192d95-a547-498a-b4ea-6770dde4b9f5",
  "indulgence": 0.6503526288759649,
  "laserlikeness": 0.8017635894564097,
  "martyrdom": 0.4688784908978987,
  "moxie": 0.8255821155958347,
  "musclitude": 0.16971868954316638,
  "name": "Summers Slugger",
  "omniscience": 0.23628874023605273,
  "overpowerment": 0.6441563778861916,
  "patheticism": 0.5561891587976944,
  "peanutAllergy": true,
  "pressurization": 0.26244508105971875,
  "ritual": "Water manifesting",
  "ruthlessness": 0.02062033142727726,
  "shakespearianism": 0.1767331594278747,
  "soul": 5,
  "suppression": 0.5981285353063177,
  "tenaciousness": 0.3648169508061061,
  "thwackability": 0.5635327190060277,
  "totalFingers": 10,
  "tragicness": 0.1,
  "unthwackability": 0.7403999612034928,
  "watchfulness": 0.563853733825969
}