{
  "anticapitalism": 0.5222904209467082,
  "armor": "",
  "baseThirst": 0.5661457580501128,
  "bat": "",
  "blood": 1,
  "buoyancy": 0.31792367666899984,
  "chasiness": 0.6143151842392781,
  "cinnamon": 0.4724149262177535,
  "coffee": 13,
  "coldness": 0.9546420054862054,
  "continuation": 0.5157624801136278,
  "deceased": false,
  "divinity": 0.924556030645124,
  "fate": 32,
  "gameAttr": [],
  "groundFriction": 0.4787286895668281,
  "id": "d51f1fe8-4ab8-411e-b836-5bba92984d32",
  "indulgence": 0.1993353131750326,
  "laserlikeness": 0.7297262468918293,
  "martyrdom": 0.8407716620229079,
  "moxie": 0.2422570302199331,
  "musclitude": 1.01749354594972,
  "name": "Hiroto Cerna",
  "omniscience": 0.1723377092657629,
  "overpowerment": 0.4665260840287031,
  "patheticism": 0.060000000000000005,
  "peanutAllergy": true,
  "permAttr": [],
  "pressurization": 0.35262712368537996,
  "ritual": "Stretching",
  "ruthlessness": 0.8934697812664242,
  "seasAttr": [],
  "shakespearianism": 0.29949534224203367,
  "soul": 3,
  "suppression": 0.34236902255663315,
  "tenaciousness": 0.31107148536565543,
  "thwackability": 0.4006609602898707,
  "totalFingers": 12,
  "tragicness": 0.060000000000000005,
  "unthwackability": 0.5787645991692816,
  "watchfulness": 0.6923313736846833,
  "weekAttr": []
}