{
  "anticapitalism": 0.9089902540948388,
  "armor": "",
  "baseThirst": 0.31627997309637657,
  "baserunningRating": 0.6779832259497006,
  "bat": "",
  "blood": 11,
  "buoyancy": 0.4078296419264489,
  "chasiness": 0.3584018333242565,
  "cinnamon": 0.2739385598328619,
  "coffee": 7,
  "coldness": 1.038858750962665,
  "continuation": 0.8662047693132325,
  "deceased": false,
  "defenseRating": 0.6999828201257916,
  "divinity": 0.2189876294351282,
  "eDensity": 16.68047303865796,
  "evolution": 0,
  "fate": 58,
  "gameAttr": [],
  "groundFriction": 0.5178861825382979,
  "hitStreak": 0,
  "hittingRating": 0.4543036735672092,
  "id": "d5c24c97-f3d3-4b3d-8c13-0debb61346c5",
  "indulgence": 0.2453232782437103,
  "laserlikeness": 0.8997147257555351,
  "leagueTeamId": "105bc3ff-1320-4e37-8ef0-8d595cb95dd0",
  "martyrdom": 0.5928635756089771,
  "moxie": 0.72206509633709,
  "musclitude": 0.5424936781404407,
  "name": "Wyatt Mason X",
  "omniscience": 0.9625259310688336,
  "overpowerment": 0.7721130835460992,
  "patheticism": 0.004506132486355258,
  "peanutAllergy": false,
  "permAttr": [
    "ECHO",
    "ALTERNATE",
    "WANDERER"
  ],
  "pitchingRating": 0.255185855553076,
  "pressurization": 0.5145639262885293,
  "ritual": "OFFLINE",
  "ruthlessness": 0.36485223258429333,
  "seasAttr": [],
  "shakespearianism": 0.8832495993736734,
  "soul": 2,
  "state": {
    "permModSources": {
      "ALTERNATE": [
        "ECHO"
      ],
      "WANDERER": [
        "ECHO"
      ]
    }
  },
  "suppression": 0.881793790531614,
  "tenaciousness": 0.3095957820870441,
  "thwackability": 0.6137550941564499,
  "totalFingers": 10,
  "tournamentTeamId": null,
  "tragicness": 0.4288825905141672,
  "unthwackability": 0.16131353275712212,
  "watchfulness": 0.976178895977228,
  "weekAttr": []
}