{
  "anticapitalism": 0.7211836805169377,
  "armor": "",
  "baseThirst": 0.26425740079849197,
  "bat": "",
  "blood": 8,
  "buoyancy": 0.5968329742453944,
  "chasiness": 0.7350570373751834,
  "cinnamon": 0.5726068200989947,
  "coffee": 12,
  "coldness": 0.2522674364790712,
  "continuation": 0.30908719128671464,
  "deceased": false,
  "divinity": 0.0924021066006569,
  "fate": 36,
  "gameAttr": [],
  "groundFriction": 1.0580943948349486,
  "id": "d6c69d2d-9344-4b19-85a4-6cfcbaead5d2",
  "indulgence": 0.42018260114755385,
  "laserlikeness": 0.8317540867346167,
  "martyrdom": 0.41464070243127266,
  "moxie": 0.9786883006338722,
  "musclitude": 0.8788077522578988,
  "name": "Joshua Watson",
  "omniscience": 0.8605368739519202,
  "overpowerment": 0.5126828187722938,
  "patheticism": 0.28452516296308866,
  "peanutAllergy": false,
  "permAttr": [
    "ALTERNATE"
  ],
  "pressurization": 0.0744220782424665,
  "ritual": "Lucid dreaming",
  "ruthlessness": 0.26710080663131014,
  "seasAttr": [],
  "shakespearianism": 0.4543556084861427,
  "soul": 6,
  "suppression": 0.9458810885214564,
  "tenaciousness": 1.012413249011416,
  "thwackability": 0.44037106730037096,
  "totalFingers": 11,
  "tragicness": 0.1,
  "unthwackability": 1.0139447406522737,
  "watchfulness": 0.9730506266383406,
  "weekAttr": []
}