{
  "anticapitalism": 0.8776234208683755,
  "baseThirst": 0.2765188722122052,
  "baserunningRating": 0.6421941651650277,
  "blood": 8,
  "buoyancy": 0.8864400578888447,
  "chasiness": 0.9192792530178462,
  "cinnamon": 0.7290912968533362,
  "coffee": 12,
  "coldness": 0.420713123302097,
  "continuation": 0.30961021605325834,
  "deceased": false,
  "defenseRating": 1.0470776059656963,
  "divinity": 0.3767887246210101,
  "eDensity": 33.26716840386901,
  "evolution": 0,
  "fate": 36,
  "gameAttr": [
    "WIRED"
  ],
  "groundFriction": 1.0112699372234548,
  "hitStreak": 0,
  "hittingRating": 0.640152134843212,
  "id": "d6c69d2d-9344-4b19-85a4-6cfcbaead5d2",
  "indulgence": 0.42610955800469774,
  "itemAttr": [],
  "items": [
    {
      "baserunningRating": 0,
      "defenseRating": 0,
      "durability": 1,
      "forger": null,
      "forgerName": null,
      "health": 1,
      "hittingRating": 0.033744506264873686,
      "id": "b606ed30-3558-4862-bae9-0adb83b5935f",
      "name": "Bat",
      "pitchingRating": 0,
      "postPrefix": null,
      "prePrefix": null,
      "prefixes": null,
      "root": {
        "adjustments": [
          {
            "stat": 2,
            "type": 1,
            "value": 0.11118972864619672
          }
        ],
        "name": "Bat"
      },
      "suffix": null
    }
  ],
  "laserlikeness": 0.7978973529017745,
  "leagueTeamId": "57ec08cc-0411-4643-b304-0e80dbc15ac7",
  "martyrdom": 0.7004373483686764,
  "moxie": 1.2428935351298271,
  "musclitude": 1.1369660928890997,
  "name": "Joshua Watson",
  "omniscience": 1.0732034034801898,
  "overpowerment": 0.716614404095107,
  "patheticism": 0.001,
  "peanutAllergy": false,
  "permAttr": [
    "ALTERNATE"
  ],
  "pitchingRating": 0.7087430088644932,
  "pressurization": 0.0744220782424665,
  "ritual": "Lucid dreaming",
  "ruthlessness": 0.44035711168676583,
  "seasAttr": [],
  "shakespearianism": 0.6676997725110608,
  "soul": 6,
  "state": {},
  "suppression": 1.090032075343108,
  "tenaciousness": 1.20989851542772,
  "thwackability": 0.7033221833270427,
  "totalFingers": 11,
  "tournamentTeamId": null,
  "tragicness": 0.001,
  "unthwackability": 1.2112459997032314,
  "watchfulness": 1.1645846994580873,
  "weekAttr": []
}