{
  "anticapitalism": 0.7686361726585825,
  "armor": "",
  "baseThirst": 0.3361891377972276,
  "baserunningRating": 0.7183417191520743,
  "bat": "",
  "blood": 8,
  "buoyancy": 0.7549079467588194,
  "chasiness": 0.810258584998933,
  "cinnamon": 0.6164582177671705,
  "coffee": 12,
  "coldness": 0.29763440923458934,
  "continuation": 0.3856980709137642,
  "deceased": false,
  "defenseRating": 0.9573585801811866,
  "divinity": 0.24645358821364752,
  "fate": 36,
  "gameAttr": [],
  "groundFriction": 1.0981804631853624,
  "hitStreak": 0,
  "hittingRating": 0.5066174907721651,
  "id": "d6c69d2d-9344-4b19-85a4-6cfcbaead5d2",
  "indulgence": 0.49783398789706534,
  "laserlikeness": 0.8760810758450525,
  "martyrdom": 0.5688627754367436,
  "moxie": 1.1333999830690178,
  "musclitude": 1.0330280775487777,
  "name": "Joshua Watson",
  "omniscience": 0.9343267105179716,
  "overpowerment": 0.5884859659189906,
  "patheticism": 0.10913890637646737,
  "peanutAllergy": false,
  "permAttr": [
    "ALTERNATE"
  ],
  "pitchingRating": 0.5672897652619081,
  "pressurization": 0.0744220782424665,
  "ritual": "Lucid dreaming",
  "ruthlessness": 0.33539415612110046,
  "seasAttr": [],
  "shakespearianism": 0.5291789120096579,
  "soul": 6,
  "suppression": 0.9879052822885104,
  "tenaciousness": 1.0764200501975654,
  "thwackability": 0.5905373489143129,
  "totalFingers": 11,
  "tragicness": 0.02084835588660683,
  "unthwackability": 1.091038328753015,
  "watchfulness": 1.026693453141665,
  "weekAttr": []
}