{
  "anticapitalism": 1.2310588317102,
  "baseThirst": 0.2546486656430874,
  "baserunningRating": 0.8315735742292507,
  "blood": 11,
  "buoyancy": 0.7119715059312145,
  "chasiness": 0.5451760862499861,
  "cinnamon": 0.6184959929542189,
  "coffee": 2,
  "coldness": 0.9486968583688556,
  "continuation": 0.6851495322499079,
  "deceased": false,
  "defenseRating": 0.8100302717100933,
  "divinity": 0.9729585294869324,
  "eDensity": 39.08225012091131,
  "evolution": 0,
  "fate": 74,
  "gameAttr": [],
  "groundFriction": 0.3462736206830285,
  "hitStreak": 0,
  "hittingRating": 0.7434721561833036,
  "id": "d81ce662-07b6-4a73-baa4-acbbb41f9dc5",
  "indulgence": 1.1248143388332734,
  "itemAttr": [],
  "items": [
    {
      "baserunningRating": 0,
      "defenseRating": 0,
      "durability": 1,
      "forger": null,
      "forgerName": null,
      "health": 1,
      "hittingRating": 0.04069286286776286,
      "id": "4db146f8-c0b2-49f1-9a96-7ab9d14ff238",
      "name": "Bat",
      "pitchingRating": 0,
      "postPrefix": null,
      "prePrefix": null,
      "prefixes": null,
      "root": {
        "adjustments": [
          {
            "stat": 2,
            "type": 1,
            "value": 0.13415276865304154
          }
        ],
        "name": "Bat"
      },
      "suffix": null
    }
  ],
  "laserlikeness": 1.1840115944252034,
  "leagueTeamId": "878c1bf6-0d21-4659-bfee-916c8314d69c",
  "martyrdom": 0.646726515582688,
  "moxie": 0.5648952038044083,
  "musclitude": 0.26142873447962744,
  "name": "Yummy Elliott",
  "omniscience": 0.5098795241060187,
  "overpowerment": 1.1082927894244243,
  "patheticism": 0.718449964292014,
  "peanutAllergy": false,
  "permAttr": [],
  "pitchingRating": 0.9123883008646816,
  "pressurization": 0.3557395475255112,
  "ritual": "Comics",
  "ruthlessness": 1.1472762164580337,
  "seasAttr": [],
  "shakespearianism": 0.617897894894232,
  "soul": 8,
  "state": {},
  "suppression": 0.9322311853842284,
  "tenaciousness": 0.8276004015722199,
  "thwackability": 0.815748797658458,
  "totalFingers": 11,
  "tournamentTeamId": null,
  "tragicness": 0.001,
  "unthwackability": 0.7983419578485282,
  "watchfulness": 1.0177013664258523,
  "weekAttr": []
}