{
  "anticapitalism": 1,
  "armor": "",
  "baseThirst": 0.06768650319719005,
  "bat": "",
  "blood": 11,
  "buoyancy": 0.4216682358097696,
  "chasiness": 0.23132682008332095,
  "cinnamon": 0.37118514574909733,
  "coffee": 2,
  "coldness": 0.723747440632202,
  "continuation": 0.5219554098466344,
  "deceased": false,
  "divinity": 0.7421285445146972,
  "fate": 74,
  "groundFriction": 0.1450649236437056,
  "id": "d81ce662-07b6-4a73-baa4-acbbb41f9dc5",
  "indulgence": 0.9005409806080553,
  "laserlikeness": 0.9496645376723212,
  "martyrdom": 0.3674620674115366,
  "moxie": 0.3743925955997192,
  "musclitude": 0.07357680096458297,
  "name": "Yummy Elliott",
  "omniscience": 0.28515295906905513,
  "overpowerment": 0.8885896021748161,
  "patheticism": 0.9392050948338676,
  "peanutAllergy": false,
  "pressurization": 0.3557395475255112,
  "ritual": "Comics",
  "ruthlessness": 0.809613297460406,
  "shakespearianism": 0.4068300243890175,
  "soul": 8,
  "suppression": 0.6602254435154196,
  "tenaciousness": 0.5723395446430146,
  "thwackability": 0.5631602865086178,
  "totalFingers": 10,
  "tragicness": 0.1,
  "unthwackability": 0.5089265422064515,
  "watchfulness": 0.770184412281564
}