{
  "anticapitalism": 0.7632956892996707,
  "armor": "",
  "baseThirst": 0.6730808832801917,
  "baserunningRating": 0.7190965733553398,
  "bat": "",
  "blood": 6,
  "buoyancy": 0.5480714369919603,
  "chasiness": 0.9460240120748532,
  "cinnamon": 0.44471296877602257,
  "coffee": 1,
  "coldness": 1.0511169550213737,
  "continuation": 0.2161618650641249,
  "deceased": false,
  "defenseRating": 0.6514180937529919,
  "divinity": 1.0266530047565512,
  "fate": 41,
  "gameAttr": [],
  "groundFriction": 0.6093531928179545,
  "hitStreak": 0,
  "hittingRating": 0.6955358665919705,
  "id": "d86f836e-4edf-4dbd-9743-14f30461ee14",
  "indulgence": 0.8769834518942364,
  "laserlikeness": 0.8618527537914503,
  "martyrdom": 0.4273847814379076,
  "moxie": 0.19773672510920465,
  "musclitude": 0.5712130515339924,
  "name": "Lance Serotonin",
  "omniscience": 0.7151834619074532,
  "overpowerment": 0.4258677553867031,
  "patheticism": 0.6965260295987385,
  "peanutAllergy": true,
  "permAttr": [],
  "pitchingRating": 0.18038423767794612,
  "pressurization": 0.8307888080580499,
  "ritual": "Hundreds of candles",
  "ruthlessness": 0.13090346575663372,
  "seasAttr": [],
  "shakespearianism": 0.4018986357173884,
  "soul": 8,
  "suppression": 1.0971989234318296,
  "tenaciousness": 0.23251477161878295,
  "thwackability": 0.6858311685577444,
  "totalFingers": 10,
  "tragicness": 0.01,
  "unthwackability": 0.25594577727584344,
  "watchfulness": 0.6890760887686811,
  "weekAttr": []
}