{
  "anticapitalism": 0.6442316961483785,
  "armor": "",
  "baseThirst": 0.5606018558010935,
  "baserunningRating": 0.5919205651395522,
  "bat": "",
  "blood": 0,
  "buoyancy": 0.41282234706150134,
  "chasiness": 0.8300177905834676,
  "cinnamon": 0.3389012022246509,
  "coffee": 0,
  "coldness": 0.9385559772334688,
  "continuation": 0.12338994109779922,
  "deceased": false,
  "defenseRating": 0.519273346261944,
  "divinity": 0.941616235863284,
  "fate": 41,
  "gameAttr": [],
  "groundFriction": 0.4892335276823059,
  "hitStreak": 0,
  "hittingRating": 0.5766697435486113,
  "id": "d86f836e-4edf-4dbd-9743-14f30461ee14",
  "indulgence": 0.760496690883508,
  "laserlikeness": 0.7284794283640414,
  "martyrdom": 0.32467348042008304,
  "moxie": 0.11545674616858605,
  "musclitude": 0.4298614871372682,
  "name": "Lance Serotonin",
  "omniscience": 0.5931231708030351,
  "overpowerment": 0.32491129730258317,
  "patheticism": 0.8142463338819608,
  "peanutAllergy": true,
  "permAttr": [],
  "pitchingRating": 0.04226142489201823,
  "pressurization": 0.8307888080580499,
  "ritual": "",
  "ruthlessness": 0.009628728554174293,
  "seasAttr": [],
  "shakespearianism": 0.30620838433742503,
  "soul": 8,
  "suppression": 0.9882197034766372,
  "tenaciousness": 0.11596030371985332,
  "thwackability": 0.5691868423876529,
  "totalFingers": 10,
  "tragicness": 0.028328608232013996,
  "unthwackability": 0.13052005504460618,
  "watchfulness": 0.5635368946146397,
  "weekAttr": []
}