{
  "anticapitalism": 0.7324023619783725,
  "armor": "",
  "baseThirst": 0.6489188353872684,
  "baserunningRating": 0.710494340702663,
  "bat": "",
  "blood": 6,
  "buoyancy": 0.5522508894526169,
  "chasiness": 0.8898767033931853,
  "cinnamon": 0.5902951473573876,
  "coffee": 1,
  "coldness": 1.0395713738115666,
  "continuation": 0.21826618877458473,
  "deceased": false,
  "defenseRating": 0.6292551455419708,
  "divinity": 1.0148273149578442,
  "eDensity": 29.400656239029775,
  "evolution": 0,
  "fate": 41,
  "gameAttr": [],
  "groundFriction": 0.6199702288375194,
  "hitStreak": 0,
  "hittingRating": 0.6821060994224062,
  "id": "d86f836e-4edf-4dbd-9743-14f30461ee14",
  "indulgence": 0.8646475150299517,
  "laserlikeness": 0.8453642745251083,
  "leagueTeamId": "c73b705c-40ad-4633-a6ed-d357ee2e2bcf",
  "martyrdom": 0.38903033347716953,
  "moxie": 0.1801153447648668,
  "musclitude": 0.5751354378526405,
  "name": "Lance Serotonin",
  "omniscience": 0.7167695555406929,
  "overpowerment": 0.40505092777844487,
  "patheticism": 0.7207388050303071,
  "peanutAllergy": true,
  "permAttr": [],
  "pitchingRating": 0.16773660217980796,
  "pressurization": 0.8307888080580499,
  "ritual": "Hundreds of candles",
  "ruthlessness": 0.11386779369251236,
  "seasAttr": [],
  "shakespearianism": 0.3769289034566682,
  "soul": 8,
  "state": {},
  "suppression": 1.084598364752853,
  "tenaciousness": 0.21201073515929708,
  "thwackability": 0.6824610238804382,
  "totalFingers": 10,
  "tournamentTeamId": "70eab4ab-6cb1-41e7-ac8b-1050ee12eecc",
  "tragicness": 0.1213477096211372,
  "unthwackability": 0.2545584188666196,
  "watchfulness": 0.646715659212844,
  "weekAttr": []
}