{
  "anticapitalism": 0.7163586651416098,
  "armor": "",
  "baseThirst": 0.6184693549332381,
  "baserunningRating": 0.6498107604185923,
  "bat": "",
  "blood": 6,
  "buoyancy": 0.47436367966648,
  "chasiness": 0.9045820873278222,
  "cinnamon": 0.3818525471616579,
  "coffee": 1,
  "coldness": 0.9934280654914032,
  "continuation": 0.1719686777659129,
  "deceased": false,
  "defenseRating": 0.5805527289229723,
  "divinity": 0.9842221572556836,
  "fate": 41,
  "gameAttr": [],
  "groundFriction": 0.531738712045193,
  "hitStreak": 0,
  "hittingRating": 0.6359615702850997,
  "id": "d86f836e-4edf-4dbd-9743-14f30461ee14",
  "indulgence": 0.8047736161658541,
  "laserlikeness": 0.7833320355772581,
  "martyrdom": 0.3714947712184874,
  "moxie": 0.15575388146986274,
  "musclitude": 0.4965964769129761,
  "name": "Lance Serotonin",
  "omniscience": 0.6653304824807387,
  "overpowerment": 0.3659082233338011,
  "patheticism": 0.7396365230561757,
  "peanutAllergy": true,
  "permAttr": [],
  "pitchingRating": 0.11566900030205902,
  "pressurization": 0.8307888080580499,
  "ritual": "Hundreds of candles",
  "ruthlessness": 0.06265060316998677,
  "seasAttr": [],
  "shakespearianism": 0.36016026426114,
  "soul": 8,
  "suppression": 1.047284582866063,
  "tenaciousness": 0.1561092626933696,
  "thwackability": 0.6195379934900413,
  "totalFingers": 10,
  "tragicness": 0.04208970846432951,
  "unthwackability": 0.20357578939551305,
  "watchfulness": 0.6221656336200964,
  "weekAttr": []
}