{
  "anticapitalism": 0.7382523313971773,
  "armor": "",
  "baseThirst": 0.6272170441063764,
  "baserunningRating": 0.6739566589675456,
  "bat": "",
  "blood": 4,
  "buoyancy": 1.0923074407413491,
  "chasiness": 0.2617974327396124,
  "cinnamon": 0.887759530762145,
  "coffee": 2,
  "coldness": 0.7264941138151544,
  "continuation": 0.9032836862590582,
  "deceased": false,
  "defenseRating": 0.4217309581414715,
  "divinity": 1.000705574067709,
  "fate": 36,
  "gameAttr": [],
  "groundFriction": 0.7592160742644225,
  "hitStreak": 0,
  "hittingRating": 0.9181811733523172,
  "id": "d89da2d2-674c-4b85-8959-a4bd406f760a",
  "indulgence": 0.8600346005555842,
  "laserlikeness": 0.5541652257649426,
  "leagueTeamId": "eb67ae5e-c4bf-46ca-bbbc-425cd34182ff",
  "martyrdom": 0.6633142292007003,
  "moxie": 0.7709993894418831,
  "musclitude": 0.7447803089834687,
  "name": "Fish Summer",
  "omniscience": 0.15492516264742617,
  "overpowerment": 0.5132270027069166,
  "patheticism": 0.01,
  "peanutAllergy": false,
  "permAttr": [
    "FIRE_EATER"
  ],
  "pitchingRating": 0.1733876940477766,
  "pressurization": 0.7609978072552137,
  "ritual": "Having an epiphany",
  "ruthlessness": 0.3146960738671203,
  "seasAttr": [],
  "shakespearianism": 0.41746897682572054,
  "soul": 6,
  "suppression": 0.2328817581200168,
  "tenaciousness": 0.4214508013539455,
  "thwackability": 0.9068143499619424,
  "totalFingers": 10,
  "tournamentTeamId": null,
  "tragicness": 0.1,
  "unthwackability": 0.11205834031198886,
  "watchfulness": 0.21599660539497997,
  "weekAttr": []
}