{
  "anticapitalism": 0.7904595226711454,
  "armor": "",
  "baseThirst": 0.5485278860393743,
  "bat": "",
  "blood": 4,
  "buoyancy": 0.9389618389241736,
  "chasiness": 0.2865636140079038,
  "cinnamon": 0.8266688494334709,
  "coffee": 2,
  "coldness": 0.6810784022232185,
  "continuation": 0.8257572652885375,
  "deceased": false,
  "divinity": 0.8504402760514823,
  "fate": 36,
  "gameAttr": [],
  "groundFriction": 0.6954857061209148,
  "hitStreak": 0,
  "id": "d89da2d2-674c-4b85-8959-a4bd406f760a",
  "indulgence": 0.8076149468617189,
  "laserlikeness": 0.4930755335192968,
  "martyrdom": 0.4890494692373927,
  "moxie": 0.5996554855637787,
  "musclitude": 0.6035179469568985,
  "name": "Fish Summer",
  "omniscience": 0.21210999433208505,
  "overpowerment": 0.4544002159955982,
  "patheticism": 0.04596457929726394,
  "peanutAllergy": false,
  "permAttr": [],
  "pressurization": 0.7609978072552137,
  "ritual": "Having an epiphany",
  "ruthlessness": 0.25506322343905496,
  "seasAttr": [],
  "shakespearianism": 0.3566645795571227,
  "soul": 6,
  "suppression": 0.1870275508207999,
  "tenaciousness": 0.4504871122183718,
  "thwackability": 0.7443329547044886,
  "totalFingers": 10,
  "tragicness": 0.1,
  "unthwackability": 0.06987531934648601,
  "watchfulness": 0.254872259974805,
  "weekAttr": [
    "REPEATING"
  ]
}