{
  "anticapitalism": 0.32792794611504017,
  "armor": "",
  "baseThirst": 0.7018121676191835,
  "bat": "",
  "blood": 5,
  "buoyancy": 0.463957840433034,
  "chasiness": 0.6522605583404881,
  "cinnamon": 0.24556392974455732,
  "coffee": 9,
  "coldness": 0.10018759576122194,
  "continuation": 0.14038893524840823,
  "deceased": false,
  "divinity": 0.9275694151611666,
  "fate": 55,
  "groundFriction": 0.4153444983954144,
  "id": "d8bc482e-9309-4230-abcb-2c5a6412446d",
  "indulgence": 0.4811489817369903,
  "laserlikeness": 0.9664701456330412,
  "martyrdom": 0.5568485065916828,
  "moxie": 0.4927077729451237,
  "musclitude": 0.913890776522519,
  "name": "August Obrien",
  "omniscience": 0.054615220178514834,
  "overpowerment": 0.8878299922012265,
  "patheticism": 0.9238543398682508,
  "peanutAllergy": true,
  "pressurization": 0.33700819467736887,
  "ritual": "Theft",
  "ruthlessness": 0.26147707929592445,
  "shakespearianism": 0.09774303312517918,
  "soul": 7,
  "suppression": 0.32270838379791233,
  "tenaciousness": 0.48336818288460215,
  "thwackability": 0.6412171610190165,
  "totalFingers": 10,
  "tragicness": 0.1,
  "unthwackability": 0.23672335921111576,
  "watchfulness": 0.8371028453277864
}