{
  "anticapitalism": 0.20647843419698111,
  "baseThirst": 0.8262306769319527,
  "baserunningRating": 0.986639662397552,
  "blood": 7,
  "buoyancy": 0.8320227960685651,
  "chasiness": 0.49490715330688534,
  "cinnamon": 0.2797433695353353,
  "coffee": 10,
  "coldness": 0.4717959732460675,
  "continuation": 1.186679898111216,
  "deceased": false,
  "defenseRating": 0.4972278234993749,
  "divinity": 1.1879024735093948,
  "eDensity": 34.97181491176276,
  "evolution": 0,
  "fate": 8,
  "gameAttr": [],
  "groundFriction": 0.6519399736169529,
  "hitStreak": 0,
  "hittingRating": 0.9785740255196592,
  "id": "d8ee256f-e3d0-46cb-8c77-b1f88d8c9df9",
  "indulgence": 1.224293332913102,
  "items": [],
  "laserlikeness": 1.02237810574024,
  "leagueTeamId": "9debc64f-74b7-4ae1-a4d6-fce0144b6ea5",
  "martyrdom": 1.105478717690213,
  "moxie": 0.7672854560122435,
  "musclitude": 0.37535703775570806,
  "name": "Comfort Septemberish",
  "omniscience": 0.5810189341798917,
  "overpowerment": 0.8048631613577711,
  "patheticism": 0.6116223727626449,
  "peanutAllergy": false,
  "permAttr": [],
  "pitchingRating": 0.24781776169237993,
  "pressurization": 0.21455030822645277,
  "ritual": "Fixating on their impending death",
  "ruthlessness": 0.2869144066360412,
  "seasAttr": [],
  "shakespearianism": 0.13,
  "soul": 8,
  "state": {},
  "suppression": 0.934954318659754,
  "tenaciousness": 0.20720359367397928,
  "thwackability": 1.1779957056109354,
  "totalFingers": 13,
  "tournamentTeamId": "a3ea6358-ce03-4f23-85f9-deb38cb81b20",
  "tragicness": 0.060000000000000005,
  "unthwackability": 0.2778881186797526,
  "watchfulness": 0.6237070584839424,
  "weekAttr": []
}