{
  "anticapitalism": 0.222501878773186,
  "baseThirst": 0.8262306769319527,
  "baserunningRating": 0.986639662397552,
  "blood": 7,
  "buoyancy": 0.8320227960685651,
  "chasiness": 0.5164899698040974,
  "cinnamon": 0.2797433695353353,
  "coffee": 10,
  "coldness": 0.4717959732460675,
  "continuation": 1.186679898111216,
  "deceased": false,
  "defenseRating": 0.5197131540744854,
  "divinity": 1.1879024735093948,
  "eDensity": 35.129212225788535,
  "evolution": 0,
  "fate": 8,
  "gameAttr": [
    "WIRED"
  ],
  "groundFriction": 0.6519399736169529,
  "hitStreak": 0,
  "hittingRating": 0.9785740255196592,
  "id": "d8ee256f-e3d0-46cb-8c77-b1f88d8c9df9",
  "indulgence": 1.224293332913102,
  "itemAttr": [],
  "items": [
    {
      "baserunningRating": 0,
      "defenseRating": 0,
      "durability": 1,
      "forger": null,
      "forgerName": null,
      "health": 1,
      "hittingRating": 0.011159124771152997,
      "id": "31a088d7-9aea-4dcc-b385-d2440dbd5134",
      "name": "Necklace",
      "pitchingRating": 0,
      "postPrefix": null,
      "prePrefix": null,
      "prefixes": null,
      "root": {
        "adjustments": [
          {
            "stat": 3,
            "type": 1,
            "value": 0.12523066762297866
          }
        ],
        "name": "Necklace"
      },
      "suffix": null
    }
  ],
  "laserlikeness": 1.02237810574024,
  "leagueTeamId": "9debc64f-74b7-4ae1-a4d6-fce0144b6ea5",
  "martyrdom": 1.105478717690213,
  "moxie": 0.7672854560122435,
  "musclitude": 0.37535703775570806,
  "name": "Comfort Septemberish",
  "omniscience": 0.6027866851984612,
  "overpowerment": 0.8048631613577711,
  "patheticism": 0.6116223727626449,
  "peanutAllergy": false,
  "permAttr": [],
  "pitchingRating": 0.24781776169237993,
  "pressurization": 0.21455030822645277,
  "ritual": "Fixating on their impending death",
  "ruthlessness": 0.2869144066360412,
  "seasAttr": [],
  "shakespearianism": 0.13,
  "soul": 8,
  "state": {},
  "suppression": 0.934954318659754,
  "tenaciousness": 0.23076125835631037,
  "thwackability": 1.1779957056109354,
  "totalFingers": 13,
  "tournamentTeamId": "a3ea6358-ce03-4f23-85f9-deb38cb81b20",
  "tragicness": 0.060000000000000005,
  "unthwackability": 0.2778881186797526,
  "watchfulness": 0.6465296071568661,
  "weekAttr": []
}