{
  "anticapitalism": 0.3464784341969811,
  "armor": "",
  "baseThirst": 0.7662306769319527,
  "bat": "",
  "blood": 7,
  "buoyancy": 0.6220227960685651,
  "chasiness": 0.6349071533068853,
  "cinnamon": 0.2797433695353353,
  "coffee": 10,
  "coldness": 0.4017959732460674,
  "continuation": 1.126679898111216,
  "deceased": false,
  "divinity": 0.9779024735093946,
  "fate": 63,
  "groundFriction": 0.5919399736169528,
  "id": "d8ee256f-e3d0-46cb-8c77-b1f88d8c9df9",
  "indulgence": 1.164293332913102,
  "laserlikeness": 0.96237810574024,
  "martyrdom": 0.895478717690213,
  "moxie": 0.5572854560122436,
  "musclitude": 0.1653570377557081,
  "name": "Comfort Septemberish",
  "omniscience": 0.7210189341798916,
  "overpowerment": 0.7348631613577712,
  "patheticism": 0.8216223727626448,
  "peanutAllergy": false,
  "pressurization": 0.14455030822645276,
  "ritual": "Fixating on their impending death",
  "ruthlessness": 0.2169144066360411,
  "shakespearianism": 0.028068609429229285,
  "soul": 8,
  "suppression": 0.8649543186597539,
  "tenaciousness": 0.34720359367397924,
  "thwackability": 0.9679957056109352,
  "totalFingers": 10,
  "tragicness": 0.1,
  "unthwackability": 0.20788811867975257,
  "watchfulness": 0.7637070584839423
}