{
  "anticapitalism": 0.32589098625568935,
  "armor": "",
  "baseThirst": 0.7769397558379246,
  "baserunningRating": 0.6482669062386975,
  "bat": "",
  "blood": 11,
  "buoyancy": 0.4868696908264488,
  "chasiness": 0.3157730241253119,
  "cinnamon": 0.7439991252086449,
  "coffee": 13,
  "coldness": 0.5023122578051942,
  "continuation": 0.363366949227036,
  "deceased": false,
  "defenseRating": 0.6902251393786633,
  "divinity": 0.35363085852904463,
  "fate": 15,
  "gameAttr": [],
  "groundFriction": 0.9194899248326318,
  "hitStreak": 0,
  "hittingRating": 0.5828756330753309,
  "id": "da0bbbe6-d13c-40cc-9594-8c476975d93d",
  "indulgence": 0.37855189875222833,
  "laserlikeness": 0.6683849602392222,
  "martyrdom": 0.4275148137613481,
  "moxie": 0.8780683550858845,
  "musclitude": 0.5585488030743212,
  "name": "Lang Richardson",
  "omniscience": 0.9774763805526884,
  "overpowerment": 0.2186417016812539,
  "patheticism": 0.24664695363511144,
  "peanutAllergy": false,
  "permAttr": [],
  "pitchingRating": 0.20028272659929816,
  "pressurization": 0.9542058101905552,
  "ritual": "Running the bases backwards",
  "ruthlessness": 0.5155801276923496,
  "seasAttr": [],
  "shakespearianism": 1.015375378217689,
  "soul": 6,
  "suppression": 1.062587172342313,
  "tenaciousness": 0.86754751590297,
  "thwackability": 0.770858553255361,
  "totalFingers": 10,
  "tragicness": 0.027467178344004875,
  "unthwackability": 0.1109573664871472,
  "watchfulness": 0.3316356966319498,
  "weekAttr": []
}