{
  "anticapitalism": 0.390675409407431,
  "baseThirst": 0.8456470830365354,
  "baserunningRating": 0.7163076490643023,
  "blood": 11,
  "buoyancy": 0.5510153476646039,
  "chasiness": 0.3943290582403772,
  "cinnamon": 0.8232597043718266,
  "coffee": 13,
  "coldness": 0.4601235144515517,
  "continuation": 0.4216018176199244,
  "deceased": false,
  "defenseRating": 0.7489343349160552,
  "divinity": 0.400620665407084,
  "eDensity": 27.702074537970574,
  "evolution": 0,
  "fate": 15,
  "gameAttr": [],
  "groundFriction": 0.988949853430694,
  "hitStreak": 0,
  "hittingRating": 0.6324427792067364,
  "id": "da0bbbe6-d13c-40cc-9594-8c476975d93d",
  "indulgence": 0.446944502103701,
  "itemAttr": [],
  "items": [
    {
      "baserunningRating": 0.01754683037356064,
      "defenseRating": 0.029221666876408592,
      "durability": 2,
      "forger": null,
      "forgerName": null,
      "health": 2,
      "hittingRating": 0.005926727989368663,
      "id": "0f6b3d3b-34f4-45f6-8d19-c389d524f87d",
      "name": "Hearty Necklace",
      "pitchingRating": 0,
      "postPrefix": null,
      "prePrefix": null,
      "prefixes": [
        {
          "adjustments": [
            {
              "stat": 22,
              "type": 1,
              "value": 0.19837324265403744
            },
            {
              "stat": 20,
              "type": 1,
              "value": 0.15118946205833905
            },
            {
              "stat": 12,
              "type": 1,
              "value": 0.12237650192774174
            }
          ],
          "name": "Hearty"
        }
      ],
      "root": {
        "adjustments": [
          {
            "stat": 3,
            "type": 1,
            "value": 0.12472677805630328
          }
        ],
        "name": "Necklace"
      },
      "suffix": null
    }
  ],
  "laserlikeness": 0.7424979820322655,
  "leagueTeamId": "23e4cbc1-e9cd-47fa-a35b-bfa06f726cb7",
  "martyrdom": 0.4984004259461088,
  "moxie": 0.9418210875374832,
  "musclitude": 0.6228432804731319,
  "name": "Lang Richardson",
  "omniscience": 1.043615752007405,
  "overpowerment": 0.16725824540562884,
  "patheticism": 0.2052460978700537,
  "peanutAllergy": false,
  "permAttr": [],
  "pitchingRating": 0.14546874223727382,
  "pressurization": 0.9542058101905552,
  "ritual": "Running the bases backwards",
  "ruthlessness": 0.4702608761843407,
  "seasAttr": [],
  "shakespearianism": 0.9558573052267376,
  "soul": 6,
  "state": {},
  "suppression": 1.0113485906024364,
  "tenaciousness": 0.9405241054695046,
  "thwackability": 0.8127218134985983,
  "totalFingers": 10,
  "tournamentTeamId": null,
  "tragicness": 0.001,
  "unthwackability": 0.06941122251983957,
  "watchfulness": 0.3740601488578019,
  "weekAttr": []
}