{
  "anticapitalism": 0.6722622427004911,
  "baseThirst": 0.8604762431941784,
  "baserunningRating": 0.8209589837509988,
  "blood": 8,
  "buoyancy": 0.8038397153935417,
  "chasiness": 0.7289714011121091,
  "cinnamon": 0.8635985602631726,
  "coffee": 8,
  "coldness": 1.1614228976090628,
  "continuation": 0.7855209617718892,
  "deceased": false,
  "defenseRating": 0.7493755746437794,
  "divinity": 1.167877454388594,
  "eDensity": 32.79554929090887,
  "evolution": 0,
  "fate": 37,
  "gameAttr": [],
  "groundFriction": 0.409057201672022,
  "hitStreak": 0,
  "hittingRating": 0.9179039726099092,
  "id": "da67c196-4cac-428b-8c18-2a411055ea35",
  "indulgence": 0.5039887246201087,
  "itemAttr": [],
  "items": [
    {
      "baserunningRating": 0.046448917756483854,
      "defenseRating": 0,
      "durability": 2,
      "forger": null,
      "forgerName": null,
      "health": 2,
      "hittingRating": 0,
      "id": "7d38b79e-6557-46ca-adac-c48c13e54d7d",
      "name": "Cryogenic Shoes",
      "pitchingRating": 0.007405927621678299,
      "postPrefix": null,
      "prePrefix": null,
      "prefixes": [
        {
          "adjustments": [
            {
              "stat": 15,
              "type": 1,
              "value": 0.13974660977864506
            },
            {
              "stat": 17,
              "type": 1,
              "value": 0.07930545017986922
            },
            {
              "stat": 18,
              "type": 1,
              "value": 0.08650506474012234
            }
          ],
          "name": "Cryogenic"
        }
      ],
      "root": {
        "adjustments": [
          {
            "stat": 10,
            "type": 1,
            "value": 0.11631135622312833
          }
        ],
        "name": "Shoes"
      },
      "suffix": null
    }
  ],
  "laserlikeness": 0.999591637241666,
  "leagueTeamId": "c73b705c-40ad-4633-a6ed-d357ee2e2bcf",
  "martyrdom": 1.179928474332811,
  "moxie": 1.241785259643495,
  "musclitude": 0.7706138658416999,
  "name": "Yusef Fenestrate",
  "omniscience": 0.7383306399312012,
  "overpowerment": 0.9129437226859812,
  "patheticism": 0.3110627647051799,
  "peanutAllergy": false,
  "permAttr": [],
  "pitchingRating": 0.48255422483943666,
  "pressurization": 0.8299376824717601,
  "ritual": "Tattooing",
  "ruthlessness": 0.388081447984304,
  "seasAttr": [],
  "shakespearianism": 0.9916657625646584,
  "soul": 6,
  "state": {},
  "suppression": 0.7951483599521653,
  "tenaciousness": 0.5602470755842152,
  "thwackability": 0.7070158522600829,
  "totalFingers": 10,
  "tournamentTeamId": "e8f7ffee-ec53-4fe0-8e87-ea8ff1d0b4a9",
  "tragicness": 0.001,
  "unthwackability": 0.5073388893657629,
  "watchfulness": 0.6660167393331251,
  "weekAttr": []
}