{
  "anticapitalism": 0.6258610867630567,
  "baseThirst": 0.8089628069996134,
  "baserunningRating": 0.7588370656366982,
  "blood": 8,
  "buoyancy": 0.7401227822770642,
  "chasiness": 0.6562260772344012,
  "cinnamon": 0.7876833947803514,
  "coffee": 8,
  "coldness": 1.114621300055189,
  "continuation": 0.7268270176336603,
  "deceased": false,
  "defenseRating": 0.700781196819688,
  "divinity": 1.1110763061985245,
  "eDensity": 31.01787580519895,
  "evolution": 0,
  "fate": 37,
  "gameAttr": [
    "WIRED"
  ],
  "groundFriction": 0.3374559776171342,
  "hitStreak": 0,
  "hittingRating": 0.8546973845745077,
  "id": "da67c196-4cac-428b-8c18-2a411055ea35",
  "indulgence": 0.438015752189274,
  "items": [],
  "laserlikeness": 0.9386069756962108,
  "leagueTeamId": "c73b705c-40ad-4633-a6ed-d357ee2e2bcf",
  "martyrdom": 1.112143134584232,
  "moxie": 1.1810961972526277,
  "musclitude": 0.6981591933793462,
  "name": "Yusef Fenestrate",
  "omniscience": 0.6732758063070725,
  "overpowerment": 0.8394350817934891,
  "patheticism": 0.36785762654537807,
  "peanutAllergy": false,
  "permAttr": [],
  "pitchingRating": 0.40252375371181354,
  "pressurization": 0.8299376824717601,
  "ritual": "Tattooing",
  "ruthlessness": 0.3110796042107901,
  "seasAttr": [],
  "shakespearianism": 0.914036733163792,
  "soul": 6,
  "state": {},
  "suppression": 0.7198654330502127,
  "tenaciousness": 0.5092427027480113,
  "thwackability": 0.635642067807618,
  "totalFingers": 10,
  "tournamentTeamId": "e8f7ffee-ec53-4fe0-8e87-ea8ff1d0b4a9",
  "tragicness": 0.001,
  "unthwackability": 0.44008905364585815,
  "watchfulness": 0.591639721227575,
  "weekAttr": []
}