{
  "anticapitalism": 0.5039041105336692,
  "armor": "",
  "baseThirst": 0.11292935446600127,
  "bat": "",
  "blood": 9,
  "buoyancy": 0.9918328890470676,
  "chasiness": 0.08962492349957984,
  "cinnamon": 0.7429396867439559,
  "coffee": 8,
  "coldness": 0.5535923511044678,
  "continuation": 0.5511579683111778,
  "deceased": false,
  "divinity": 0.5144350389465442,
  "fate": 49,
  "gameAttr": [],
  "groundFriction": 0.8099943052983263,
  "id": "dac2fd55-5686-465f-a1b6-6fbed0b417c5",
  "indulgence": 0.7365293497250025,
  "laserlikeness": 0.3990922603601008,
  "martyrdom": 0.8078082796873975,
  "moxie": 0.926036074754384,
  "musclitude": 0.2664501865303055,
  "name": "Russo Slugger",
  "omniscience": 0.7276769883220691,
  "overpowerment": 0.15410259691496986,
  "patheticism": 0.9652172553397672,
  "peanutAllergy": true,
  "permAttr": [],
  "pressurization": 0.16870853176491218,
  "ritual": "Obsessing over past mistakes",
  "ruthlessness": 0.6104814068015256,
  "seasAttr": [],
  "shakespearianism": 0.5330626149503943,
  "soul": 7,
  "suppression": 0.34438392802710527,
  "tenaciousness": 0.2611858122337021,
  "thwackability": 0.5497140830428369,
  "totalFingers": 10,
  "tragicness": 0.1,
  "unthwackability": 0.9227056784608962,
  "watchfulness": 0.8111187476626964,
  "weekAttr": []
}