{
  "anticapitalism": 0.6920831347671723,
  "armor": "",
  "baseThirst": 0.8463179840884785,
  "baserunningRating": 0.5002882342507888,
  "bat": "",
  "blood": 9,
  "buoyancy": 0.544514052111084,
  "chasiness": 0.8349774937479733,
  "cinnamon": 0.10598336974113812,
  "coffee": 5,
  "coldness": 0.9361331112936292,
  "continuation": 0.13317611796787854,
  "deceased": false,
  "defenseRating": 0.8067222309890992,
  "divinity": 0.5856701063627608,
  "eDensity": 20.677398704885412,
  "evolution": 0,
  "fate": 27,
  "gameAttr": [],
  "groundFriction": 0.5783520993434967,
  "hitStreak": 0,
  "hittingRating": 0.6130632538594448,
  "id": "db33a54c-3934-478f-bad4-fc313ac2580e",
  "indulgence": 0.22630381819324613,
  "laserlikeness": 0.5816634231737361,
  "leagueTeamId": "b72f3061-f573-40d7-832a-5ad475bd7909",
  "martyrdom": 0.17574811435529358,
  "moxie": 0.8425523427987949,
  "musclitude": 0.3215089858596657,
  "name": "Percival Wheeler",
  "omniscience": 0.9555179159123364,
  "overpowerment": 1.0435922834611224,
  "patheticism": 0.16335538207609462,
  "peanutAllergy": true,
  "permAttr": [],
  "pitchingRating": 0.45426090527543855,
  "pressurization": 0.2844375859879176,
  "ritual": "Sleep-pitching",
  "ruthlessness": 0.2504209749477694,
  "seasAttr": [],
  "shakespearianism": 0.4723365649305959,
  "soul": 3,
  "state": {},
  "suppression": 0.9888560714039214,
  "tenaciousness": 0.8951677549118888,
  "thwackability": 0.6328951329662871,
  "totalFingers": 11,
  "tournamentTeamId": null,
  "tragicness": 0.02803948527001443,
  "unthwackability": 0.7189483826069489,
  "watchfulness": 0.2761345098388752,
  "weekAttr": []
}