{
  "anticapitalism": 0.7758988537009835,
  "baseThirst": 0.9408281680906464,
  "baserunningRating": 0.577531704363062,
  "blood": 9,
  "buoyancy": 0.6052481763538826,
  "chasiness": 0.9442859457885072,
  "cinnamon": 0.18133025878723483,
  "coffee": 5,
  "coldness": 0.990785235211203,
  "continuation": 0.2291452551937151,
  "deceased": false,
  "defenseRating": 0.8838560987929944,
  "divinity": 0.6865650993032764,
  "eDensity": 25.177011224331785,
  "evolution": 0,
  "fate": 27,
  "gameAttr": [],
  "groundFriction": 0.6705960490451817,
  "hitStreak": 0,
  "hittingRating": 0.7143383520353712,
  "id": "db33a54c-3934-478f-bad4-fc313ac2580e",
  "indulgence": 0.3234952307616796,
  "itemAttr": [],
  "items": [
    {
      "baserunningRating": 0,
      "defenseRating": 0,
      "durability": 1,
      "forger": null,
      "forgerName": null,
      "health": 1,
      "hittingRating": 0.039318152352189606,
      "id": "644bac75-3ae2-4d93-9f44-c76142d5c4b7",
      "name": "Bat",
      "pitchingRating": 0,
      "postPrefix": null,
      "prePrefix": null,
      "prefixes": null,
      "root": {
        "adjustments": [
          {
            "stat": 2,
            "type": 1,
            "value": 0.12337871257135943
          }
        ],
        "name": "Bat"
      },
      "suffix": null
    }
  ],
  "laserlikeness": 0.6154058922765089,
  "leagueTeamId": "b72f3061-f573-40d7-832a-5ad475bd7909",
  "martyrdom": 0.2728996305408909,
  "moxie": 0.9566303346314556,
  "musclitude": 0.4010918815641678,
  "name": "Percival Wheeler",
  "omniscience": 1.055146360389538,
  "overpowerment": 1.1291384115816157,
  "patheticism": 0.0625076000937208,
  "peanutAllergy": true,
  "permAttr": [],
  "pitchingRating": 0.5638468768559705,
  "pressurization": 0.2844375859879176,
  "ritual": "Sleep-pitching",
  "ruthlessness": 0.3463987802052694,
  "seasAttr": [],
  "shakespearianism": 0.5480055371635661,
  "soul": 3,
  "state": {},
  "suppression": 1.0786220569723663,
  "tenaciousness": 1.0117905394271542,
  "thwackability": 0.7435186898354598,
  "totalFingers": 11,
  "tournamentTeamId": null,
  "tragicness": 0.001,
  "unthwackability": 0.8077577900377956,
  "watchfulness": 0.3484178164421393,
  "weekAttr": []
}