{
  "anticapitalism": 0.25831900014207476,
  "armor": "",
  "baseThirst": 0.7317877371198154,
  "bat": "",
  "blood": 10,
  "buoyancy": 0.3075678472377332,
  "chasiness": 0.9254900553352978,
  "cinnamon": 0.975317976194294,
  "coffee": 13,
  "coldness": 0.9368196175205016,
  "continuation": 0.6125785580803749,
  "deceased": false,
  "divinity": 0.853209727927533,
  "fate": 97,
  "groundFriction": 0.04431370043319638,
  "id": "db53211c-f841-4f33-accf-0c3e167889a0",
  "indulgence": 0.9867488644414342,
  "laserlikeness": 0.949683788677618,
  "martyrdom": 0.390533210570851,
  "moxie": 0.4013922320849501,
  "musclitude": 0.8379558819257189,
  "name": "Travis Bendie",
  "omniscience": 0.6087570316356383,
  "overpowerment": 0.535267484399742,
  "patheticism": 0.5104883379552689,
  "peanutAllergy": false,
  "pressurization": 0.5297854139599294,
  "ritual": "Theft",
  "ruthlessness": 0.038489274241319205,
  "shakespearianism": 0.12352492976992456,
  "soul": 6,
  "suppression": 0.1046598330106132,
  "tenaciousness": 0.43776320019350146,
  "thwackability": 0.311091819017121,
  "totalFingers": 10,
  "tragicness": 0.1,
  "unthwackability": 0.4876955121512101,
  "watchfulness": 0.9021846117454406
}