{
  "anticapitalism": 0.2883190001420748,
  "armor": "",
  "baseThirst": 0.7617877371198154,
  "baserunningRating": 0.7117823913246698,
  "bat": "",
  "blood": 10,
  "buoyancy": 0.33756784723773325,
  "chasiness": 0.9554900553352978,
  "cinnamon": 1.005317976194294,
  "coffee": 13,
  "coldness": 0.9668196175205016,
  "continuation": 0.6425785580803749,
  "deceased": false,
  "defenseRating": 0.6855395034965983,
  "divinity": 0.883209727927533,
  "eDensity": 27.15186687412217,
  "evolution": 0,
  "fate": 97,
  "gameAttr": [],
  "groundFriction": 0.07431370043319638,
  "hitStreak": 0,
  "hittingRating": 0.5800003363410675,
  "id": "db53211c-f841-4f33-accf-0c3e167889a0",
  "indulgence": 1.0167488644414342,
  "laserlikeness": 0.979683788677618,
  "leagueTeamId": "7966eb04-efcc-499b-8f03-d13916330531",
  "martyrdom": 0.420533210570851,
  "moxie": 0.43139223208495014,
  "musclitude": 0.8679558819257189,
  "name": "Travis Bendie",
  "omniscience": 0.6387570316356384,
  "overpowerment": 0.5652674843997421,
  "patheticism": 0.4804883379552689,
  "peanutAllergy": false,
  "permAttr": [],
  "pitchingRating": 0.18723017942654535,
  "pressurization": 0.5597854139599294,
  "ritual": "Theft",
  "ruthlessness": 0.0684892742413192,
  "seasAttr": [],
  "shakespearianism": 0.15352492976992457,
  "soul": 6,
  "state": {},
  "suppression": 0.1346598330106132,
  "tenaciousness": 0.4677632001935015,
  "thwackability": 0.34109181901712105,
  "totalFingers": 10,
  "tournamentTeamId": null,
  "tragicness": 0.1,
  "unthwackability": 0.5176955121512101,
  "watchfulness": 0.9321846117454406,
  "weekAttr": []
}