{
  "anticapitalism": 0.6418092611521484,
  "baseThirst": 1.0336957984093742,
  "baserunningRating": 0.5876690305579628,
  "blood": 1,
  "buoyancy": 1.050129287693706,
  "chasiness": 0.9380455808959904,
  "cinnamon": 0.30006024269628806,
  "coffee": 9,
  "coldness": 0.8258046305338933,
  "continuation": 0.24935702380225652,
  "deceased": false,
  "defenseRating": 0.7424569545047676,
  "divinity": 0.2234328554244666,
  "eDensity": 31.24531138880002,
  "evolution": 0,
  "fate": 98,
  "gameAttr": [],
  "groundFriction": 0.3832732788933398,
  "hitStreak": 0,
  "hittingRating": 0.478109464969462,
  "id": "dd6044ef-c635-4aed-97bd-d18068432b8f",
  "indulgence": 0.4962565785169324,
  "itemAttr": [],
  "items": [
    {
      "baserunningRating": 0,
      "defenseRating": 0,
      "durability": 1,
      "forger": null,
      "forgerName": null,
      "health": 0,
      "hittingRating": 0.020673501057735133,
      "id": "79d55edc-582c-4ea7-b6a8-6c50fb446fbc",
      "name": "Bat",
      "pitchingRating": 0,
      "postPrefix": null,
      "prePrefix": null,
      "prefixes": null,
      "root": {
        "adjustments": [
          {
            "stat": 2,
            "type": 1,
            "value": 0.14857842716941208
          }
        ],
        "name": "Bat"
      },
      "suffix": null
    }
  ],
  "laserlikeness": 0.6312185799719872,
  "leagueTeamId": "23e4cbc1-e9cd-47fa-a35b-bfa06f726cb7",
  "martyrdom": 0.1517148596638133,
  "moxie": 0.19113693156081496,
  "musclitude": 0.7026027181764889,
  "name": "Yusef Puddles",
  "omniscience": 0.5166006393427219,
  "overpowerment": 1.0338773963371248,
  "patheticism": 0.61941807717433,
  "peanutAllergy": true,
  "permAttr": [],
  "pitchingRating": 0.5017703326446549,
  "pressurization": 0.8262264248268625,
  "ritual": "Solitaire",
  "ruthlessness": 0.4773099403685984,
  "seasAttr": [],
  "shakespearianism": 0.3258797459799038,
  "soul": 8,
  "state": {},
  "suppression": 0.6170952310078641,
  "tenaciousness": 1.0020479296082478,
  "thwackability": 1.068931823606066,
  "totalFingers": 10,
  "tournamentTeamId": "49181b72-7f1c-4f1c-929f-928d763ad7fb",
  "tragicness": 0.01228337988089033,
  "unthwackability": 0.569080264891398,
  "watchfulness": 0.3154975606449127,
  "weekAttr": []
}