{
  "anticapitalism": 0.5956070728769502,
  "armor": "",
  "baseThirst": 0.9334483939647736,
  "baserunningRating": 0.4982830609113996,
  "bat": "",
  "blood": 1,
  "buoyancy": 0.9500062035713666,
  "chasiness": 0.8248055540269132,
  "cinnamon": 0.19933524151978865,
  "coffee": 9,
  "coldness": 0.7620938113247158,
  "continuation": 0.17965781285255322,
  "deceased": false,
  "defenseRating": 0.6606721345183191,
  "divinity": 0.140997028201437,
  "fate": 98,
  "gameAttr": [],
  "groundFriction": 0.3136737590507168,
  "hitStreak": 0,
  "hittingRating": 0.35483540224481164,
  "id": "dd6044ef-c635-4aed-97bd-d18068432b8f",
  "indulgence": 0.38154412625271594,
  "laserlikeness": 0.5425507533972782,
  "martyrdom": 0.05452385621820621,
  "moxie": 0.08071813868937494,
  "musclitude": 0.6067356671602455,
  "name": "Yusef Puddles",
  "omniscience": 0.4377834665834542,
  "overpowerment": 0.9659582745995814,
  "patheticism": 0.702189332124528,
  "peanutAllergy": true,
  "permAttr": [],
  "pitchingRating": 0.4051705190902369,
  "pressurization": 0.8262264248268625,
  "ritual": "Solitaire",
  "ruthlessness": 0.392602719745073,
  "seasAttr": [],
  "shakespearianism": 0.22054694929015017,
  "soul": 8,
  "suppression": 0.5238750487887174,
  "tenaciousness": 0.9161653509850878,
  "thwackability": 0.9874772773621784,
  "totalFingers": 10,
  "tragicness": 0.1,
  "unthwackability": 0.480645510081825,
  "watchfulness": 0.20048507013766037,
  "weekAttr": []
}