{
  "_id": "dd7e710f-da4e-475b-b870-2c29fe9d8c00",
  "anticapitalism": 0.3902343306003966,
  "armor": "",
  "baseThirst": 0.625134825769319,
  "bat": "",
  "blood": 10,
  "buoyancy": 0.11394053415634176,
  "chasiness": 0.07833464412027236,
  "cinnamon": 0.21103366261557577,
  "coffee": 4,
  "coldness": 0.620604254889408,
  "continuation": 0.31623541974531366,
  "deceased": false,
  "divinity": 0.8207062158995295,
  "fate": 43,
  "groundFriction": 0.8460673131893073,
  "indulgence": 0.947824058486384,
  "laserlikeness": 0.4402014974379526,
  "martyrdom": 0.5092973859015353,
  "moxie": 0.8914304161687125,
  "musclitude": 0.8510100766849658,
  "name": "Itsuki Weeks",
  "omniscience": 0.9204858985052042,
  "overpowerment": 0.8498649202944697,
  "patheticism": 0.7382999317546397,
  "peanutAllergy": false,
  "pressurization": 0.6414143833541799,
  "ritual": "Reassembling",
  "ruthlessness": 0.42756964742559367,
  "shakespearianism": 0.8012870556698035,
  "soul": 2,
  "suppression": 0.6387775095649284,
  "tenaciousness": 0.34579597336337997,
  "thwackability": 0.5482478450849362,
  "totalFingers": 10,
  "tragicness": 0.1,
  "unthwackability": 0.9222443712638452,
  "watchfulness": 0.909094495511114
}