{
  "_id": "dd8a43a4-a024-44e9-a522-785d998b29c3",
  "anticapitalism": 0.040862020110119746,
  "baseThirst": 0.7668359760838797,
  "buoyancy": 0.035981534002304416,
  "chasiness": 0.6012062220006253,
  "coldness": 0.21864944932881292,
  "continuation": 0.7126578994105126,
  "deceased": false,
  "divinity": 0.4004546879209754,
  "groundFriction": 0.906741702765138,
  "indulgence": 0.8269645636380216,
  "laserlikeness": 0.6241854814355823,
  "martyrdom": 0.4867731450910104,
  "moxie": 0.9051241372146376,
  "musclitude": 0.3476488412375631,
  "name": "Miguel Peterson",
  "omniscience": 0.4656397448584084,
  "overpowerment": 0.5805503065005115,
  "patheticism": 0.664788196016399,
  "pressurization": 0.9785880339800272,
  "ruthlessness": 0.6654658360570338,
  "shakespearianism": 0.5415837519226192,
  "soul": 8,
  "suppression": 0.8886782323743874,
  "tenaciousness": 0.7000769890574001,
  "thwackability": 0.9028515440183928,
  "totalFingers": 10,
  "tragicness": 0,
  "unthwackability": 0.31803455590821184,
  "watchfulness": 0.7551168227857972
}