{
  "anticapitalism": 0.5036483679768262,
  "armor": "",
  "baseThirst": 0.3877750810033499,
  "bat": "",
  "blood": 12,
  "buoyancy": 0.06687437327846452,
  "chasiness": 0.8924366744208143,
  "cinnamon": 0.7158120255105158,
  "coffee": 7,
  "coldness": 0.2252765112791582,
  "continuation": 0.2611191061540743,
  "deceased": false,
  "divinity": 0.09015670135371771,
  "fate": 19,
  "gameAttr": [],
  "groundFriction": 0.19475592271370035,
  "id": "dddb6485-0527-4523-9bec-324a5b66bf37",
  "indulgence": 1.023859841719357,
  "laserlikeness": 1.0016468194232269,
  "martyrdom": 0.3972231363317764,
  "moxie": 0.39291098362576726,
  "musclitude": 0.42815013730008405,
  "name": "Beans McBlase",
  "omniscience": 1.023387379193655,
  "overpowerment": 0.9780877519058572,
  "patheticism": 0.44157011869050944,
  "peanutAllergy": true,
  "permAttr": [],
  "pressurization": 0.5716978886508219,
  "ritual": "Summoning circle",
  "ruthlessness": 0.5905200371155328,
  "seasAttr": [],
  "shakespearianism": 0.599012767006124,
  "soul": 4,
  "suppression": 0.8599002135459483,
  "tenaciousness": 0.9575517972452996,
  "thwackability": 0.16378546701072227,
  "totalFingers": 10,
  "tragicness": 0.021261961933341275,
  "unthwackability": 0.7896390655320553,
  "watchfulness": 0.3205165539443111,
  "weekAttr": []
}