{
  "anticapitalism": 0.3190582681767622,
  "armor": "",
  "baseThirst": 0.29054507998948886,
  "bat": "",
  "blood": 0,
  "buoyancy": 0.0009020392424003988,
  "chasiness": 0.7209203002251943,
  "cinnamon": 0.6401874465950015,
  "coffee": 0,
  "coldness": 0.14255957280681342,
  "continuation": 0.1819472133875593,
  "deceased": false,
  "divinity": 0.018115793085776263,
  "fate": 19,
  "gameAttr": [],
  "groundFriction": 0.11471637965881244,
  "id": "dddb6485-0527-4523-9bec-324a5b66bf37",
  "indulgence": 0.9470194287821316,
  "laserlikeness": 0.9151445180704652,
  "martyrdom": 0.29799778046834513,
  "moxie": 0.3301931687430566,
  "musclitude": 0.3463763038316794,
  "name": "Beans McBlase",
  "omniscience": 0.8344528309866999,
  "overpowerment": 0.8830977035481191,
  "patheticism": 0.5080978712608097,
  "peanutAllergy": true,
  "permAttr": [],
  "pressurization": 0.5716978886508219,
  "ritual": "",
  "ruthlessness": 0.5238960089374689,
  "seasAttr": [],
  "shakespearianism": 0.5291688790990543,
  "soul": 4,
  "suppression": 0.7834712035204063,
  "tenaciousness": 0.7855824952047863,
  "thwackability": 0.09876302016331762,
  "totalFingers": 10,
  "tragicness": 0.5072499811598579,
  "unthwackability": 0.7015464289554614,
  "watchfulness": 0.14497962295752354,
  "weekAttr": []
}