{
  "anticapitalism": 0.5194327111215005,
  "armor": "",
  "baseThirst": 0.2761000632716963,
  "baserunningRating": 0.5268526236759474,
  "bat": "",
  "blood": 10,
  "buoyancy": 0.9266577790443546,
  "chasiness": 0.9732725273418296,
  "cinnamon": 0.7223612207740056,
  "coffee": 2,
  "coldness": 0.5636798242704416,
  "continuation": 0.34693449626774187,
  "deceased": false,
  "defenseRating": 0.7048975960615164,
  "divinity": 1.1388090848900188,
  "eDensity": 33.92567585651096,
  "evolution": 0,
  "fate": 71,
  "gameAttr": [],
  "groundFriction": 0.950104259362934,
  "hitStreak": 0,
  "hittingRating": 0.8077393987092705,
  "id": "de21c97e-f575-43b7-8be7-ecc5d8c4eaff",
  "indulgence": 0.18292615758295705,
  "laserlikeness": 0.6296599647333196,
  "leagueTeamId": "bb4a9de5-c924-4923-a0cb-9d1445f1ee5d",
  "martyrdom": 0.9754813733717086,
  "moxie": 0.9815655525375472,
  "musclitude": 1.1519587478953288,
  "name": "Pitching Machine",
  "omniscience": 0.9294884431224116,
  "overpowerment": 1.1200791791205305,
  "patheticism": 0.5118878734639309,
  "peanutAllergy": true,
  "permAttr": [
    "HONEY_ROASTED"
  ],
  "pitchingRating": 1.09274978962626,
  "pressurization": 0.3439608525396183,
  "ritual": "LARPing",
  "ruthlessness": 1.171363341338318,
  "seasAttr": [],
  "shakespearianism": 0.40013283999429033,
  "soul": 6,
  "state": {},
  "suppression": 0.7876816217441621,
  "tenaciousness": 0.25990377005006204,
  "thwackability": 0.5155870887001969,
  "totalFingers": 12,
  "tournamentTeamId": "9e42c12a-7561-42a2-b2d0-7cf81a817a5e",
  "tragicness": 0.001,
  "unthwackability": 1.2569589055734127,
  "watchfulness": 1.0265577530304817,
  "weekAttr": []
}