{
  "anticapitalism": 0.32752270965158514,
  "armor": "",
  "baseThirst": 0.09821539149657732,
  "bat": "",
  "blood": 10,
  "buoyancy": 0.6822858723807447,
  "chasiness": 0.7879121611553361,
  "cinnamon": 0.5318602442839333,
  "coffee": 2,
  "coldness": 0.38198188263810806,
  "continuation": 0.18027825315353363,
  "deceased": false,
  "divinity": 0.8807996147825005,
  "fate": 71,
  "gameAttr": [],
  "groundFriction": 0.7806007488375633,
  "hitStreak": 0,
  "id": "de21c97e-f575-43b7-8be7-ecc5d8c4eaff",
  "indulgence": 0.02863680508571953,
  "laserlikeness": 0.4426139146817871,
  "martyrdom": 0.6915522920979297,
  "moxie": 0.7238601438023299,
  "musclitude": 0.8566039876630872,
  "name": "Pitching Machine",
  "omniscience": 0.7776041915145016,
  "overpowerment": 0.9374530414558012,
  "patheticism": 0.8280269515061939,
  "peanutAllergy": true,
  "permAttr": [],
  "pressurization": 0.3439608525396183,
  "ritual": "LARPing",
  "ruthlessness": 0.9743579542220544,
  "seasAttr": [],
  "shakespearianism": 0.23682610633765627,
  "soul": 6,
  "suppression": 0.61520266503364,
  "tenaciousness": 0.08111215659033166,
  "thwackability": 0.2409477367136089,
  "totalFingers": 12,
  "tragicness": 0.1,
  "unthwackability": 1.1137907674482326,
  "watchfulness": 0.8448549563087699,
  "weekAttr": []
}