{
  "anticapitalism": 0.5458782980483975,
  "armor": "",
  "baseThirst": 0.32442442059146137,
  "baserunningRating": 0.5610320815676505,
  "bat": "",
  "blood": 10,
  "buoyancy": 0.946001575788514,
  "chasiness": 1.0215506051072674,
  "cinnamon": 0.7519950894100146,
  "coffee": 2,
  "coldness": 0.5866607255048129,
  "continuation": 0.3954314848627667,
  "deceased": false,
  "defenseRating": 0.7389668565308476,
  "divinity": 1.168385920871727,
  "eDensity": 33.92567585651096,
  "evolution": 0,
  "fate": 71,
  "gameAttr": [],
  "groundFriction": 0.9946846410717074,
  "hitStreak": 0,
  "hittingRating": 0.8348399843918595,
  "id": "de21c97e-f575-43b7-8be7-ecc5d8c4eaff",
  "indulgence": 0.19323490090306955,
  "laserlikeness": 0.6600612534027032,
  "leagueTeamId": "bb4a9de5-c924-4923-a0cb-9d1445f1ee5d",
  "martyrdom": 0.996024704566506,
  "moxie": 0.9959352421414398,
  "musclitude": 1.162399309171238,
  "name": "Pitching Machine",
  "omniscience": 0.9625808383407476,
  "overpowerment": 1.1534280303738744,
  "patheticism": 0.47958101873560793,
  "peanutAllergy": true,
  "permAttr": [
    "HONEY_ROASTED"
  ],
  "pitchingRating": 1.133899788542628,
  "pressurization": 0.3439608525396183,
  "ritual": "LARPing",
  "ruthlessness": 1.186785527683339,
  "seasAttr": [],
  "shakespearianism": 0.44388981742006334,
  "soul": 6,
  "state": {},
  "suppression": 0.8320006313636624,
  "tenaciousness": 0.30023594435718465,
  "thwackability": 0.5437878832785531,
  "totalFingers": 12,
  "tournamentTeamId": "9e42c12a-7561-42a2-b2d0-7cf81a817a5e",
  "tragicness": 0.001,
  "unthwackability": 1.2977170708333896,
  "watchfulness": 1.04254328229755,
  "weekAttr": []
}