{
  "anticapitalism": 0.3936950549466127,
  "armor": "",
  "baseThirst": 0.1662745781420802,
  "baserunningRating": 0.38760121106130047,
  "bat": "",
  "blood": 10,
  "buoyancy": 0.8256763010722074,
  "chasiness": 0.835610907022207,
  "cinnamon": 0.5914063916781247,
  "coffee": 2,
  "coldness": 0.43788631503281406,
  "continuation": 0.2301509195349896,
  "deceased": false,
  "defenseRating": 0.5788792602187778,
  "divinity": 1.0477201190106171,
  "eDensity": 30.22140012044609,
  "evolution": 0,
  "fate": 71,
  "gameAttr": [],
  "groundFriction": 0.8364618581991159,
  "hitStreak": 0,
  "hittingRating": 0.6811976864584652,
  "id": "de21c97e-f575-43b7-8be7-ecc5d8c4eaff",
  "indulgence": 0.07656956059340922,
  "laserlikeness": 0.4999218023648492,
  "leagueTeamId": "bb4a9de5-c924-4923-a0cb-9d1445f1ee5d",
  "martyrdom": 0.8701462028587694,
  "moxie": 0.8752095277742552,
  "musclitude": 1.036303051466713,
  "name": "Pitching Machine",
  "omniscience": 0.8221044594222262,
  "overpowerment": 1.0071695130617149,
  "patheticism": 0.6580497017513877,
  "peanutAllergy": true,
  "permAttr": [
    "HONEY_ROASTED",
    "ELSEWHERE"
  ],
  "pitchingRating": 0.9553790023251836,
  "pressurization": 0.3439608525396183,
  "ritual": "LARPing",
  "ruthlessness": 1.0540186996006151,
  "seasAttr": [],
  "shakespearianism": 0.3014383807172662,
  "soul": 6,
  "state": {
    "elsewhere": {
      "day": 35,
      "season": 12
    }
  },
  "suppression": 0.6676084462513592,
  "tenaciousness": 0.14470280452899306,
  "thwackability": 0.3824012476431684,
  "totalFingers": 12,
  "tournamentTeamId": "9e42c12a-7561-42a2-b2d0-7cf81a817a5e",
  "tragicness": 0.001,
  "unthwackability": 1.1567358126850893,
  "watchfulness": 0.907628108219292,
  "weekAttr": []
}