{
  "anticapitalism": 0.469422825607043,
  "armor": "",
  "baseThirst": 0.21700491684776305,
  "baserunningRating": 0.4466459840053169,
  "bat": "",
  "blood": 10,
  "buoyancy": 0.8775167417710863,
  "chasiness": 0.8975456367760938,
  "cinnamon": 0.6506687960261273,
  "coffee": 2,
  "coldness": 0.5118007429762448,
  "continuation": 0.2719195439246896,
  "deceased": false,
  "defenseRating": 0.6392664309337037,
  "divinity": 1.095578462823159,
  "eDensity": 31.93632792553724,
  "evolution": 0,
  "fate": 71,
  "gameAttr": [],
  "groundFriction": 0.882790336749364,
  "hitStreak": 0,
  "hittingRating": 0.7448796609737118,
  "id": "de21c97e-f575-43b7-8be7-ecc5d8c4eaff",
  "indulgence": 0.11903587286963696,
  "laserlikeness": 0.55136320599592,
  "leagueTeamId": "bb4a9de5-c924-4923-a0cb-9d1445f1ee5d",
  "martyrdom": 0.926193198406295,
  "moxie": 0.9355321098532062,
  "musclitude": 1.0914225650490392,
  "name": "Pitching Mach-ne",
  "omniscience": 0.8837413654581895,
  "overpowerment": 1.0536891530924335,
  "patheticism": 0.581954260366401,
  "peanutAllergy": true,
  "permAttr": [
    "HONEY_ROASTED",
    "SCATTERED"
  ],
  "pitchingRating": 1.0172547705925874,
  "pressurization": 0.3439608525396183,
  "ritual": "LARPing",
  "ruthlessness": 1.1061522060826248,
  "seasAttr": [],
  "shakespearianism": 0.34958568412203395,
  "soul": 6,
  "state": {
    "unscatteredName": "Pitching Machine"
  },
  "suppression": 0.7142334575564643,
  "tenaciousness": 0.18986790922146343,
  "thwackability": 0.4456302933763755,
  "totalFingers": 12,
  "tournamentTeamId": "9e42c12a-7561-42a2-b2d0-7cf81a817a5e",
  "tragicness": 0.001,
  "unthwackability": 1.1990244310877074,
  "watchfulness": 0.9608260022970632,
  "weekAttr": []
}