{
  "anticapitalism": 0.6500223251947852,
  "baseThirst": 0.43852461519227903,
  "baserunningRating": 0.6878842239544039,
  "blood": 10,
  "buoyancy": 1.104148397867844,
  "chasiness": 1.1567428077055433,
  "cinnamon": 0.8170713694542228,
  "coffee": 2,
  "coldness": 0.6712803644153644,
  "continuation": 0.49691301968196183,
  "deceased": false,
  "defenseRating": 0.8391543113185643,
  "divinity": 1.142654182148758,
  "eDensity": 58.87516898003241,
  "evolution": 0,
  "fate": 71,
  "gameAttr": [],
  "groundFriction": 1.141723781533636,
  "hitStreak": 0,
  "hittingRating": 0.9160496090562604,
  "id": "de21c97e-f575-43b7-8be7-ecc5d8c4eaff",
  "indulgence": 0.3212499653290457,
  "itemAttr": [],
  "items": [
    {
      "baserunningRating": 0,
      "defenseRating": 0,
      "durability": 1,
      "forger": null,
      "forgerName": null,
      "health": 1,
      "hittingRating": 0.05128350417280714,
      "id": "edd33a78-4377-4469-9aba-06d1bb0b8652",
      "name": "Bat",
      "pitchingRating": 0,
      "postPrefix": null,
      "prePrefix": null,
      "prefixes": null,
      "root": {
        "adjustments": [
          {
            "stat": 2,
            "type": 1,
            "value": 0.1077444095732776
          }
        ],
        "name": "Bat"
      },
      "suffix": null
    }
  ],
  "laserlikeness": 0.7843230908072967,
  "leagueTeamId": "bb4a9de5-c924-4923-a0cb-9d1445f1ee5d",
  "martyrdom": 1.117549854106766,
  "moxie": 1.113706969490453,
  "musclitude": 1.2997340651846647,
  "name": "Pitching Machine",
  "omniscience": 1.0987062143080115,
  "overpowerment": 1.2419362833131993,
  "patheticism": 0.3369114368081596,
  "peanutAllergy": false,
  "permAttr": [
    "HONEY_ROASTED",
    "UNCERTAIN",
    "EGO2",
    "ELSEWHERE"
  ],
  "pitchingRating": 1.2533645671039737,
  "pressurization": 0.3439608525396183,
  "ritual": "LARPing",
  "ruthlessness": 1.2692587585065875,
  "seasAttr": [],
  "shakespearianism": 0.5233103259932211,
  "soul": 10,
  "state": {
    "elsewhere": {
      "day": 9,
      "season": 15
    }
  },
  "suppression": 0.9014469110891448,
  "tenaciousness": 0.4072678579924161,
  "thwackability": 0.6631421919932027,
  "totalFingers": 12,
  "tournamentTeamId": "9e42c12a-7561-42a2-b2d0-7cf81a817a5e",
  "tragicness": 0.001,
  "unthwackability": 1.4124979887236166,
  "watchfulness": 1.150084595435276,
  "weekAttr": []
}