{
  "anticapitalism": 0.5858782980483975,
  "armor": "",
  "baseThirst": 0.36442442059146135,
  "baserunningRating": 0.6037830330421825,
  "bat": "",
  "blood": 10,
  "buoyancy": 0.986001575788514,
  "chasiness": 1.0615506051072674,
  "cinnamon": 0.7519950894100146,
  "coffee": 2,
  "coldness": 0.5866607255048129,
  "continuation": 0.4354314848627666,
  "deceased": false,
  "defenseRating": 0.7751741056381547,
  "divinity": 1.2083859208717271,
  "eDensity": 50.21267896024056,
  "evolution": 0,
  "fate": 71,
  "gameAttr": [],
  "groundFriction": 1.0346846410717074,
  "hitStreak": 0,
  "hittingRating": 0.874668638525686,
  "id": "de21c97e-f575-43b7-8be7-ecc5d8c4eaff",
  "indulgence": 0.23323490090306956,
  "laserlikeness": 0.7000612534027032,
  "leagueTeamId": "bb4a9de5-c924-4923-a0cb-9d1445f1ee5d",
  "martyrdom": 1.036024704566506,
  "moxie": 1.0359352421414398,
  "musclitude": 1.2023993091712382,
  "name": "Pitching Machine",
  "omniscience": 1.0025808383407475,
  "overpowerment": 1.1534280303738744,
  "patheticism": 0.4395810187356079,
  "peanutAllergy": true,
  "permAttr": [
    "HONEY_ROASTED",
    "EGO1",
    "UNCERTAIN"
  ],
  "pitchingRating": 1.133899788542628,
  "pressurization": 0.3439608525396183,
  "ritual": "LARPing",
  "ruthlessness": 1.186785527683339,
  "seasAttr": [],
  "shakespearianism": 0.44388981742006334,
  "soul": 10,
  "state": {},
  "suppression": 0.8320006313636624,
  "tenaciousness": 0.3402359443571846,
  "thwackability": 0.5837878832785531,
  "totalFingers": 12,
  "tournamentTeamId": "9e42c12a-7561-42a2-b2d0-7cf81a817a5e",
  "tragicness": 0.001,
  "unthwackability": 1.2977170708333896,
  "watchfulness": 1.08254328229755,
  "weekAttr": []
}