{
  "anticapitalism": 1.1101196446926802,
  "armor": "",
  "baseThirst": 0.4211311871132099,
  "baserunningRating": 0.7182905967381069,
  "bat": "",
  "blood": 0,
  "buoyancy": 0.9771137755951412,
  "chasiness": 0.6471053646897673,
  "cinnamon": 0.36110738195258874,
  "coffee": 0,
  "coldness": 0.30390535673815766,
  "continuation": 0.4925517911205961,
  "deceased": false,
  "defenseRating": 0.7939089182185656,
  "divinity": 0.4104924256482956,
  "fate": 1,
  "gameAttr": [],
  "groundFriction": 0.2912934435643576,
  "hitStreak": 0,
  "hittingRating": 0.6846748981722981,
  "id": "de3836a4-fdba-46cc-ab53-49fcaacc39c0",
  "indulgence": 0.8075678089220619,
  "laserlikeness": 0.9438968982510544,
  "leagueTeamId": null,
  "martyrdom": 1.053283563518941,
  "moxie": 1.0413152743141745,
  "musclitude": 0.411499705583414,
  "name": "PomPom Pomodoro",
  "omniscience": 0.3928357497848638,
  "overpowerment": 1.1527758995000057,
  "patheticism": 0.01,
  "peanutAllergy": true,
  "permAttr": [],
  "pitchingRating": 1.115372616882376,
  "pressurization": 0.4439052079610053,
  "ritual": "Admiring stickers",
  "ruthlessness": 1.2398427657455506,
  "seasAttr": [],
  "shakespearianism": 1.0723052935801218,
  "soul": 3,
  "suppression": 0.37769807452644755,
  "tenaciousness": 0.8857665551080607,
  "thwackability": 1.0162390579670562,
  "totalFingers": 34,
  "tournamentTeamId": "3b0a289b-aebd-493c-bc11-96793e7216d5",
  "tragicness": 0.6241628754678692,
  "unthwackability": 1.0505641872689568,
  "watchfulness": 1.1436719077985344,
  "weekAttr": []
}