{
  "anticapitalism": 0.6674950190448546,
  "armor": "",
  "baseThirst": 1.4263747287735793,
  "baserunningRating": 0.8933316712998024,
  "bat": "",
  "blood": 12,
  "buoyancy": 0.667685042940116,
  "chasiness": 0.8125709524505044,
  "cinnamon": 0.7640221472240523,
  "coffee": 5,
  "coldness": 1.4217025515623125,
  "continuation": 0.9904372966864874,
  "deceased": false,
  "defenseRating": 0.8909580490974651,
  "divinity": 0.8960438706712818,
  "eDensity": 32.43576715642179,
  "evolution": 0,
  "fate": 48,
  "gameAttr": [],
  "groundFriction": 1.140851713700534,
  "hitStreak": 0,
  "hittingRating": 1.0486894882226754,
  "id": "defbc540-a36d-460b-afd8-07da2375ee63",
  "indulgence": 1.1930588420884345,
  "laserlikeness": 0.7002209908393833,
  "leagueTeamId": "3f8bbb15-61c0-4e3f-8e4a-907a5fb1565e",
  "martyrdom": 0.6941883122782085,
  "moxie": 1.0309507177667676,
  "musclitude": 0.9769241289677782,
  "name": "Castillo Turner",
  "omniscience": 0.8350497556703371,
  "overpowerment": 0.782356229562483,
  "patheticism": 0.3995474943008486,
  "peanutAllergy": true,
  "permAttr": [],
  "pitchingRating": 1.1685445303640936,
  "pressurization": 0.7299201069094723,
  "ritual": "Hyperbolic time chamber",
  "ruthlessness": 1.2158164036577028,
  "seasAttr": [],
  "shakespearianism": 1.3721805752478136,
  "soul": 3,
  "state": {},
  "suppression": 1.057336674178976,
  "tenaciousness": 1.1044597990498444,
  "thwackability": 1.4018923177766287,
  "totalFingers": 13,
  "tournamentTeamId": "e3f90fa1-0bbe-40df-88ce-578d0723a23b",
  "tragicness": 0.001,
  "unthwackability": 1.1594501496980187,
  "watchfulness": 0.6831855977344377,
  "weekAttr": []
}