{
  "anticapitalism": 0.8350068335543708,
  "baseThirst": 1.5706074658472786,
  "baserunningRating": 1.0298758812127466,
  "blood": 12,
  "buoyancy": 0.8507571428041503,
  "chasiness": 0.9598764608225722,
  "cinnamon": 0.9020321804591788,
  "coffee": 5,
  "coldness": 1.5650544165714213,
  "continuation": 1.1495371458875123,
  "deceased": false,
  "defenseRating": 0.9991054964351544,
  "divinity": 1.0264517484366698,
  "eDensity": 37.8067995195647,
  "evolution": 0,
  "fate": 48,
  "gameAttr": [],
  "groundFriction": 1.3284459147430787,
  "hitStreak": 0,
  "hittingRating": 1.175337246955879,
  "id": "defbc540-a36d-460b-afd8-07da2375ee63",
  "indulgence": 1.348130787499289,
  "itemAttr": [],
  "items": [
    {
      "baserunningRating": 0,
      "defenseRating": 0.02218813558651933,
      "durability": 1,
      "forger": null,
      "forgerName": null,
      "health": 1,
      "hittingRating": 0,
      "id": "7e94c519-2380-4723-b1db-5e70369b651e",
      "name": "Glove",
      "pitchingRating": 0,
      "postPrefix": null,
      "prePrefix": null,
      "prefixes": null,
      "root": {
        "adjustments": [
          {
            "stat": 21,
            "type": 1,
            "value": 0.11199290182452032
          }
        ],
        "name": "Glove"
      },
      "suffix": null
    }
  ],
  "laserlikeness": 0.8387575851071178,
  "leagueTeamId": "3f8bbb15-61c0-4e3f-8e4a-907a5fb1565e",
  "martyrdom": 0.8209304568898946,
  "moxie": 1.192893629159062,
  "musclitude": 1.0844818145040902,
  "name": "Castillo Turner",
  "omniscience": 0.9694053367041092,
  "overpowerment": 0.9142748222810044,
  "patheticism": 0.2651806903093292,
  "peanutAllergy": true,
  "permAttr": [],
  "pitchingRating": 1.3395098781911778,
  "pressurization": 0.7299201069094723,
  "ritual": "Hyperbolic time chamber",
  "ruthlessness": 1.3719217341212244,
  "seasAttr": [],
  "shakespearianism": 1.5135799186645638,
  "soul": 3,
  "state": {},
  "suppression": 1.2179062985141833,
  "tenaciousness": 1.2839270405527463,
  "thwackability": 1.54592961604794,
  "totalFingers": 13,
  "tournamentTeamId": "e3f90fa1-0bbe-40df-88ce-578d0723a23b",
  "tragicness": 0.001,
  "unthwackability": 1.2881837034573862,
  "watchfulness": 0.7982089757297862,
  "weekAttr": []
}