{
  "anticapitalism": 0.7849755979034942,
  "baseThirst": 1.5264817331798144,
  "baserunningRating": 0.9785746340978724,
  "blood": 12,
  "buoyancy": 0.7719825580921778,
  "chasiness": 0.88823526519597,
  "cinnamon": 0.8282514038521662,
  "coffee": 5,
  "coldness": 1.5155435671016997,
  "continuation": 1.084414817610832,
  "deceased": false,
  "defenseRating": 0.9578283505051668,
  "divinity": 0.9719192403352792,
  "eDensity": 36.334514234703846,
  "evolution": 0,
  "fate": 48,
  "gameAttr": [],
  "groundFriction": 1.2484465077354283,
  "hitStreak": 0,
  "hittingRating": 1.1237409721277758,
  "id": "defbc540-a36d-460b-afd8-07da2375ee63",
  "indulgence": 1.2845024010900354,
  "itemAttr": [],
  "items": [
    {
      "baserunningRating": 0,
      "defenseRating": 0.02218813558651933,
      "durability": 1,
      "forger": null,
      "forgerName": null,
      "health": 1,
      "hittingRating": 0,
      "id": "7e94c519-2380-4723-b1db-5e70369b651e",
      "name": "Glove",
      "pitchingRating": 0,
      "postPrefix": null,
      "prePrefix": null,
      "prefixes": null,
      "root": {
        "adjustments": [
          {
            "stat": 21,
            "type": 1,
            "value": 0.11199290182452032
          }
        ],
        "name": "Glove"
      },
      "suffix": null
    }
  ],
  "laserlikeness": 0.7877520198069425,
  "leagueTeamId": "3f8bbb15-61c0-4e3f-8e4a-907a5fb1565e",
  "martyrdom": 0.778438721209188,
  "moxie": 1.1228636721085203,
  "musclitude": 1.0402391438548064,
  "name": "Castillo Turner",
  "omniscience": 0.9231414315384212,
  "overpowerment": 0.8517976790774346,
  "patheticism": 0.33712018511100816,
  "peanutAllergy": true,
  "permAttr": [],
  "pitchingRating": 1.273358076798306,
  "pressurization": 0.7299201069094723,
  "ritual": "Hyperbolic time chamber",
  "ruthlessness": 1.3184489152913483,
  "seasAttr": [],
  "shakespearianism": 1.4374283626585294,
  "soul": 3,
  "state": {},
  "suppression": 1.1516453327985847,
  "tenaciousness": 1.205340446502867,
  "thwackability": 1.4942117632949174,
  "totalFingers": 13,
  "tournamentTeamId": "e3f90fa1-0bbe-40df-88ce-578d0723a23b",
  "tragicness": 0.001,
  "unthwackability": 1.2422352533135743,
  "watchfulness": 0.7528990697407075,
  "weekAttr": []
}