{
  "anticapitalism": 0.5088098780374044,
  "armor": "",
  "baseThirst": 1.234420583097784,
  "baserunningRating": 0.7309250027867427,
  "bat": "",
  "blood": 12,
  "buoyancy": 0.4732679888596018,
  "chasiness": 0.6425802359494279,
  "cinnamon": 0.5813443367414515,
  "coffee": 5,
  "coldness": 1.2484789687959732,
  "continuation": 0.8430893398396162,
  "deceased": false,
  "defenseRating": 0.7511665742852387,
  "divinity": 0.6795812135479706,
  "fate": 48,
  "gameAttr": [],
  "groundFriction": 0.9558145247370332,
  "hitStreak": 0,
  "hittingRating": 0.8504413838638124,
  "id": "defbc540-a36d-460b-afd8-07da2375ee63",
  "indulgence": 1.0258453869102615,
  "laserlikeness": 0.5320925502336683,
  "martyrdom": 0.5002010384689968,
  "moxie": 0.8611856277462413,
  "musclitude": 0.8110207275991796,
  "name": "Castillo Turner",
  "omniscience": 0.6238803748579854,
  "overpowerment": 0.6135425829370041,
  "patheticism": 0.5943365357081808,
  "peanutAllergy": true,
  "permAttr": [],
  "pitchingRating": 0.976816113561796,
  "pressurization": 0.7299201069094723,
  "ritual": "Hyperbolic time chamber",
  "ruthlessness": 1.0265423892430916,
  "seasAttr": [],
  "shakespearianism": 1.2320114168019816,
  "soul": 3,
  "suppression": 0.866367950521781,
  "tenaciousness": 0.9249376144736536,
  "thwackability": 1.1859121107631272,
  "totalFingers": 13,
  "tragicness": 0.05796067151339901,
  "unthwackability": 1.0261921759717172,
  "watchfulness": 0.525354085001595,
  "weekAttr": []
}