{
  "anticapitalism": 0.6213753703764386,
  "armor": "",
  "baseThirst": 1.3510253267718573,
  "baserunningRating": 0.845919907066971,
  "bat": "",
  "blood": 12,
  "buoyancy": 0.5879415878770483,
  "chasiness": 0.7364626359359063,
  "cinnamon": 0.705236161101947,
  "coffee": 5,
  "coldness": 1.3794732385278872,
  "continuation": 0.9412265507022154,
  "deceased": false,
  "defenseRating": 0.8446158591772113,
  "divinity": 0.8253014710672897,
  "eDensity": 30.85068682182183,
  "evolution": 0,
  "fate": 48,
  "gameAttr": [],
  "groundFriction": 1.0812859372743904,
  "hitStreak": 0,
  "hittingRating": 0.9855528045041612,
  "id": "defbc540-a36d-460b-afd8-07da2375ee63",
  "indulgence": 1.1413289481648086,
  "laserlikeness": 0.6539080460521416,
  "leagueTeamId": "3f8bbb15-61c0-4e3f-8e4a-907a5fb1565e",
  "martyrdom": 0.6188795856606488,
  "moxie": 0.975395115424072,
  "musclitude": 0.9362893269212056,
  "name": "Castillo Turner",
  "omniscience": 0.7582760257073042,
  "overpowerment": 0.7130115722310862,
  "patheticism": 0.45204465501812846,
  "peanutAllergy": true,
  "permAttr": [],
  "pitchingRating": 1.1004495944547694,
  "pressurization": 0.7299201069094723,
  "ritual": "Hyperbolic time chamber",
  "ruthlessness": 1.1481870185635568,
  "seasAttr": [],
  "shakespearianism": 1.3320781708806,
  "soul": 3,
  "state": {},
  "suppression": 0.9870844123060812,
  "tenaciousness": 1.0471211715262942,
  "thwackability": 1.327448132431305,
  "totalFingers": 13,
  "tournamentTeamId": "e3f90fa1-0bbe-40df-88ce-578d0723a23b",
  "tragicness": 0.001,
  "unthwackability": 1.115089236160197,
  "watchfulness": 0.6403818783114601,
  "weekAttr": []
}