{
  "anticapitalism": 0.4648704457387359,
  "armor": "",
  "baseThirst": 1.1575459865445512,
  "baserunningRating": 0.6630969765841372,
  "bat": "",
  "blood": 12,
  "buoyancy": 0.30262157925263133,
  "chasiness": 0.5770548809160062,
  "cinnamon": 0.5115808347707177,
  "coffee": 5,
  "coldness": 1.1917287229143276,
  "continuation": 0.8028031676915967,
  "deceased": false,
  "defenseRating": 0.7060503797842387,
  "divinity": 0.5343891891369361,
  "fate": 48,
  "gameAttr": [],
  "groundFriction": 0.904605512241326,
  "hitStreak": 0,
  "hittingRating": 0.6950792362738868,
  "id": "defbc540-a36d-460b-afd8-07da2375ee63",
  "indulgence": 0.9804281525199464,
  "laserlikeness": 0.4570351776271033,
  "martyrdom": 0.3408439692209444,
  "moxie": 0.6827572754753264,
  "musclitude": 0.6365171912239527,
  "name": "Castillo Turner",
  "omniscience": 0.5728183211083705,
  "overpowerment": 0.5566504650765879,
  "patheticism": 0.7345158788722124,
  "peanutAllergy": true,
  "permAttr": [],
  "pitchingRating": 0.8914702657248087,
  "pressurization": 0.7299201069094723,
  "ritual": "Hyperbolic time chamber",
  "ruthlessness": 0.9509181479204832,
  "seasAttr": [],
  "shakespearianism": 1.1541289968266086,
  "soul": 3,
  "suppression": 0.8003550865703526,
  "tenaciousness": 0.8609021133634422,
  "thwackability": 1.0201534941749444,
  "totalFingers": 13,
  "tragicness": 0.1,
  "unthwackability": 0.9500899015572624,
  "watchfulness": 0.4719179604740874,
  "weekAttr": []
}