{
  "anticapitalism": 0.20318306793230595,
  "baseThirst": 0.6236332953454278,
  "baserunningRating": 0.2951089807898923,
  "blood": 11,
  "buoyancy": 0.3973342880874058,
  "chasiness": 1.0664568096910196,
  "cinnamon": 0.76145368290917,
  "coffee": 7,
  "coldness": 0.4374290289758418,
  "continuation": 0.73229391092164,
  "deceased": false,
  "defenseRating": 0.6336311686241297,
  "divinity": 0.22865847049998855,
  "eDensity": 26.581454700744235,
  "evolution": 0,
  "fate": 74,
  "gameAttr": [],
  "groundFriction": 0.061640223448707454,
  "hitStreak": 0,
  "hittingRating": 0.297556048764099,
  "id": "df34d168-4d6a-403c-aca5-2b1ebe90444d",
  "indulgence": 0.2613816216353926,
  "itemAttr": [],
  "items": [],
  "laserlikeness": 0.23260232880866027,
  "leagueTeamId": "747b8e4a-7e50-4638-a973-ea7950a3e739",
  "martyrdom": 0.1252025186900283,
  "moxie": 0.13884121007936612,
  "musclitude": 0.28822556920100584,
  "name": "Doc Cash",
  "omniscience": 0.2824676614454239,
  "overpowerment": 0.39605333281306176,
  "patheticism": 0.7267449839486491,
  "peanutAllergy": false,
  "permAttr": [],
  "pitchingRating": 0.2853401876424841,
  "pressurization": 0.2573345418389996,
  "ritual": "Sleep-pitching",
  "ruthlessness": 0.6872422273582337,
  "seasAttr": [],
  "shakespearianism": 0.4501793855757572,
  "soul": 8,
  "state": {},
  "suppression": 0.8923787629743147,
  "tenaciousness": 0.8459598810245685,
  "thwackability": 0.3725949103630606,
  "totalFingers": 10,
  "tournamentTeamId": null,
  "tragicness": 0.2109903492526366,
  "unthwackability": 0.17741462316072454,
  "watchfulness": 0.8431358067913903,
  "weekAttr": []
}