{
  "anticapitalism": 0.1817183734772534,
  "armor": "",
  "baseThirst": 0.6236332953454278,
  "baserunningRating": 0.2951089807898923,
  "bat": "",
  "blood": 0,
  "buoyancy": 0.3973342880874058,
  "chasiness": 0.9680161573862548,
  "cinnamon": 0.76145368290917,
  "coffee": 0,
  "coldness": 0.4374290289758418,
  "continuation": 0.73229391092164,
  "deceased": false,
  "defenseRating": 0.605280856843807,
  "divinity": 0.22865847049998855,
  "fate": 74,
  "gameAttr": [],
  "groundFriction": 0.061640223448707454,
  "hitStreak": 0,
  "hittingRating": 0.297556048764099,
  "id": "df34d168-4d6a-403c-aca5-2b1ebe90444d",
  "indulgence": 0.2613816216353926,
  "laserlikeness": 0.23260232880866027,
  "martyrdom": 0.1252025186900283,
  "moxie": 0.13884121007936612,
  "musclitude": 0.28822556920100584,
  "name": "Doc Cash",
  "omniscience": 0.2651283188384743,
  "overpowerment": 0.39605333281306176,
  "patheticism": 0.7267449839486491,
  "peanutAllergy": false,
  "permAttr": [],
  "pitchingRating": 0.2853401876424841,
  "pressurization": 0.2573345418389996,
  "ritual": "",
  "ruthlessness": 0.6872422273582337,
  "seasAttr": [],
  "shakespearianism": 0.4501793855757572,
  "soul": 8,
  "suppression": 0.8923787629743147,
  "tenaciousness": 0.8150395437086229,
  "thwackability": 0.3725949103630606,
  "totalFingers": 10,
  "tragicness": 0.2109903492526366,
  "unthwackability": 0.17741462316072454,
  "watchfulness": 0.8035600626886346,
  "weekAttr": []
}