{
  "anticapitalism": 0.9553802763661472,
  "baseThirst": 1.1209266272157743,
  "baserunningRating": 0.41222927598272785,
  "blood": 4,
  "buoyancy": 0.7295236874566722,
  "chasiness": 0.7019369626220906,
  "cinnamon": 0.31121227532712514,
  "coffee": 11,
  "coldness": 0.8839325495215133,
  "continuation": 1.0280326935865065,
  "deceased": false,
  "defenseRating": 0.8571484686238506,
  "divinity": 0.1577581113757551,
  "eDensity": 30.188547512131983,
  "evolution": 0,
  "fate": 23,
  "gameAttr": [
    "REVERBERATING"
  ],
  "groundFriction": 0.26683818575915785,
  "hitStreak": 0,
  "hittingRating": 0.5151889956555745,
  "id": "df4da81a-917b-434f-b309-f00423ee4967",
  "indulgence": 0.4486026692038584,
  "itemAttr": [],
  "items": [
    {
      "baserunningRating": 0,
      "defenseRating": 0,
      "durability": 1,
      "forger": null,
      "forgerName": null,
      "health": 1,
      "hittingRating": 0.016731644632238085,
      "id": "7b2c192b-9cdc-48b6-9e4b-b87f47587c89",
      "name": "Bat",
      "pitchingRating": 0,
      "postPrefix": null,
      "prePrefix": null,
      "prefixes": null,
      "root": {
        "adjustments": [
          {
            "stat": 2,
            "type": 1,
            "value": 0.109757527510573
          }
        ],
        "name": "Bat"
      },
      "suffix": null
    }
  ],
  "laserlikeness": 0.2525450579265524,
  "leagueTeamId": "f02aeae2-5e6a-4098-9842-02d2273f25c7",
  "martyrdom": 0.5109365828401409,
  "moxie": 1.0155875739106393,
  "musclitude": 0.501088790130682,
  "name": "Eugenia Bickle",
  "omniscience": 0.6246858968265182,
  "overpowerment": 0.5505344253193164,
  "patheticism": 0.003559152500941718,
  "peanutAllergy": false,
  "permAttr": [
    "ALTERNATE"
  ],
  "pitchingRating": 0.5280829043281307,
  "pressurization": 0.007942591824902534,
  "ritual": "Summoning circle",
  "ruthlessness": 0.8072460197329597,
  "seasAttr": [],
  "shakespearianism": 0.16184549215279348,
  "soul": 7,
  "state": {},
  "suppression": 0.8468361246693209,
  "tenaciousness": 1.067428975563077,
  "thwackability": 1.1479133104509085,
  "totalFingers": 12,
  "tournamentTeamId": "a7592bd7-1d3c-4ffb-8b3a-0b1e4bc321fd",
  "tragicness": 0.08504856521348672,
  "unthwackability": 0.5733542875969814,
  "watchfulness": 0.7179344190872129,
  "weekAttr": []
}