{
  "anticapitalism": 0.9257349998067405,
  "armor": "",
  "baseThirst": 0.9728620557386858,
  "bat": "",
  "blood": 8,
  "buoyancy": 0.6043622630556725,
  "chasiness": 0.4746790945438744,
  "cinnamon": 0.2282882447274479,
  "coffee": 11,
  "coldness": 0.8462094577314064,
  "continuation": 0.9146388810768582,
  "deceased": false,
  "divinity": 0.050205418194965115,
  "fate": 23,
  "gameAttr": [],
  "groundFriction": 0.14050741344412576,
  "id": "df4da81a-917b-434f-b309-f00423ee4967",
  "indulgence": 0.33237596085364385,
  "laserlikeness": 0.10877699931985862,
  "martyrdom": 0.40936679072430165,
  "moxie": 0.8708418645972643,
  "musclitude": 0.4233742897072365,
  "name": "Eugenia Bickle",
  "omniscience": 0.23005186693937785,
  "overpowerment": 0.4721682347870402,
  "patheticism": 0.1018065302023388,
  "peanutAllergy": true,
  "permAttr": [
    "ALTERNATE"
  ],
  "pressurization": 0.007942591824902534,
  "ritual": "Summoning circle",
  "ruthlessness": 0.7707988646137008,
  "seasAttr": [],
  "shakespearianism": 0.11,
  "soul": 7,
  "suppression": 0.7927747740685883,
  "tenaciousness": 0.6500166822330908,
  "thwackability": 1.042571165370121,
  "totalFingers": 12,
  "tragicness": 0.1,
  "unthwackability": 0.4999213467625721,
  "watchfulness": 0.3004865424867542,
  "weekAttr": []
}