{
  "anticapitalism": 0.3318577833041547,
  "armor": "",
  "baseThirst": 0.09340626939847364,
  "bat": "",
  "blood": 11,
  "buoyancy": 0.22708431498808124,
  "chasiness": 0.4540910621375642,
  "cinnamon": 0.1912732291294219,
  "coffee": 1,
  "coldness": 0.7928715140348235,
  "continuation": 0.9268032601747822,
  "deceased": false,
  "divinity": 0.44477325772610854,
  "fate": 81,
  "gameAttr": [],
  "groundFriction": 0.9748627862582292,
  "id": "dfd5ccbb-90ed-4bfe-83e0-dae9cc763f10",
  "indulgence": 0.6594644468291537,
  "laserlikeness": 0.1677470240868313,
  "martyrdom": 0.7384443248645174,
  "moxie": 0.49883327932703314,
  "musclitude": 0.8082445564327401,
  "name": "Owen Picklestein",
  "omniscience": 0.9245891056760474,
  "overpowerment": 0.21372599068711207,
  "patheticism": 0.7262637647100343,
  "peanutAllergy": true,
  "permAttr": [],
  "pressurization": 0.9041721558827304,
  "ritual": "Wim hof",
  "ruthlessness": 0.29507013772461455,
  "seasAttr": [],
  "shakespearianism": 0.2857570731702339,
  "soul": 6,
  "suppression": 0.9210707280716062,
  "tenaciousness": 0.2714923483886065,
  "thwackability": 0.5484550507910484,
  "totalFingers": 10,
  "tragicness": 0.1,
  "unthwackability": 0.4469064252990496,
  "watchfulness": 0.7907573447411995,
  "weekAttr": []
}