{
  "anticapitalism": 0.3318577833041547,
  "armor": "",
  "baseThirst": 0.09340626939847364,
  "bat": "",
  "blood": 11,
  "buoyancy": 0.2770843149880812,
  "chasiness": 0.4540910621375642,
  "cinnamon": 0.1912732291294219,
  "coffee": 1,
  "coldness": 0.8428715140348234,
  "continuation": 0.9268032601747822,
  "deceased": false,
  "divinity": 0.4947732577261086,
  "fate": 81,
  "gameAttr": [],
  "groundFriction": 0.9748627862582292,
  "id": "dfd5ccbb-90ed-4bfe-83e0-dae9cc763f10",
  "indulgence": 0.6594644468291537,
  "laserlikeness": 0.1677470240868313,
  "martyrdom": 0.7884443248645173,
  "moxie": 0.5488332793270331,
  "musclitude": 0.85824455643274,
  "name": "Owen Picklestein",
  "omniscience": 0.9245891056760474,
  "overpowerment": 0.2637259906871121,
  "patheticism": 0.6762637647100344,
  "peanutAllergy": true,
  "permAttr": [],
  "pressurization": 0.9041721558827304,
  "ritual": "Wim hof",
  "ruthlessness": 0.3450701377246146,
  "seasAttr": [],
  "shakespearianism": 0.33575707317023396,
  "soul": 6,
  "suppression": 0.971070728071606,
  "tenaciousness": 0.2714923483886065,
  "thwackability": 0.5984550507910483,
  "totalFingers": 12,
  "tragicness": 0.1,
  "unthwackability": 0.4969064252990496,
  "watchfulness": 0.7907573447411995,
  "weekAttr": []
}