{
  "anticapitalism": 0.35185778330415474,
  "armor": "",
  "baseThirst": 0.09680788553052608,
  "baserunningRating": 0.3314762787597796,
  "bat": "",
  "blood": 12,
  "buoyancy": 0.19708431498808124,
  "chasiness": 0.47409106213756425,
  "cinnamon": 0.1912732291294219,
  "coffee": 1,
  "coldness": 0.8128715140348234,
  "continuation": 0.7270118020106977,
  "deceased": false,
  "defenseRating": 0.6325370961337097,
  "divinity": 0.4147732577261085,
  "eDensity": 24.393124972225543,
  "evolution": 0,
  "fate": 81,
  "gameAttr": [],
  "groundFriction": 0.09520671679744971,
  "hitStreak": 0,
  "hittingRating": 0.5005382650129626,
  "id": "dfd5ccbb-90ed-4bfe-83e0-dae9cc763f10",
  "indulgence": 0.071582905172185,
  "laserlikeness": 0.5066628812585059,
  "leagueTeamId": "3f8bbb15-61c0-4e3f-8e4a-907a5fb1565e",
  "martyrdom": 0.7084443248645174,
  "moxie": 0.4688332793270331,
  "musclitude": 0.77824455643274,
  "name": "Owen Picklestein",
  "omniscience": 0.9445891056760474,
  "overpowerment": 0.23372599068711217,
  "patheticism": 0.7562637647100343,
  "peanutAllergy": true,
  "permAttr": [
    "FRIEND_OF_CROWS",
    "TRIPLE_THREAT"
  ],
  "pitchingRating": 0.3058947846971967,
  "pressurization": 0.9041721558827304,
  "ritual": "Wim hof",
  "ruthlessness": 0.3150701377246146,
  "seasAttr": [],
  "shakespearianism": 0.305757073170234,
  "soul": 6,
  "state": {},
  "suppression": 0.941070728071606,
  "tenaciousness": 0.2914923483886065,
  "thwackability": 0.5184550507910484,
  "totalFingers": 12,
  "tournamentTeamId": null,
  "tragicness": 0.1,
  "unthwackability": 0.4669064252990496,
  "watchfulness": 0.8107573447411995,
  "weekAttr": []
}