{
  "anticapitalism": 1,
  "armor": "",
  "baseThirst": 0.10811305087571688,
  "baserunningRating": 0.5093728032070941,
  "bat": "",
  "blood": 3,
  "buoyancy": 0.13729407236124103,
  "chasiness": 0.5709018726704882,
  "cinnamon": 0.3237453578471836,
  "coffee": 3,
  "coldness": 0.1897081801724423,
  "continuation": 0.397163635307616,
  "deceased": false,
  "defenseRating": 0.6445539815735098,
  "divinity": 0.9280240709813568,
  "eDensity": 16.560128435437893,
  "evolution": 0,
  "fate": 11,
  "gameAttr": [],
  "groundFriction": 0.9273846682171027,
  "hitStreak": 0,
  "hittingRating": 0.32220213556939314,
  "id": "dfe3bc1b-fca8-47eb-965f-6cf947c35447",
  "indulgence": 0.7909292293470713,
  "laserlikeness": 0.5181106013078636,
  "leagueTeamId": "878c1bf6-0d21-4659-bfee-916c8314d69c",
  "martyrdom": 0.265760293169198,
  "moxie": 0.8510139845881766,
  "musclitude": 0.2347054520419305,
  "name": "Linus Haley",
  "omniscience": 0.6912517255687782,
  "overpowerment": 0.27112707574679873,
  "patheticism": 0.22041212484294623,
  "peanutAllergy": false,
  "permAttr": [],
  "pitchingRating": 0.31817514185541607,
  "pressurization": 0.219683096400358,
  "ritual": "Pining for glory",
  "ruthlessness": 0.2063445156289201,
  "seasAttr": [],
  "shakespearianism": 0.3633763097276412,
  "soul": 2,
  "state": {},
  "suppression": 0.03938485922139212,
  "tenaciousness": 0.3527830682735278,
  "thwackability": 0.06708668170896348,
  "totalFingers": 10,
  "tournamentTeamId": null,
  "tragicness": 0.1,
  "unthwackability": 0.7042561636063795,
  "watchfulness": 0.36453863601525494,
  "weekAttr": []
}