{
  "anticapitalism": 0.3025910160865706,
  "baseThirst": 0.6048694329272022,
  "baserunningRating": 0.6723982440971213,
  "blood": 3,
  "buoyancy": 0.5302142065173892,
  "chasiness": 0.06311534784668749,
  "cinnamon": 0.9887168661264616,
  "coffee": 5,
  "coldness": 0.5979768286135914,
  "continuation": 0.9319272085914674,
  "deceased": false,
  "defenseRating": 0.41341212958269824,
  "divinity": 0.33245242900711425,
  "eDensity": 18.14537716645456,
  "evolution": 0,
  "fate": 74,
  "gameAttr": [],
  "groundFriction": 0.2121089090827988,
  "hitStreak": 0,
  "hittingRating": 0.4839397396996013,
  "id": "e0839b6c-70fd-4228-ae3a-60c713d00d09",
  "indulgence": 0.4324850834985037,
  "itemAttr": [],
  "items": [],
  "laserlikeness": 0.8175953385239467,
  "leagueTeamId": "ca3f1c8c-c025-4d8e-8eef-5be6accbeb16",
  "martyrdom": 0.7502691973219522,
  "moxie": 0.5617963627948126,
  "musclitude": 0.15949642011915643,
  "name": "Tucker Thane",
  "omniscience": 0.1822603546638042,
  "overpowerment": 0.6086739635554974,
  "patheticism": 0.5508804250441333,
  "peanutAllergy": true,
  "permAttr": [
    "ALTERNATE"
  ],
  "pitchingRating": 0.17755391632689865,
  "pressurization": 0.8582553299647246,
  "ritual": "Fighting",
  "ruthlessness": 0.11784972107201663,
  "seasAttr": [],
  "shakespearianism": 0.26290384626056174,
  "soul": 3,
  "state": {},
  "suppression": 0.9109566695748574,
  "tenaciousness": 0.5714667601428571,
  "thwackability": 0.7570423312512002,
  "totalFingers": 10,
  "tournamentTeamId": null,
  "tragicness": 0.8029066786074168,
  "unthwackability": 0.2713242690297941,
  "watchfulness": 0.7038413327201476,
  "weekAttr": []
}