{
  "anticapitalism": 0.6601395499425553,
  "baseThirst": 0.13588391621917162,
  "baserunningRating": 0.3753292835272319,
  "blood": 6,
  "buoyancy": 0.047212723511283805,
  "chasiness": 0.25352144601907534,
  "cinnamon": 0.9233494229376128,
  "coffee": 12,
  "coldness": 0.6404548222347537,
  "continuation": 0.7555256181853807,
  "deceased": false,
  "defenseRating": 0.710688965793411,
  "divinity": 0.3411258259354213,
  "eDensity": 27.457593405328502,
  "evolution": 0,
  "fate": 81,
  "gameAttr": [],
  "groundFriction": 0.3028615550463427,
  "hitStreak": 0,
  "hittingRating": 0.5573098999285527,
  "id": "e0d64270-6f5a-4c10-9b22-f91f9d4f241c",
  "indulgence": 0.010882280985732518,
  "itemAttr": [],
  "items": [],
  "laserlikeness": 0.6965441240750714,
  "leagueTeamId": "f02aeae2-5e6a-4098-9842-02d2273f25c7",
  "martyrdom": 0.9662754439032176,
  "moxie": 0.3771623317206276,
  "musclitude": 0.802332279614449,
  "name": "Kevelyn Clambucket",
  "omniscience": 0.6672057222694749,
  "overpowerment": 0.09416258681492672,
  "patheticism": 0.7764331535249751,
  "peanutAllergy": false,
  "permAttr": [],
  "pitchingRating": 0.5648994800834479,
  "pressurization": 0.9672874359975904,
  "ritual": "Wearing lucky socks",
  "ruthlessness": 0.9403455608225182,
  "seasAttr": [],
  "shakespearianism": 0.7539304771304491,
  "soul": 6,
  "state": {},
  "suppression": 0.42729909782679654,
  "tenaciousness": 0.6865062666064496,
  "thwackability": 0.8857828062173028,
  "totalFingers": 10,
  "tournamentTeamId": null,
  "tragicness": 0.050810452822465546,
  "unthwackability": 0.736814506812786,
  "watchfulness": 0.9361312290810144,
  "weekAttr": []
}