{
  "anticapitalism": 0.9308147413175892,
  "armor": "",
  "baseThirst": 0.8900355785186811,
  "baserunningRating": 0.35487081445207863,
  "bat": "",
  "blood": 3,
  "buoyancy": 0.29306193647672146,
  "chasiness": 0.05402482516435046,
  "cinnamon": 0.4556018878299364,
  "coffee": 4,
  "coldness": 0.752019542612448,
  "continuation": 0.5327899063933068,
  "deceased": false,
  "defenseRating": 0.30559738170092066,
  "divinity": 0.5823180408604648,
  "fate": 75,
  "gameAttr": [],
  "groundFriction": 0.2487757243796733,
  "hitStreak": 0,
  "hittingRating": 0.6970805590538455,
  "id": "e111a46d-5ada-4311-ac4f-175cca3357da",
  "indulgence": 0.27221025630842677,
  "laserlikeness": 0.25049865506202673,
  "leagueTeamId": "9debc64f-74b7-4ae1-a4d6-fce0144b6ea5",
  "martyrdom": 0.5135979958382774,
  "moxie": 0.5497075811143447,
  "musclitude": 0.6389362773208148,
  "name": "Alexandria Rosales",
  "omniscience": 0.23287157877768003,
  "overpowerment": 0.9498891618632118,
  "patheticism": 0.4834119155179758,
  "peanutAllergy": true,
  "permAttr": [],
  "pitchingRating": 0.7971023051602395,
  "pressurization": 1.0518339472548597,
  "ritual": "Planning an escape",
  "ruthlessness": 0.906710967678946,
  "seasAttr": [],
  "shakespearianism": 0.1708741500903163,
  "soul": 6,
  "suppression": 0.7476359582035547,
  "tenaciousness": 0.2086153094396874,
  "thwackability": 0.8775524481493205,
  "totalFingers": 12,
  "tournamentTeamId": null,
  "tragicness": 0.1,
  "unthwackability": 1.0078697843463376,
  "watchfulness": 0.059856916300356375,
  "weekAttr": []
}