{
  "anticapitalism": 1.006440125774534,
  "baseThirst": 0.8900355785186811,
  "baserunningRating": 0.35487081445207863,
  "blood": 11,
  "buoyancy": 0.29306193647672146,
  "chasiness": 0.1218472867849801,
  "cinnamon": 0.4556018878299364,
  "coffee": 4,
  "coldness": 0.792019542612448,
  "continuation": 0.5327899063933068,
  "deceased": false,
  "defenseRating": 0.3938804124418007,
  "divinity": 0.5823180408604648,
  "eDensity": 28.076722257619576,
  "evolution": 0,
  "fate": 75,
  "gameAttr": [],
  "groundFriction": 0.2487757243796733,
  "hitStreak": 0,
  "hittingRating": 0.6970805590538455,
  "id": "e111a46d-5ada-4311-ac4f-175cca3357da",
  "indulgence": 0.27221025630842677,
  "itemAttr": [],
  "items": [
    {
      "baserunningRating": 0.07709695772992053,
      "defenseRating": 0,
      "durability": 2,
      "forger": null,
      "forgerName": null,
      "health": 2,
      "hittingRating": 0.04541949789880184,
      "id": "aca41169-c510-4bb5-b7f2-c2ec42523e54",
      "name": "Air Cap",
      "pitchingRating": 0.07427613825159729,
      "postPrefix": {
        "adjustments": [
          {
            "stat": 1,
            "type": 1,
            "value": 0.10740795697994578
          },
          {
            "stat": 4,
            "type": 1,
            "value": 0.11508620883419088
          },
          {
            "stat": 10,
            "type": 1,
            "value": 0.12066677968196136
          }
        ],
        "name": "Air"
      },
      "prePrefix": null,
      "prefixes": null,
      "root": {
        "adjustments": [
          {
            "stat": 16,
            "type": 1,
            "value": 0.1909376487829104
          }
        ],
        "name": "Cap"
      },
      "suffix": null
    }
  ],
  "laserlikeness": 0.25049865506202673,
  "leagueTeamId": "9debc64f-74b7-4ae1-a4d6-fce0144b6ea5",
  "martyrdom": 0.5135979958382774,
  "moxie": 0.5497075811143447,
  "musclitude": 0.6389362773208148,
  "name": "Alexandria Rosales",
  "omniscience": 0.29923321911694906,
  "overpowerment": 0.989889161863212,
  "patheticism": 0.4834119155179758,
  "peanutAllergy": true,
  "permAttr": [],
  "pitchingRating": 0.8508428222836429,
  "pressurization": 1.0518339472548597,
  "ritual": "Planning an escape",
  "ruthlessness": 0.946710967678946,
  "seasAttr": [],
  "shakespearianism": 0.21087415009031632,
  "soul": 6,
  "state": {},
  "suppression": 0.7876359582035547,
  "tenaciousness": 0.2648649277488904,
  "thwackability": 0.8775524481493205,
  "totalFingers": 13,
  "tournamentTeamId": "4d921519-410b-41e2-882e-9726a4e54a6a",
  "tragicness": 0.1,
  "unthwackability": 1.0478697843463376,
  "watchfulness": 0.11667330890939444,
  "weekAttr": []
}