{
  "anticapitalism": 0.3265295982053016,
  "armor": "",
  "baseThirst": 0.5314873438609762,
  "baserunningRating": 0.6169702350048267,
  "bat": "",
  "blood": 0,
  "buoyancy": 0.22990511879364728,
  "chasiness": 0.3530962955789996,
  "cinnamon": 0.9225282544511242,
  "coffee": 0,
  "coldness": 0.3743350841729396,
  "continuation": 0.5708953255538936,
  "deceased": false,
  "defenseRating": 0.6167610306841645,
  "divinity": 0.32413683014289857,
  "fate": 73,
  "gameAttr": [],
  "groundFriction": 0.5805090751957089,
  "hitStreak": 0,
  "hittingRating": 0.40711033999220025,
  "id": "e1651116-4533-4b39-8931-62d023e21579",
  "indulgence": 0.49472844248241654,
  "laserlikeness": 0.6201308880672374,
  "leagueTeamId": null,
  "martyrdom": 0.5989483767893651,
  "moxie": 0.249504421358273,
  "musclitude": 0.345389710565573,
  "name": "Zero Index",
  "omniscience": 0.43287915229202056,
  "overpowerment": 0.6180545065386822,
  "patheticism": 0.01,
  "peanutAllergy": false,
  "permAttr": [],
  "pitchingRating": 0.3700671034457302,
  "pressurization": 0.17888320458270224,
  "ritual": "Subtracting one",
  "ruthlessness": 0.735365443947344,
  "seasAttr": [],
  "shakespearianism": 0.3291162596933901,
  "soul": 4,
  "suppression": 0.9529660885940032,
  "tenaciousness": 0.7133985672892522,
  "thwackability": 0.4266932218787225,
  "totalFingers": 31,
  "tournamentTeamId": "d2634113-b650-47b9-ad95-673f8e28e687",
  "tragicness": 0.6886084225958722,
  "unthwackability": 0.26541010870805193,
  "watchfulness": 0.7243621240226923,
  "weekAttr": []
}