{
  "anticapitalism": 0.97,
  "armor": "",
  "baseThirst": 0.011861968557999508,
  "bat": "",
  "blood": 4,
  "buoyancy": 0.3434783498419587,
  "chasiness": 0.07379952663878078,
  "cinnamon": 0.4349797246582856,
  "coffee": 9,
  "coldness": 0.30440833852457594,
  "continuation": 0.921599425132356,
  "deceased": false,
  "divinity": 0.13521614575496457,
  "fate": 19,
  "gameAttr": [],
  "groundFriction": 0.9253508114803476,
  "id": "e16c3f28-eecd-4571-be1a-606bbac36b2b",
  "indulgence": 0.8112441985385606,
  "laserlikeness": 0.5164950645328099,
  "martyrdom": 0.7872217560688821,
  "moxie": 0.8401261575330743,
  "musclitude": 0.8115272403019749,
  "name": "Wyatt Glover",
  "omniscience": 0.5209442649401932,
  "overpowerment": 0.304769609743059,
  "patheticism": 0.9747159827638532,
  "peanutAllergy": true,
  "permAttr": [],
  "pressurization": 0.5072750604949114,
  "ritual": "Feeding the bugs",
  "ruthlessness": 0.06685374465305197,
  "seasAttr": [],
  "shakespearianism": 0.19341827457550245,
  "soul": 7,
  "suppression": 0.11762200795462864,
  "tenaciousness": 0.8733505139129387,
  "thwackability": 0.532253098916575,
  "totalFingers": 11,
  "tragicness": 0.1,
  "unthwackability": 0.01,
  "watchfulness": 0.6362533471686795,
  "weekAttr": []
}