{
  "_id": "e16c3f28-eecd-4571-be1a-606bbac36b2b",
  "anticapitalism": 1,
  "armor": "",
  "baseThirst": 0.04186196855799951,
  "bat": "",
  "blood": 4,
  "buoyancy": 0.3734783498419587,
  "chasiness": 0.10379952663878078,
  "cinnamon": 0.4349797246582856,
  "coffee": 9,
  "coldness": 0.33440833852457597,
  "continuation": 0.951599425132356,
  "deceased": false,
  "divinity": 0.16521614575496457,
  "fate": 32,
  "groundFriction": 0.9553508114803476,
  "indulgence": 0.8412441985385606,
  "laserlikeness": 0.5464950645328099,
  "martyrdom": 0.8172217560688821,
  "moxie": 0.8701261575330743,
  "musclitude": 0.8415272403019749,
  "name": "Wyatt Mason",
  "omniscience": 0.5509442649401932,
  "overpowerment": 0.334769609743059,
  "patheticism": 0.9447159827638532,
  "peanutAllergy": true,
  "pressurization": 0.5072750604949114,
  "ritual": "Feeding the bugs",
  "ruthlessness": 0.09685374465305197,
  "shakespearianism": 0.22341827457550245,
  "soul": 7,
  "suppression": 0.14762200795462865,
  "tenaciousness": 0.9033505139129387,
  "thwackability": 0.562253098916575,
  "totalFingers": 10,
  "tragicness": 0.1,
  "unthwackability": 0.027066481340886295,
  "watchfulness": 0.6662533471686796
}