{
  "anticapitalism": 0.9948508140482514,
  "baseThirst": 0.26628620909186484,
  "baserunningRating": 1.0602118463162324,
  "blood": 6,
  "buoyancy": 0.9400075469890956,
  "chasiness": 0.19380303629434104,
  "cinnamon": 0.6149044949898085,
  "coffee": 9,
  "coldness": 0.21825557018266717,
  "continuation": 0.9365555708197468,
  "deceased": false,
  "defenseRating": 0.8502191293230992,
  "divinity": 0.48784270282807346,
  "eDensity": 162.1828698648808,
  "evolution": 0,
  "fate": 19,
  "gameAttr": [],
  "groundFriction": 0.9425854596671092,
  "hitStreak": 0,
  "hittingRating": 0.8919445642157835,
  "id": "e16c3f28-eecd-4571-be1a-606bbac36b2b",
  "indulgence": 0.8823523449299355,
  "itemAttr": [],
  "items": [],
  "laserlikeness": 0.540254889993503,
  "leagueTeamId": "57ec08cc-0411-4643-b304-0e80dbc15ac7",
  "martyrdom": 0.7821677525111186,
  "moxie": 0.6064562510679945,
  "musclitude": 0.32826951800641274,
  "name": "Wyatt Glover",
  "omniscience": 0.5571903321164725,
  "overpowerment": 0.24697467777836551,
  "patheticism": 0.8900277046256043,
  "peanutAllergy": false,
  "permAttr": [
    "FIRE_EATER",
    "CREDIT_TO_THE_TEAM",
    "EGO1",
    "ATTRACTOR"
  ],
  "pitchingRating": 0.8666058694135667,
  "pressurization": 0.5072750604949114,
  "ritual": "Feeding the bugs",
  "ruthlessness": 0.17135297437728156,
  "seasAttr": [],
  "shakespearianism": 0.14814155069731666,
  "soul": 0,
  "state": {},
  "suppression": 0.1499375788114617,
  "tenaciousness": 0.9363776951937895,
  "thwackability": 0.3652312773726975,
  "totalFingers": 14,
  "tournamentTeamId": "49181b72-7f1c-4f1c-929f-928d763ad7fb",
  "tragicness": 0.782975667483996,
  "unthwackability": 0.18218629683847343,
  "watchfulness": 0.6996854396795117,
  "weekAttr": []
}