{
  "anticapitalism": 0.9126867055267806,
  "armor": "",
  "baseThirst": 0.16354303211807647,
  "baserunningRating": 0.5184828299651321,
  "bat": "",
  "blood": 6,
  "buoyancy": 0.30555197169742865,
  "chasiness": 0.12535547466824223,
  "cinnamon": 0.538143546662784,
  "coffee": 9,
  "coldness": 0.12694794051228372,
  "continuation": 0.8390936644860997,
  "deceased": false,
  "defenseRating": 0.6345670794942293,
  "divinity": 0.15651572137820857,
  "eDensity": 24.888905856789115,
  "evolution": 0,
  "fate": 19,
  "gameAttr": [],
  "groundFriction": 0.8464075226328037,
  "hitStreak": 0,
  "hittingRating": 0.34914913897108607,
  "id": "e16c3f28-eecd-4571-be1a-606bbac36b2b",
  "indulgence": 0.7614345816184455,
  "laserlikeness": 0.4366543972539298,
  "leagueTeamId": "7966eb04-efcc-499b-8f03-d13916330531",
  "martyrdom": 0.7152850557804082,
  "moxie": 0.7675195341356104,
  "musclitude": 0.7712203473242286,
  "name": "Wyatt Glover",
  "omniscience": 0.4665785739442394,
  "overpowerment": 0.1320779235836067,
  "patheticism": 0.8529054618995713,
  "peanutAllergy": true,
  "permAttr": [
    "FIRE_EATER",
    "CREDIT_TO_THE_TEAM"
  ],
  "pitchingRating": 0.053358931110854387,
  "pressurization": 0.5072750604949114,
  "ritual": "Feeding the bugs",
  "ruthlessness": 0.08532508866949322,
  "seasAttr": [],
  "shakespearianism": 0.06016871611914499,
  "soul": 7,
  "state": {},
  "suppression": 0.05073563076601563,
  "tenaciousness": 0.843340811278978,
  "thwackability": 0.47480902612278575,
  "totalFingers": 14,
  "tournamentTeamId": "49181b72-7f1c-4f1c-929f-928d763ad7fb",
  "tragicness": 0.05712428116301395,
  "unthwackability": 0.0728196088907618,
  "watchfulness": 0.597660466446408,
  "weekAttr": []
}