{
  "anticapitalism": 0.79,
  "armor": "",
  "baseThirst": 0.01,
  "bat": "",
  "blood": 4,
  "buoyancy": 0.1634783498419587,
  "chasiness": 0.01,
  "cinnamon": 0.4349797246582856,
  "coffee": 9,
  "coldness": 0.12440833852457596,
  "continuation": 0.7415994251323561,
  "deceased": false,
  "divinity": 0.01,
  "fate": 19,
  "gameAttr": [],
  "groundFriction": 0.7453508114803475,
  "hitStreak": 0,
  "id": "e16c3f28-eecd-4571-be1a-606bbac36b2b",
  "indulgence": 0.6312441985385606,
  "laserlikeness": 0.3364950645328099,
  "martyrdom": 0.6072217560688822,
  "moxie": 0.6601261575330744,
  "musclitude": 0.6315272403019749,
  "name": "Wyatt Glover",
  "omniscience": 0.3409442649401932,
  "overpowerment": 0.124769609743059,
  "patheticism": 0.99,
  "peanutAllergy": true,
  "permAttr": [],
  "pressurization": 0.5072750604949114,
  "ritual": "Feeding the bugs",
  "ruthlessness": 0.01,
  "seasAttr": [],
  "shakespearianism": 0.013418274575502431,
  "soul": 7,
  "suppression": 0.01,
  "tenaciousness": 0.6933505139129388,
  "thwackability": 0.352253098916575,
  "totalFingers": 13,
  "tragicness": 0.30000000000000004,
  "unthwackability": 0.01,
  "watchfulness": 0.45625334716867955,
  "weekAttr": []
}