{
  "anticapitalism": 0.9724733061052134,
  "armor": "",
  "baseThirst": 0.2275900612416972,
  "baserunningRating": 0.5930203940452626,
  "bat": "",
  "blood": 6,
  "buoyancy": 0.9181677990995332,
  "chasiness": 0.18281248479024653,
  "cinnamon": 0.5850269991858048,
  "coffee": 9,
  "coldness": 0.16940717320233328,
  "continuation": 0.8991705635896802,
  "deceased": false,
  "defenseRating": 0.692319348080239,
  "divinity": 0.45388857587677206,
  "eDensity": 24.491853557260725,
  "evolution": 0,
  "fate": 19,
  "gameAttr": [],
  "groundFriction": 0.9154673902068132,
  "hitStreak": 0,
  "hittingRating": 0.38562192902653136,
  "id": "e16c3f28-eecd-4571-be1a-606bbac36b2b",
  "indulgence": 0.8382418698868559,
  "laserlikeness": 0.5092578564010415,
  "leagueTeamId": "7966eb04-efcc-499b-8f03-d13916330531",
  "martyrdom": 0.7380496262703542,
  "moxie": 0.5763909895553444,
  "musclitude": 0.2847987881361802,
  "name": "Wyatt Glover",
  "omniscience": 0.510495750918107,
  "overpowerment": 0.1973349483568221,
  "patheticism": 0.9261818551433508,
  "peanutAllergy": true,
  "permAttr": [
    "FIRE_EATER",
    "CREDIT_TO_THE_TEAM"
  ],
  "pitchingRating": 0.10803967138854248,
  "pressurization": 0.5072750604949114,
  "ritual": "Feeding the bugs",
  "ruthlessness": 0.15499651009289073,
  "seasAttr": [],
  "shakespearianism": 0.12381224088306766,
  "soul": 7,
  "state": {},
  "suppression": 0.1245464900987384,
  "tenaciousness": 0.9164736105851754,
  "thwackability": 0.33032608993041707,
  "totalFingers": 14,
  "tournamentTeamId": "49181b72-7f1c-4f1c-929f-928d763ad7fb",
  "tragicness": 0.8144136127799679,
  "unthwackability": 0.14007107602472255,
  "watchfulness": 0.6500652588012921,
  "weekAttr": []
}