{
  "anticapitalism": 0.5943438256263791,
  "armor": "",
  "baseThirst": 0.2740325742743991,
  "baserunningRating": 0.49245249728247914,
  "bat": "",
  "blood": 0,
  "buoyancy": 0.2453848859922015,
  "chasiness": 1.164504305149269,
  "cinnamon": 0.6869828557094606,
  "coffee": 0,
  "coldness": 0.4503764933946559,
  "continuation": 0.6660159685303801,
  "deceased": false,
  "defenseRating": 0.6317831094271678,
  "divinity": 0.9729301129033376,
  "fate": 53,
  "gameAttr": [
    "WIRED"
  ],
  "groundFriction": 0.22379970809711155,
  "hitStreak": 0,
  "hittingRating": 1.0123740437555455,
  "id": "e181ad4a-dd09-4873-ae68-b50518d20722",
  "indulgence": 0.8244008536292817,
  "laserlikeness": 0.4778281506430675,
  "leagueTeamId": null,
  "martyrdom": 0.9919028058412782,
  "moxie": 0.7712909479284087,
  "musclitude": 1.0004126079083473,
  "name": "Batista Oatmilk",
  "omniscience": 0.269148396002422,
  "overpowerment": 0.3155419721033587,
  "patheticism": 0.01,
  "peanutAllergy": true,
  "permAttr": [],
  "pitchingRating": 0.4219378040424028,
  "pressurization": 0.7288198679116602,
  "ritual": "Cold tub",
  "ruthlessness": 0.8392831337000024,
  "seasAttr": [],
  "shakespearianism": 0.6706728177350658,
  "soul": 6,
  "suppression": 0.25950587995148655,
  "tenaciousness": 0.4273566341372343,
  "thwackability": 1.1278660061582482,
  "totalFingers": 31,
  "tournamentTeamId": "d2634113-b650-47b9-ad95-673f8e28e687",
  "tragicness": 0.01,
  "unthwackability": 0.32634128007150864,
  "watchfulness": 1.1064626630740446,
  "weekAttr": []
}