{
  "anticapitalism": 0.20313030755295203,
  "armor": "",
  "baseThirst": 0.4683789882259215,
  "baserunningRating": 0.5614562794013372,
  "bat": "",
  "blood": 11,
  "buoyancy": 0.8508911989030055,
  "chasiness": 0.92292445813881,
  "cinnamon": 0.6310333937005335,
  "coffee": 9,
  "coldness": 0.8555287633906359,
  "continuation": 0.8620966161445283,
  "deceased": false,
  "defenseRating": 0.47679638099762767,
  "divinity": 0.9082976627777766,
  "eDensity": 31.909756635169902,
  "evolution": 0,
  "fate": 56,
  "gameAttr": [],
  "groundFriction": 0.1287338497504129,
  "hitStreak": 0,
  "hittingRating": 0.7123889684115208,
  "id": "e1e33aab-df8c-4f53-b30a-ca1cea9f046e",
  "indulgence": 0.583410788845814,
  "laserlikeness": 0.634260660235789,
  "leagueTeamId": "8d87c468-699a-47a8-b40d-cfb73a5660ad",
  "martyrdom": 0.5774124684855662,
  "moxie": 0.28903010487025527,
  "musclitude": 0.4782846993973589,
  "name": "Joyner Rugrat",
  "omniscience": 0.7657762115255853,
  "overpowerment": 0.10221561554556469,
  "patheticism": 0.08001548356926791,
  "peanutAllergy": true,
  "permAttr": [],
  "pitchingRating": 0.2364664619280717,
  "pressurization": 0.41160925529364456,
  "ritual": "Running the bases backwards",
  "ruthlessness": 0.6655910514772352,
  "seasAttr": [],
  "shakespearianism": 0.003342016249550772,
  "soul": 9,
  "state": {},
  "suppression": 0.8011626619676757,
  "tenaciousness": 0.09216302352807149,
  "thwackability": 0.6686910340238623,
  "totalFingers": 10,
  "tournamentTeamId": null,
  "tragicness": 0.1,
  "unthwackability": 0.483843053747016,
  "watchfulness": 0.650236661508808,
  "weekAttr": []
}