{
  "anticapitalism": 0.7219107197311234,
  "armor": "",
  "baseThirst": 0.02926623079632762,
  "baserunningRating": 0.6366544797259218,
  "bat": "",
  "blood": 0,
  "buoyancy": 0.8157547541019461,
  "chasiness": 0.14999808713405072,
  "cinnamon": 0.13403835348750048,
  "coffee": 0,
  "coldness": 0.8858023995863982,
  "continuation": 0.5266142552062041,
  "deceased": false,
  "defenseRating": 0.2993014895509469,
  "divinity": 0.6261731308185108,
  "eDensity": 0,
  "evolution": 0,
  "fate": 95,
  "gameAttr": [],
  "groundFriction": 0.9410221634723244,
  "hitStreak": 0,
  "hittingRating": 0.36418391436798647,
  "id": "e2ad81ff-fff2-40bb-9043-95bdaf34ebc2",
  "indulgence": 0.8173619094459315,
  "laserlikeness": 0.9840855804610829,
  "leagueTeamId": null,
  "martyrdom": 0.5789507347374614,
  "moxie": 0.05144108372756295,
  "musclitude": 0.17323392687562778,
  "name": "Swords Magpie",
  "omniscience": 0.2491861488330782,
  "overpowerment": 0.5231689130693122,
  "patheticism": 0.15518315680627048,
  "peanutAllergy": true,
  "permAttr": [
    "NON_IDOLIZED"
  ],
  "pitchingRating": 0.4190163669340003,
  "pressurization": 0.18908127341737457,
  "ritual": "crying",
  "ruthlessness": 0.31948843174241537,
  "seasAttr": [],
  "shakespearianism": 0.9293997883563558,
  "soul": 7,
  "state": {},
  "suppression": 0.4390247592944161,
  "tenaciousness": 0.03436820526117734,
  "thwackability": 0.2591565385306194,
  "totalFingers": 10,
  "tournamentTeamId": null,
  "tragicness": 0.02405348565799348,
  "unthwackability": 0.5423728336290112,
  "watchfulness": 0.7263702819865294,
  "weekAttr": []
}