{
  "anticapitalism": 0.7846813179613916,
  "armor": "",
  "baseThirst": 0.42945193290919326,
  "bat": "",
  "blood": 7,
  "buoyancy": 0.7755969057139935,
  "chasiness": 0.11390813149007983,
  "cinnamon": 0.22646444324146375,
  "coffee": 11,
  "coldness": 0.6257361415249278,
  "continuation": 0.35153825927220206,
  "deceased": false,
  "divinity": 0.942763409075348,
  "fate": 90,
  "groundFriction": 0.1680383176429816,
  "id": "e3c06405-0564-47ce-bbbd-552bee4dd66f",
  "indulgence": 0.9065184122505924,
  "laserlikeness": 0.8342960471803902,
  "martyrdom": 0.6976549641515439,
  "moxie": 0.3270940072456856,
  "musclitude": 0.9297342658535276,
  "name": "Scrap Weeks",
  "omniscience": 0.4797331291629088,
  "overpowerment": 0.28537702732510506,
  "patheticism": 0.25383071584089767,
  "peanutAllergy": true,
  "pressurization": 0.19239495905898377,
  "ritual": "Clasping the amulet",
  "ruthlessness": 0.09970711950214928,
  "shakespearianism": 0.5835807490473259,
  "soul": 5,
  "suppression": 0.4741090424854779,
  "tenaciousness": 0.31103601162898764,
  "thwackability": 0.05482068550717534,
  "totalFingers": 10,
  "tragicness": 0.1,
  "unthwackability": 0.9162052901058472,
  "watchfulness": 0.48618093556709296
}