{
  "_id": "e3c514ae-f813-470e-9c91-d5baf5ffcf16",
  "anticapitalism": 0.005764461563358747,
  "baseThirst": 0.6632259524673187,
  "bat": "",
  "buoyancy": 0.915935754534874,
  "chasiness": 0.18430469762986523,
  "cinnamon": 0.8258030623098149,
  "coldness": 0.90436036844535,
  "continuation": 0.6417744410801449,
  "deceased": false,
  "divinity": 0.720673612637974,
  "fate": 60,
  "groundFriction": 0.6413439775041618,
  "indulgence": 0.5983027933654426,
  "laserlikeness": 0.209114725809328,
  "martyrdom": 0.27635866211202553,
  "moxie": 0.3238417492180592,
  "musclitude": 0.8179941456496578,
  "name": "Tot Clark",
  "omniscience": 0.725663024340977,
  "overpowerment": 0.1509711337954429,
  "patheticism": 0.7672372672234167,
  "peanutAllergy": false,
  "pressurization": 0.18770338518165783,
  "ruthlessness": 0.2259527412139377,
  "shakespearianism": 0.8482987288177704,
  "soul": 4,
  "suppression": 0.06496475212024766,
  "tenaciousness": 0.24102839718635405,
  "thwackability": 0.5164540018235002,
  "totalFingers": 10,
  "tragicness": 0.1,
  "unthwackability": 0.4063593901461442,
  "watchfulness": 0.9462858989400964
}