{
  "anticapitalism": 0.23967559261194743,
  "baseThirst": 0.8870225056574091,
  "baserunningRating": 0.6188644845732425,
  "blood": 4,
  "buoyancy": 1.1794753610087196,
  "chasiness": 0.5026634479613021,
  "cinnamon": 0.957717719572242,
  "coffee": 5,
  "coldness": 1.4225255003878243,
  "continuation": 0.8561984771225697,
  "deceased": false,
  "defenseRating": 0.7205474361498228,
  "divinity": 1.0279686306328957,
  "eDensity": 27.249135083989845,
  "evolution": 0,
  "fate": 60,
  "gameAttr": [],
  "groundFriction": 0.961532223470448,
  "hitStreak": 0,
  "hittingRating": 0.8922656217759876,
  "id": "e3c514ae-f813-470e-9c91-d5baf5ffcf16",
  "indulgence": 0.914447775222724,
  "itemAttr": [],
  "items": [
    {
      "baserunningRating": 0,
      "defenseRating": 0,
      "durability": 1,
      "forger": null,
      "forgerName": null,
      "health": 1,
      "hittingRating": 0.05184258877297965,
      "id": "f0650f80-1d51-4e6e-bf26-16b1fc4c2adb",
      "name": "Bat",
      "pitchingRating": 0,
      "postPrefix": null,
      "prePrefix": null,
      "prefixes": null,
      "root": {
        "adjustments": [
          {
            "stat": 2,
            "type": 1,
            "value": 0.14838976122429057
          }
        ],
        "name": "Bat"
      },
      "suffix": null
    }
  ],
  "laserlikeness": 0.4152070815773031,
  "leagueTeamId": "105bc3ff-1320-4e37-8ef0-8d595cb95dd0",
  "martyrdom": 0.63581350849899,
  "moxie": 0.6231698121218016,
  "musclitude": 1.180067051055778,
  "name": "Tot Clark",
  "omniscience": 0.9716003928436954,
  "overpowerment": 0.646514013585333,
  "patheticism": 0.4942886961536001,
  "peanutAllergy": false,
  "permAttr": [],
  "pitchingRating": 0.8039131837852102,
  "pressurization": 0.25770338518165786,
  "ritual": "Breaking bones",
  "ruthlessness": 0.7846531091946244,
  "seasAttr": [],
  "shakespearianism": 1.234403375945358,
  "soul": 3,
  "state": {},
  "suppression": 0.5445971526304009,
  "tenaciousness": 0.51448328408594,
  "thwackability": 0.8506278578550158,
  "totalFingers": 13,
  "tournamentTeamId": "e3f90fa1-0bbe-40df-88ce-578d0723a23b",
  "tragicness": 0.07909716147900048,
  "unthwackability": 0.8424775481476083,
  "watchfulness": 1.2531606672038909,
  "weekAttr": []
}