{
  "anticapitalism": 0.05189067806711298,
  "baseThirst": 0.6650033726470992,
  "baserunningRating": 0.4016021794742165,
  "blood": 4,
  "buoyancy": 0.9531682280947116,
  "chasiness": 0.29725912335990795,
  "cinnamon": 0.7442823547042302,
  "coffee": 5,
  "coldness": 1.2047979535595987,
  "continuation": 0.6639242580119078,
  "deceased": false,
  "defenseRating": 0.49659930430281046,
  "divinity": 0.8370419203903399,
  "eDensity": 27.124049679711497,
  "evolution": 0,
  "fate": 60,
  "gameAttr": [],
  "groundFriction": 0.738315519369464,
  "hitStreak": 0,
  "hittingRating": 0.6912309028370223,
  "id": "e3c514ae-f813-470e-9c91-d5baf5ffcf16",
  "indulgence": 0.7126588330810205,
  "items": [],
  "laserlikeness": 0.21596278091285315,
  "leagueTeamId": "105bc3ff-1320-4e37-8ef0-8d595cb95dd0",
  "martyrdom": 0.42113317338327866,
  "moxie": 0.3857300126781234,
  "musclitude": 0.9610632345172948,
  "name": "Tot Clark",
  "omniscience": 0.7754307991989136,
  "overpowerment": 0.4295570172020312,
  "patheticism": 0.6931746044997811,
  "peanutAllergy": false,
  "permAttr": [],
  "pitchingRating": 0.5550777511313674,
  "pressurization": 0.25770338518165786,
  "ritual": "Breaking bones",
  "ruthlessness": 0.5626661106942665,
  "seasAttr": [],
  "shakespearianism": 1.0615335889535211,
  "soul": 3,
  "state": {},
  "suppression": 0.33600984378837473,
  "tenaciousness": 0.30257171871231037,
  "thwackability": 0.6464956288676567,
  "totalFingers": 13,
  "tournamentTeamId": "e3f90fa1-0bbe-40df-88ce-578d0723a23b",
  "tragicness": 0.2996652882638246,
  "unthwackability": 0.6156988307705547,
  "watchfulness": 1.0742213306298425,
  "weekAttr": []
}