{
  "anticapitalism": 0.5484472692061977,
  "armor": "",
  "baseThirst": 0.028528493786496245,
  "bat": "",
  "blood": 5,
  "buoyancy": 0.2265517381259108,
  "chasiness": 0.9707740783850508,
  "cinnamon": 0.6675664707358906,
  "coffee": 13,
  "coldness": 0.7806984872879601,
  "continuation": 0.4700304109710287,
  "deceased": false,
  "divinity": 0.7785340707907507,
  "fate": 71,
  "gameAttr": [],
  "groundFriction": 0.6934969845927992,
  "id": "e3e1d190-2b94-40c0-8e88-baa3fd198d0f",
  "indulgence": 0.7230037976047405,
  "laserlikeness": 0.2751138773149677,
  "martyrdom": 0.604580921820566,
  "moxie": 0.7044552199711103,
  "musclitude": 0.904914209941834,
  "name": "Chambers Kennedy",
  "omniscience": 0.42352697403734774,
  "overpowerment": 0.12432565361625514,
  "patheticism": 0.40372231962873895,
  "peanutAllergy": true,
  "permAttr": [],
  "pressurization": 0.99599761241215,
  "ritual": "Getting mad",
  "ruthlessness": 0.689525056886507,
  "seasAttr": [],
  "shakespearianism": 0.17753199890078464,
  "soul": 9,
  "suppression": 0.6269696219356065,
  "tenaciousness": 0.9290541639764268,
  "thwackability": 0.3182110185278484,
  "totalFingers": 10,
  "tragicness": 0.1,
  "unthwackability": 0.9536587567146476,
  "watchfulness": 0.280643197886594,
  "weekAttr": []
}