{
  "anticapitalism": 0.5484472692061977,
  "baseThirst": 0.1350834973122505,
  "baserunningRating": 0.4146040969203355,
  "blood": 5,
  "buoyancy": 0.2265517381259108,
  "chasiness": 0.9707740783850508,
  "cinnamon": 0.6675664707358906,
  "coffee": 13,
  "coldness": 0.7806984872879601,
  "continuation": 0.5090004382868375,
  "deceased": false,
  "defenseRating": 0.6861596553290643,
  "divinity": 0.7785340707907507,
  "eDensity": 32.63432684669498,
  "evolution": 0,
  "fate": 71,
  "gameAttr": [],
  "groundFriction": 0.7317061466504892,
  "hitStreak": 0,
  "hittingRating": 0.5717102708138597,
  "id": "e3e1d190-2b94-40c0-8e88-baa3fd198d0f",
  "indulgence": 0.7999709589951169,
  "itemAttr": [],
  "items": [],
  "laserlikeness": 0.32682923933526675,
  "leagueTeamId": "3f8bbb15-61c0-4e3f-8e4a-907a5fb1565e",
  "martyrdom": 0.604580921820566,
  "moxie": 0.7044552199711103,
  "musclitude": 0.904914209941834,
  "name": "Chambers Kennedy",
  "omniscience": 0.42352697403734774,
  "overpowerment": 0.12432565361625514,
  "patheticism": 0.40372231962873895,
  "peanutAllergy": true,
  "permAttr": [],
  "pitchingRating": 0.514683661597204,
  "pressurization": 0.99599761241215,
  "ritual": "Getting mad",
  "ruthlessness": 0.689525056886507,
  "seasAttr": [],
  "shakespearianism": 0.17753199890078464,
  "soul": 9,
  "state": {},
  "suppression": 0.6269696219356065,
  "tenaciousness": 0.9290541639764268,
  "thwackability": 0.3182110185278484,
  "totalFingers": 10,
  "tournamentTeamId": null,
  "tragicness": 0.1,
  "unthwackability": 0.9536587567146476,
  "watchfulness": 0.280643197886594,
  "weekAttr": []
}