{
  "anticapitalism": 0.82402999796157,
  "baseThirst": 0.7728187442781098,
  "baserunningRating": 0.31851384837776947,
  "blood": 6,
  "buoyancy": 0.5391727229513659,
  "chasiness": 0.19896705959352975,
  "cinnamon": 0.9835772267720796,
  "coffee": 7,
  "coldness": 0.39326256929807735,
  "continuation": 0.7868366615622366,
  "deceased": false,
  "defenseRating": 0.4251893027034056,
  "divinity": 0.719715804230356,
  "eDensity": 27.854750959174897,
  "evolution": 1,
  "fate": 39,
  "gameAttr": [],
  "groundFriction": 0.7189151481206657,
  "hitStreak": 0,
  "hittingRating": 0.7460402928902901,
  "id": "e4034192-4dc6-4901-bb30-07fe3cf77b5e",
  "indulgence": 0.6656116074906262,
  "itemAttr": [],
  "items": [
    {
      "baserunningRating": 0,
      "defenseRating": 0,
      "durability": 1,
      "forger": null,
      "forgerName": null,
      "health": 1,
      "hittingRating": 0.07451376841004592,
      "id": "0e1fc3ff-0fe6-4e35-ad5c-b187c79e5380",
      "name": "Bat",
      "pitchingRating": 0,
      "postPrefix": null,
      "prePrefix": null,
      "prefixes": null,
      "root": {
        "adjustments": [
          {
            "stat": 2,
            "type": 1,
            "value": 0.11155212475046292
          }
        ],
        "name": "Bat"
      },
      "suffix": null
    }
  ],
  "laserlikeness": 0.1298627177871141,
  "leagueTeamId": "979aee4a-6d80-4863-bf1c-ee1a78e06024",
  "martyrdom": 0.968087504092193,
  "moxie": 0.6069045138162013,
  "musclitude": 0.8442316034321347,
  "name": "Baldwin Breadwinner",
  "omniscience": 0.27976471648587875,
  "overpowerment": 0.6317203291432423,
  "patheticism": 0.8120867832405951,
  "peanutAllergy": true,
  "permAttr": [
    "ALTERNATE",
    "PARASITE"
  ],
  "pitchingRating": 0.5974993730755105,
  "pressurization": 0.008512959905998319,
  "ritual": "Gaming",
  "ruthlessness": 0.4368661245146124,
  "seasAttr": [],
  "shakespearianism": 0.5315986018860102,
  "soul": 8,
  "state": {},
  "suppression": 0.11611624188106352,
  "tenaciousness": 0.2267640914178508,
  "thwackability": 0.8893409076769607,
  "totalFingers": 13,
  "tournamentTeamId": null,
  "tragicness": 0.2152669926481583,
  "unthwackability": 0.9449043740934951,
  "watchfulness": 0.2926608582355612,
  "weekAttr": []
}