{
  "anticapitalism": 1.006900345840619,
  "armor": "",
  "baseThirst": 0.6219746474414378,
  "baserunningRating": 0.21919644825949908,
  "bat": "",
  "blood": 6,
  "buoyancy": 0.36185917827753394,
  "chasiness": 0.22293134596495504,
  "cinnamon": 1.0629499778656837,
  "coffee": 7,
  "coldness": 0.6805246918531906,
  "continuation": 0.001,
  "deceased": false,
  "defenseRating": 0.4298538119647204,
  "divinity": 0.5473326448260432,
  "eDensity": 29.77334152454384,
  "evolution": 1,
  "fate": 39,
  "gameAttr": [],
  "groundFriction": 0.6537778371512051,
  "hitStreak": 0,
  "hittingRating": 0.21222070919787292,
  "id": "e4034192-4dc6-4901-bb30-07fe3cf77b5e",
  "indulgence": 0.5914196481213829,
  "laserlikeness": 0.2543591122438788,
  "leagueTeamId": "8d87c468-699a-47a8-b40d-cfb73a5660ad",
  "martyrdom": 0.7502202931678927,
  "moxie": 0.24840783027934288,
  "musclitude": 0.6209630726053277,
  "name": "Baldwin Breadwinner",
  "omniscience": 0.5542813816489021,
  "overpowerment": 0.02,
  "patheticism": 0.949,
  "peanutAllergy": true,
  "permAttr": [],
  "pitchingRating": 0.20765071984237396,
  "pressurization": 0.3668300245679931,
  "ritual": "Gaming",
  "ruthlessness": 0.2669655362479358,
  "seasAttr": [],
  "shakespearianism": 0.5417054460178421,
  "soul": 8,
  "state": {},
  "suppression": 0.34992513549452336,
  "tenaciousness": 0.060324346681926266,
  "thwackability": 0.051,
  "totalFingers": 13,
  "tournamentTeamId": null,
  "tragicness": 0.25,
  "unthwackability": 0.46216695327063056,
  "watchfulness": 0.8582313214073571,
  "weekAttr": []
}