{
  "anticapitalism": 1.0137957824550723,
  "armor": "",
  "baseThirst": 0.7591642424736943,
  "bat": "",
  "blood": 6,
  "buoyancy": 0.470420943130175,
  "chasiness": 0.214204017891592,
  "cinnamon": 1.0043036813273771,
  "coffee": 7,
  "coldness": 0.8003544853969288,
  "continuation": 0.08107424828461281,
  "deceased": false,
  "divinity": 0.6481590355784164,
  "fate": 39,
  "gameAttr": [],
  "groundFriction": 0.8133342081645152,
  "hitStreak": 0,
  "id": "e4034192-4dc6-4901-bb30-07fe3cf77b5e",
  "indulgence": 0.7243131886991392,
  "laserlikeness": 0.40702263571897135,
  "martyrdom": 0.8256981288657466,
  "moxie": 0.3485687365979001,
  "musclitude": 0.7236469735984056,
  "name": "Baldwin Breadwinner",
  "omniscience": 0.5274693873522561,
  "overpowerment": 0.06315076295548733,
  "patheticism": 0.9226308507207835,
  "peanutAllergy": true,
  "permAttr": [],
  "pressurization": 0.3668300245679931,
  "ritual": "Gaming",
  "ruthlessness": 0.4126984018208869,
  "seasAttr": [],
  "shakespearianism": 0.6700582457583266,
  "soul": 8,
  "suppression": 0.48290818312660566,
  "tenaciousness": 0.06837878150609236,
  "thwackability": 0.08571169243843514,
  "totalFingers": 13,
  "tragicness": 0.1,
  "unthwackability": 0.6002210921008069,
  "watchfulness": 0.8585140960893687,
  "weekAttr": []
}