{
  "anticapitalism": 1.14,
  "armor": "",
  "baseThirst": 0.9109391751495536,
  "bat": "",
  "blood": 6,
  "buoyancy": 0.5917551057789194,
  "chasiness": 0.3483347022931681,
  "cinnamon": 0.949123923174917,
  "coffee": 7,
  "coldness": 0.9560276067159756,
  "continuation": 0.06896714513560932,
  "deceased": false,
  "divinity": 0.792972285566651,
  "fate": 39,
  "gameAttr": [],
  "groundFriction": 0.9542948597282086,
  "id": "e4034192-4dc6-4901-bb30-07fe3cf77b5e",
  "indulgence": 0.8623768283367756,
  "laserlikeness": 0.5447406672512181,
  "martyrdom": 0.9540794087584604,
  "moxie": 0.4752349116004946,
  "musclitude": 0.8706080002542831,
  "name": "Baldwin Breadwinner",
  "omniscience": 0.6551267054363862,
  "overpowerment": 0.044979596004361536,
  "patheticism": 0.8015298818874443,
  "peanutAllergy": true,
  "permAttr": [],
  "pressurization": 0.3668300245679931,
  "ritual": "Gaming",
  "ruthlessness": 0.5422252861418273,
  "seasAttr": [],
  "shakespearianism": 0.7978726641309315,
  "soul": 8,
  "suppression": 0.6209809985853434,
  "tenaciousness": 0.2154740377082732,
  "thwackability": 0.03972495897528573,
  "totalFingers": 12,
  "tragicness": 0.1,
  "unthwackability": 0.7330730841251185,
  "watchfulness": 0.986632275820759,
  "weekAttr": []
}