{
  "anticapitalism": 1.2234775963136535,
  "armor": "",
  "baseThirst": 1.1077747251152246,
  "baserunningRating": 0,
  "bat": "",
  "blood": 8,
  "buoyancy": 0.7582087832410062,
  "chasiness": 0.7699454565842043,
  "cinnamon": 0.3007656976990456,
  "coffee": 4,
  "coldness": 0.46662975817082,
  "continuation": 1.0840897618903778,
  "deceased": false,
  "defenseRating": 0,
  "divinity": 0.4562874070364008,
  "fate": 47,
  "gameAttr": [],
  "groundFriction": 0.6905819036030578,
  "hitStreak": 0,
  "hittingRating": 0,
  "id": "e4e4c17d-8128-4704-9e04-f244d4573c4d",
  "indulgence": 1.092146163435734,
  "laserlikeness": 1.0155385691793628,
  "martyrdom": 1.0272952786193283,
  "moxie": 0.45833464540782776,
  "musclitude": 0.913461456014522,
  "name": "Wesley Poole",
  "omniscience": 0.9555525938260784,
  "overpowerment": 0.1738201167092474,
  "patheticism": 0.21097948192441124,
  "peanutAllergy": true,
  "permAttr": [],
  "pitchingRating": 0,
  "pressurization": 0.7877088456465753,
  "ritual": "Swearing an oath",
  "ruthlessness": 0.626322793507679,
  "seasAttr": [],
  "shakespearianism": 0.8022700010667241,
  "soul": 7,
  "suppression": 0.6206378257786143,
  "tenaciousness": 1.2377339009216437,
  "thwackability": 0.987107018033391,
  "totalFingers": 11,
  "tragicness": 0.1,
  "unthwackability": 0.7865245827487412,
  "watchfulness": 0.8099183214488918,
  "weekAttr": []
}