{
  "anticapitalism": 1.1491251277438037,
  "armor": "",
  "baseThirst": 1.054497460271643,
  "bat": "",
  "blood": 8,
  "buoyancy": 0.7004999757188347,
  "chasiness": 0.7125752813979993,
  "cinnamon": 0.2423762361421351,
  "coffee": 4,
  "coldness": 0.296904641946214,
  "continuation": 1.0117788742508966,
  "deceased": false,
  "divinity": 0.4112305059367819,
  "fate": 47,
  "gameAttr": [],
  "groundFriction": 0.6327467354857924,
  "id": "e4e4c17d-8128-4704-9e04-f244d4573c4d",
  "indulgence": 1.0461776518307386,
  "laserlikeness": 0.9355999680703998,
  "martyrdom": 0.9599867595528744,
  "moxie": 0.40363613360704903,
  "musclitude": 0.8572694532349535,
  "name": "Wesley Poole",
  "omniscience": 0.9133442039927592,
  "overpowerment": 0.03269503788120964,
  "patheticism": 0.2611057914533486,
  "peanutAllergy": true,
  "permAttr": [],
  "pressurization": 0.7877088456465753,
  "ritual": "Swearing an oath",
  "ruthlessness": 0.4833143054949904,
  "seasAttr": [],
  "shakespearianism": 0.6446297882163596,
  "soul": 7,
  "suppression": 0.4570093213354245,
  "tenaciousness": 1.1751376312485866,
  "thwackability": 0.928234073869658,
  "totalFingers": 10,
  "tragicness": 0.1,
  "unthwackability": 0.6226702102573918,
  "watchfulness": 0.7533255186606436,
  "weekAttr": []
}