{
  "anticapitalism": 0.17241981610960255,
  "armor": "",
  "baseThirst": 0.867302459430808,
  "bat": "",
  "blood": 6,
  "buoyancy": 0.8154237902663244,
  "chasiness": 0.3362822112783971,
  "cinnamon": 0.5588923013294088,
  "coffee": 13,
  "coldness": 0.382180482052185,
  "continuation": 0.7004533468873589,
  "deceased": false,
  "divinity": 0.17730360869113151,
  "fate": 28,
  "gameAttr": [],
  "groundFriction": 0.7732658026730973,
  "id": "e6114fd4-a11d-4f6c-b823-65691bb2d288",
  "indulgence": 0.5259060012470399,
  "laserlikeness": 0.7664067410422376,
  "martyrdom": 0.7239134260475908,
  "moxie": 0.5735162875353599,
  "musclitude": 0.07073193458098362,
  "name": "Bevan Underbuck",
  "omniscience": 0.5504198138541122,
  "overpowerment": 0.30157184795938985,
  "patheticism": 0.048036503472701914,
  "peanutAllergy": true,
  "permAttr": [],
  "pressurization": 0.19676937895865568,
  "ritual": "Whispering",
  "ruthlessness": 0.1058758358648009,
  "seasAttr": [],
  "shakespearianism": 0.8861812634123178,
  "soul": 6,
  "suppression": 0.37814206781896353,
  "tenaciousness": 0.927156504260699,
  "thwackability": 0.07260746918447095,
  "totalFingers": 11,
  "tragicness": 0.1,
  "unthwackability": 0.45736607944989727,
  "watchfulness": 0.659668937522713,
  "weekAttr": []
}