{
  "anticapitalism": 0.2741108769273313,
  "armor": "",
  "baseThirst": 0.9695525028074288,
  "bat": "",
  "blood": 6,
  "buoyancy": 0.921329031800802,
  "chasiness": 0.4217166918207204,
  "cinnamon": 0.6315505289737372,
  "coffee": 13,
  "coldness": 0.5003349813522934,
  "continuation": 0.8094346430126829,
  "deceased": false,
  "divinity": 0.29369113426567306,
  "fate": 28,
  "gameAttr": [],
  "groundFriction": 0.8864925711814212,
  "hitStreak": 0,
  "id": "e6114fd4-a11d-4f6c-b823-65691bb2d288",
  "indulgence": 0.6079631405424027,
  "laserlikeness": 0.8560848348575162,
  "martyrdom": 0.8439102310906617,
  "moxie": 0.665419013105764,
  "musclitude": 0.17400705335338948,
  "name": "Bevan Underbuck",
  "omniscience": 0.6368600321952337,
  "overpowerment": 0.3852117738299896,
  "patheticism": 0.01,
  "peanutAllergy": true,
  "permAttr": [],
  "pressurization": 0.19676937895865568,
  "ritual": "Whispering",
  "ruthlessness": 0.2188221992846202,
  "seasAttr": [],
  "shakespearianism": 0.99849044940193,
  "soul": 6,
  "suppression": 0.49098391353607745,
  "tenaciousness": 1.0131129426378578,
  "thwackability": 0.17524190129829462,
  "totalFingers": 13,
  "tragicness": 0.04997030756666344,
  "unthwackability": 0.5760681235508462,
  "watchfulness": 0.7603851304637349,
  "weekAttr": []
}