{
  "anticapitalism": 0.1753316207462794,
  "armor": "",
  "baseThirst": 0.24812106942999,
  "bat": "",
  "blood": 10,
  "buoyancy": 0.6592165949433616,
  "chasiness": 0.91166640693345,
  "cinnamon": 0.09299864509786882,
  "coffee": 12,
  "coldness": 0.045532735384450795,
  "continuation": 0.2026307248640169,
  "deceased": false,
  "divinity": 0.8296036990419905,
  "fate": 15,
  "gameAttr": [],
  "groundFriction": 0.14956947619997285,
  "id": "e6502bc7-5b76-4939-9fb8-132057390b30",
  "indulgence": 0.6550932760029562,
  "laserlikeness": 0.6784613507170596,
  "martyrdom": 0.898371055347653,
  "moxie": 0.24005173666260343,
  "musclitude": 0.12744387425834933,
  "name": "Greer Lott",
  "omniscience": 0.18509170884274995,
  "overpowerment": 0.141292486158058,
  "patheticism": 0.7193204267344927,
  "peanutAllergy": true,
  "permAttr": [],
  "pressurization": 0.08448813116604792,
  "ritual": "Reading theory",
  "ruthlessness": 0.7552359024202961,
  "seasAttr": [],
  "shakespearianism": 0.15181512092113136,
  "soul": 5,
  "suppression": 0.15271655528292682,
  "tenaciousness": 0.78404487972572,
  "thwackability": 0.6349744499118476,
  "totalFingers": 10,
  "tragicness": 0.2,
  "unthwackability": 0.40673177403123995,
  "watchfulness": 0.8469547326812152,
  "weekAttr": []
}