{
  "anticapitalism": 0.27408221947173717,
  "armor": "",
  "baseThirst": 0.33500656646112575,
  "baserunningRating": 0.5762089903663452,
  "bat": "",
  "blood": 10,
  "buoyancy": 0.7435930278037949,
  "chasiness": 1.002306240740225,
  "cinnamon": 0.18613880645526215,
  "coffee": 12,
  "coldness": 0.13615662583550658,
  "continuation": 0.2725787065735962,
  "deceased": false,
  "defenseRating": 0.6429440441284673,
  "divinity": 0.9036461925800072,
  "eDensity": 0,
  "evolution": 0,
  "fate": 15,
  "gameAttr": [],
  "groundFriction": 0.226326155819968,
  "hitStreak": 0,
  "hittingRating": 0.6634568383371326,
  "id": "e6502bc7-5b76-4939-9fb8-132057390b30",
  "indulgence": 0.7420615833499408,
  "laserlikeness": 0.7656249398121118,
  "leagueTeamId": "eb67ae5e-c4bf-46ca-bbbc-425cd34182ff",
  "martyrdom": 0.974478879051615,
  "moxie": 0.3266006304610136,
  "musclitude": 0.19698476019153197,
  "name": "Greer Lott",
  "omniscience": 0.24897305204836676,
  "overpowerment": 0.2131439868999684,
  "patheticism": 0.6539867586115494,
  "peanutAllergy": true,
  "permAttr": [],
  "pitchingRating": 0.42074882864227864,
  "pressurization": 0.08448813116604792,
  "ritual": "Reading theory",
  "ruthlessness": 0.8359935206127604,
  "seasAttr": [],
  "shakespearianism": 0.23517901472851768,
  "soul": 5,
  "state": {},
  "suppression": 0.2473076414356527,
  "tenaciousness": 0.8671916106112096,
  "thwackability": 0.7211406575152048,
  "totalFingers": 10,
  "tournamentTeamId": null,
  "tragicness": 0.1,
  "unthwackability": 0.479402091210696,
  "watchfulness": 0.9425744370881964,
  "weekAttr": []
}