{
  "anticapitalism": 0.6708943592484182,
  "armor": "",
  "baseThirst": 0.31281964322031475,
  "baserunningRating": 0.4905568293358693,
  "bat": "",
  "blood": 8,
  "buoyancy": 0.5666888849132912,
  "chasiness": 0.25546261641851453,
  "cinnamon": 0.5069888875339279,
  "coffee": 1,
  "coldness": 0.6354202831000184,
  "continuation": 0.1633319702327305,
  "deceased": false,
  "defenseRating": 0.5035631002019154,
  "divinity": 0.5405000757607641,
  "eDensity": 0,
  "evolution": 0,
  "fate": 37,
  "gameAttr": [],
  "groundFriction": 0.2067926705383838,
  "hitStreak": 0,
  "hittingRating": 0.5477623273098968,
  "id": "e749dc27-ca3b-456e-889c-d2ec02ac7f5f",
  "indulgence": 0.3025328294943874,
  "laserlikeness": 0.7593536392725466,
  "leagueTeamId": "b72f3061-f573-40d7-832a-5ad475bd7909",
  "martyrdom": 0.36492672273232896,
  "moxie": 0.26756971088821935,
  "musclitude": 0.8958853685646573,
  "name": "Aureliano Estes",
  "omniscience": 0.664675134724166,
  "overpowerment": 0.715522702410746,
  "patheticism": 0.6154907879362279,
  "peanutAllergy": false,
  "permAttr": [],
  "pitchingRating": 0.29154809451607583,
  "pressurization": 0.8002060828739548,
  "ritual": "Cup of tea",
  "ruthlessness": 0.22670700380680153,
  "seasAttr": [],
  "shakespearianism": 0.3646962211484017,
  "soul": 6,
  "state": {},
  "suppression": 0.42016097358174775,
  "tenaciousness": 0.2033665944741427,
  "thwackability": 0.5481149041307942,
  "totalFingers": 10,
  "tournamentTeamId": null,
  "tragicness": 0.1,
  "unthwackability": 0.3855867778890736,
  "watchfulness": 0.3347953313834291,
  "weekAttr": []
}