{
  "anticapitalism": 0.42720076108013594,
  "baseThirst": 0.3397262870002414,
  "baserunningRating": 0.6478754490752816,
  "blood": 10,
  "buoyancy": 0.2519477207289903,
  "chasiness": 0.9783649835156843,
  "cinnamon": 0.39925551744305127,
  "coffee": 8,
  "coldness": 0.87754522076462,
  "continuation": 0.7057596828764148,
  "deceased": false,
  "defenseRating": 0.6170437365844279,
  "divinity": 0.27063172775358335,
  "eDensity": 18.03063665919038,
  "evolution": 0,
  "fate": 49,
  "gameAttr": [],
  "groundFriction": 0.9550517376891796,
  "hitStreak": 0,
  "hittingRating": 0.3199206665265886,
  "id": "e7ecf646-e5e4-49ef-a0e3-10a78e87f5f4",
  "indulgence": 0.45145635901388587,
  "items": [],
  "laserlikeness": 0.660841504750515,
  "leagueTeamId": "b024e975-1c4a-4575-8936-a3754a08806a",
  "martyrdom": 0.8671086313506962,
  "moxie": 0.31408839269240335,
  "musclitude": 0.11252721073076638,
  "name": "Gallup Crueller",
  "omniscience": 0.31869554462628025,
  "overpowerment": 0.8685271007124946,
  "patheticism": 0.2924790015236214,
  "peanutAllergy": true,
  "permAttr": [
    "ALTERNATE"
  ],
  "pitchingRating": 0.1826884433826159,
  "pressurization": 0.5482026182450996,
  "ritual": "Reading",
  "ruthlessness": 0.06830653459563787,
  "seasAttr": [],
  "shakespearianism": 0.3648130012946464,
  "soul": 4,
  "state": {},
  "suppression": 0.9195389966966524,
  "tenaciousness": 0.46238136678384273,
  "thwackability": 0.31113883504053214,
  "totalFingers": 11,
  "tournamentTeamId": null,
  "tragicness": 0.24070157680472057,
  "unthwackability": 0.3669778056285613,
  "watchfulness": 0.8816047706672983,
  "weekAttr": []
}