{
  "anticapitalism": 0.36792671121454146,
  "armor": "",
  "baseThirst": 0.2782812409137341,
  "baserunningRating": 0.5950085505901458,
  "bat": "",
  "blood": 10,
  "buoyancy": 0.1816590372751361,
  "chasiness": 0.9375202628900184,
  "cinnamon": 0.32882465817185436,
  "coffee": 8,
  "coldness": 0.8211712073629194,
  "continuation": 0.6533361497910064,
  "deceased": false,
  "defenseRating": 0.5499550228459069,
  "divinity": 0.19201352560537632,
  "eDensity": 18.03063665919038,
  "evolution": 0,
  "fate": 49,
  "gameAttr": [],
  "groundFriction": 0.8780664476487678,
  "hitStreak": 0,
  "hittingRating": 0.24548573299933135,
  "id": "e7ecf646-e5e4-49ef-a0e3-10a78e87f5f4",
  "indulgence": 0.390825049727485,
  "laserlikeness": 0.6166238730793316,
  "leagueTeamId": "b024e975-1c4a-4575-8936-a3754a08806a",
  "martyrdom": 0.7902456563933693,
  "moxie": 0.26157384539149486,
  "musclitude": 0.05216067961569304,
  "name": "Gallup Crueller",
  "omniscience": 0.24831747456443456,
  "overpowerment": 0.7935783008228299,
  "patheticism": 0.34308164364761096,
  "peanutAllergy": true,
  "permAttr": [
    "ALTERNATE"
  ],
  "pitchingRating": 0.04249878773467047,
  "pressurization": 0.5482026182450996,
  "ritual": "Reading",
  "ruthlessness": 0.0022871613225321497,
  "seasAttr": [],
  "shakespearianism": 0.32012734665665854,
  "soul": 4,
  "state": {},
  "suppression": 0.8722908232498254,
  "tenaciousness": 0.38288061181122335,
  "thwackability": 0.25683576257497376,
  "totalFingers": 11,
  "tournamentTeamId": null,
  "tragicness": 0.2872180825940982,
  "unthwackability": 0.31816504886713637,
  "watchfulness": 0.8116867031773198,
  "weekAttr": []
}