{
  "anticapitalism": 0.4388574076587776,
  "baseThirst": 0.3513145006270113,
  "baserunningRating": 0.665320552807971,
  "blood": 10,
  "buoyancy": 0.2943188428730834,
  "chasiness": 1.0169475262204,
  "cinnamon": 0.4169032346753564,
  "coffee": 8,
  "coldness": 0.9039510789025668,
  "continuation": 0.7494521553898554,
  "deceased": false,
  "defenseRating": 0.6410634815280372,
  "divinity": 0.28269516570413533,
  "eDensity": 20.3726980689824,
  "evolution": 0,
  "fate": 49,
  "gameAttr": [],
  "groundFriction": 0.979761550112755,
  "hitStreak": 0,
  "hittingRating": 0.3459546641452807,
  "id": "e7ecf646-e5e4-49ef-a0e3-10a78e87f5f4",
  "indulgence": 0.47317550364362354,
  "itemAttr": [],
  "items": [
    {
      "baserunningRating": 0,
      "defenseRating": 0,
      "durability": 1,
      "forger": null,
      "forgerName": null,
      "health": 1,
      "hittingRating": 0.03547469039429413,
      "id": "8b7b879e-de1e-47d7-9465-09e11b03642d",
      "name": "Bat",
      "pitchingRating": 0,
      "postPrefix": null,
      "prePrefix": null,
      "prefixes": null,
      "root": {
        "adjustments": [
          {
            "stat": 2,
            "type": 1,
            "value": 0.10904406554854867
          }
        ],
        "name": "Bat"
      },
      "suffix": null
    }
  ],
  "laserlikeness": 0.6741326360038674,
  "leagueTeamId": "b024e975-1c4a-4575-8936-a3754a08806a",
  "martyrdom": 0.8821904136114285,
  "moxie": 0.35616470647614645,
  "musclitude": 0.13954325284038255,
  "name": "Gallup Crueller",
  "omniscience": 0.3366367033093503,
  "overpowerment": 0.8914140556359601,
  "patheticism": 0.2569340731809932,
  "peanutAllergy": true,
  "permAttr": [
    "ALTERNATE"
  ],
  "pitchingRating": 0.23078972480256849,
  "pressurization": 0.5482026182450996,
  "ritual": "Reading",
  "ruthlessness": 0.1085580422635404,
  "seasAttr": [],
  "shakespearianism": 0.39474358174025137,
  "soul": 4,
  "state": {},
  "suppression": 0.9626916917229776,
  "tenaciousness": 0.5089362639158411,
  "thwackability": 0.34318143894809533,
  "totalFingers": 11,
  "tournamentTeamId": null,
  "tragicness": 0.2175012852675795,
  "unthwackability": 0.3942840703677165,
  "watchfulness": 0.8948261671682385,
  "weekAttr": []
}