{
  "anticapitalism": 0.9258232203266789,
  "armor": "",
  "baseThirst": 0.9363697345559644,
  "bat": "",
  "blood": 10,
  "buoyancy": 0.8366258446960098,
  "chasiness": 0.18126022760497387,
  "cinnamon": 0.2006523964915272,
  "coffee": 8,
  "coldness": 1.066846196812218,
  "continuation": 0.6404911593403639,
  "deceased": false,
  "divinity": 0.6067335516136989,
  "fate": 49,
  "gameAttr": [],
  "groundFriction": 0.7292029424349435,
  "id": "e7ecf646-e5e4-49ef-a0e3-10a78e87f5f4",
  "indulgence": 1.0602500993267725,
  "laserlikeness": 0.5802585292309982,
  "martyrdom": 1.050218415594865,
  "moxie": 0.1839107458503821,
  "musclitude": 0.7619605454191617,
  "name": "Gallup Crueller",
  "omniscience": 0.48723624683935296,
  "overpowerment": 0.07976650259045341,
  "patheticism": 0.6724563778016037,
  "peanutAllergy": true,
  "permAttr": [],
  "pressurization": 0.5162999988336032,
  "ritual": "Reading",
  "ruthlessness": 0.6578337786599823,
  "seasAttr": [],
  "shakespearianism": 0.7775359164589942,
  "soul": 4,
  "suppression": 0.5022156535908884,
  "tenaciousness": 0.4837595465395207,
  "thwackability": 0.24412809780781025,
  "totalFingers": 10,
  "tragicness": 0.1,
  "unthwackability": 0.5551264217403349,
  "watchfulness": 0.12096234134276404,
  "weekAttr": []
}