{
  "anticapitalism": 0.8378437412338369,
  "armor": "",
  "baseThirst": 0.8592812835945749,
  "bat": "",
  "blood": 0,
  "buoyancy": 0.7369120951643529,
  "chasiness": 0.1197138727612781,
  "cinnamon": 0.1288921509239105,
  "coffee": 0,
  "coldness": 0.999985804107167,
  "continuation": 0.5747324546888077,
  "deceased": false,
  "divinity": 0.5414092175050877,
  "fate": 49,
  "gameAttr": [],
  "groundFriction": 0.6563062726982298,
  "id": "e7ecf646-e5e4-49ef-a0e3-10a78e87f5f4",
  "indulgence": 0.9663727042610952,
  "laserlikeness": 0.4972111098879244,
  "martyrdom": 0.9751826067808492,
  "moxie": 0.08565422896725217,
  "musclitude": 0.6878110390981158,
  "name": "Gallup Crueller",
  "omniscience": 0.4010934788362503,
  "overpowerment": 0.006869853726515052,
  "patheticism": 0.745405020365818,
  "peanutAllergy": true,
  "permAttr": [],
  "pressurization": 0.5162999988336032,
  "ritual": "",
  "ruthlessness": 0.5642502821572397,
  "seasAttr": [],
  "shakespearianism": 0.6843816413609571,
  "soul": 4,
  "suppression": 0.4131721107705324,
  "tenaciousness": 0.4197498102011641,
  "thwackability": 0.17973712775296335,
  "totalFingers": 10,
  "tragicness": 0.09872664116758624,
  "unthwackability": 0.48718067736214143,
  "watchfulness": 0.03479933980665462,
  "weekAttr": []
}