{
  "anticapitalism": 0.7258232203266789,
  "armor": "",
  "baseThirst": 0.7363697345559643,
  "bat": "",
  "blood": 10,
  "buoyancy": 0.6366258446960098,
  "chasiness": 0.01,
  "cinnamon": 0.2006523964915272,
  "coffee": 8,
  "coldness": 0.8668461968122181,
  "continuation": 0.4404911593403639,
  "deceased": false,
  "divinity": 0.4067335516136989,
  "fate": 49,
  "gameAttr": [],
  "groundFriction": 0.5292029424349436,
  "hitStreak": 0,
  "id": "e7ecf646-e5e4-49ef-a0e3-10a78e87f5f4",
  "indulgence": 0.8602500993267725,
  "laserlikeness": 0.3802585292309982,
  "martyrdom": 0.8502184155948651,
  "moxie": 0.01,
  "musclitude": 0.5619605454191616,
  "name": "Gallup Crueller",
  "omniscience": 0.2872362468393529,
  "overpowerment": 0.01,
  "patheticism": 0.8724563778016037,
  "peanutAllergy": true,
  "permAttr": [],
  "pressurization": 0.5162999988336032,
  "ritual": "Reading",
  "ruthlessness": 0.45783377865998226,
  "seasAttr": [],
  "shakespearianism": 0.5775359164589942,
  "soul": 4,
  "suppression": 0.30221565359088837,
  "tenaciousness": 0.2837595465395206,
  "thwackability": 0.04412809780781024,
  "totalFingers": 11,
  "tragicness": 0.1,
  "unthwackability": 0.3551264217403349,
  "watchfulness": 0.01,
  "weekAttr": []
}