{
  "anticapitalism": 0.7733815841261058,
  "baseThirst": 0.94584740660184,
  "baserunningRating": 0.619467125736158,
  "blood": 10,
  "buoyancy": 0.5521171397619902,
  "chasiness": 0.8095547000524486,
  "cinnamon": 0.5213890795064708,
  "coffee": 3,
  "coldness": 0.8229931005364775,
  "continuation": 0.8835767670830668,
  "deceased": false,
  "defenseRating": 0.37783936930564943,
  "divinity": 0.08545479145323265,
  "eDensity": 21.236222220891975,
  "evolution": 0,
  "fate": 67,
  "gameAttr": [],
  "groundFriction": 0.31647124281345373,
  "hitStreak": 0,
  "hittingRating": 0.27130639776528714,
  "id": "e8652db0-c67a-4c8a-9acc-2951cf400cd0",
  "indulgence": 0.5557846117042968,
  "itemAttr": [],
  "items": [],
  "laserlikeness": 0.5630867403575541,
  "leagueTeamId": "9debc64f-74b7-4ae1-a4d6-fce0144b6ea5",
  "martyrdom": 0.9312686333766544,
  "moxie": 0.1776683006624904,
  "musclitude": 0.6734389760487531,
  "name": "Darren Chill",
  "omniscience": 0.4884867233769017,
  "overpowerment": 0.2994745780419015,
  "patheticism": 0.37638543260383295,
  "peanutAllergy": true,
  "permAttr": [],
  "pitchingRating": 0.33656171017747294,
  "pressurization": 0.8134051388951424,
  "ritual": "Coloring",
  "ruthlessness": 0.5744748176466006,
  "seasAttr": [],
  "shakespearianism": 0.56894821217451,
  "soul": 5,
  "state": {},
  "suppression": 0.10225933161215162,
  "tenaciousness": 0.2116021924708205,
  "thwackability": 0.5305425535656283,
  "totalFingers": 10,
  "tournamentTeamId": null,
  "tragicness": 0.9763963938845874,
  "unthwackability": 0.286431164875393,
  "watchfulness": 0.008865152198509696,
  "weekAttr": []
}