{
  "anticapitalism": 0.6221839084623138,
  "baseThirst": 0.5465589150524238,
  "baserunningRating": 0.1505106905049664,
  "blood": 6,
  "buoyancy": 0.859798556337103,
  "chasiness": 0.06259622664547543,
  "cinnamon": 0.6788463885670066,
  "coffee": 11,
  "coldness": 0.2704236174533758,
  "continuation": 0.5788380795980224,
  "deceased": false,
  "defenseRating": 0.6227123356491671,
  "divinity": 0.7664039239169324,
  "eDensity": 14.58094285540044,
  "evolution": 0,
  "fate": 82,
  "gameAttr": [],
  "groundFriction": 0.5266952332408965,
  "hitStreak": 0,
  "hittingRating": 0.32911945296903283,
  "id": "e972984c-2895-451c-b518-f06a0d8bd375",
  "indulgence": 0.4107574118708271,
  "itemAttr": [],
  "items": [
    {
      "baserunningRating": 0,
      "defenseRating": 0,
      "durability": 1,
      "forger": null,
      "forgerName": null,
      "health": 1,
      "hittingRating": 0.1430061773045876,
      "id": "19e5e3e0-832f-4433-90a2-b5ad5a28b240",
      "name": "Bat",
      "pitchingRating": 0,
      "postPrefix": null,
      "prePrefix": null,
      "prefixes": null,
      "root": {
        "adjustments": [
          {
            "stat": 2,
            "type": 1,
            "value": 0.14186076733060152
          }
        ],
        "name": "Bat"
      },
      "suffix": null
    }
  ],
  "laserlikeness": 0.03873173232016189,
  "leagueTeamId": "9debc64f-74b7-4ae1-a4d6-fce0144b6ea5",
  "martyrdom": 0.6162702777187405,
  "moxie": 0.47675439475851034,
  "musclitude": 0.8177586237603593,
  "name": "Becker Solis",
  "omniscience": 0.8155522034744913,
  "overpowerment": 0.641257792962439,
  "patheticism": 0.9454040294056022,
  "peanutAllergy": true,
  "permAttr": [],
  "pitchingRating": 0.6772924604854914,
  "pressurization": 0.6749578919261578,
  "ritual": "Snooping",
  "ruthlessness": 0.848410885281622,
  "seasAttr": [],
  "shakespearianism": 0.29501767004135393,
  "soul": 3,
  "state": {},
  "suppression": 0.29730262962558623,
  "tenaciousness": 0.8061402671925937,
  "thwackability": 0.10452769722405984,
  "totalFingers": 10,
  "tournamentTeamId": null,
  "tragicness": 0.18905298577754345,
  "unthwackability": 0.8146777649590136,
  "watchfulness": 0.5208144196211891,
  "weekAttr": []
}