{
  "anticapitalism": 0.8536199985611982,
  "baseThirst": 0.3294727282162953,
  "baserunningRating": 0.7355212646894441,
  "blood": 8,
  "buoyancy": 0.4400416514984275,
  "chasiness": 0.9700648645297684,
  "cinnamon": 0.6150502004659792,
  "coffee": 8,
  "coldness": 0.1881478393015346,
  "continuation": 0.4336807098503784,
  "deceased": false,
  "defenseRating": 0.7597344340784423,
  "divinity": 0.12267332085157216,
  "eDensity": 18.974355332862952,
  "evolution": 0,
  "fate": 20,
  "gameAttr": [],
  "groundFriction": 1.0830624559268285,
  "hitStreak": 0,
  "hittingRating": 0.4443922572890957,
  "id": "e97e9b74-8011-4415-b22c-8282f2228683",
  "indulgence": 0.4941779886406175,
  "itemAttr": [],
  "items": [],
  "laserlikeness": 0.904659547772705,
  "leagueTeamId": "a37f9158-7f82-46bc-908c-c9e2dda7c33b",
  "martyrdom": 1.0625500908524248,
  "moxie": 0.9346981796731106,
  "musclitude": 0.7507855929510173,
  "name": "Mikan Hammer",
  "omniscience": 0.5276297650517376,
  "overpowerment": 0.8409303593362201,
  "patheticism": 0.001,
  "peanutAllergy": false,
  "permAttr": [],
  "pitchingRating": 0.3115244709913157,
  "pressurization": 0.21246875101784737,
  "ritual": "Hermetics",
  "ruthlessness": 0.641158775969077,
  "seasAttr": [],
  "shakespearianism": 0.9707245260793016,
  "soul": 2,
  "state": {},
  "suppression": 1.007706059727594,
  "tenaciousness": 0.9802455313593124,
  "thwackability": 0.8773316634699737,
  "totalFingers": 10,
  "tournamentTeamId": null,
  "tragicness": 0.42093177270367793,
  "unthwackability": 0.1595290172214182,
  "watchfulness": 0.28921741123293204,
  "weekAttr": []
}