{
  "anticapitalism": 1.013581038192337,
  "armor": "",
  "baseThirst": 0.2088210942228936,
  "baserunningRating": 0.8082419383554752,
  "bat": "",
  "blood": 10,
  "buoyancy": 0.9401449621877936,
  "chasiness": 0.33716708599450884,
  "cinnamon": 0.1271437546513645,
  "coffee": 1,
  "coldness": 0.3089615453460859,
  "continuation": 0.8289245374801881,
  "deceased": false,
  "defenseRating": 0.7769950744732357,
  "divinity": 0.7559967516205981,
  "eDensity": 35.368484270351225,
  "evolution": 0,
  "fate": 46,
  "gameAttr": [],
  "groundFriction": 1.0004232390367944,
  "hitStreak": 0,
  "hittingRating": 0.5358069742577983,
  "id": "e9a46e0c-0437-443a-be81-956665ec588e",
  "indulgence": 0.7970562196111091,
  "laserlikeness": 0.9707118809947866,
  "leagueTeamId": "adc5b394-8f76-416d-9ce9-813706877b84",
  "martyrdom": 0.7878774443243193,
  "moxie": 0.786180450528339,
  "musclitude": 0.45819584432053184,
  "name": "Hierophantic Foible",
  "omniscience": 0.5898925840670666,
  "overpowerment": 0.5474991562283795,
  "patheticism": 0.762887821207916,
  "peanutAllergy": true,
  "permAttr": [],
  "pitchingRating": 0.36016805153509424,
  "pressurization": 0.7443999354662443,
  "ritual": "Organizing",
  "ruthlessness": 0.4197110972696958,
  "seasAttr": [],
  "shakespearianism": 1.0019827631283622,
  "soul": 9,
  "state": {},
  "suppression": 0.05608378481372808,
  "tenaciousness": 0.8298373658980975,
  "thwackability": 0.34574391633753,
  "totalFingers": 10,
  "tournamentTeamId": null,
  "tragicness": 0.1,
  "unthwackability": 0.3299648687922574,
  "watchfulness": 0.9793708240896412,
  "weekAttr": []
}