{
  "anticapitalism": 1.3272728559320215,
  "armor": "",
  "baseThirst": 0.3740460953088052,
  "bat": "",
  "blood": 11,
  "buoyancy": 0.9436817909381402,
  "chasiness": 1.073061826086784,
  "cinnamon": 1.263418054024218,
  "coffee": 11,
  "coldness": 1.2140101069132685,
  "continuation": 1.058173755596776,
  "deceased": false,
  "divinity": 0.4701868160013057,
  "fate": 56,
  "gameAttr": [],
  "groundFriction": 0.37067174923196194,
  "hitStreak": 0,
  "id": "ea44bd36-65b4-4f3b-ac71-78d87a540b48",
  "indulgence": 1.0298787159273506,
  "laserlikeness": 1.0329315846371434,
  "martyrdom": 0.46570540046985703,
  "moxie": 0.3924979328777106,
  "musclitude": 0.9204633832756064,
  "name": "Wyatt Pothos",
  "omniscience": 0.4052691613277948,
  "overpowerment": 1.2831312173079157,
  "patheticism": 0.575200736628174,
  "peanutAllergy": true,
  "permAttr": [
    "SHELLED"
  ],
  "pressurization": 0.7017745739448324,
  "ritual": "Hydrating",
  "ruthlessness": 1.1931534531731136,
  "seasAttr": [],
  "shakespearianism": 0.8388451790636253,
  "soul": 5,
  "suppression": 0.9425862646482448,
  "tenaciousness": 0.45624522690570457,
  "thwackability": 0.7283260546172969,
  "totalFingers": 14,
  "tragicness": 0.1,
  "unthwackability": 0.8465152771538155,
  "watchfulness": 0.6318093000863663,
  "weekAttr": []
}