{
  "anticapitalism": 1.393286903571112,
  "armor": "",
  "baseThirst": 0.4283106496626159,
  "baserunningRating": 0.8877470675424681,
  "bat": "",
  "blood": 11,
  "buoyancy": 1.0010339213419173,
  "chasiness": 1.1513996020833728,
  "cinnamon": 1.3259420534267357,
  "coffee": 11,
  "coldness": 1.2795057055801724,
  "continuation": 1.1060759919296423,
  "deceased": false,
  "defenseRating": 0.7594955398524856,
  "divinity": 0.546054397036101,
  "fate": 56,
  "gameAttr": [],
  "groundFriction": 0.4173652959195607,
  "hitStreak": 0,
  "hittingRating": 0.6703189823056348,
  "id": "ea44bd36-65b4-4f3b-ac71-78d87a540b48",
  "indulgence": 1.0728105875375618,
  "laserlikeness": 1.0746371449959975,
  "martyrdom": 0.5430034069981311,
  "moxie": 0.4605036253269219,
  "musclitude": 0.9798702987786356,
  "name": "Wyatt Pothos",
  "omniscience": 0.46327717996585,
  "overpowerment": 1.332334726523707,
  "patheticism": 0.5169887332701172,
  "peanutAllergy": true,
  "permAttr": [
    "HONEY_ROASTED"
  ],
  "pitchingRating": 1.0825053016248367,
  "pressurization": 0.7017745739448324,
  "ritual": "Hydrating",
  "ruthlessness": 1.2630225096456211,
  "seasAttr": [],
  "shakespearianism": 0.8919223666122831,
  "soul": 5,
  "suppression": 0.9998638333852136,
  "tenaciousness": 0.5250221262593743,
  "thwackability": 0.7971654798722394,
  "totalFingers": 14,
  "tragicness": 0.0596396725974869,
  "unthwackability": 0.9014251376885296,
  "watchfulness": 0.6728970409994306,
  "weekAttr": []
}