{
  "anticapitalism": 1.1489643611432003,
  "armor": "",
  "baseThirst": 0.17210969048567565,
  "bat": "",
  "blood": 11,
  "buoyancy": 0.734695459233019,
  "chasiness": 0.8563052792128396,
  "cinnamon": 1.0541503146939375,
  "coffee": 11,
  "coldness": 0.9935659498849376,
  "continuation": 0.8478314907755323,
  "deceased": false,
  "divinity": 0.2598833292571746,
  "fate": 56,
  "gameAttr": [],
  "groundFriction": 0.15633525001806078,
  "id": "ea44bd36-65b4-4f3b-ac71-78d87a540b48",
  "indulgence": 0.7834531535929398,
  "laserlikeness": 0.8234867607762928,
  "martyrdom": 0.23428088817569837,
  "moxie": 0.18800091724755771,
  "musclitude": 0.7197944118482953,
  "name": "Wyatt Pothos",
  "omniscience": 0.17353792155116046,
  "overpowerment": 1.074510241676528,
  "patheticism": 0.7853528995801665,
  "peanutAllergy": true,
  "permAttr": [],
  "pressurization": 0.7017745739448324,
  "ritual": "Hydrating",
  "ruthlessness": 0.9402134023725796,
  "seasAttr": [],
  "shakespearianism": 0.6365713857709275,
  "soul": 5,
  "suppression": 0.6933666545100922,
  "tenaciousness": 0.2559681953856078,
  "thwackability": 0.48557185064912345,
  "totalFingers": 14,
  "tragicness": 0.01,
  "unthwackability": 0.6144471453422116,
  "watchfulness": 0.4449686631219814,
  "weekAttr": []
}