{
  "anticapitalism": 1,
  "armor": "",
  "baseThirst": 0.01,
  "bat": "",
  "blood": 11,
  "buoyancy": 0.5689583594326199,
  "chasiness": 0.697984984573021,
  "cinnamon": 0.9064385747868078,
  "coffee": 11,
  "coldness": 0.7363859709262947,
  "continuation": 0.7005680289673297,
  "deceased": false,
  "divinity": 0.09253144987169772,
  "fate": 56,
  "gameAttr": [],
  "groundFriction": 0.01,
  "id": "ea44bd36-65b4-4f3b-ac71-78d87a540b48",
  "indulgence": 0.6552974682520127,
  "laserlikeness": 0.6509149939615162,
  "martyrdom": 0.06,
  "moxie": 0.06,
  "musclitude": 0.5620276144846853,
  "name": "Wyatt Pothos",
  "omniscience": 0.01,
  "overpowerment": 0.8296470603515361,
  "patheticism": 0.94,
  "peanutAllergy": true,
  "permAttr": [],
  "pressurization": 0.7017745739448324,
  "ritual": "Hydrating",
  "ruthlessness": 0.6791826007868295,
  "seasAttr": [],
  "shakespearianism": 0.388986517467352,
  "soul": 5,
  "suppression": 0.41572128043103074,
  "tenaciousness": 0.08106889010352386,
  "thwackability": 0.3498963722179193,
  "totalFingers": 13,
  "tragicness": 0.1,
  "unthwackability": 0.33943524267034875,
  "watchfulness": 0.28051298512034045,
  "weekAttr": []
}