{
  "anticapitalism": 1.2142532226767746,
  "armor": "",
  "baseThirst": 0.2411373474108567,
  "bat": "",
  "blood": 11,
  "buoyancy": 0.8257065954281769,
  "chasiness": 0.9368851475682984,
  "cinnamon": 1.1303262120582698,
  "coffee": 11,
  "coldness": 1.076859463054014,
  "continuation": 0.9249098795022628,
  "deceased": false,
  "divinity": 0.3365648739184055,
  "fate": 56,
  "gameAttr": [],
  "groundFriction": 0.25152451088796407,
  "id": "ea44bd36-65b4-4f3b-ac71-78d87a540b48",
  "indulgence": 0.8812196173087541,
  "laserlikeness": 0.8924550975960408,
  "martyrdom": 0.31787570030982754,
  "moxie": 0.27922462364907946,
  "musclitude": 0.7929833746635873,
  "name": "Wyatt Pothos",
  "omniscience": 0.2655775631695575,
  "overpowerment": 1.1478004108988962,
  "patheticism": 0.7057354695497601,
  "peanutAllergy": true,
  "permAttr": [],
  "pressurization": 0.7017745739448324,
  "ritual": "Hydrating",
  "ruthlessness": 1.0221482277868574,
  "seasAttr": [],
  "shakespearianism": 0.7020406054822945,
  "soul": 5,
  "suppression": 0.7908593460727935,
  "tenaciousness": 0.318703648821609,
  "thwackability": 0.578776465841421,
  "totalFingers": 14,
  "tragicness": 0.01,
  "unthwackability": 0.7042910882369398,
  "watchfulness": 0.5285865329549103,
  "weekAttr": []
}