{
  "anticapitalism": 1.193286903571112,
  "baseThirst": 0.2283106496626159,
  "baserunningRating": 0.6765409038435346,
  "blood": 11,
  "buoyancy": 0.8010339213419173,
  "chasiness": 0.9513996020833728,
  "cinnamon": 1.3259420534267357,
  "coffee": 11,
  "coldness": 1.0795057055801724,
  "continuation": 0.9060759919296424,
  "deceased": false,
  "defenseRating": 0.5747151855482034,
  "divinity": 0.346054397036101,
  "eDensity": 27.94673715619941,
  "evolution": 0,
  "fate": 56,
  "gameAttr": [],
  "groundFriction": 0.21736529591956064,
  "hitStreak": 0,
  "hittingRating": 0.46817904457386794,
  "id": "ea44bd36-65b4-4f3b-ac71-78d87a540b48",
  "indulgence": 0.8728105875375618,
  "itemAttr": [],
  "items": [],
  "laserlikeness": 0.8746371449959975,
  "leagueTeamId": "a37f9158-7f82-46bc-908c-c9e2dda7c33b",
  "martyrdom": 0.3430034069981311,
  "moxie": 0.26050362532692195,
  "musclitude": 0.7798702987786357,
  "name": "Wyatt Pothos",
  "omniscience": 0.26327717996585,
  "overpowerment": 1.1323347265237071,
  "patheticism": 0.7169887332701173,
  "peanutAllergy": true,
  "permAttr": [
    "HONEY_ROASTED"
  ],
  "pitchingRating": 0.8443844597771673,
  "pressurization": 0.7017745739448324,
  "ritual": "Hydrating",
  "ruthlessness": 1.0630225096456212,
  "seasAttr": [],
  "shakespearianism": 0.6919223666122831,
  "soul": 5,
  "state": {},
  "suppression": 0.7998638333852137,
  "tenaciousness": 0.32502212625937427,
  "thwackability": 0.5971654798722394,
  "totalFingers": 14,
  "tournamentTeamId": "a7592bd7-1d3c-4ffb-8b3a-0b1e4bc321fd",
  "tragicness": 0.2596396725974869,
  "unthwackability": 0.7014251376885297,
  "watchfulness": 0.4728970409994306,
  "weekAttr": []
}