{
  "anticapitalism": 0.5783635139028536,
  "baseThirst": 0.7823829544883358,
  "baserunningRating": 0.4723210657759699,
  "blood": 3,
  "buoyancy": 0.6427808196514722,
  "chasiness": 1.255545304337577,
  "cinnamon": 1.0506609379377625,
  "coffee": 1,
  "coldness": 1.2289563349443515,
  "continuation": 0.8523090746720202,
  "deceased": false,
  "defenseRating": 0.8401162556578646,
  "divinity": 0.3960182617164159,
  "eDensity": 30.896265870658517,
  "evolution": 0,
  "fate": 66,
  "gameAttr": [],
  "groundFriction": 1.0728842366594238,
  "hitStreak": 0,
  "hittingRating": 0.7161614389139888,
  "id": "eaaef47e-82cc-4c90-b77d-75c3fb279e83",
  "indulgence": 0.6499269502437434,
  "items": [],
  "laserlikeness": 0.26000868267328425,
  "leagueTeamId": "bfd38797-8404-4b38-8b82-341da28b1f83",
  "martyrdom": 1.1881498932017631,
  "moxie": 0.7563208036337721,
  "musclitude": 1.0164200691088074,
  "name": "Herring Winfield",
  "omniscience": 1.2588717190576455,
  "overpowerment": 0.39558655088155126,
  "patheticism": 0.001,
  "peanutAllergy": true,
  "permAttr": [],
  "pitchingRating": 0.6708677926033931,
  "pressurization": 0.3966738975960238,
  "ritual": "Painting",
  "ruthlessness": 1.2368617907071513,
  "seasAttr": [],
  "shakespearianism": 0.9009252770577216,
  "soul": 6,
  "state": {},
  "suppression": 1.2494544677303296,
  "tenaciousness": 0.6222472426674109,
  "thwackability": 1.0193006720191102,
  "totalFingers": 10,
  "tournamentTeamId": null,
  "tragicness": 0.001,
  "unthwackability": 0.506792190397307,
  "watchfulness": 0.3930716205006852,
  "weekAttr": [
    "COFFEE_PERIL"
  ]
}