{
  "anticapitalism": 0.2680381102205549,
  "armor": "",
  "baseThirst": 0.425379073452985,
  "baserunningRating": 0.1373011892194822,
  "bat": "",
  "blood": 3,
  "buoyancy": 0.43267107928003856,
  "chasiness": 0.9912160646502282,
  "cinnamon": 0.751419148691677,
  "coffee": 1,
  "coldness": 0.9637439768017192,
  "continuation": 0.5500810837119439,
  "deceased": false,
  "defenseRating": 0.5550645455955975,
  "divinity": 0.055524481959954936,
  "eDensity": 21.111917806949787,
  "evolution": 0,
  "fate": 66,
  "gameAttr": [],
  "groundFriction": 0.8577418273284239,
  "hitStreak": 0,
  "hittingRating": 0.2966944872658418,
  "id": "eaaef47e-82cc-4c90-b77d-75c3fb279e83",
  "indulgence": 0.44436973066972607,
  "laserlikeness": 0.030569463721495244,
  "leagueTeamId": "bfd38797-8404-4b38-8b82-341da28b1f83",
  "martyrdom": 0.8375217164767073,
  "moxie": 0.4408829459677488,
  "musclitude": 0.7661041101798671,
  "name": "Herring Winfield",
  "omniscience": 0.916782316589006,
  "overpowerment": 0.07626606354763063,
  "patheticism": 0.021311220907238387,
  "peanutAllergy": true,
  "permAttr": [],
  "pitchingRating": 0.31264232176904805,
  "pressurization": 0.3966738975960238,
  "ritual": "Painting",
  "ruthlessness": 0.8616909299320501,
  "seasAttr": [],
  "shakespearianism": 0.6851764079847633,
  "soul": 6,
  "state": {},
  "suppression": 0.9232601384128274,
  "tenaciousness": 0.36726291439119696,
  "thwackability": 0.7176030077471867,
  "totalFingers": 10,
  "tournamentTeamId": null,
  "tragicness": 0.1,
  "unthwackability": 0.2574876205075818,
  "watchfulness": 0.09216868512437255,
  "weekAttr": []
}