{
  "anticapitalism": 0.3269721247922788,
  "armor": "",
  "baseThirst": 0.5045881595207473,
  "baserunningRating": 0.26604305257170546,
  "bat": "",
  "blood": 3,
  "buoyancy": 0.4797067763957288,
  "chasiness": 1.0613916126838734,
  "cinnamon": 0.815005587067361,
  "coffee": 1,
  "coldness": 1.0313189841254284,
  "continuation": 0.5912332271250708,
  "deceased": false,
  "defenseRating": 0.6273395347507804,
  "divinity": 0.10862548737269152,
  "eDensity": 23.767579343192324,
  "evolution": 0,
  "fate": 66,
  "gameAttr": [],
  "groundFriction": 0.9015309566194624,
  "hitStreak": 0,
  "hittingRating": 0.3922860443109591,
  "id": "eaaef47e-82cc-4c90-b77d-75c3fb279e83",
  "indulgence": 0.4912654072833909,
  "laserlikeness": 0.1060975367804672,
  "leagueTeamId": "bfd38797-8404-4b38-8b82-341da28b1f83",
  "martyrdom": 0.9091819941937752,
  "moxie": 0.518042453367543,
  "musclitude": 0.8179659778959851,
  "name": "Herring Winfield",
  "omniscience": 0.9715568860546556,
  "overpowerment": 0.12666518742884836,
  "patheticism": 0.001,
  "peanutAllergy": true,
  "permAttr": [],
  "pitchingRating": 0.3954141316797441,
  "pressurization": 0.3966738975960238,
  "ritual": "Painting",
  "ruthlessness": 0.9385532560681056,
  "seasAttr": [],
  "shakespearianism": 0.7404603351923698,
  "soul": 6,
  "state": {},
  "suppression": 0.9719692429106658,
  "tenaciousness": 0.4249664177222633,
  "thwackability": 0.7686070970685723,
  "totalFingers": 10,
  "tournamentTeamId": null,
  "tragicness": 0.03475445965449887,
  "unthwackability": 0.32416792783396686,
  "watchfulness": 0.159585894286422,
  "weekAttr": []
}