{
  "anticapitalism": 0.8900719901257954,
  "baseThirst": 0.3817037518284277,
  "baserunningRating": 0.7177139924830727,
  "blood": 3,
  "buoyancy": 0.3742029165297608,
  "chasiness": 0.8300595259454713,
  "cinnamon": 0.07691173210737934,
  "coffee": 6,
  "coldness": 0.09089592293587168,
  "continuation": 0.4001045461996109,
  "deceased": false,
  "defenseRating": 0.503515924625432,
  "divinity": 0.4014008582671114,
  "eDensity": 17.819566560850625,
  "evolution": 0,
  "fate": 60,
  "gameAttr": [],
  "groundFriction": 0.6979286920654759,
  "hitStreak": 0,
  "hittingRating": 0.3152954746737556,
  "id": "eac00ec9-3376-423c-8684-93dd2cbd6ed4",
  "indulgence": 0.5725262492620329,
  "itemAttr": [],
  "items": [],
  "laserlikeness": 0.9011592656555256,
  "leagueTeamId": "46358869-dce9-4a01-bfba-ac24fc56f57e",
  "martyrdom": 0.04324217214031935,
  "moxie": 0.5374666979470681,
  "musclitude": 0.9519048327538352,
  "name": "Eddie Nakamoto",
  "omniscience": 0.250291208654696,
  "overpowerment": 0.7735793068566559,
  "patheticism": 0.011488296135388182,
  "peanutAllergy": true,
  "permAttr": [],
  "pitchingRating": 0.31128154611149433,
  "pressurization": 0.5967506986957662,
  "ritual": "Praising the Gods",
  "ruthlessness": 0.32728463528697205,
  "seasAttr": [],
  "shakespearianism": 0.28818267840617495,
  "soul": 3,
  "state": {},
  "suppression": 0.05374271214855897,
  "tenaciousness": 0.16793086805857005,
  "thwackability": 0.1318748948300384,
  "totalFingers": 10,
  "tournamentTeamId": null,
  "tragicness": 0.700051512837219,
  "unthwackability": 0.3697890167497786,
  "watchfulness": 0.8025008028454714,
  "weekAttr": []
}