{
  "anticapitalism": 0.5843107929718433,
  "baseThirst": 1.352716030133977,
  "baserunningRating": 1.119965324241751,
  "blood": 9,
  "buoyancy": 0.4060131572006654,
  "chasiness": 0.384475520780084,
  "cinnamon": 0.8379737480998071,
  "coffee": 5,
  "coldness": 0.9098023858064128,
  "continuation": 1.379510521742369,
  "deceased": false,
  "defenseRating": 0.8562862926579462,
  "divinity": 0.41401757563790703,
  "eDensity": 38.69935994614761,
  "evolution": 1,
  "fate": 1,
  "gameAttr": [],
  "groundFriction": 0.8814772533657969,
  "hitStreak": 0,
  "hittingRating": 0.5647354544023359,
  "id": "ebe6ac02-3b83-4da8-b1e5-f89053bbd5c8",
  "indulgence": 0.4161116041930045,
  "items": [],
  "laserlikeness": 1.3531272332547983,
  "leagueTeamId": "d9f89a8a-c563-493e-9d64-78e4f9a55d4a",
  "martyrdom": 0.39723117974364097,
  "moxie": 0.8603016064568666,
  "musclitude": 0.9347922814709656,
  "name": "Jan Canberra",
  "omniscience": 1.1550369580312498,
  "overpowerment": 1.198704822000804,
  "patheticism": 0.001,
  "peanutAllergy": false,
  "permAttr": [],
  "pitchingRating": 0.6410326259884067,
  "pressurization": 0.09890834442096884,
  "ritual": "Mystery novels",
  "ruthlessness": 0.8438882076478512,
  "seasAttr": [],
  "shakespearianism": 0.5375427531004978,
  "soul": 9,
  "state": {},
  "suppression": 0.7394656872869747,
  "tenaciousness": 0.7717071539530795,
  "thwackability": 0.5225211662738636,
  "totalFingers": 10,
  "tournamentTeamId": null,
  "tragicness": 0.0687761208566454,
  "unthwackability": 0.5070942683646618,
  "watchfulness": 1.187354775064616,
  "weekAttr": []
}