{
  "anticapitalism": 0.4405576188273763,
  "baseThirst": 1.293858973152241,
  "baserunningRating": 1.0544179070999515,
  "blood": 9,
  "buoyancy": 0.3840094945295788,
  "chasiness": 0.3860743637736439,
  "cinnamon": 0.7010864318033133,
  "coffee": 5,
  "coldness": 0.779651859534841,
  "continuation": 1.2494907528836825,
  "deceased": false,
  "defenseRating": 0.8219158748417463,
  "divinity": 0.2854330925868505,
  "eDensity": 36.00909356658422,
  "evolution": 1,
  "fate": 1,
  "gameAttr": [],
  "groundFriction": 0.7509940473529672,
  "hitStreak": 0,
  "hittingRating": 0.43697239525517095,
  "id": "ebe6ac02-3b83-4da8-b1e5-f89053bbd5c8",
  "indulgence": 0.3099374865799789,
  "itemAttr": [
    "CHUNKY"
  ],
  "items": [
    {
      "baserunningRating": 0,
      "defenseRating": 0,
      "durability": 2,
      "forger": null,
      "forgerName": null,
      "health": 2,
      "hittingRating": 0.0051096753528094285,
      "id": "15380f4b-81b2-440c-941e-a0245afcb124",
      "name": "Chunky Jersey",
      "pitchingRating": 0,
      "postPrefix": null,
      "prePrefix": null,
      "prefixes": [
        {
          "adjustments": [
            {
              "mod": "CHUNKY",
              "type": 0
            }
          ],
          "name": "Chunky"
        }
      ],
      "root": {
        "adjustments": [
          {
            "stat": 5,
            "type": 1,
            "value": 0.13296108858810415
          }
        ],
        "name": "Jersey"
      },
      "suffix": null
    },
    {
      "baserunningRating": 0,
      "defenseRating": 0,
      "durability": 1,
      "forger": null,
      "forgerName": null,
      "health": 1,
      "hittingRating": 0.03875705853415207,
      "id": "bbea0fd4-b04b-45fb-afbd-0a4b672b8a3c",
      "name": "Bat",
      "pitchingRating": 0,
      "postPrefix": null,
      "prePrefix": null,
      "prefixes": null,
      "root": {
        "adjustments": [
          {
            "stat": 2,
            "type": 1,
            "value": 0.10534052934439572
          }
        ],
        "name": "Bat"
      },
      "suffix": null
    }
  ],
  "laserlikeness": 1.35182174413558,
  "leagueTeamId": "d9f89a8a-c563-493e-9d64-78e4f9a55d4a",
  "martyrdom": 0.36887301503220943,
  "moxie": 0.8527021762510788,
  "musclitude": 0.793011320350745,
  "name": "Jan Canberra",
  "omniscience": 1.075435931312814,
  "overpowerment": 1.146427987055397,
  "patheticism": 0.06604526257554305,
  "peanutAllergy": false,
  "permAttr": [],
  "pitchingRating": 0.5451357608865907,
  "pressurization": 0.09890834442096884,
  "ritual": "Mystery novels",
  "ruthlessness": 0.8375246518783512,
  "seasAttr": [],
  "shakespearianism": 0.4790534372145282,
  "soul": 8,
  "state": {
    "itemModSources": {
      "CHUNKY": [
        "15380f4b-81b2-440c-941e-a0245afcb124"
      ]
    }
  },
  "suppression": 0.7131677084848361,
  "tenaciousness": 0.7779264182340899,
  "thwackability": 0.38331982629900496,
  "totalFingers": 10,
  "tournamentTeamId": null,
  "tragicness": 0.07285977872539487,
  "unthwackability": 0.38559856067706266,
  "watchfulness": 1.1818269261467802,
  "weekAttr": []
}