{
  "anticapitalism": 0.29125773520621534,
  "armor": "",
  "baseThirst": 0.9453661224107048,
  "baserunningRating": 0.7383436956774895,
  "bat": "",
  "blood": 9,
  "buoyancy": 0.04242166201948172,
  "chasiness": 0.029640387589112693,
  "cinnamon": 0.6024827384259048,
  "coffee": 5,
  "coldness": 0.526272620971906,
  "continuation": 0.9863788465581932,
  "deceased": false,
  "defenseRating": 0.4884012787143533,
  "divinity": 0.1190311136215858,
  "eDensity": 30.422413913163645,
  "evolution": 1,
  "fate": 1,
  "gameAttr": [],
  "groundFriction": 0.46918612216374744,
  "hitStreak": 0,
  "hittingRating": 0.22740786347796885,
  "id": "ebe6ac02-3b83-4da8-b1e5-f89053bbd5c8",
  "indulgence": 0.11188323434161408,
  "laserlikeness": 0.99670434369158,
  "leagueTeamId": "d9f89a8a-c563-493e-9d64-78e4f9a55d4a",
  "martyrdom": 0.05232428631708808,
  "moxie": 0.46641530324789304,
  "musclitude": 0.5732692460876301,
  "name": "Jan Canberra",
  "omniscience": 0.8001241284537421,
  "overpowerment": 0.8963323990733345,
  "patheticism": 0.1625936800390693,
  "peanutAllergy": false,
  "permAttr": [],
  "pitchingRating": 0.320477721153566,
  "pressurization": 0.09890834442096884,
  "ritual": "Mystery novels",
  "ruthlessness": 0.5140889735569316,
  "seasAttr": [],
  "shakespearianism": 0.20057360768633292,
  "soul": 9,
  "state": {},
  "suppression": 0.4402722285206264,
  "tenaciousness": 0.40443231574225047,
  "thwackability": 0.19929560841730257,
  "totalFingers": 10,
  "tournamentTeamId": null,
  "tragicness": 0.3770741751770352,
  "unthwackability": 0.25734102821365257,
  "watchfulness": 0.8542798095992219,
  "weekAttr": []
}