{
  "anticapitalism": 0.8170152495833378,
  "baseThirst": 0.45802583107382666,
  "baserunningRating": 0.7467287603967104,
  "blood": 4,
  "buoyancy": 0.6971262610756495,
  "chasiness": 0.24781382204847,
  "cinnamon": 0.1635280817996108,
  "coffee": 3,
  "coldness": 0.12511838652049204,
  "continuation": 0.7177414859536136,
  "deceased": false,
  "defenseRating": 0.416668954602083,
  "divinity": 0.7020640797372739,
  "eDensity": 20.54097270337947,
  "evolution": 0,
  "fate": 99,
  "gameAttr": [],
  "groundFriction": 0.6197090167379584,
  "hitStreak": 0,
  "hittingRating": 0.5990330327410796,
  "id": "ec68845f-3b26-412f-8446-4fef34e09c77",
  "indulgence": 0.8805954894413824,
  "itemAttr": [],
  "items": [
    {
      "baserunningRating": 0,
      "defenseRating": 0,
      "durability": 1,
      "forger": null,
      "forgerName": null,
      "health": 0,
      "hittingRating": 0.04646757814331504,
      "id": "af4918a8-5488-4e35-b06e-eb8924650119",
      "name": "Bat",
      "pitchingRating": 0,
      "postPrefix": null,
      "prePrefix": null,
      "prefixes": null,
      "root": {
        "adjustments": [
          {
            "stat": 2,
            "type": 1,
            "value": 0.10390846000709132
          }
        ],
        "name": "Bat"
      },
      "suffix": null
    }
  ],
  "laserlikeness": 0.7862511589951982,
  "leagueTeamId": "36569151-a2fb-43c1-9df7-2df512424c82",
  "martyrdom": 0.3966974104116525,
  "moxie": 0.412389646623353,
  "musclitude": 0.8555047087255088,
  "name": "Nandy Fantastic",
  "omniscience": 0.6866906411828765,
  "overpowerment": 0.5206432589552515,
  "patheticism": 0.01899001754160244,
  "peanutAllergy": false,
  "permAttr": [
    "FIRST_BORN",
    "MINIMALIST"
  ],
  "pitchingRating": 0.3148510670286235,
  "pressurization": 0.12353581218771303,
  "ritual": "Acoustic guitar",
  "ruthlessness": 0.6577806972516701,
  "seasAttr": [],
  "shakespearianism": 0.05970740570560651,
  "soul": 3,
  "state": {},
  "suppression": 0.6195089232771588,
  "tenaciousness": 0.07830445734981017,
  "thwackability": 0.4366849030942861,
  "totalFingers": 10,
  "tournamentTeamId": null,
  "tragicness": 0.1,
  "unthwackability": 0.3286333750920514,
  "watchfulness": 0.26943903602316244,
  "weekAttr": []
}