{
  "anticapitalism": 0.23994191473031856,
  "armor": "",
  "baseThirst": 0.7588158044561668,
  "bat": "",
  "blood": 9,
  "buoyancy": 0.23692196482200575,
  "chasiness": 0.48319926028122984,
  "cinnamon": 0.7478301071147471,
  "coffee": 6,
  "coldness": 0.03,
  "continuation": 0.24381541692790765,
  "deceased": false,
  "divinity": 0.5359488076961367,
  "fate": 14,
  "gameAttr": [],
  "groundFriction": 0.2944727506891318,
  "id": "ecb8d2f5-4ff5-4890-9693-5654e00055f6",
  "indulgence": 0.5587688126075914,
  "laserlikeness": 0.03,
  "martyrdom": 0.8663914337532828,
  "moxie": 0.2872450012658907,
  "musclitude": 0.23017858256279625,
  "name": "Yeong-Ho Benitez",
  "omniscience": 0.8415631146552773,
  "overpowerment": 0.3205039744629725,
  "patheticism": 0.5862298280543374,
  "peanutAllergy": true,
  "permAttr": [],
  "pressurization": 0.5485162501387366,
  "ritual": "Blacking out",
  "ruthlessness": 0.6518320926250465,
  "seasAttr": [],
  "shakespearianism": 0.24949893762176,
  "soul": 6,
  "suppression": 0.2380127821071889,
  "tenaciousness": 0.4987818526252117,
  "thwackability": 0.29846212245466686,
  "totalFingers": 12,
  "tragicness": 0.1,
  "unthwackability": 0.10348991101627326,
  "watchfulness": 0.03,
  "weekAttr": []
}