{
  "anticapitalism": 0.5558565340247212,
  "armor": "",
  "baseThirst": 0.11904975969730458,
  "baserunningRating": 0.5435535528031027,
  "bat": "",
  "blood": 3,
  "buoyancy": 0.34011934787513276,
  "chasiness": 0.17016237011416768,
  "cinnamon": 0.9742796089717136,
  "coffee": 11,
  "coldness": 0.6536045619033042,
  "continuation": 0.7108866700893621,
  "deceased": false,
  "defenseRating": 0.4657882952589077,
  "divinity": 0.03249352966873542,
  "eDensity": 27.926995072107832,
  "evolution": 0,
  "fate": 82,
  "gameAttr": [],
  "groundFriction": 0.516697786806547,
  "hitStreak": 0,
  "hittingRating": 0.21018585564223624,
  "id": "ecf19925-dc57-4b89-b114-923d5a714dbe",
  "indulgence": 0.3970287237776875,
  "laserlikeness": 0.6646104917377416,
  "leagueTeamId": "a37f9158-7f82-46bc-908c-c9e2dda7c33b",
  "martyrdom": 0.7009350523277746,
  "moxie": 0.8771007185210415,
  "musclitude": 0.23308632683470187,
  "name": "Margarito Bishop",
  "omniscience": 0.0968935571010916,
  "overpowerment": 0.09962168858862808,
  "patheticism": 0.5521236353908268,
  "peanutAllergy": true,
  "permAttr": [],
  "pitchingRating": 0.198614449454015,
  "pressurization": 0.6303244850714624,
  "ritual": "Getting mad",
  "ruthlessness": 0.06332894363073849,
  "seasAttr": [],
  "shakespearianism": 0.25684264310750615,
  "soul": 9,
  "state": {},
  "suppression": 0.1495429077599819,
  "tenaciousness": 0.8190830765947701,
  "thwackability": 0.5760771141434187,
  "totalFingers": 10,
  "tournamentTeamId": null,
  "tragicness": 0.1,
  "unthwackability": 0.9605822052699704,
  "watchfulness": 0.8068889416486733,
  "weekAttr": []
}