{
  "anticapitalism": 0.7049021315265964,
  "armor": "",
  "baseThirst": 0.6007202828667486,
  "baserunningRating": 0.6568087436683581,
  "bat": "",
  "blood": 7,
  "buoyancy": 0.913134536163317,
  "chasiness": 0.8382983119642065,
  "cinnamon": 0.8191770507379728,
  "coffee": 9,
  "coldness": 0.21517776201172545,
  "continuation": 0.3917247379085624,
  "deceased": false,
  "defenseRating": 0.6979723378828413,
  "divinity": 0.3134719620562745,
  "eDensity": 20.265324026759338,
  "evolution": 0,
  "fate": 92,
  "gameAttr": [],
  "groundFriction": 0.9542214538306946,
  "hitStreak": 0,
  "hittingRating": 0.24046339822744303,
  "id": "ee29020f-1964-4fce-80f4-35a5e7edfb95",
  "indulgence": 0.16633721934808365,
  "laserlikeness": 0.8325675302930886,
  "leagueTeamId": "ca3f1c8c-c025-4d8e-8eef-5be6accbeb16",
  "martyrdom": 0.031521591730623744,
  "moxie": 0.15339912332057382,
  "musclitude": 0.8023545416612605,
  "name": "Orpheus Yardstick",
  "omniscience": 0.499031966329643,
  "overpowerment": 0.7784962765291916,
  "patheticism": 0.5329839089704724,
  "peanutAllergy": false,
  "permAttr": [],
  "pitchingRating": 0.4426589526155482,
  "pressurization": 0.18129817234784665,
  "ritual": "Doing crimes",
  "ruthlessness": 0.1994449809731156,
  "seasAttr": [],
  "shakespearianism": 0.6419289412864073,
  "soul": 3,
  "state": {},
  "suppression": 0.2109188425683295,
  "tenaciousness": 0.5758170930908286,
  "thwackability": 0.12460067539176944,
  "totalFingers": 10,
  "tournamentTeamId": null,
  "tragicness": 0.9251080520174292,
  "unthwackability": 0.9052442862119696,
  "watchfulness": 0.5623786911897504,
  "weekAttr": []
}