{
  "anticapitalism": 0.321155505976963,
  "armor": "",
  "baseThirst": 0.672091400096036,
  "baserunningRating": 0.30890773395448573,
  "bat": "",
  "blood": 9,
  "buoyancy": 0.4531574339856045,
  "chasiness": 0.08031716984000777,
  "cinnamon": 0.6831495369909528,
  "coffee": 11,
  "coldness": 0.2015697578137558,
  "continuation": 0.36419280957493977,
  "deceased": false,
  "defenseRating": 0.4358430945686279,
  "divinity": 0.1327655078526036,
  "eDensity": 20.12947952569511,
  "evolution": 0,
  "fate": 69,
  "gameAttr": [],
  "groundFriction": 0.3524540289326435,
  "hitStreak": 0,
  "hittingRating": 0.28243940818942953,
  "id": "ee55248b-318a-4bfb-8894-1cc70e4e0720",
  "indulgence": 0.2280473251709021,
  "laserlikeness": 0.20935345367285924,
  "leagueTeamId": "b72f3061-f573-40d7-832a-5ad475bd7909",
  "martyrdom": 0.7540027759690033,
  "moxie": 0.3056098639068643,
  "musclitude": 0.17821836853977427,
  "name": "Theo King",
  "omniscience": 0.2966251733535204,
  "overpowerment": 0.0864203927567735,
  "patheticism": 0.623915733658281,
  "peanutAllergy": true,
  "permAttr": [],
  "pitchingRating": 0.18270774176461765,
  "pressurization": 0.8834190725041278,
  "ritual": "Communing with their alternates",
  "ruthlessness": 0.7012593050390623,
  "seasAttr": [],
  "shakespearianism": 0.4965447554484905,
  "soul": 7,
  "state": {},
  "suppression": 0.4603728183338473,
  "tenaciousness": 0.7183402384483024,
  "thwackability": 0.4436484055367206,
  "totalFingers": 11,
  "tournamentTeamId": "a7592bd7-1d3c-4ffb-8b3a-0b1e4bc321fd",
  "tragicness": 0.031471685269956626,
  "unthwackability": 0.11518957365341484,
  "watchfulness": 0.21120370232962685,
  "weekAttr": []
}