{
  "anticapitalism": 0.28058606256345164,
  "armor": "",
  "baseThirst": 0.6300988042888012,
  "baserunningRating": 0.24431766812545108,
  "bat": "",
  "blood": 9,
  "buoyancy": 0.4101795226140171,
  "chasiness": 0.01,
  "cinnamon": 0.6276731840299616,
  "coffee": 11,
  "coldness": 0.15160309257461874,
  "continuation": 0.30687192769151933,
  "deceased": false,
  "defenseRating": 0.3201400713206237,
  "divinity": 0.08511282325298597,
  "eDensity": 20.12947952569511,
  "evolution": 0,
  "fate": 69,
  "gameAttr": [],
  "groundFriction": 0.30279480851840784,
  "hitStreak": 0,
  "hittingRating": 0.21342158099961944,
  "id": "ee55248b-318a-4bfb-8894-1cc70e4e0720",
  "indulgence": 0.15257874828596185,
  "laserlikeness": 0.15335858450776196,
  "leagueTeamId": "b72f3061-f573-40d7-832a-5ad475bd7909",
  "martyrdom": 0.6811711712922219,
  "moxie": 0.2325928893543409,
  "musclitude": 0.11363451150100146,
  "name": "Theo King",
  "omniscience": 0.24942397186428403,
  "overpowerment": 0.01,
  "patheticism": 0.6948233331444659,
  "peanutAllergy": true,
  "permAttr": [],
  "pitchingRating": 0.09776061179646409,
  "pressurization": 0.8834190725041278,
  "ritual": "Communing with their alternates",
  "ruthlessness": 0.6504754964379387,
  "seasAttr": [],
  "shakespearianism": 0.4463510999460855,
  "soul": 7,
  "state": {},
  "suppression": 0.41353115087259446,
  "tenaciousness": 0.6626574162204036,
  "thwackability": 0.37682021160843165,
  "totalFingers": 11,
  "tournamentTeamId": "a7592bd7-1d3c-4ffb-8b3a-0b1e4bc321fd",
  "tragicness": 0.1,
  "unthwackability": 0.0693062408770308,
  "watchfulness": 0.147529806177185,
  "weekAttr": []
}