{
  "anticapitalism": 1.0452949463556018,
  "baseThirst": 1.302670029935938,
  "baserunningRating": 1.3015314416367456,
  "blood": 8,
  "buoyancy": 0.5815888533152711,
  "chasiness": 0.8522470790424344,
  "cinnamon": 0.9666199882518228,
  "coffee": 12,
  "coldness": 1.4082098810180887,
  "continuation": 0.9376288111429198,
  "deceased": false,
  "defenseRating": 1.037477258768824,
  "divinity": 0.8739987207251683,
  "eDensity": 41.40016893808658,
  "evolution": 0,
  "fate": 96,
  "gameAttr": [],
  "groundFriction": 1.044957297311306,
  "hitStreak": 0,
  "hittingRating": 0.8987712670765039,
  "id": "ef9f8b95-9e73-49cd-be54-60f84858a285",
  "indulgence": 1.5524869535225845,
  "items": [],
  "laserlikeness": 1.4774437475536806,
  "leagueTeamId": "a37f9158-7f82-46bc-908c-c9e2dda7c33b",
  "martyrdom": 1.3596585397591645,
  "moxie": 1.3167501074792844,
  "musclitude": 0.9406098116090628,
  "name": "Collins Melon",
  "omniscience": 1.2113622692929962,
  "overpowerment": 1.012906011866727,
  "patheticism": 0.05264372919052858,
  "peanutAllergy": false,
  "permAttr": [
    "ALTERNATE"
  ],
  "pitchingRating": 1.2479584522445812,
  "pressurization": 0.10993768625931329,
  "ritual": "Yoga",
  "ruthlessness": 1.2946453824434487,
  "seasAttr": [],
  "shakespearianism": 1.120052946466471,
  "soul": 5,
  "state": {},
  "suppression": 0.7432647061537357,
  "tenaciousness": 0.9346812768584072,
  "thwackability": 0.7977953083865393,
  "totalFingers": 10,
  "tournamentTeamId": "9a5ab308-41f2-4889-a3c3-733b9aab806e",
  "tragicness": 0.001,
  "unthwackability": 1.2126284904612976,
  "watchfulness": 1.2650459929210511,
  "weekAttr": []
}