{
  "anticapitalism": 0.601056518840499,
  "baseThirst": 0.6387575098238979,
  "baserunningRating": 0.77576347899577,
  "blood": 9,
  "buoyancy": 0.7180277198233862,
  "chasiness": 0.553522888143046,
  "cinnamon": 0.8603306921947522,
  "coffee": 2,
  "coldness": 0.2129086856894427,
  "continuation": 0.39547479399829905,
  "deceased": false,
  "defenseRating": 0.754272968066325,
  "divinity": 0.3392249007703394,
  "eDensity": 33.06340615995235,
  "evolution": 0,
  "fate": 8,
  "gameAttr": [],
  "groundFriction": 0.7687168082514404,
  "hitStreak": 0,
  "hittingRating": 0.4316351950364464,
  "id": "efa73de4-af17-4f88-99d6-d0d69ed1d200",
  "indulgence": 0.9695677941468474,
  "itemAttr": [],
  "items": [],
  "laserlikeness": 0.8404246525762347,
  "leagueTeamId": "105bc3ff-1320-4e37-8ef0-8d595cb95dd0",
  "martyrdom": 0.8617011769623415,
  "moxie": 0.4391581461809777,
  "musclitude": 0.08256890792282912,
  "name": "Antonio Mccall",
  "omniscience": 0.8975070753733292,
  "overpowerment": 0.2659428886874494,
  "patheticism": 0.2151714188852727,
  "peanutAllergy": true,
  "permAttr": [],
  "pitchingRating": 0.3620577895574924,
  "pressurization": 0.5045307330805717,
  "ritual": "Greeting fans",
  "ruthlessness": 0.2372933317256175,
  "seasAttr": [],
  "shakespearianism": 0.21253437137694625,
  "soul": 9,
  "state": {},
  "suppression": 0.31445137546345303,
  "tenaciousness": 0.5735093129635551,
  "thwackability": 0.5697894273910542,
  "totalFingers": 10,
  "tournamentTeamId": null,
  "tragicness": 0.1,
  "unthwackability": 0.9078108008014624,
  "watchfulness": 0.6762041460703687,
  "weekAttr": []
}