{
  "anticapitalism": 0.4983328088275327,
  "armor": "",
  "baseThirst": 0.5407614757619621,
  "baserunningRating": 0.7061015520534807,
  "bat": "",
  "blood": 9,
  "buoyancy": 0.7180277198233862,
  "chasiness": 0.4592045096663313,
  "cinnamon": 0.8603306921947522,
  "coffee": 2,
  "coldness": 0.1671544911322702,
  "continuation": 0.3843728348118527,
  "deceased": false,
  "defenseRating": 0.6886696009727986,
  "divinity": 0.3392249007703394,
  "eDensity": 32.575772671356326,
  "evolution": 0,
  "fate": 8,
  "gameAttr": [],
  "groundFriction": 0.6595880843076911,
  "hitStreak": 0,
  "hittingRating": 0.4316351950364464,
  "id": "efa73de4-af17-4f88-99d6-d0d69ed1d200",
  "indulgence": 0.8594247208669026,
  "laserlikeness": 0.7646919481871151,
  "leagueTeamId": "105bc3ff-1320-4e37-8ef0-8d595cb95dd0",
  "martyrdom": 0.8617011769623415,
  "moxie": 0.4391581461809777,
  "musclitude": 0.08256890792282912,
  "name": "Antonio Mccall",
  "omniscience": 0.873466369471565,
  "overpowerment": 0.22467171471183156,
  "patheticism": 0.2151714188852727,
  "peanutAllergy": true,
  "permAttr": [],
  "pitchingRating": 0.2558468907024634,
  "pressurization": 0.5045307330805717,
  "ritual": "Greeting fans",
  "ruthlessness": 0.12347174288407324,
  "seasAttr": [],
  "shakespearianism": 0.13911551218938523,
  "soul": 9,
  "state": {},
  "suppression": 0.2827503585254023,
  "tenaciousness": 0.4850898665283454,
  "thwackability": 0.5697894273910542,
  "totalFingers": 10,
  "tournamentTeamId": null,
  "tragicness": 0.1,
  "unthwackability": 0.8859530134116498,
  "watchfulness": 0.5840455546021355,
  "weekAttr": []
}