{
  "anticapitalism": 0.4218655751722764,
  "baseThirst": 0.8965621966869644,
  "baserunningRating": 1.2493293223258437,
  "blood": 10,
  "buoyancy": 0.5905132827287217,
  "chasiness": 0.33777902726140496,
  "cinnamon": 0.6881243420533576,
  "coffee": 6,
  "coldness": 0.6775134125103309,
  "continuation": 0.9467847683814108,
  "deceased": false,
  "defenseRating": 0.6592341813391999,
  "divinity": 1.2012020683149196,
  "eDensity": 66.34736515974427,
  "evolution": 1,
  "fate": 2,
  "gameAttr": [],
  "groundFriction": 1.3003850739565297,
  "hitStreak": 0,
  "hittingRating": 1.0880371884888331,
  "id": "efafe75e-2f00-4418-914c-9b6675d39264",
  "indulgence": 1.311813414043309,
  "itemAttr": [],
  "items": [
    {
      "baserunningRating": 0,
      "defenseRating": 0,
      "durability": 1,
      "forger": null,
      "forgerName": null,
      "health": 1,
      "hittingRating": 0.04909050739177978,
      "id": "097a1d1d-cd6c-40c6-85b1-d52a385454b2",
      "name": "Bat",
      "pitchingRating": 0,
      "postPrefix": null,
      "prePrefix": null,
      "prefixes": null,
      "root": {
        "adjustments": [
          {
            "stat": 2,
            "type": 1,
            "value": 0.14912110485710017
          }
        ],
        "name": "Bat"
      },
      "suffix": null
    }
  ],
  "laserlikeness": 1.449434921277023,
  "leagueTeamId": "747b8e4a-7e50-4638-a973-ea7950a3e739",
  "martyrdom": 0.8219452511627102,
  "moxie": 1.2392212984173134,
  "musclitude": 0.7785191113793382,
  "name": "Aldon Cashmoney",
  "omniscience": 0.998176544457998,
  "overpowerment": 0.9549324175176797,
  "patheticism": 0.18478680353243285,
  "peanutAllergy": false,
  "permAttr": [
    "SPICY",
    "MIDDLING",
    "EGO4"
  ],
  "pitchingRating": 0.7673086163810193,
  "pressurization": 0.2448115052278576,
  "ritual": "Powerlifting",
  "ruthlessness": 0.872448564392894,
  "seasAttr": [],
  "shakespearianism": 0.743811383125845,
  "soul": 7,
  "state": {
    "permModSources": {}
  },
  "suppression": 0.5293641456561917,
  "tenaciousness": 0.44933473731579926,
  "thwackability": 1.1134062196651549,
  "totalFingers": 11,
  "tournamentTeamId": "4e5d0063-73b4-440a-b2d1-214a7345cf16",
  "tragicness": 0.05429418167332003,
  "unthwackability": 0.7203076617398864,
  "watchfulness": 0.540798771616893,
  "weekAttr": []
}