{
  "anticapitalism": 0.34733541287506975,
  "baseThirst": 0.8261481795349426,
  "baserunningRating": 1.1906458959796686,
  "blood": 10,
  "buoyancy": 0.5482759903924757,
  "chasiness": 0.26689633482710473,
  "cinnamon": 0.6412959090217535,
  "coffee": 6,
  "coldness": 0.6243170345402058,
  "continuation": 0.8896544746730362,
  "deceased": false,
  "defenseRating": 0.6070133956572302,
  "divinity": 1.1220970380053863,
  "eDensity": 64.67979081060139,
  "evolution": 1,
  "fate": 2,
  "gameAttr": [],
  "groundFriction": 1.2502290416695598,
  "hitStreak": 0,
  "hittingRating": 1.026236837743111,
  "id": "efafe75e-2f00-4418-914c-9b6675d39264",
  "indulgence": 1.263032090211181,
  "itemAttr": [],
  "items": [
    {
      "baserunningRating": 0,
      "defenseRating": 0,
      "durability": 1,
      "forger": null,
      "forgerName": null,
      "health": 1,
      "hittingRating": 0.04909050739177978,
      "id": "097a1d1d-cd6c-40c6-85b1-d52a385454b2",
      "name": "Bat",
      "pitchingRating": 0,
      "postPrefix": null,
      "prePrefix": null,
      "prefixes": null,
      "root": {
        "adjustments": [
          {
            "stat": 2,
            "type": 1,
            "value": 0.14912110485710017
          }
        ],
        "name": "Bat"
      },
      "suffix": null
    }
  ],
  "laserlikeness": 1.3760321518456573,
  "leagueTeamId": "747b8e4a-7e50-4638-a973-ea7950a3e739",
  "martyrdom": 0.7644975636108546,
  "moxie": 1.199004625017799,
  "musclitude": 0.7293122882353356,
  "name": "Aldon Cashmoney",
  "omniscience": 0.952004042676724,
  "overpowerment": 0.8775865257450575,
  "patheticism": 0.22940927660166727,
  "peanutAllergy": false,
  "permAttr": [
    "SPICY",
    "EGO3",
    "MIDDLING",
    "OVERPERFORMING"
  ],
  "pitchingRating": 0.7017882721344733,
  "pressurization": 0.2448115052278576,
  "ritual": "Powerlifting",
  "ruthlessness": 0.8275415922665048,
  "seasAttr": [],
  "shakespearianism": 0.6889130913208867,
  "soul": 7,
  "state": {
    "permModSources": {
      "OVERPERFORMING": [
        "MIDDLING"
      ]
    }
  },
  "suppression": 0.45731430129219847,
  "tenaciousness": 0.40355828796160303,
  "thwackability": 1.0440725635066186,
  "totalFingers": 11,
  "tournamentTeamId": "4e5d0063-73b4-440a-b2d1-214a7345cf16",
  "tragicness": 0.1,
  "unthwackability": 0.657340237333601,
  "watchfulness": 0.49636477197602896,
  "weekAttr": []
}