{
  "anticapitalism": 0.8267654472433117,
  "baseThirst": 0.5811993225358598,
  "baserunningRating": 0.02441201528526504,
  "blood": 2,
  "buoyancy": 0.5474192238998895,
  "chasiness": 0.02928317896085053,
  "cinnamon": 0.5568938643722294,
  "coffee": 2,
  "coldness": 0.4092477193164083,
  "continuation": 0.06704892770798909,
  "deceased": false,
  "defenseRating": 0.5351163775984704,
  "divinity": 0.3178779903535013,
  "eDensity": 29.32924955138915,
  "evolution": 0,
  "fate": 68,
  "gameAttr": [],
  "groundFriction": 0.22895201213645833,
  "hitStreak": 0,
  "hittingRating": 0.4150039717191956,
  "id": "efda41c1-eb07-45b3-8ad5-424c63115115",
  "indulgence": 0.799512374728274,
  "itemAttr": [],
  "items": [],
  "laserlikeness": 0.001601584836197434,
  "leagueTeamId": "46358869-dce9-4a01-bfba-ac24fc56f57e",
  "martyrdom": 0.5650498485645452,
  "moxie": 0.5363853455253341,
  "musclitude": 1.0161798986868134,
  "name": "Rufus Kiddo",
  "omniscience": 0.3585113851318018,
  "overpowerment": 0.9636315298507092,
  "patheticism": 0.26627152006738875,
  "peanutAllergy": false,
  "permAttr": [],
  "pitchingRating": 0.643931857024091,
  "pressurization": 0.853620297448815,
  "ritual": "Chanting",
  "ruthlessness": 0.8292049515047397,
  "seasAttr": [],
  "shakespearianism": 0.18121826798436236,
  "soul": 9,
  "state": {},
  "suppression": 0.4318106052526478,
  "tenaciousness": 0.8313738532980111,
  "thwackability": 0.32101072646100703,
  "totalFingers": 10,
  "tournamentTeamId": null,
  "tragicness": 0.5607431850817453,
  "unthwackability": 0.716699834721924,
  "watchfulness": 0.8951241272535608,
  "weekAttr": []
}