{
  "anticapitalism": 1.0465582969678393,
  "armor": "HEADPHONES",
  "baseThirst": 0.9061983554862536,
  "baserunningRating": 0.5147589056196438,
  "bat": "",
  "blood": 2,
  "buoyancy": 0.31654770409499267,
  "chasiness": 0.8904021403370079,
  "cinnamon": 0.7357380090642432,
  "coffee": 13,
  "coldness": 0.45855450898813577,
  "continuation": 0.9550637972086992,
  "deceased": false,
  "defenseRating": 0.5443466261413953,
  "divinity": 0.6736486479325429,
  "eDensity": 21.794656702325753,
  "evolution": 0,
  "fate": 36,
  "gameAttr": [],
  "groundFriction": 0.1902845446430437,
  "hitStreak": 0,
  "hittingRating": 0.6661041031387126,
  "id": "f0594932-8ef7-4d70-9894-df4be64875d8",
  "indulgence": 0.43214740422492304,
  "laserlikeness": 0.4495205210237251,
  "leagueTeamId": "bfd38797-8404-4b38-8b82-341da28b1f83",
  "martyrdom": 0.2774633022834418,
  "moxie": 0.2860320301758646,
  "musclitude": 0.28179246382810774,
  "name": "Fitzgerald Wanderlust",
  "omniscience": 0.43599764467723423,
  "overpowerment": 0.9299105274378162,
  "patheticism": 0.22286342884639396,
  "peanutAllergy": true,
  "permAttr": [
    "WILD"
  ],
  "pitchingRating": 0.7913629010251422,
  "pressurization": 0.4728401699748188,
  "ritual": "Hot tub",
  "ruthlessness": 0.7538520541900888,
  "seasAttr": [],
  "shakespearianism": 0.7949100687143288,
  "soul": 3,
  "state": {},
  "suppression": 0.87772608087419,
  "tenaciousness": 0.21923838276992277,
  "thwackability": 0.8906631577553613,
  "totalFingers": 10,
  "tournamentTeamId": null,
  "tragicness": 0.03929475823052855,
  "unthwackability": 0.8734880705811021,
  "watchfulness": 0.26828986616285017,
  "weekAttr": []
}