{
  "_id": "f0594932-8ef7-4d70-9894-df4be64875d8",
  "anticapitalism": 0.4966437127597365,
  "baseThirst": 0.8593369564314242,
  "bat": "",
  "buoyancy": 0.2637752535702922,
  "chasiness": 0.824388695561902,
  "cinnamon": 0.6756468734310574,
  "coldness": 0.3786663407865905,
  "continuation": 0.8852745640960669,
  "deceased": false,
  "divinity": 0.6283507670114741,
  "fate": 36,
  "groundFriction": 0.1486635727907748,
  "indulgence": 0.35947651819389437,
  "laserlikeness": 0.3973158587713652,
  "martyrdom": 0.2261044416924982,
  "moxie": 0.21740660700373793,
  "musclitude": 0.21181161760875789,
  "name": "Fitzgerald Wanderlust",
  "omniscience": 0.37905979592999595,
  "overpowerment": 0.8577787170603453,
  "patheticism": 0.2752339619166908,
  "peanutAllergy": false,
  "pressurization": 0.4728401699748188,
  "ruthlessness": 0.7021932642192732,
  "shakespearianism": 0.7315595194680322,
  "soul": 3,
  "suppression": 0.8009259688849975,
  "tenaciousness": 0.14189409772304318,
  "thwackability": 0.8208249275218131,
  "totalFingers": 10,
  "tragicness": 0.1,
  "unthwackability": 0.8246181781070283,
  "watchfulness": 0.2167929942491449
}