{
  "anticapitalism": 0.909730645814544,
  "baseThirst": 0.807592321079903,
  "baserunningRating": 0.3821571410597537,
  "blood": 2,
  "buoyancy": 0.22234149858802177,
  "chasiness": 0.7657481321924511,
  "cinnamon": 0.8363061436600644,
  "coffee": 13,
  "coldness": 0.331481828174884,
  "continuation": 0.8537859286844407,
  "deceased": false,
  "defenseRating": 0.4084049405026352,
  "divinity": 0.558406841636357,
  "eDensity": 19.031328377435333,
  "evolution": 0,
  "fate": 62,
  "gameAttr": [],
  "groundFriction": 0.07577268741399147,
  "hitStreak": 0,
  "hittingRating": 0.5372196781128902,
  "id": "f0594932-8ef7-4d70-9894-df4be64875d8",
  "indulgence": 0.33395576802808424,
  "itemAttr": [],
  "items": [
    {
      "baserunningRating": 0,
      "defenseRating": 0,
      "durability": 1,
      "forger": null,
      "forgerName": null,
      "health": 0,
      "hittingRating": 0.026747133367542864,
      "id": "5148031c-b8d3-44dc-8f88-1de69e4766a6",
      "name": "Bat",
      "pitchingRating": 0,
      "postPrefix": null,
      "prePrefix": null,
      "prefixes": null,
      "root": {
        "adjustments": [
          {
            "stat": 2,
            "type": 1,
            "value": 0.11935006624894742
          }
        ],
        "name": "Bat"
      },
      "suffix": null
    }
  ],
  "laserlikeness": 0.32819759629008477,
  "leagueTeamId": "105bc3ff-1320-4e37-8ef0-8d595cb95dd0",
  "martyrdom": 0.16552835212572398,
  "moxie": 0.19084413965823127,
  "musclitude": 0.1392529707421764,
  "name": "Fitzgerald Wanderlust",
  "omniscience": 0.3213404181361886,
  "overpowerment": 0.8466791657080615,
  "patheticism": 0.3481244002671655,
  "peanutAllergy": true,
  "permAttr": [
    "WILD"
  ],
  "pitchingRating": 0.6537231466232614,
  "pressurization": 0.4728401699748188,
  "ritual": "Hot tub",
  "ruthlessness": 0.6187487320502371,
  "seasAttr": [],
  "shakespearianism": 0.6916838273319751,
  "soul": 3,
  "state": {},
  "suppression": 0.7393722739999062,
  "tenaciousness": 0.1041765665402798,
  "thwackability": 0.7817539783535999,
  "totalFingers": 10,
  "tournamentTeamId": null,
  "tragicness": 0.1638792230169404,
  "unthwackability": 0.7503365375176062,
  "watchfulness": 0.16536374977155704,
  "weekAttr": []
}