{
  "anticapitalism": 0.1311285395244387,
  "armor": "",
  "baseThirst": 1.2292036288251758,
  "bat": "",
  "blood": 4,
  "buoyancy": 0.4465233066475511,
  "chasiness": 0.6188810587821202,
  "cinnamon": 0.7745060251092373,
  "coffee": 3,
  "coldness": 0.6868151110244166,
  "continuation": 0.5827879590976852,
  "deceased": false,
  "divinity": 1.031065702693152,
  "fate": 43,
  "gameAttr": [],
  "groundFriction": 0.8923408239469086,
  "hitStreak": 0,
  "id": "f0bcf4bb-74b3-412e-a54c-04c12ad28ecb",
  "indulgence": 0.8521887675143691,
  "laserlikeness": 0.6302157579059193,
  "martyrdom": 0.6678950690901676,
  "moxie": 0.46934131067034607,
  "musclitude": 0.7167736017109597,
  "name": "Hahn Fox",
  "omniscience": 0.5173839034089022,
  "overpowerment": 0.3496555442351639,
  "patheticism": 0.5937719843825963,
  "peanutAllergy": true,
  "permAttr": [],
  "pressurization": 0.6097971828349589,
  "ritual": "Kissing up to ownership",
  "ruthlessness": 0.978716702284184,
  "seasAttr": [],
  "shakespearianism": 0.464694140179297,
  "soul": 7,
  "suppression": 0.909924472365132,
  "tenaciousness": 0.303975891213934,
  "thwackability": 0.9493480752260568,
  "totalFingers": 13,
  "tragicness": 0.08,
  "unthwackability": 0.46894388065761183,
  "watchfulness": 0.969235841895909,
  "weekAttr": []
}