{
  "anticapitalism": 0.11112853952443871,
  "armor": "",
  "baseThirst": 1.2092036288251755,
  "bat": "",
  "blood": 4,
  "buoyancy": 0.42652330664755106,
  "chasiness": 0.5988810587821202,
  "cinnamon": 0.7745060251092373,
  "coffee": 3,
  "coldness": 0.6668151110244166,
  "continuation": 0.5627879590976852,
  "deceased": false,
  "divinity": 1.011065702693152,
  "fate": 43,
  "gameAttr": [],
  "groundFriction": 0.8723408239469086,
  "hitStreak": 0,
  "id": "f0bcf4bb-74b3-412e-a54c-04c12ad28ecb",
  "indulgence": 0.8321887675143691,
  "laserlikeness": 0.6102157579059193,
  "martyrdom": 0.6478950690901676,
  "moxie": 0.4493413106703461,
  "musclitude": 0.6967736017109597,
  "name": "Hahn Fox",
  "omniscience": 0.49738390340890215,
  "overpowerment": 0.32965554423516386,
  "patheticism": 0.6137719843825963,
  "peanutAllergy": true,
  "permAttr": [],
  "pressurization": 0.6097971828349589,
  "ritual": "Kissing up to ownership",
  "ruthlessness": 0.958716702284184,
  "seasAttr": [],
  "shakespearianism": 0.444694140179297,
  "soul": 7,
  "suppression": 0.889924472365132,
  "tenaciousness": 0.28397589121393396,
  "thwackability": 0.9293480752260568,
  "totalFingers": 12,
  "tragicness": 0.1,
  "unthwackability": 0.4489438806576118,
  "watchfulness": 0.9492358418959088,
  "weekAttr": []
}