{
  "anticapitalism": 0.2222257745800354,
  "baseThirst": 1.4693972922991565,
  "baserunningRating": 0.9742116198683728,
  "blood": 4,
  "buoyancy": 0.5654275953160318,
  "chasiness": 0.7512482066935612,
  "cinnamon": 0.9560662576447414,
  "coffee": 3,
  "coldness": 0.8291631891972242,
  "continuation": 0.8133264827104361,
  "deceased": false,
  "defenseRating": 0.6569652892011181,
  "divinity": 1.1071774068386306,
  "eDensity": 37.28926144725436,
  "evolution": 0,
  "fate": 43,
  "gameAttr": [],
  "groundFriction": 1.1151326469558622,
  "hitStreak": 0,
  "hittingRating": 0.9732220760250272,
  "id": "f0bcf4bb-74b3-412e-a54c-04c12ad28ecb",
  "indulgence": 1.0851148518384712,
  "itemAttr": [],
  "items": [
    {
      "baserunningRating": 0,
      "defenseRating": 0.017415286285657472,
      "durability": 2,
      "forger": null,
      "forgerName": null,
      "health": 2,
      "hittingRating": 0.02195986308309361,
      "id": "b834d914-f6f2-4f4a-a55d-6359c8c95412",
      "name": "Plant-Based Necklace",
      "pitchingRating": 0,
      "postPrefix": null,
      "prePrefix": null,
      "prefixes": [
        {
          "adjustments": [
            {
              "stat": 23,
              "type": 1,
              "value": 0.3402621607185279
            },
            {
              "stat": 15,
              "type": 1,
              "value": 0.1727657784805916
            },
            {
              "stat": 1,
              "type": 1,
              "value": -0.08317092135797129
            }
          ],
          "name": "Plant-Based"
        }
      ],
      "root": {
        "adjustments": [
          {
            "stat": 3,
            "type": 1,
            "value": 0.18735384383877057
          }
        ],
        "name": "Necklace"
      },
      "suffix": null
    }
  ],
  "laserlikeness": 0.8815873162647123,
  "leagueTeamId": "f02aeae2-5e6a-4098-9842-02d2273f25c7",
  "martyrdom": 0.792143795999057,
  "moxie": 0.5784882916283636,
  "musclitude": 0.8139957289179367,
  "name": "Hahn Fox",
  "omniscience": 0.6399803865457664,
  "overpowerment": 0.5439245795381917,
  "patheticism": 0.46438041624688736,
  "peanutAllergy": false,
  "permAttr": [],
  "pitchingRating": 0.7226383645132476,
  "pressurization": 0.6097971828349589,
  "ritual": "Kissing up to ownership",
  "ruthlessness": 1.1319922819501322,
  "seasAttr": [],
  "shakespearianism": 0.6444324708752812,
  "soul": 7,
  "state": {},
  "suppression": 1.054979589405356,
  "tenaciousness": 0.44327572438613655,
  "thwackability": 1.0882326719295268,
  "totalFingers": 13,
  "tournamentTeamId": "b3b9636a-f88a-47dc-a91d-86ecc79f9934",
  "tragicness": 0.001,
  "unthwackability": 0.6256596781616314,
  "watchfulness": 1.1147183230350417,
  "weekAttr": []
}