{
  "anticapitalism": 0.9170268503583796,
  "armor": "",
  "baseThirst": 0.6722992781281909,
  "baserunningRating": 0.2492831682887063,
  "bat": "",
  "blood": 12,
  "buoyancy": 0.9540183040194532,
  "chasiness": 0.8253605305374134,
  "cinnamon": 0.2505062759921304,
  "coffee": 12,
  "coldness": 0.15851236525161827,
  "continuation": 0.37127988984086824,
  "deceased": false,
  "defenseRating": 0.7579332586879555,
  "divinity": 0.7293230299349891,
  "eDensity": 0,
  "evolution": 0,
  "fate": 56,
  "gameAttr": [],
  "groundFriction": 0.020311657026687913,
  "hitStreak": 0,
  "hittingRating": 0.5116825044800548,
  "id": "f106291a-5935-449e-b075-75e62d1d1b07",
  "indulgence": 0.9256696360090864,
  "laserlikeness": 0.18159037379858312,
  "leagueTeamId": "c73b705c-40ad-4633-a6ed-d357ee2e2bcf",
  "martyrdom": 0.4784834131299349,
  "moxie": 0.9253376867424664,
  "musclitude": 0.1466413083770124,
  "name": "Zelda Highway",
  "omniscience": 0.3603283992241053,
  "overpowerment": 0.97676199162191,
  "patheticism": 0.2596237497789302,
  "peanutAllergy": false,
  "permAttr": [],
  "pitchingRating": 0.24588608802871784,
  "pressurization": 0.3750265061557212,
  "ritual": "Talking to the parasite",
  "ruthlessness": 0.0900492396108925,
  "seasAttr": [],
  "shakespearianism": 0.17381099731276617,
  "soul": 5,
  "state": {},
  "suppression": 0.5881584577693424,
  "tenaciousness": 0.8971194841919201,
  "thwackability": 0.3386758115301316,
  "totalFingers": 10,
  "tournamentTeamId": null,
  "tragicness": 0.1,
  "unthwackability": 0.6500228776291599,
  "watchfulness": 0.79101794357051,
  "weekAttr": []
}