{
  "anticapitalism": 0.7312765135538675,
  "armor": "",
  "baseThirst": 0.5029389568176414,
  "baserunningRating": 0.42102713058464175,
  "bat": "",
  "blood": 3,
  "buoyancy": 0.9531667458434168,
  "chasiness": 0.3950572397960917,
  "cinnamon": 0.6326361260744249,
  "coffee": 6,
  "coldness": 0.20547576422182057,
  "continuation": 0.5307757134707671,
  "deceased": false,
  "defenseRating": 0.3661075063707991,
  "divinity": 0.6443391574412454,
  "fate": 67,
  "gameAttr": [],
  "groundFriction": 0.6542317132979865,
  "hitStreak": 0,
  "hittingRating": 0.4897665529917928,
  "id": "f1185b20-7b4a-4ccc-a977-dc1afdfd4cb9",
  "indulgence": 0.6577782076772638,
  "laserlikeness": 0.2732578745165579,
  "leagueTeamId": "b72f3061-f573-40d7-832a-5ad475bd7909",
  "martyrdom": 0.08340731024319048,
  "moxie": 0.32569565973034353,
  "musclitude": 0.4450915485547122,
  "name": "Frazier Tosser",
  "omniscience": 0.08078620207368825,
  "overpowerment": 0.3942669135360102,
  "patheticism": 0.7088511439319689,
  "peanutAllergy": false,
  "permAttr": [],
  "pitchingRating": 0.5609689815180764,
  "pressurization": 0.5516783386341122,
  "ritual": "Entering the tesseract",
  "ruthlessness": 0.7175190336344706,
  "seasAttr": [],
  "shakespearianism": 0.2543607561109351,
  "soul": 4,
  "suppression": 0.3225175047890225,
  "tenaciousness": 0.2045241107022442,
  "thwackability": 0.4210926423961794,
  "totalFingers": 10,
  "tournamentTeamId": null,
  "tragicness": 0.1,
  "unthwackability": 0.7722284599394906,
  "watchfulness": 0.5485058634642963,
  "weekAttr": []
}