{
  "anticapitalism": 0.7393798677706233,
  "armor": "",
  "baseThirst": 0.6489334936540528,
  "baserunningRating": 0.17115679815194226,
  "bat": "",
  "blood": 12,
  "buoyancy": 0.81804213942195,
  "chasiness": 0.05222041347067063,
  "cinnamon": 0.9422487397818942,
  "coffee": 9,
  "coldness": 0.052857837440800026,
  "continuation": 0.06536236040687189,
  "deceased": false,
  "defenseRating": 0.6132071400201554,
  "divinity": 0.16557964514563864,
  "eDensity": 25.794302691006735,
  "evolution": 0,
  "fate": 84,
  "gameAttr": [],
  "groundFriction": 0.2926470318128068,
  "hitStreak": 0,
  "hittingRating": 0.27560514808201797,
  "id": "f2468055-e880-40bf-8ac6-a0763d846eb2",
  "indulgence": 0.8660918079350844,
  "laserlikeness": 0.07252723361627868,
  "leagueTeamId": "105bc3ff-1320-4e37-8ef0-8d595cb95dd0",
  "martyrdom": 0.6578041520296762,
  "moxie": 0.1867352781444107,
  "musclitude": 0.789261370300538,
  "name": "Alaynabella Hollywood",
  "omniscience": 0.85098247900868,
  "overpowerment": 0.06344867727198311,
  "patheticism": 0.44638344522727297,
  "peanutAllergy": true,
  "permAttr": [],
  "pitchingRating": 0.05350272674684601,
  "pressurization": 0.9107176334839626,
  "ritual": "Listening to Them",
  "ruthlessness": 0.1202135566896681,
  "seasAttr": [],
  "shakespearianism": 0.06036241280394188,
  "soul": 9,
  "state": {},
  "suppression": 0.05726288620613993,
  "tenaciousness": 0.5738884556424629,
  "thwackability": 0.25599403698213613,
  "totalFingers": 15,
  "tournamentTeamId": null,
  "tragicness": 0.08829998543634211,
  "unthwackability": 0.07240249222683302,
  "watchfulness": 0.8163340071640761,
  "weekAttr": []
}