{
  "anticapitalism": 1.0716841649916853,
  "baseThirst": 0.8905323841630987,
  "baserunningRating": 0.5726135624162717,
  "blood": 12,
  "buoyancy": 1.203371556633245,
  "chasiness": 0.3985271301383927,
  "cinnamon": 1.2001638090368758,
  "coffee": 9,
  "coldness": 0.2776458857833026,
  "continuation": 0.4341957079003415,
  "deceased": false,
  "defenseRating": 0.9189540715498012,
  "divinity": 0.4472327222598451,
  "eDensity": 34.55060698681654,
  "evolution": 0,
  "fate": 84,
  "gameAttr": [],
  "groundFriction": 0.6676035258888734,
  "hitStreak": 0,
  "hittingRating": 0.5872566050620693,
  "id": "f2468055-e880-40bf-8ac6-a0763d846eb2",
  "indulgence": 1.2059943267879372,
  "itemAttr": [],
  "items": [
    {
      "baserunningRating": 0,
      "defenseRating": 0,
      "durability": 1,
      "forger": null,
      "forgerName": null,
      "health": 1,
      "hittingRating": 0.04426024715247545,
      "id": "a23d850b-ac79-4346-b940-b919b17bcd67",
      "name": "Bat",
      "pitchingRating": 0,
      "postPrefix": null,
      "prePrefix": null,
      "prefixes": null,
      "root": {
        "adjustments": [
          {
            "stat": 2,
            "type": 1,
            "value": 0.13438279743816411
          }
        ],
        "name": "Bat"
      },
      "suffix": null
    }
  ],
  "laserlikeness": 0.4140792178224741,
  "leagueTeamId": "105bc3ff-1320-4e37-8ef0-8d595cb95dd0",
  "martyrdom": 0.8976148888275403,
  "moxie": 0.4588336019082948,
  "musclitude": 1.021622054994984,
  "name": "Alaynabella Hollywood",
  "omniscience": 1.0992290569598624,
  "overpowerment": 0.31634316607655383,
  "patheticism": 0.1415441992434987,
  "peanutAllergy": true,
  "permAttr": [],
  "pitchingRating": 0.2855481876599351,
  "pressurization": 0.9107176334839626,
  "ritual": "Listening to Them",
  "ruthlessness": 0.3748970709695137,
  "seasAttr": [],
  "shakespearianism": 0.3792854569675499,
  "soul": 9,
  "state": {},
  "suppression": 0.33317531850716514,
  "tenaciousness": 0.8775959190954002,
  "thwackability": 0.5910827374313202,
  "totalFingers": 15,
  "tournamentTeamId": null,
  "tragicness": 0.001,
  "unthwackability": 0.32674867938902236,
  "watchfulness": 1.080557214871927,
  "weekAttr": [
    "MARKED"
  ]
}