{
  "anticapitalism": 0.7010757025610848,
  "armor": "",
  "baseThirst": 0.6053685451771265,
  "baserunningRating": 0.11887031410399176,
  "bat": "",
  "blood": 12,
  "buoyancy": 0.7758552042640464,
  "chasiness": 0.03,
  "cinnamon": 0.9006917917399961,
  "coffee": 9,
  "coldness": 0.03,
  "continuation": 0.03,
  "deceased": false,
  "defenseRating": 0.561241214549924,
  "divinity": 0.13,
  "fate": 84,
  "gameAttr": [],
  "groundFriction": 0.26785865674964443,
  "hitStreak": 0,
  "hittingRating": 0.2323383657734113,
  "id": "f2468055-e880-40bf-8ac6-a0763d846eb2",
  "indulgence": 0.8441611625160588,
  "laserlikeness": 0.04240844892004432,
  "leagueTeamId": "3f8bbb15-61c0-4e3f-8e4a-907a5fb1565e",
  "martyrdom": 0.6365634266979444,
  "moxie": 0.16836855963746422,
  "musclitude": 0.7560609155465451,
  "name": "Alaynabella Hollywood",
  "omniscience": 0.8011211348120066,
  "overpowerment": 0.03,
  "patheticism": 0.46224450857167776,
  "peanutAllergy": true,
  "permAttr": [],
  "pitchingRating": 0.02460876537467346,
  "pressurization": 0.9107176334839626,
  "ritual": "Listening to Them",
  "ruthlessness": 0.08478170243772325,
  "seasAttr": [],
  "shakespearianism": 0.03,
  "soul": 9,
  "suppression": 0.03,
  "tenaciousness": 0.5413467448404061,
  "thwackability": 0.20787517765900151,
  "totalFingers": 15,
  "tournamentTeamId": null,
  "tragicness": 0.1,
  "unthwackability": 0.03,
  "watchfulness": 0.7839023194368091,
  "weekAttr": []
}