{
  "_id": "f2468055-e880-40bf-8ac6-a0763d846eb2",
  "anticapitalism": 0.8810757025610847,
  "baseThirst": 0.6853685451771265,
  "buoyancy": 0.8058552042640466,
  "chasiness": 0.1931256233888652,
  "coldness": 0.17262309288744038,
  "continuation": 0.050873314665754066,
  "deceased": false,
  "divinity": 0.09968198447664722,
  "groundFriction": 0.34785865674964445,
  "indulgence": 0.9241611625160586,
  "laserlikeness": 0.12240844892004432,
  "martyrdom": 0.6665634266979445,
  "moxie": 0.19836855963746425,
  "musclitude": 0.7860609155465452,
  "name": "Alaynabella Hollywood",
  "omniscience": 0.9811211348120066,
  "overpowerment": 0.195437552995797,
  "patheticism": 0.43224450857167773,
  "pressurization": 0.9107176334839626,
  "ruthlessness": 0.3147817024377233,
  "shakespearianism": 0.10119520906505208,
  "soul": 9,
  "suppression": 0.2596023196527768,
  "tenaciousness": 0.7213467448404061,
  "thwackability": 0.23787517765900157,
  "totalFingers": 10,
  "tragicness": 0,
  "unthwackability": 0.1073353592816526,
  "watchfulness": 0.963902319436809
}