{
  "anticapitalism": 0.6810757025610847,
  "armor": "",
  "baseThirst": 0.5853685451771264,
  "bat": "",
  "blood": 12,
  "buoyancy": 0.6558552042640464,
  "chasiness": 0.01,
  "cinnamon": 0.9006917917399961,
  "coffee": 9,
  "coldness": 0.01,
  "continuation": 0.01,
  "deceased": false,
  "divinity": 0.01,
  "fate": 84,
  "gameAttr": [],
  "groundFriction": 0.2478586567496444,
  "hitStreak": 0,
  "id": "f2468055-e880-40bf-8ac6-a0763d846eb2",
  "indulgence": 0.8241611625160588,
  "laserlikeness": 0.022408448920044316,
  "martyrdom": 0.5165634266979444,
  "moxie": 0.048368559637464226,
  "musclitude": 0.6360609155465451,
  "name": "Alaynabella Hollywood",
  "omniscience": 0.7811211348120066,
  "overpowerment": 0.01,
  "patheticism": 0.5822445085716778,
  "peanutAllergy": true,
  "permAttr": [],
  "pressurization": 0.9107176334839626,
  "ritual": "Listening to Them",
  "ruthlessness": 0.06478170243772324,
  "seasAttr": [],
  "shakespearianism": 0.01,
  "soul": 9,
  "suppression": 0.01,
  "tenaciousness": 0.5213467448404061,
  "thwackability": 0.08787517765900155,
  "totalFingers": 14,
  "tragicness": 0.30000000000000004,
  "unthwackability": 0.01,
  "watchfulness": 0.7639023194368091,
  "weekAttr": []
}