{
  "anticapitalism": 0.5791499352011528,
  "armor": "",
  "baseThirst": 0.9955268850035236,
  "bat": "",
  "blood": 2,
  "buoyancy": 1.0396985415003526,
  "chasiness": 1.3177096525690903,
  "cinnamon": 0.21885186428823328,
  "coffee": 4,
  "coldness": 0.3630027348710938,
  "continuation": 0.3833089733442978,
  "deceased": false,
  "divinity": 0.8919159365585742,
  "fate": 64,
  "gameAttr": [],
  "groundFriction": 0.6799574767324186,
  "hitStreak": 0,
  "id": "f2a27a7e-bf04-4d31-86f5-16bfa3addbe7",
  "indulgence": 0.7701377661484082,
  "laserlikeness": 1.3260890908912413,
  "martyrdom": 0.633467898757663,
  "moxie": 1.114882620174787,
  "musclitude": 1.2093654602756418,
  "name": "Winnie Hess",
  "omniscience": 0.5784814604440336,
  "overpowerment": 0.6952174362597903,
  "patheticism": 0.6397443235818645,
  "peanutAllergy": false,
  "permAttr": [],
  "pressurization": 0.12172979520935026,
  "ritual": "Meditation",
  "ruthlessness": 0.6274505590193865,
  "seasAttr": [],
  "shakespearianism": 0.5361200527245076,
  "soul": 8,
  "suppression": 0.6406575090624891,
  "tenaciousness": 0.620558697737424,
  "thwackability": 0.9924603124153172,
  "totalFingers": 13,
  "tragicness": 0.1,
  "unthwackability": 1.265467173528389,
  "watchfulness": 0.9445954278307236,
  "weekAttr": []
}