{
  "anticapitalism": 0.5205388253539589,
  "armor": "",
  "baseThirst": 0.9448787371679178,
  "bat": "",
  "blood": 2,
  "buoyancy": 0.9977847809604112,
  "chasiness": 1.2735748736571315,
  "cinnamon": 0.17665882155476337,
  "coffee": 4,
  "coldness": 0.2836845630906099,
  "continuation": 0.3171724083756601,
  "deceased": false,
  "divinity": 0.8362881783525953,
  "fate": 64,
  "gameAttr": [],
  "groundFriction": 0.6100462730450515,
  "hitStreak": 0,
  "id": "f2a27a7e-bf04-4d31-86f5-16bfa3addbe7",
  "indulgence": 0.7083501152029058,
  "laserlikeness": 1.249364972255477,
  "martyrdom": 0.5751773237794974,
  "moxie": 1.0505175178011232,
  "musclitude": 1.1297158544842336,
  "name": "Winnie Hess",
  "omniscience": 0.499582645847728,
  "overpowerment": 0.6360677451524464,
  "patheticism": 0.6844677414898164,
  "peanutAllergy": false,
  "permAttr": [],
  "pressurization": 0.12172979520935026,
  "ritual": "Meditation",
  "ruthlessness": 0.5753624090016316,
  "seasAttr": [],
  "shakespearianism": 0.48300929468608633,
  "soul": 8,
  "suppression": 0.5824823732525642,
  "tenaciousness": 0.5616056154687117,
  "thwackability": 0.9299767350631906,
  "totalFingers": 13,
  "tragicness": 0.05189323539918362,
  "unthwackability": 1.1933170961096016,
  "watchfulness": 0.8818002176413243,
  "weekAttr": []
}