{
  "anticapitalism": 0.8056419638883331,
  "baseThirst": 1.2570809680391255,
  "baserunningRating": 1.2197629436390156,
  "blood": 2,
  "buoyancy": 1.2684050006891423,
  "chasiness": 1.5567636457890928,
  "cinnamon": 0.41869493711908967,
  "coffee": 4,
  "coldness": 0.801201371160818,
  "continuation": 0.6320903879453498,
  "deceased": false,
  "defenseRating": 0.9651105839144432,
  "divinity": 1.1250761617815406,
  "eDensity": 48.92171524703269,
  "evolution": 0,
  "fate": 64,
  "gameAttr": [],
  "groundFriction": 0.9232774014931988,
  "hitStreak": 0,
  "hittingRating": 1.1576115385403494,
  "id": "f2a27a7e-bf04-4d31-86f5-16bfa3addbe7",
  "indulgence": 1.0286081985558355,
  "itemAttr": [],
  "items": [
    {
      "baserunningRating": 0,
      "defenseRating": 0,
      "durability": 1,
      "forger": null,
      "forgerName": null,
      "health": 1,
      "hittingRating": 0.03860752681660195,
      "id": "4d2b3ce8-24a4-49ab-a16d-f1c7d1b2b32b",
      "name": "Bat",
      "pitchingRating": 0,
      "postPrefix": null,
      "prePrefix": null,
      "prefixes": null,
      "root": {
        "adjustments": [
          {
            "stat": 2,
            "type": 1,
            "value": 0.12261107509605292
          }
        ],
        "name": "Bat"
      },
      "suffix": null
    }
  ],
  "laserlikeness": 1.5740044135143747,
  "leagueTeamId": "adc5b394-8f76-416d-9ce9-813706877b84",
  "martyrdom": 0.8795923322766427,
  "moxie": 1.337074443787834,
  "musclitude": 1.4854593996572285,
  "name": "Winnie Hess",
  "omniscience": 0.8359531787005257,
  "overpowerment": 1.1492850299071218,
  "patheticism": 0.3932318089871693,
  "peanutAllergy": false,
  "permAttr": [
    "SIPHON"
  ],
  "pitchingRating": 1.3606171120537178,
  "pressurization": 0.12172979520935026,
  "ritual": "Meditation",
  "ruthlessness": 1.0633451627194153,
  "seasAttr": [],
  "shakespearianism": 0.9769944938852544,
  "soul": 8,
  "state": {},
  "suppression": 1.0760282656451412,
  "tenaciousness": 0.8115475257195609,
  "thwackability": 1.2611264501081154,
  "totalFingers": 15,
  "tournamentTeamId": "4d921519-410b-41e2-882e-9726a4e54a6a",
  "tragicness": 0.001,
  "unthwackability": 1.7172701347487689,
  "watchfulness": 1.2145466482768468,
  "weekAttr": []
}