{
  "anticapitalism": 0.7590560951214406,
  "baseThirst": 1.183882640116422,
  "baserunningRating": 1.1537162069459657,
  "blood": 2,
  "buoyancy": 1.2160333257911944,
  "chasiness": 1.4979121714846877,
  "cinnamon": 0.371399412116035,
  "coffee": 4,
  "coldness": 0.6351954365046456,
  "continuation": 0.5531832360210522,
  "deceased": false,
  "defenseRating": 0.9241350287825588,
  "divinity": 1.0767963004068932,
  "eDensity": 46.274539943694265,
  "evolution": 0,
  "fate": 64,
  "gameAttr": [],
  "groundFriction": 0.8827240794912503,
  "hitStreak": 0,
  "hittingRating": 1.0980075943477527,
  "id": "f2a27a7e-bf04-4d31-86f5-16bfa3addbe7",
  "indulgence": 0.954549050060904,
  "items": [],
  "laserlikeness": 1.49912487222114,
  "leagueTeamId": "adc5b394-8f76-416d-9ce9-813706877b84",
  "martyrdom": 0.8019079356541912,
  "moxie": 1.2968807682655097,
  "musclitude": 1.409063607344673,
  "name": "Winnie Hess",
  "omniscience": 0.7686960339785768,
  "overpowerment": 0.9879962205129512,
  "patheticism": 0.46815948716250766,
  "peanutAllergy": false,
  "permAttr": [
    "SIPHON",
    "TRIPLE_THREAT"
  ],
  "pitchingRating": 1.149075447594332,
  "pressurization": 0.12172979520935026,
  "ritual": "Meditation",
  "ruthlessness": 0.8922341468682258,
  "seasAttr": [],
  "shakespearianism": 0.8166220479368189,
  "soul": 8,
  "state": {},
  "suppression": 0.9093260578550512,
  "tenaciousness": 0.7706851492895267,
  "thwackability": 1.1815177308168257,
  "totalFingers": 14,
  "tournamentTeamId": "4d921519-410b-41e2-882e-9726a4e54a6a",
  "tragicness": 0.001,
  "unthwackability": 1.5464569846837983,
  "watchfulness": 1.138494243387148,
  "weekAttr": []
}