{
  "anticapitalism": 0.4136783935070298,
  "armor": "",
  "baseThirst": 0.828339464138023,
  "bat": "",
  "blood": 2,
  "buoyancy": 0.8732695135230651,
  "chasiness": 1.1291759757003728,
  "cinnamon": 0.07511143047322257,
  "coffee": 4,
  "coldness": 0.18786553841358397,
  "continuation": 0.21583586937266047,
  "deceased": false,
  "divinity": 0.6956800853986361,
  "fate": 64,
  "gameAttr": [],
  "groundFriction": 0.5129105103667663,
  "hitStreak": 0,
  "id": "f2a27a7e-bf04-4d31-86f5-16bfa3addbe7",
  "indulgence": 0.5850231932690306,
  "laserlikeness": 1.1163426707164248,
  "martyrdom": 0.469942303490808,
  "moxie": 0.9010496840487104,
  "musclitude": 1.003223616626075,
  "name": "Winnie Hess",
  "omniscience": 0.3741304157867224,
  "overpowerment": 0.5286225416422913,
  "patheticism": 0.7959069482131985,
  "peanutAllergy": false,
  "permAttr": [],
  "pressurization": 0.12172979520935026,
  "ritual": "Meditation",
  "ruthlessness": 0.4502066018752368,
  "seasAttr": [],
  "shakespearianism": 0.353523680156409,
  "soul": 8,
  "suppression": 0.4606296395543372,
  "tenaciousness": 0.44145943429916745,
  "thwackability": 0.8281590724384568,
  "totalFingers": 13,
  "tragicness": 0.05700902312802297,
  "unthwackability": 1.079761170889851,
  "watchfulness": 0.7787852038570288,
  "weekAttr": []
}