{
  "anticapitalism": 0.1620266018403811,
  "armor": "",
  "baseThirst": 0.8401433414189337,
  "bat": "",
  "blood": 4,
  "buoyancy": 0.17686390967568477,
  "chasiness": 0.902409706269029,
  "cinnamon": 0.18990681019492792,
  "coffee": 10,
  "coldness": 0.5995049581415505,
  "continuation": 0.24729842883531705,
  "deceased": false,
  "divinity": 0.9005717300020126,
  "fate": 63,
  "gameAttr": [],
  "groundFriction": 0.849560437849072,
  "id": "f2c477fb-28ea-4fcb-943a-9fab22df3da0",
  "indulgence": 0.26217575612777133,
  "laserlikeness": 0.44598347344221345,
  "martyrdom": 0.4187313427151227,
  "moxie": 0.33004374077516774,
  "musclitude": 0.9425772743898516,
  "name": "Sandford Garner",
  "omniscience": 0.6222520251219066,
  "overpowerment": 1.266643851350596,
  "patheticism": 0.8670878160012074,
  "peanutAllergy": false,
  "permAttr": [],
  "pressurization": 0.11743185689310189,
  "ritual": "Doing a good deed and telling everyone about it",
  "ruthlessness": 0.4721060022394829,
  "seasAttr": [],
  "shakespearianism": 0.9134449160460584,
  "soul": 7,
  "suppression": 1.1108702657598613,
  "tenaciousness": 0.042852107330850986,
  "thwackability": 0.5427519003504075,
  "totalFingers": 12,
  "tragicness": 0.1,
  "unthwackability": 0.7970481544645169,
  "watchfulness": 0.5253416392064545,
  "weekAttr": []
}