{
  "anticapitalism": 0.21759014122458864,
  "armor": "",
  "baseThirst": 0.9036952834794164,
  "baserunningRating": 0.5572885308360149,
  "bat": "",
  "blood": 9,
  "buoyancy": 0.23387932005367448,
  "chasiness": 0.959617703508038,
  "cinnamon": 0.266174490765275,
  "coffee": 10,
  "coldness": 0.6654405810839517,
  "continuation": 0.3092378821043146,
  "deceased": false,
  "defenseRating": 0.46846173070792696,
  "divinity": 0.9443650470601612,
  "eDensity": 31.272163651941145,
  "evolution": 0,
  "fate": 63,
  "gameAttr": [],
  "groundFriction": 0.9218781325416708,
  "hitStreak": 0,
  "hittingRating": 0.7015386584524005,
  "id": "f2c477fb-28ea-4fcb-943a-9fab22df3da0",
  "indulgence": 0.32679467679674057,
  "laserlikeness": 0.5094570446016065,
  "leagueTeamId": "b72f3061-f573-40d7-832a-5ad475bd7909",
  "martyrdom": 0.494814523366815,
  "moxie": 0.3940346307579462,
  "musclitude": 1.0013411788469215,
  "name": "Sandford Garner",
  "omniscience": 0.6958956147251885,
  "overpowerment": 1.3067918367811977,
  "patheticism": 0.79012074089216,
  "peanutAllergy": false,
  "permAttr": [],
  "pitchingRating": 0.7401630302809641,
  "pressurization": 0.11743185689310189,
  "ritual": "Doing a good deed and telling everyone about it",
  "ruthlessness": 0.5388438069144011,
  "seasAttr": [],
  "shakespearianism": 0.9535526051927882,
  "soul": 7,
  "state": {},
  "suppression": 1.17360569932092,
  "tenaciousness": 0.09243401337555068,
  "thwackability": 0.6126089019971988,
  "totalFingers": 12,
  "tournamentTeamId": "a3ea6358-ce03-4f23-85f9-deb38cb81b20",
  "tragicness": 0.1,
  "unthwackability": 0.8542758756683632,
  "watchfulness": 0.5891852969273408,
  "weekAttr": []
}