{
  "anticapitalism": 0.4010684147930108,
  "baseThirst": 1.043259260908705,
  "baserunningRating": 0.678694399722697,
  "blood": 9,
  "buoyancy": 0.3749421921533991,
  "chasiness": 1.0899074978305294,
  "cinnamon": 0.3920494028442143,
  "coffee": 10,
  "coldness": 0.7748033655838953,
  "continuation": 0.43242620980848656,
  "deceased": false,
  "defenseRating": 0.6166987822154415,
  "divinity": 1.0925470629354816,
  "eDensity": 35.09602458686386,
  "evolution": 0,
  "fate": 63,
  "gameAttr": [],
  "groundFriction": 1.094635873947984,
  "hitStreak": 0,
  "hittingRating": 0.8181424002770554,
  "id": "f2c477fb-28ea-4fcb-943a-9fab22df3da0",
  "indulgence": 0.43263263001288466,
  "itemAttr": [
    "PARASITE"
  ],
  "items": [
    {
      "baserunningRating": 0,
      "defenseRating": 0,
      "durability": 2,
      "forger": null,
      "forgerName": null,
      "health": 2,
      "hittingRating": 0,
      "id": "78f77cf0-8736-4a90-9108-1013d262d407",
      "name": "Parasitic Cap",
      "pitchingRating": 0.04692923999780019,
      "postPrefix": null,
      "prePrefix": null,
      "prefixes": [
        {
          "adjustments": [
            {
              "mod": "PARASITE",
              "type": 0
            }
          ],
          "name": "Parasitic"
        }
      ],
      "root": {
        "adjustments": [
          {
            "stat": 16,
            "type": 1,
            "value": 0.10465155159268567
          }
        ],
        "name": "Cap"
      },
      "suffix": null
    }
  ],
  "laserlikeness": 0.6272055460612799,
  "leagueTeamId": "b72f3061-f573-40d7-832a-5ad475bd7909",
  "martyrdom": 0.5944249472084338,
  "moxie": 0.4777052822055417,
  "musclitude": 1.126098653394257,
  "name": "Sandford Garner",
  "omniscience": 0.8055007117927347,
  "overpowerment": 1.4428399785528594,
  "patheticism": 0.7031027476251697,
  "peanutAllergy": false,
  "permAttr": [],
  "pitchingRating": 0.9001822159082145,
  "pressurization": 0.11743185689310189,
  "ritual": "Doing a good deed and telling everyone about it",
  "ruthlessness": 0.6875638894995937,
  "seasAttr": [],
  "shakespearianism": 1.0734741597290447,
  "soul": 7,
  "state": {
    "itemModSources": {
      "PARASITE": [
        "78f77cf0-8736-4a90-9108-1013d262d407"
      ]
    }
  },
  "suppression": 1.2808234472176616,
  "tenaciousness": 0.19897740767911232,
  "thwackability": 0.7218750266785342,
  "totalFingers": 12,
  "tournamentTeamId": "a3ea6358-ce03-4f23-85f9-deb38cb81b20",
  "tragicness": 0.001,
  "unthwackability": 0.9781986646218276,
  "watchfulness": 0.7085710632853485,
  "weekAttr": []
}