{
  "anticapitalism": 0.23746003579493308,
  "baseThirst": 0.4330966554875294,
  "baserunningRating": 0.8547165419504309,
  "blood": 12,
  "buoyancy": 1.0915242225650892,
  "chasiness": 0.2887807754383069,
  "cinnamon": 0.842002616485714,
  "coffee": 6,
  "coldness": 0.4650438578942026,
  "continuation": 0.6674383364482234,
  "deceased": false,
  "defenseRating": 0.5358796748633222,
  "divinity": 1.0844437596784924,
  "eDensity": 34.84354142332214,
  "evolution": 0,
  "fate": 63,
  "gameAttr": [],
  "groundFriction": 0.6382627745839479,
  "hitStreak": 0,
  "hittingRating": 0.8436186840437891,
  "id": "f38c5d80-093f-46eb-99d6-942aa45cd921",
  "indulgence": 1.0519356786359684,
  "items": [],
  "laserlikeness": 1.0140217786534735,
  "leagueTeamId": "36569151-a2fb-43c1-9df7-2df512424c82",
  "martyrdom": 0.3612142370088568,
  "moxie": 0.4440263722679635,
  "musclitude": 1.07795965060091,
  "name": "Andrew Solis",
  "omniscience": 0.580489509088975,
  "overpowerment": 0.9015214106171456,
  "patheticism": 0.001,
  "peanutAllergy": false,
  "permAttr": [
    "FIRE_EATER"
  ],
  "pitchingRating": 0.7434338739027624,
  "pressurization": 0.4347662829199356,
  "ritual": "Hyperbolic time chamber",
  "ruthlessness": 0.8049258990150077,
  "seasAttr": [],
  "shakespearianism": 0.916711846883361,
  "soul": 7,
  "state": {},
  "suppression": 0.3459665471272953,
  "tenaciousness": 0.6908414278850515,
  "thwackability": 0.7042002261573809,
  "totalFingers": 11,
  "tournamentTeamId": null,
  "tragicness": 0.001,
  "unthwackability": 0.7170771633388053,
  "watchfulness": 0.17707960633917863,
  "weekAttr": [
    "COFFEE_PERIL"
  ]
}