{
  "anticapitalism": 0.1942261365940137,
  "armor": "",
  "baseThirst": 0.38500631212488307,
  "baserunningRating": 0.7990575036436823,
  "bat": "",
  "blood": 12,
  "buoyancy": 1.0207975428249072,
  "chasiness": 0.23480669586154204,
  "cinnamon": 0.7634524098775012,
  "coffee": 6,
  "coldness": 0.4246414592272869,
  "continuation": 0.6156490599869916,
  "deceased": false,
  "defenseRating": 0.47135963192540614,
  "divinity": 1.0374767847756672,
  "eDensity": 33.22741797726013,
  "evolution": 0,
  "fate": 63,
  "gameAttr": [],
  "groundFriction": 0.5729843541313829,
  "hitStreak": 0,
  "hittingRating": 0.7882929155383426,
  "id": "f38c5d80-093f-46eb-99d6-942aa45cd921",
  "indulgence": 1.0035319011660713,
  "laserlikeness": 0.9511763971426668,
  "leagueTeamId": "36569151-a2fb-43c1-9df7-2df512424c82",
  "martyrdom": 0.3129006796358242,
  "moxie": 0.4014825586666889,
  "musclitude": 1.0017602675453765,
  "name": "Andrew Solis",
  "omniscience": 0.516849827570747,
  "overpowerment": 0.8347356333319196,
  "patheticism": 0.01,
  "peanutAllergy": false,
  "permAttr": [
    "FIRE_EATER",
    "MAGMATIC"
  ],
  "pitchingRating": 0.6880639456440164,
  "pressurization": 0.4347662829199356,
  "ritual": "Hyperbolic time chamber",
  "ruthlessness": 0.7497149377503751,
  "seasAttr": [],
  "shakespearianism": 0.8693893238296015,
  "soul": 7,
  "state": {},
  "suppression": 0.3026110469731915,
  "tenaciousness": 0.6338740898608596,
  "thwackability": 0.636046032834033,
  "totalFingers": 11,
  "tournamentTeamId": null,
  "tragicness": 0.03349973305687691,
  "unthwackability": 0.6755103470379262,
  "watchfulness": 0.11060403221309864,
  "weekAttr": []
}