{
  "anticapitalism": 0.9187161327273364,
  "baseThirst": 0.02984871806903766,
  "baserunningRating": 0.536013750498612,
  "blood": 12,
  "buoyancy": 0.5067560787862977,
  "chasiness": 0.8647959727606545,
  "cinnamon": 0.7680738597812229,
  "coffee": 5,
  "coldness": 0.7242012828085178,
  "continuation": 0.6304994026356534,
  "deceased": false,
  "defenseRating": 0.6159809841321209,
  "divinity": 0.7607809265870145,
  "eDensity": 28.850165878829355,
  "evolution": 0,
  "fate": 58,
  "gameAttr": [],
  "groundFriction": 0.34965915607062303,
  "hitStreak": 0,
  "hittingRating": 0.6134347187203367,
  "id": "f3c07eaf-3d6c-4cc3-9e54-cbecc9c08286",
  "indulgence": 0.3784744974619938,
  "itemAttr": [],
  "items": [
    {
      "baserunningRating": 0,
      "defenseRating": 0,
      "durability": 1,
      "forger": null,
      "forgerName": null,
      "health": 1,
      "hittingRating": 0.055399641478434014,
      "id": "91a454e7-ade2-404e-8d0b-af34e231813c",
      "name": "Bat",
      "pitchingRating": 0,
      "postPrefix": null,
      "prePrefix": null,
      "prefixes": null,
      "root": {
        "adjustments": [
          {
            "stat": 2,
            "type": 1,
            "value": 0.14907304192863124
          }
        ],
        "name": "Bat"
      },
      "suffix": null
    }
  ],
  "laserlikeness": 0.9530012799385156,
  "leagueTeamId": "a37f9158-7f82-46bc-908c-c9e2dda7c33b",
  "martyrdom": 0.4183427795313264,
  "moxie": 0.7397966035461829,
  "musclitude": 0.35323919625826616,
  "name": "Campos Arias",
  "omniscience": 0.7713098267436125,
  "overpowerment": 0.8745409818510996,
  "patheticism": 0.6532053051474918,
  "peanutAllergy": false,
  "permAttr": [
    "ALTERNATE"
  ],
  "pitchingRating": 0.6417371007674099,
  "pressurization": 0.6314005055289402,
  "ritual": "Floating",
  "ruthlessness": 0.8239191136038402,
  "seasAttr": [],
  "shakespearianism": 0.5218082770899648,
  "soul": 6,
  "state": {},
  "suppression": 0.5059679636152816,
  "tenaciousness": 0.21509923065678116,
  "thwackability": 0.5319759590118374,
  "totalFingers": 10,
  "tournamentTeamId": null,
  "tragicness": 0.1,
  "unthwackability": 0.57939858001432,
  "watchfulness": 0.3596189834274077,
  "weekAttr": []
}