{
  "anticapitalism": 0.4505414141106907,
  "armor": "",
  "baseThirst": 0.3873649474481248,
  "bat": "",
  "blood": 12,
  "buoyancy": 0.9007192551900142,
  "chasiness": 0.7431201825389631,
  "cinnamon": 0.47298694061060265,
  "coffee": 9,
  "coldness": 0.9105786927155392,
  "continuation": 0.7186678057473431,
  "deceased": false,
  "divinity": 0.8830652488298433,
  "fate": 74,
  "groundFriction": 0.48603286611628105,
  "id": "f3ddfd87-73a2-4681-96fe-829476c97886",
  "indulgence": 0.6568321283189816,
  "laserlikeness": 0.3844384744149788,
  "martyrdom": 0.11294809179756236,
  "moxie": 0.7648669599145393,
  "musclitude": 0.20825106569752416,
  "name": "Theodore Duende",
  "omniscience": 0.490601423385683,
  "overpowerment": 0.05193657518139272,
  "patheticism": 0.41092351299589625,
  "peanutAllergy": true,
  "pressurization": 0.23622345229333197,
  "ritual": "Bagels",
  "ruthlessness": 0.4637988297835083,
  "shakespearianism": 0.24761057952116228,
  "soul": 7,
  "suppression": 0.15805568307063145,
  "tenaciousness": 0.09841586000816348,
  "thwackability": 0.6151845335402063,
  "totalFingers": 10,
  "tragicness": 0.1,
  "unthwackability": 0.45994858567795815,
  "watchfulness": 0.14812973200265112
}