{
  "anticapitalism": 0.46610508919052374,
  "baseThirst": 0.3419973697070256,
  "baserunningRating": 0.4373090107075389,
  "blood": 12,
  "buoyancy": 0.9546028812543764,
  "chasiness": 0.6040984680946913,
  "cinnamon": 0.35474185123361535,
  "coffee": 9,
  "coldness": 0.8960675825497514,
  "continuation": 0.6859777618836481,
  "deceased": false,
  "defenseRating": 0.3163377229597824,
  "divinity": 0.9822532949030124,
  "eDensity": 24.143150172426697,
  "evolution": 0,
  "fate": 74,
  "gameAttr": [],
  "groundFriction": 0.418948528481265,
  "hitStreak": 0,
  "hittingRating": 0.7018639436298403,
  "id": "f3ddfd87-73a2-4681-96fe-829476c97886",
  "indulgence": 0.6489341733382323,
  "itemAttr": [],
  "items": [
    {
      "baserunningRating": 0,
      "defenseRating": 0,
      "durability": 1,
      "forger": null,
      "forgerName": null,
      "health": 0,
      "hittingRating": 0.04896623052501681,
      "id": "319c4b24-b3b8-469a-a28c-71c87784ed88",
      "name": "Bat",
      "pitchingRating": 0,
      "postPrefix": null,
      "prePrefix": null,
      "prefixes": null,
      "root": {
        "adjustments": [
          {
            "stat": 2,
            "type": 1,
            "value": 0.13597542637280197
          }
        ],
        "name": "Bat"
      },
      "suffix": null
    }
  ],
  "laserlikeness": 0.33161794875875206,
  "leagueTeamId": "105bc3ff-1320-4e37-8ef0-8d595cb95dd0",
  "martyrdom": 0.17352508906221348,
  "moxie": 0.7908587291101388,
  "musclitude": 0.21338451804063863,
  "name": "Theodore Duende",
  "omniscience": 0.4572011823554288,
  "overpowerment": 0.09075808342884964,
  "patheticism": 0.38042369830869305,
  "peanutAllergy": true,
  "permAttr": [
    "SPICY",
    "ON_FIRE"
  ],
  "pitchingRating": 0.2792250616209372,
  "pressurization": 0.306223452293332,
  "ritual": "Bagels",
  "ruthlessness": 0.40411334064935023,
  "seasAttr": [],
  "shakespearianism": 0.18794498830763723,
  "soul": 6,
  "state": {},
  "suppression": 0.14311919828177155,
  "tenaciousness": 0.05005799312116018,
  "thwackability": 0.6436544222950773,
  "totalFingers": 10,
  "tournamentTeamId": "49181b72-7f1c-4f1c-929f-928d763ad7fb",
  "tragicness": 0.10677219659789586,
  "unthwackability": 0.46442699756962347,
  "watchfulness": 0.06803880924911324,
  "weekAttr": []
}