{
  "anticapitalism": 0.4505414141106907,
  "armor": "",
  "baseThirst": 0.3873649474481248,
  "baserunningRating": 0.48673242177803266,
  "bat": "",
  "blood": 12,
  "buoyancy": 1.000719255190014,
  "chasiness": 0.7431201825389631,
  "cinnamon": 0.47298694061060265,
  "coffee": 9,
  "coldness": 0.9105786927155392,
  "continuation": 0.7186678057473431,
  "deceased": false,
  "defenseRating": 0.40392653151536934,
  "divinity": 0.9830652488298433,
  "fate": 74,
  "gameAttr": [],
  "groundFriction": 0.48603286611628105,
  "hitStreak": 0,
  "hittingRating": 0.7610452400197145,
  "id": "f3ddfd87-73a2-4681-96fe-829476c97886",
  "indulgence": 0.6568321283189816,
  "laserlikeness": 0.3844384744149788,
  "leagueTeamId": "105bc3ff-1320-4e37-8ef0-8d595cb95dd0",
  "martyrdom": 0.21294809179756236,
  "moxie": 0.8648669599145393,
  "musclitude": 0.30825106569752414,
  "name": "Theodore Duende",
  "omniscience": 0.490601423385683,
  "overpowerment": 0.05193657518139272,
  "patheticism": 0.31092351299589627,
  "peanutAllergy": true,
  "permAttr": [
    "SPICY"
  ],
  "pitchingRating": 0.27769454987217157,
  "pressurization": 0.306223452293332,
  "ritual": "Bagels",
  "ruthlessness": 0.4637988297835083,
  "seasAttr": [],
  "shakespearianism": 0.24761057952116228,
  "soul": 7,
  "suppression": 0.15805568307063145,
  "tenaciousness": 0.09841586000816348,
  "thwackability": 0.7151845335402063,
  "totalFingers": 10,
  "tournamentTeamId": "49181b72-7f1c-4f1c-929f-928d763ad7fb",
  "tragicness": 0.1,
  "unthwackability": 0.45994858567795815,
  "watchfulness": 0.14812973200265112,
  "weekAttr": []
}