{
  "anticapitalism": 0.230756824993631,
  "armor": "",
  "baseThirst": 0.1588715679743994,
  "baserunningRating": 0.2743524029609732,
  "bat": "",
  "blood": 10,
  "buoyancy": 0.1917362479344228,
  "chasiness": 0.8151214424690651,
  "cinnamon": 0.7858198266179658,
  "coffee": 6,
  "coldness": 0.2844278011946163,
  "continuation": 0.7588353615781595,
  "deceased": false,
  "defenseRating": 0.6421292791742375,
  "divinity": 0.7347690005296308,
  "eDensity": 28.01030741623967,
  "evolution": 0,
  "fate": 43,
  "gameAttr": [],
  "groundFriction": 0.5560859119535885,
  "hitStreak": 0,
  "hittingRating": 0.4250316172934063,
  "id": "f4a5d734-0ade-4410-abb6-c0cd5a7a1c26",
  "indulgence": 0.5113734363947915,
  "laserlikeness": 0.1477756154713739,
  "leagueTeamId": "ca3f1c8c-c025-4d8e-8eef-5be6accbeb16",
  "martyrdom": 0.3802433113455691,
  "moxie": 0.7635736350955518,
  "musclitude": 0.2875910575289188,
  "name": "Agan Harrison",
  "omniscience": 0.9828474019710336,
  "overpowerment": 0.2264365883295904,
  "patheticism": 0.18176965635869896,
  "peanutAllergy": true,
  "permAttr": [],
  "pitchingRating": 0.48864458001200384,
  "pressurization": 1.04919917644488,
  "ritual": "Running the bases backwards",
  "ruthlessness": 0.4080724783746813,
  "seasAttr": [],
  "shakespearianism": 0.26169336749261285,
  "soul": 8,
  "state": {},
  "suppression": 0.4706219255635399,
  "tenaciousness": 0.5814119488128913,
  "thwackability": 0.17790269864352437,
  "totalFingers": 13,
  "tournamentTeamId": null,
  "tragicness": 0.03670840755304505,
  "unthwackability": 1.063298500106534,
  "watchfulness": 0.19404737074560915,
  "weekAttr": []
}