{
  "anticapitalism": 0.1411560564856209,
  "armor": "",
  "baseThirst": 0.05936812395462589,
  "baserunningRating": 0.1517244822919119,
  "bat": "",
  "blood": 10,
  "buoyancy": 0.08677811842339477,
  "chasiness": 0.6789731634207377,
  "cinnamon": 0.6643722920577598,
  "coffee": 6,
  "coldness": 0.446663646630624,
  "continuation": 0.6467203536290542,
  "deceased": false,
  "defenseRating": 0.5101065587245843,
  "divinity": 0.6112351975842276,
  "fate": 60,
  "gameAttr": [],
  "groundFriction": 0.44640308597564593,
  "hitStreak": 0,
  "hittingRating": 0.26788323002324665,
  "id": "f4a5d734-0ade-4410-abb6-c0cd5a7a1c26",
  "indulgence": 0.392334035925643,
  "laserlikeness": 0.06260092101702641,
  "martyrdom": 0.25380251056386005,
  "moxie": 0.6208880237109193,
  "musclitude": 0.14887974843709134,
  "name": "Agan Harrison",
  "omniscience": 0.8711903570753035,
  "overpowerment": 0.47907001999386734,
  "patheticism": 0.2936437403349904,
  "peanutAllergy": true,
  "permAttr": [],
  "pitchingRating": 0.2599007124031278,
  "pressurization": 1.04919917644488,
  "ritual": "Running the bases backwards",
  "ruthlessness": 0.234880910806905,
  "seasAttr": [],
  "shakespearianism": 0.14522650465722714,
  "soul": 8,
  "suppression": 0.8740056378796586,
  "tenaciousness": 0.49123889378049174,
  "thwackability": 0.07199075914428385,
  "totalFingers": 12,
  "tragicness": 0.05681635028533761,
  "unthwackability": 0.4110634440058645,
  "watchfulness": 0.06795874351380174,
  "weekAttr": []
}