{
  "anticapitalism": 0.06274602222838427,
  "armor": "",
  "baseThirst": 0.01,
  "bat": "",
  "blood": 10,
  "buoyancy": 0.01,
  "chasiness": 0.6239318983894686,
  "cinnamon": 0.6005723267397284,
  "coffee": 6,
  "coldness": 0.3963174890673872,
  "continuation": 0.8014058853533317,
  "deceased": false,
  "divinity": 0.5401454700620256,
  "fate": 60,
  "gameAttr": [],
  "groundFriction": 0.5782233981360401,
  "hitStreak": 0,
  "id": "f4a5d734-0ade-4410-abb6-c0cd5a7a1c26",
  "indulgence": 0.5306207499452822,
  "laserlikeness": 0.01,
  "martyrdom": 0.20064279803593804,
  "moxie": 0.5748561898000764,
  "musclitude": 0.09475795027175292,
  "name": "Agan Harrison",
  "omniscience": 0.8091357374213346,
  "overpowerment": 0.4380721560929351,
  "patheticism": 0.36129965260769903,
  "peanutAllergy": true,
  "permAttr": [],
  "pressurization": 1.04919917644488,
  "ritual": "Running the bases backwards",
  "ruthlessness": 0.1647968180993463,
  "seasAttr": [],
  "shakespearianism": 0.07183404073189587,
  "soul": 8,
  "suppression": 0.8045467429733466,
  "tenaciousness": 0.4307572075783654,
  "thwackability": 0.01,
  "totalFingers": 12,
  "tragicness": 0.30000000000000004,
  "unthwackability": 0.3513631548017075,
  "watchfulness": 0.01,
  "weekAttr": []
}