{
  "anticapitalism": 0.13587626546157597,
  "baseThirst": 0.4278053352137588,
  "baserunningRating": 0.4095224216556583,
  "blood": 8,
  "buoyancy": 0.80641515858237,
  "chasiness": 0.2284754448958866,
  "cinnamon": 0.7584965493841445,
  "coffee": 13,
  "coldness": 0.9573983454808936,
  "continuation": 0.7265499475672657,
  "deceased": false,
  "defenseRating": 0.4216714260667574,
  "divinity": 0.907654151000728,
  "eDensity": 18.62110831918312,
  "evolution": 0,
  "fate": 55,
  "gameAttr": [],
  "groundFriction": 0.08890469603419723,
  "hitStreak": 0,
  "hittingRating": 0.7234454307298854,
  "id": "f4ca437c-c31c-4508-afe7-6dae4330d717",
  "indulgence": 1.020532941474016,
  "itemAttr": [],
  "items": [
    {
      "baserunningRating": 0,
      "defenseRating": 0,
      "durability": 1,
      "forger": null,
      "forgerName": null,
      "health": 0,
      "hittingRating": 0.04001258744507985,
      "id": "a67779b0-cb0e-4b04-aa93-43aa84520dde",
      "name": "Bat",
      "pitchingRating": 0,
      "postPrefix": null,
      "prePrefix": null,
      "prefixes": null,
      "root": {
        "adjustments": [
          {
            "stat": 2,
            "type": 1,
            "value": 0.1336288777431896
          }
        ],
        "name": "Bat"
      },
      "suffix": null
    }
  ],
  "laserlikeness": 0.3423755075779293,
  "leagueTeamId": "57ec08cc-0411-4643-b304-0e80dbc15ac7",
  "martyrdom": 0.24089199372221928,
  "moxie": 0.41042615902486473,
  "musclitude": 0.5171984355022389,
  "name": "Fran Beans",
  "omniscience": 0.5412623590391445,
  "overpowerment": 0.40567477097441856,
  "patheticism": 0.7438717694241939,
  "peanutAllergy": false,
  "permAttr": [
    "SWIM_BLADDER"
  ],
  "pitchingRating": 0.5340904814310021,
  "pressurization": 0.6032882887201341,
  "ritual": "Charging",
  "ruthlessness": 0.9272384531136778,
  "seasAttr": [],
  "shakespearianism": 0.4283416723809337,
  "soul": 2,
  "state": {},
  "suppression": 0.4511584989800562,
  "tenaciousness": 0.1615944222274106,
  "thwackability": 0.8036973106898697,
  "totalFingers": 10,
  "tournamentTeamId": null,
  "tragicness": 0.05048443626624911,
  "unthwackability": 0.4716397819738067,
  "watchfulness": 0.7483249221223702,
  "weekAttr": []
}