{
  "anticapitalism": 0.1843988740681851,
  "armor": "",
  "baseThirst": 1.0613795461319515,
  "baserunningRating": 0.5186134377519926,
  "bat": "",
  "blood": 5,
  "buoyancy": 0.8329964849238909,
  "chasiness": 0.7109799652758239,
  "cinnamon": 0.7796940939020693,
  "coffee": 11,
  "coldness": 0.13,
  "continuation": 0.15533579150341958,
  "deceased": false,
  "defenseRating": 0.48246606650924473,
  "divinity": 0.7125783689809182,
  "fate": 77,
  "gameAttr": [],
  "groundFriction": 0.6080306588109637,
  "hitStreak": 0,
  "hittingRating": 0.6099438551053786,
  "id": "f56657d3-3bdc-4840-a20c-91aca9cc360e",
  "indulgence": 0.26455274534161066,
  "laserlikeness": 0.555867817851368,
  "leagueTeamId": "9debc64f-74b7-4ae1-a4d6-fce0144b6ea5",
  "martyrdom": 0.4323243037210056,
  "moxie": 0.5971764433248745,
  "musclitude": 0.1993827702231126,
  "name": "Malik Romayne",
  "omniscience": 0.2860113751939607,
  "overpowerment": 0.7990407592634646,
  "patheticism": 0.850101181662132,
  "peanutAllergy": false,
  "permAttr": [],
  "pitchingRating": 0.32332608564021986,
  "pressurization": 0.12528761185343162,
  "ritual": "Hyperventilating",
  "ruthlessness": 0.14871742833395066,
  "seasAttr": [],
  "shakespearianism": 0.47314219598739427,
  "soul": 8,
  "suppression": 0.9832587044189072,
  "tenaciousness": 0.5047625565491213,
  "thwackability": 0.7440739623585293,
  "totalFingers": 13,
  "tournamentTeamId": null,
  "tragicness": 0.1,
  "unthwackability": 0.6605805946368636,
  "watchfulness": 0.25009858266660256,
  "weekAttr": []
}