{
  "_id": "f6b38e56-0d98-4e00-a96e-345aaac1e653",
  "anticapitalism": 0.34525488204263155,
  "baseThirst": 0.5630990280328774,
  "bat": "",
  "buoyancy": 0.30503650808189176,
  "chasiness": 0.6567775245736585,
  "cinnamon": 0.27548334663484453,
  "coldness": 0.34161723239103203,
  "continuation": 0.12468491359821664,
  "deceased": false,
  "divinity": 0.2264452412244793,
  "fate": 88,
  "groundFriction": 0.1464285044185034,
  "indulgence": 0.39402274707708007,
  "laserlikeness": 0.904507663908832,
  "martyrdom": 0.14796809797727106,
  "moxie": 0.17383756358299207,
  "musclitude": 0.14023831049857605,
  "name": "Leticia Snyder",
  "omniscience": 0.766183516447247,
  "overpowerment": 0.0767333362474043,
  "patheticism": 0.8626416655185973,
  "peanutAllergy": true,
  "pressurization": 0.1992933467346796,
  "ruthlessness": 0.9821798501669774,
  "shakespearianism": 0.14600602964102927,
  "soul": 3,
  "suppression": 0.99638146341428,
  "tenaciousness": 0.28057747731380034,
  "thwackability": 0.28824721745634263,
  "totalFingers": 10,
  "tragicness": 0.1,
  "unthwackability": 0.6407700173941768,
  "watchfulness": 0.7583784171477088
}