{
  "anticapitalism": 1.0242925141811687,
  "armor": "HEADPHONES",
  "baseThirst": 0.5539441608478386,
  "baserunningRating": 1.1137571675745386,
  "bat": "",
  "blood": 6,
  "buoyancy": 0.7813970840962712,
  "chasiness": 0.8010733395942646,
  "cinnamon": 0.036104138815791,
  "coffee": 4,
  "coldness": 0.3835629231559843,
  "continuation": 1.3094589208135483,
  "deceased": false,
  "defenseRating": 0.9634426992640656,
  "divinity": 0.5318460642855067,
  "eDensity": 0,
  "evolution": 0,
  "fate": 70,
  "gameAttr": [],
  "groundFriction": 1.1422433609605172,
  "hitStreak": 0,
  "hittingRating": 0.6027262105675713,
  "id": "f70dd57b-55c4-4a62-a5ea-7cc4bf9d8ac1",
  "indulgence": 0.8981975918275519,
  "laserlikeness": 1.315961987768727,
  "leagueTeamId": "bfd38797-8404-4b38-8b82-341da28b1f83",
  "martyrdom": 0.33651682102552055,
  "moxie": 0.7243882276696014,
  "musclitude": 0.8143542552132814,
  "name": "Tillman Henderson",
  "omniscience": 1.1096503207690194,
  "overpowerment": 0.49031059162953894,
  "patheticism": 0.07435716163076739,
  "peanutAllergy": true,
  "permAttr": [
    "RETURNED"
  ],
  "pitchingRating": 0.3318167067016674,
  "pressurization": 0.042087823682364744,
  "ritual": "Inventing secret handshakes",
  "ruthlessness": 0.33359875051338306,
  "seasAttr": [],
  "shakespearianism": 0.6470634917007252,
  "soul": 3,
  "state": {},
  "suppression": 0.14054515779582788,
  "tenaciousness": 1.0829408425273193,
  "thwackability": 0.534850724807937,
  "totalFingers": 12,
  "tournamentTeamId": "4d921519-410b-41e2-882e-9726a4e54a6a",
  "tragicness": 0.1,
  "unthwackability": 0.37557300768473345,
  "watchfulness": 0.5815417131431764,
  "weekAttr": []
}