{
  "anticapitalism": 1.2770985994774149,
  "baseThirst": 0.9048056885119862,
  "baserunningRating": 1.3662758931028411,
  "blood": 6,
  "buoyancy": 1.0425245309584614,
  "chasiness": 1.009804458661889,
  "cinnamon": 0.32455646288571416,
  "coffee": 4,
  "coldness": 0.6885706314828881,
  "continuation": 1.5581151800615125,
  "deceased": true,
  "defenseRating": 1.1514685047542943,
  "divinity": 0.8156383490547339,
  "eDensity": 34.31803849775403,
  "evolution": 0,
  "fate": 70,
  "gameAttr": [],
  "groundFriction": 1.4234629560577936,
  "hitStreak": 0,
  "hittingRating": 0.8516387816268596,
  "id": "f70dd57b-55c4-4a62-a5ea-7cc4bf9d8ac1",
  "indulgence": 1.1461460836632968,
  "itemAttr": [],
  "items": [],
  "laserlikeness": 1.580260214187808,
  "leagueTeamId": "bfd38797-8404-4b38-8b82-341da28b1f83",
  "martyrdom": 0.5498778603938608,
  "moxie": 1.0156067473052075,
  "musclitude": 1.1031178011639895,
  "name": "Tillman Henderson",
  "omniscience": 1.4378656416873166,
  "overpowerment": 0.7378048090971344,
  "patheticism": 0.001,
  "peanutAllergy": true,
  "permAttr": [],
  "pitchingRating": 0.6760508916237239,
  "pressurization": 0.042087823682364744,
  "ritual": "Inventing secret handshakes",
  "ruthlessness": 0.6954952217797874,
  "seasAttr": [],
  "shakespearianism": 0.8979987482535455,
  "soul": 3,
  "state": {},
  "suppression": 0.3527803436132112,
  "tenaciousness": 1.3876037016241165,
  "thwackability": 0.7826617727490992,
  "totalFingers": 12,
  "tournamentTeamId": "4d921519-410b-41e2-882e-9726a4e54a6a",
  "tragicness": 0.001,
  "unthwackability": 0.6969288513869982,
  "watchfulness": 0.7981626680207357,
  "weekAttr": []
}