{
  "anticapitalism": 0.36379096993413734,
  "baseThirst": 0.12913289123883093,
  "baserunningRating": 0.12672994857372732,
  "blood": 12,
  "buoyancy": 0.08974125079922252,
  "chasiness": 0.8654805847220837,
  "cinnamon": 0.7402735176984137,
  "coffee": 5,
  "coldness": 0.39561593449511506,
  "continuation": 0.5586118501518078,
  "deceased": true,
  "defenseRating": 0.5739753713494689,
  "divinity": 0.6317428834934709,
  "eDensity": 0,
  "evolution": 0,
  "fate": 89,
  "gameAttr": [],
  "groundFriction": 0.37602822458878976,
  "hitStreak": 0,
  "hittingRating": 0.18113511130892324,
  "id": "f73009c5-2ede-4dc4-b96d-84ba93c8a429",
  "indulgence": 0.27636701571525396,
  "itemAttr": [],
  "items": [],
  "laserlikeness": 0.04273540093703215,
  "leagueTeamId": null,
  "martyrdom": 0.09519771800025696,
  "moxie": 0.7085409335875912,
  "musclitude": 0.1731743562739047,
  "name": "Thomas Kirby",
  "omniscience": 0.7637657013084105,
  "overpowerment": 0.01,
  "patheticism": 0.99,
  "peanutAllergy": true,
  "permAttr": [
    "INHABITING"
  ],
  "pitchingRating": 0.15009823362010502,
  "pressurization": 0.6270941789766122,
  "ritual": "Getting taped up",
  "ruthlessness": 0.1209371388810116,
  "seasAttr": [],
  "shakespearianism": 0.29397810973328026,
  "soul": 7,
  "state": {},
  "suppression": 0.5651998034733452,
  "tenaciousness": 0.2233711793246072,
  "thwackability": 0.041696516689141816,
  "totalFingers": 11,
  "tournamentTeamId": null,
  "tragicness": 0.1,
  "unthwackability": 0.6503942955909816,
  "watchfulness": 0.4234954563974616,
  "weekAttr": []
}