{
  "anticapitalism": 1,
  "armor": "",
  "baseThirst": 0.14824089821750075,
  "bat": "",
  "blood": 5,
  "buoyancy": 0.7806291220037413,
  "chasiness": 0.08681884839811294,
  "cinnamon": 0.9250650143170324,
  "coffee": 13,
  "coldness": 0.4370951564272938,
  "continuation": 0.76520982833606,
  "deceased": false,
  "divinity": 0.14013591501256983,
  "fate": 91,
  "gameAttr": [],
  "groundFriction": 0.464253626625595,
  "id": "f741dc01-2bae-4459-bfc0-f97536193eea",
  "indulgence": 0.6930577775092346,
  "laserlikeness": 0.9867878103287056,
  "martyrdom": 0.882838674139697,
  "moxie": 0.49145202930662424,
  "musclitude": 0.3738943346099528,
  "name": "Alejandro Leaf",
  "omniscience": 0.6585614967098135,
  "overpowerment": 0.951964836357272,
  "patheticism": 0.1671014235752042,
  "peanutAllergy": false,
  "permAttr": [],
  "pressurization": 0.9826198699348788,
  "ritual": "Knitting",
  "ruthlessness": 0.3995324345615896,
  "seasAttr": [],
  "shakespearianism": 0.11671563110762562,
  "soul": 2,
  "suppression": 0.7859466702048219,
  "tenaciousness": 0.3154760143148958,
  "thwackability": 0.12470457634862432,
  "totalFingers": 10,
  "tragicness": 0.1,
  "unthwackability": 0.29630728020946995,
  "watchfulness": 0.32879098341740676,
  "weekAttr": []
}