{
  "anticapitalism": 1,
  "armor": "",
  "baseThirst": 0.14824089821750075,
  "bat": "",
  "blood": 5,
  "buoyancy": 0.8306291220037413,
  "chasiness": 0.08681884839811294,
  "cinnamon": 0.9250650143170324,
  "coffee": 13,
  "coldness": 0.48709515642729384,
  "continuation": 0.76520982833606,
  "deceased": false,
  "divinity": 0.19013591501256985,
  "fate": 91,
  "gameAttr": [],
  "groundFriction": 0.464253626625595,
  "id": "f741dc01-2bae-4459-bfc0-f97536193eea",
  "indulgence": 0.6930577775092346,
  "laserlikeness": 0.9867878103287056,
  "martyrdom": 0.9328386741396968,
  "moxie": 0.5414520293066242,
  "musclitude": 0.4238943346099528,
  "name": "Alejandro Leaf",
  "omniscience": 0.6585614967098135,
  "overpowerment": 1.001964836357272,
  "patheticism": 0.1171014235752042,
  "peanutAllergy": false,
  "permAttr": [],
  "pressurization": 0.9826198699348788,
  "ritual": "Knitting",
  "ruthlessness": 0.4495324345615896,
  "seasAttr": [],
  "shakespearianism": 0.1667156311076256,
  "soul": 2,
  "suppression": 0.8359466702048218,
  "tenaciousness": 0.3154760143148958,
  "thwackability": 0.1747045763486243,
  "totalFingers": 12,
  "tragicness": 0.1,
  "unthwackability": 0.34630728020947,
  "watchfulness": 0.32879098341740676,
  "weekAttr": []
}