{
  "_id": "f7847de2-df43-4236-8dbe-ae403f5f3ab3",
  "anticapitalism": 0.2927119457885241,
  "baseThirst": 0.17251321162966016,
  "bat": "",
  "buoyancy": 0.7716161459136837,
  "chasiness": 0.7505949465771049,
  "cinnamon": 0.13827145816994868,
  "coldness": 0.6056869729458767,
  "continuation": 0.5710791615307864,
  "deceased": false,
  "divinity": 0.8942599020499207,
  "fate": 50,
  "groundFriction": 0.9317970904564412,
  "indulgence": 0.7314116691805632,
  "laserlikeness": 0.27200313471435544,
  "martyrdom": 0.23402131484035804,
  "moxie": 0.5031375941462606,
  "musclitude": 0.776394919904227,
  "name": "Blood Hamburger",
  "omniscience": 0.6272313345796117,
  "overpowerment": 0.9466315315209748,
  "patheticism": 0.36195141008499165,
  "peanutAllergy": true,
  "pressurization": 0.9224335434501654,
  "ruthlessness": 0.594751470303279,
  "shakespearianism": 0.6776064615836408,
  "soul": 4,
  "suppression": 0.6991581269888989,
  "tenaciousness": 0.7618825416306958,
  "thwackability": 0.6272790968752477,
  "totalFingers": 10,
  "tragicness": 0.41639386597228234,
  "unthwackability": 0.7491372378078844,
  "watchfulness": 0.2998410683846071
}