{
  "anticapitalism": 0.3127119457885241,
  "armor": "",
  "baseThirst": 0.19251321162966015,
  "bat": "",
  "blood": 11,
  "buoyancy": 0.7916161459136837,
  "chasiness": 0.7705949465771049,
  "cinnamon": 0.06827145816994867,
  "coffee": 13,
  "coldness": 0.6256869729458767,
  "continuation": 0.5910791615307864,
  "deceased": false,
  "divinity": 0.9142599020499208,
  "fate": 50,
  "gameAttr": [],
  "groundFriction": 0.9517970904564412,
  "id": "f7847de2-df43-4236-8dbe-ae403f5f3ab3",
  "indulgence": 0.7514116691805632,
  "laserlikeness": 0.29200313471435546,
  "martyrdom": 0.25402131484035806,
  "moxie": 0.5231375941462606,
  "musclitude": 0.7963949199042271,
  "name": "Blood Hamburger",
  "omniscience": 0.6472313345796117,
  "overpowerment": 0.9666315315209748,
  "patheticism": 0.34195141008499164,
  "peanutAllergy": true,
  "permAttr": [],
  "pressurization": 0.9224335434501654,
  "ritual": "Eating grass",
  "ruthlessness": 0.614751470303279,
  "seasAttr": [],
  "shakespearianism": 0.6976064615836408,
  "soul": 4,
  "suppression": 0.7191581269888989,
  "tenaciousness": 0.7818825416306958,
  "thwackability": 0.6472790968752478,
  "totalFingers": 11,
  "tragicness": 0.08,
  "unthwackability": 0.7691372378078845,
  "watchfulness": 0.31984106838460713,
  "weekAttr": []
}