{
  "anticapitalism": 0.2811078769516771,
  "baseThirst": 0.3915228720348669,
  "baserunningRating": 0.6104312744301345,
  "blood": 11,
  "buoyancy": 1.0269987948598531,
  "chasiness": 0.8078530189578786,
  "cinnamon": 0.25178317982860193,
  "coffee": 13,
  "coldness": 0.8325477380091434,
  "continuation": 0.798791034852443,
  "deceased": false,
  "defenseRating": 0.6808365353032156,
  "divinity": 1.1411064324080926,
  "eDensity": 30.21940557915146,
  "evolution": 0,
  "fate": 50,
  "gameAttr": [],
  "groundFriction": 1.150148760906093,
  "hitStreak": 0,
  "hittingRating": 0.949733946408794,
  "id": "f7847de2-df43-4236-8dbe-ae403f5f3ab3",
  "indulgence": 0.9854986069195856,
  "items": [],
  "laserlikeness": 0.458514930096218,
  "leagueTeamId": "bfd38797-8404-4b38-8b82-341da28b1f83",
  "martyrdom": 0.44263611754900034,
  "moxie": 0.7336822033538852,
  "musclitude": 1.016093097684383,
  "name": "Blood Hamburger",
  "omniscience": 0.683145715887461,
  "overpowerment": 1.1511856572854078,
  "patheticism": 0.08932495483239938,
  "peanutAllergy": true,
  "permAttr": [
    "FLINCH"
  ],
  "pitchingRating": 0.9331990408794928,
  "pressurization": 0.9224335434501654,
  "ritual": "Eating grass",
  "ruthlessness": 0.8151037032439786,
  "seasAttr": [],
  "shakespearianism": 0.902529421808979,
  "soul": 4,
  "state": {},
  "suppression": 0.9136003609530028,
  "tenaciousness": 0.7573529623889758,
  "thwackability": 0.8551788470164139,
  "totalFingers": 11,
  "tournamentTeamId": null,
  "tragicness": 0.001,
  "unthwackability": 1.0127958952821163,
  "watchfulness": 0.35204631841423,
  "weekAttr": []
}