{
  "anticapitalism": 0.45195939692033793,
  "baseThirst": 0.8795841176081061,
  "baserunningRating": 0.6069318709287366,
  "blood": 2,
  "buoyancy": 0.7357529751121527,
  "chasiness": 0.6223306599442532,
  "cinnamon": 0.5467913900703977,
  "coffee": 7,
  "coldness": 0.8965206177489358,
  "continuation": 0.9396306995989016,
  "deceased": false,
  "defenseRating": 0.69472236049215,
  "divinity": 0.3347264942099434,
  "eDensity": 35.44796560316168,
  "evolution": 0,
  "fate": 24,
  "gameAttr": [],
  "groundFriction": 0.1953547187966761,
  "hitStreak": 0,
  "hittingRating": 0.5825113167781532,
  "id": "f883269f-117e-45ec-bb1e-fa8dbcf40d3e",
  "indulgence": 0.32966402995500016,
  "itemAttr": [],
  "items": [
    {
      "baserunningRating": 0,
      "defenseRating": 0,
      "durability": 1,
      "forger": null,
      "forgerName": null,
      "health": 1,
      "hittingRating": 0.02393105847375354,
      "id": "3e78a7e6-5a45-4757-a452-109d7b0c4473",
      "name": "Bat",
      "pitchingRating": 0,
      "postPrefix": null,
      "prePrefix": null,
      "prefixes": null,
      "root": {
        "adjustments": [
          {
            "stat": 2,
            "type": 1,
            "value": 0.10737161221437524
          }
        ],
        "name": "Bat"
      },
      "suffix": null
    }
  ],
  "laserlikeness": 0.6622986624382285,
  "leagueTeamId": "f02aeae2-5e6a-4098-9842-02d2273f25c7",
  "martyrdom": 0.761221669901691,
  "moxie": 1.0194808795601724,
  "musclitude": 0.2768432217162403,
  "name": "Jayden Wright",
  "omniscience": 0.5480883295793537,
  "overpowerment": 0.827889572433885,
  "patheticism": 0.10535522577424836,
  "peanutAllergy": true,
  "permAttr": [],
  "pitchingRating": 0.8505585343123978,
  "pressurization": 0.2518473406615116,
  "ritual": "Getting taped up",
  "ruthlessness": 0.9046496284455718,
  "seasAttr": [],
  "shakespearianism": 1.0632813830471262,
  "soul": 9,
  "state": {},
  "suppression": 0.4034168142884844,
  "tenaciousness": 0.6520425251463307,
  "thwackability": 0.8646359239896844,
  "totalFingers": 11,
  "tournamentTeamId": null,
  "tragicness": 0.05322634409131717,
  "unthwackability": 0.8239003852828876,
  "watchfulness": 0.7290196008307044,
  "weekAttr": []
}