{
  "anticapitalism": 0.5755989403331917,
  "baseThirst": 0.9982798662026456,
  "baserunningRating": 0.7291282408574944,
  "blood": 2,
  "buoyancy": 0.8667550166988428,
  "chasiness": 0.7680114897226709,
  "cinnamon": 0.6605596501669299,
  "coffee": 7,
  "coldness": 0.989975145821938,
  "continuation": 1.087328279792565,
  "deceased": false,
  "defenseRating": 0.7977950834052375,
  "divinity": 0.46574744960665415,
  "eDensity": 40.66691088160279,
  "evolution": 0,
  "fate": 24,
  "gameAttr": [],
  "groundFriction": 0.30161028753248664,
  "hitStreak": 0,
  "hittingRating": 0.7134840575780952,
  "id": "f883269f-117e-45ec-bb1e-fa8dbcf40d3e",
  "indulgence": 0.46674724608859885,
  "itemAttr": [],
  "items": [
    {
      "baserunningRating": 0,
      "defenseRating": 0,
      "durability": 2,
      "forger": null,
      "forgerName": null,
      "health": 2,
      "hittingRating": 0.053779186067515194,
      "id": "f52e127d-e0ec-447c-aaa6-84448fa19e7c",
      "name": "Cap of the Feast",
      "pitchingRating": 0.0471341640913443,
      "postPrefix": null,
      "prePrefix": null,
      "prefixes": null,
      "root": {
        "adjustments": [
          {
            "stat": 16,
            "type": 1,
            "value": 0.19539029077793937
          }
        ],
        "name": "Cap"
      },
      "suffix": {
        "adjustments": [
          {
            "stat": 16,
            "type": 1,
            "value": -0.10432861977221083
          },
          {
            "stat": 2,
            "type": 1,
            "value": 0.22222592596630847
          }
        ],
        "name": "the Feast"
      }
    }
  ],
  "laserlikeness": 0.7740689686019171,
  "leagueTeamId": "f02aeae2-5e6a-4098-9842-02d2273f25c7",
  "martyrdom": 0.8959502117820191,
  "moxie": 1.1152967788919297,
  "musclitude": 0.4322849040532214,
  "name": "Jayden Wright",
  "omniscience": 0.6707670901736196,
  "overpowerment": 0.9596040089237556,
  "patheticism": 0.001,
  "peanutAllergy": true,
  "permAttr": [],
  "pitchingRating": 0.9977227441024276,
  "pressurization": 0.2518473406615116,
  "ritual": "Getting taped up",
  "ruthlessness": 1.0403740260877667,
  "seasAttr": [],
  "shakespearianism": 1.2025241815404026,
  "soul": 9,
  "state": {},
  "suppression": 0.4895498919822349,
  "tenaciousness": 0.7886190874523725,
  "thwackability": 0.9630364764264112,
  "totalFingers": 11,
  "tournamentTeamId": null,
  "tragicness": 0.001,
  "unthwackability": 0.9415438474902236,
  "watchfulness": 0.8443991555435422,
  "weekAttr": []
}