{
  "anticapitalism": 0.3432503330407121,
  "baseThirst": 0.6289735357887258,
  "baserunningRating": 0.6213859318416732,
  "blood": 2,
  "buoyancy": 0.9767738049209124,
  "chasiness": 0.48952123804807773,
  "cinnamon": 0.20284168519341272,
  "coffee": 2,
  "coldness": 0.8733139045208425,
  "continuation": 0.5006161531465905,
  "deceased": true,
  "defenseRating": 0.3599223965467087,
  "divinity": 0.7758587468119826,
  "eDensity": 0,
  "evolution": 0,
  "fate": 41,
  "gameAttr": [],
  "groundFriction": 0.85796669564056,
  "hitStreak": 0,
  "hittingRating": 0.39996141608343183,
  "id": "f8c20693-f439-4a29-a421-05ed92749f10",
  "indulgence": 0.305806039497954,
  "itemAttr": [],
  "items": [],
  "laserlikeness": 0.635787652515627,
  "leagueTeamId": null,
  "martyrdom": 0.23760531759757111,
  "moxie": 0.8597590490545353,
  "musclitude": 0.5251382029641645,
  "name": "Combs Duende",
  "omniscience": 0.1034948557836634,
  "overpowerment": 0.6121866564307368,
  "patheticism": 0.4999669586087428,
  "peanutAllergy": true,
  "permAttr": [],
  "pitchingRating": 0.6475093761539894,
  "pressurization": 0.4771792140645241,
  "ritual": "Batting practice",
  "ruthlessness": 0.8595478083638091,
  "seasAttr": [],
  "shakespearianism": 0.5191940773311949,
  "soul": 7,
  "state": {},
  "suppression": 0.49626109249973616,
  "tenaciousness": 0.20316903965661143,
  "thwackability": 0.13399931738405585,
  "totalFingers": 10,
  "tournamentTeamId": null,
  "tragicness": 0.1,
  "unthwackability": 0.6293416447004316,
  "watchfulness": 0.49108156410659304,
  "weekAttr": []
}