{
  "anticapitalism": 0.8185254198199263,
  "armor": "",
  "baseThirst": 0.2191151963612623,
  "baserunningRating": 0.5698780465644014,
  "bat": "",
  "blood": 1,
  "buoyancy": 0.3311310159802645,
  "chasiness": 0.3055747512024276,
  "cinnamon": 0.6786450078002078,
  "coffee": 4,
  "coldness": 0.13798695537505343,
  "continuation": 0.060811057345740105,
  "deceased": false,
  "defenseRating": 0.4295241119581995,
  "divinity": 0.13781284790391068,
  "eDensity": 0,
  "evolution": 0,
  "fate": 78,
  "gameAttr": [],
  "groundFriction": 0.761991162207295,
  "hitStreak": 0,
  "hittingRating": 0.07654247378567189,
  "id": "f90c398b-eef0-40cb-8b07-302a759e8bd1",
  "indulgence": 0.9185379928196822,
  "laserlikeness": 0.827224582008323,
  "leagueTeamId": "c73b705c-40ad-4633-a6ed-d357ee2e2bcf",
  "martyrdom": 0.7307413069751238,
  "moxie": 0.8291400902248989,
  "musclitude": 0.05872881042449718,
  "name": "Nucleus Street",
  "omniscience": 0.13463888900617935,
  "overpowerment": 0.9200570594324986,
  "patheticism": 0.06988695155337332,
  "peanutAllergy": true,
  "permAttr": [],
  "pitchingRating": 0.250438637253239,
  "pressurization": 0.07247335335175742,
  "ritual": "Channeling chi",
  "ruthlessness": 0.08388541528648186,
  "seasAttr": [],
  "shakespearianism": 0.11766846918386076,
  "soul": 2,
  "state": {},
  "suppression": 0.5766153940817265,
  "tenaciousness": 0.3818594621546021,
  "thwackability": 0.009261939413164775,
  "totalFingers": 10,
  "tournamentTeamId": null,
  "tragicness": 0.1,
  "unthwackability": 0.7910157772763584,
  "watchfulness": 0.3232791505078505,
  "weekAttr": []
}