{
  "_id": "f968532a-bf06-478e-89e0-3856b7f4b124",
  "anticapitalism": 0.9585987263887124,
  "baseThirst": 0.2915832422236475,
  "bat": "",
  "buoyancy": 0.6764582912613186,
  "chasiness": 0.7360841550625321,
  "cinnamon": 0.8625829906713769,
  "coldness": 0.5344383313749901,
  "continuation": 0.824416821875112,
  "deceased": false,
  "divinity": 0.046260458990770914,
  "fate": 25,
  "groundFriction": 0.4047985177989488,
  "indulgence": 0.8507359537281156,
  "laserlikeness": 0.22144876384439072,
  "martyrdom": 0.5196309759114934,
  "moxie": 0.9928392160685507,
  "musclitude": 0.6292772688414494,
  "name": "Daniel Benedicte",
  "omniscience": 0.4440365991403701,
  "overpowerment": 0.632597536791496,
  "patheticism": 0.3876615511007184,
  "peanutAllergy": true,
  "pressurization": 0.40502717286520173,
  "ruthlessness": 0.15468896120862352,
  "shakespearianism": 0.5360708791507893,
  "soul": 8,
  "suppression": 0.7911616827663002,
  "tenaciousness": 0.1370513984587951,
  "thwackability": 0.18271122959407315,
  "totalFingers": 10,
  "tragicness": 0.1,
  "unthwackability": 0.9185705969961342,
  "watchfulness": 0.1547034332236359
}