{
  "anticapitalism": 0.7236853500656979,
  "baseThirst": 0.8642011041054469,
  "baserunningRating": 0.5785512268102073,
  "blood": 1,
  "buoyancy": 1.0469497328443318,
  "chasiness": 0.5092842297197893,
  "cinnamon": 0.7106999503170061,
  "coffee": 9,
  "coldness": 0.4182676526751878,
  "continuation": 0.16152133602989746,
  "deceased": false,
  "defenseRating": 0.6680870230809347,
  "divinity": 0.3107122806697588,
  "eDensity": 26.01338572845731,
  "evolution": 1,
  "fate": 15,
  "gameAttr": [],
  "groundFriction": 0.5309581963048553,
  "hitStreak": 0,
  "hittingRating": 0.47121296604583296,
  "id": "f9930cb1-7ed2-4b9a-bf4f-7e35f2586d71",
  "indulgence": 1.0851558419963148,
  "itemAttr": [],
  "items": [
    {
      "baserunningRating": 0,
      "defenseRating": 0,
      "durability": 1,
      "forger": null,
      "forgerName": null,
      "health": 1,
      "hittingRating": 0.04220778186682561,
      "id": "1086e742-a6f9-4a0a-b8d6-66f87e86be4f",
      "name": "Bat",
      "pitchingRating": 0,
      "postPrefix": null,
      "prePrefix": null,
      "prefixes": null,
      "root": {
        "adjustments": [
          {
            "stat": 2,
            "type": 1,
            "value": 0.14043322287463303
          }
        ],
        "name": "Bat"
      },
      "suffix": null
    }
  ],
  "laserlikeness": 0.5541204857286737,
  "leagueTeamId": "8d87c468-699a-47a8-b40d-cfb73a5660ad",
  "martyrdom": 0.7879010376887549,
  "moxie": 0.886144816751181,
  "musclitude": 1.0550379714751732,
  "name": "Finn James",
  "omniscience": 0.3055728602791756,
  "overpowerment": 1.1006116366464234,
  "patheticism": 0.8483429448583183,
  "peanutAllergy": false,
  "permAttr": [
    "WILD"
  ],
  "pitchingRating": 0.8554896024140691,
  "pressurization": 0.6821710922051616,
  "ritual": "Having an epiphany",
  "ruthlessness": 0.7837187511481771,
  "seasAttr": [],
  "shakespearianism": 0.3013937780820505,
  "soul": 4,
  "state": {},
  "suppression": 1.086574273792165,
  "tenaciousness": 0.974815565608788,
  "thwackability": 0.5056083037992062,
  "totalFingers": 12,
  "tournamentTeamId": null,
  "tragicness": 0.05020637320075134,
  "unthwackability": 1.1473911090178246,
  "watchfulness": 0.5416838436636326,
  "weekAttr": []
}