{
  "anticapitalism": 0.6614116673319105,
  "armor": "",
  "baseThirst": 0.788321396784033,
  "baserunningRating": 0.501435367294291,
  "bat": "",
  "blood": 1,
  "buoyancy": 0.9819959984670764,
  "chasiness": 0.4543245746395369,
  "cinnamon": 0.6703936125410201,
  "coffee": 9,
  "coldness": 0.34005098927492927,
  "continuation": 0.09685773349713483,
  "deceased": false,
  "defenseRating": 0.6003958229896875,
  "divinity": 0.26371028074079567,
  "eDensity": 21.86527637722064,
  "evolution": 1,
  "fate": 15,
  "gameAttr": [],
  "groundFriction": 0.48945036482772847,
  "hitStreak": 0,
  "hittingRating": 0.4014837389262917,
  "id": "f9930cb1-7ed2-4b9a-bf4f-7e35f2586d71",
  "indulgence": 1.0144798856841624,
  "laserlikeness": 0.48380681547949594,
  "leagueTeamId": "8d87c468-699a-47a8-b40d-cfb73a5660ad",
  "martyrdom": 0.7374650975447492,
  "moxie": 0.8396145204771313,
  "musclitude": 0.976337147938954,
  "name": "Finn James",
  "omniscience": 0.22793056257926703,
  "overpowerment": 1.0471020273511034,
  "patheticism": 0.926332166229461,
  "peanutAllergy": true,
  "permAttr": [
    "WILD"
  ],
  "pitchingRating": 0.7865157148010274,
  "pressurization": 0.6821710922051616,
  "ritual": "Having an epiphany",
  "ruthlessness": 0.7317028842496994,
  "seasAttr": [],
  "shakespearianism": 0.2573147471218009,
  "soul": 4,
  "state": {},
  "suppression": 1.042069882363006,
  "tenaciousness": 0.9139700926234784,
  "thwackability": 0.4321905903661905,
  "totalFingers": 12,
  "tournamentTeamId": null,
  "tragicness": 0.1,
  "unthwackability": 1.0846263662061804,
  "watchfulness": 0.4667340085312083,
  "weekAttr": []
}