{
  "anticapitalism": 0.2110556440062667,
  "baseThirst": 0.6018739579172581,
  "baserunningRating": 0.4875058652042668,
  "blood": null,
  "buoyancy": 0.246359523154616,
  "chasiness": 0.4127911134542572,
  "cinnamon": 0.6074551007020397,
  "coffee": null,
  "coldness": 0.4120645483600684,
  "continuation": 0.28438416401708827,
  "deceased": true,
  "defenseRating": 0.3160424577523441,
  "divinity": 0.01,
  "eDensity": 0,
  "evolution": 0,
  "fate": 86,
  "gameAttr": [],
  "groundFriction": 0.19352291022985985,
  "hitStreak": 0,
  "hittingRating": 0.07695569898554512,
  "id": "f9c0d3cb-d8be-4f53-94c9-fc53bcbce520",
  "indulgence": 0.35466015136933343,
  "itemAttr": [],
  "items": [],
  "laserlikeness": 0.5780541741191483,
  "leagueTeamId": null,
  "martyrdom": 0.38172075687152257,
  "moxie": 0.23397247667877513,
  "musclitude": 0.36346225310135954,
  "name": "Matteo Prestige",
  "omniscience": 0.10837366741022308,
  "overpowerment": 0.181077821997988,
  "patheticism": 0.99,
  "peanutAllergy": true,
  "permAttr": [],
  "pitchingRating": 0.3587082791101695,
  "pressurization": 0.027649634956792957,
  "ritual": null,
  "ruthlessness": 0.7971189510494958,
  "seasAttr": [],
  "shakespearianism": 0.3086856386518168,
  "soul": 4,
  "state": {},
  "suppression": 0.33043895673795126,
  "tenaciousness": 0.15541461934650952,
  "thwackability": 0.2280966840036775,
  "totalFingers": 11,
  "tournamentTeamId": null,
  "tragicness": 0.1,
  "unthwackability": 0.340606684791455,
  "watchfulness": 0.4022496885286974,
  "weekAttr": []
}