{
  "anticapitalism": 0.8713519303296302,
  "armor": "",
  "baseThirst": 0.4081988057346071,
  "baserunningRating": 0.4073960490748764,
  "bat": "",
  "blood": 5,
  "buoyancy": 0.2154235322404734,
  "chasiness": 0.5304538429273677,
  "cinnamon": 0.8068528336976653,
  "coffee": 13,
  "coldness": 0.2804780559418507,
  "continuation": 0.9798143146805331,
  "deceased": false,
  "defenseRating": 0.3226111352409461,
  "divinity": 0.4903245678290087,
  "eDensity": 17.943783043245368,
  "evolution": 0,
  "fate": 77,
  "gameAttr": [],
  "groundFriction": 0.5358563216588286,
  "hitStreak": 0,
  "hittingRating": 0.4678840088105903,
  "id": "fa40d6ea-e24b-4422-9df1-0643ab202c5f",
  "indulgence": 0.5510562653266866,
  "laserlikeness": 0.25443781841148283,
  "leagueTeamId": "c73b705c-40ad-4633-a6ed-d357ee2e2bcf",
  "martyrdom": 0.00730484263039477,
  "moxie": 0.29089214398241103,
  "musclitude": 0.23798287432584095,
  "name": "Coolname Galvanic",
  "omniscience": 0.7180303754810904,
  "overpowerment": 0.09486728874086524,
  "patheticism": 0.6060888591475204,
  "peanutAllergy": false,
  "permAttr": [],
  "pitchingRating": 0.22264924162292551,
  "pressurization": 0.4216766595638224,
  "ritual": "Sleepwalking",
  "ruthlessness": 0.9590674238298682,
  "seasAttr": [],
  "shakespearianism": 0.48290297826462103,
  "soul": 4,
  "state": {},
  "suppression": 0.06942842597395393,
  "tenaciousness": 0.09555069829278516,
  "thwackability": 0.6262575468037028,
  "totalFingers": 10,
  "tournamentTeamId": null,
  "tragicness": 0.1,
  "unthwackability": 0.12807408467196235,
  "watchfulness": 0.005613050789808449,
  "weekAttr": []
}