{
  "anticapitalism": 1.1915391856574946,
  "baseThirst": 0.7549239574759623,
  "baserunningRating": 0.7087633586054645,
  "blood": 5,
  "buoyancy": 0.4387620524193208,
  "chasiness": 0.8697314404386794,
  "cinnamon": 1.1710108365422451,
  "coffee": 13,
  "coldness": 0.614507882550305,
  "continuation": 1.264961507392487,
  "deceased": false,
  "defenseRating": 0.6932404644920676,
  "divinity": 0.8561341143313503,
  "eDensity": 27.83516037251072,
  "evolution": 0,
  "fate": 77,
  "gameAttr": [],
  "groundFriction": 0.770026268154639,
  "hitStreak": 0,
  "hittingRating": 0.8058843476115938,
  "id": "fa40d6ea-e24b-4422-9df1-0643ab202c5f",
  "indulgence": 0.8344030071091328,
  "itemAttr": [],
  "items": [
    {
      "baserunningRating": 0,
      "defenseRating": 0,
      "durability": 1,
      "forger": null,
      "forgerName": null,
      "health": 1,
      "hittingRating": 0.043086096656966166,
      "id": "1999fac4-f657-4158-bfcc-b1072a0c4dd0",
      "name": "Bat",
      "pitchingRating": 0,
      "postPrefix": null,
      "prePrefix": null,
      "prefixes": null,
      "root": {
        "adjustments": [
          {
            "stat": 2,
            "type": 1,
            "value": 0.14721579559119596
          }
        ],
        "name": "Bat"
      },
      "suffix": null
    }
  ],
  "laserlikeness": 0.5538984260355444,
  "leagueTeamId": "c73b705c-40ad-4633-a6ed-d357ee2e2bcf",
  "martyrdom": 0.3793848665217592,
  "moxie": 0.6441033988015734,
  "musclitude": 0.4824672067545413,
  "name": "Coolname Galvanic",
  "omniscience": 0.953017125845456,
  "overpowerment": 0.40960211573998945,
  "patheticism": 0.38444704333982704,
  "peanutAllergy": false,
  "permAttr": [],
  "pitchingRating": 0.6257061682209778,
  "pressurization": 0.4216766595638224,
  "ritual": "Sleepwalking",
  "ruthlessness": 1.2043384766562784,
  "seasAttr": [],
  "shakespearianism": 0.7546376415419643,
  "soul": 4,
  "state": {},
  "suppression": 0.2883514470003008,
  "tenaciousness": 0.31753147769169243,
  "thwackability": 0.9174920561177528,
  "totalFingers": 10,
  "tournamentTeamId": null,
  "tragicness": 0.001,
  "unthwackability": 0.4780345651440733,
  "watchfulness": 0.2701285998243186,
  "weekAttr": []
}