{
  "anticapitalism": 0.4727031343891488,
  "armor": "HEADPHONES",
  "baseThirst": 0.425513651339023,
  "baserunningRating": 0.3636638179159264,
  "bat": "",
  "blood": 7,
  "buoyancy": 1.2942484484985153,
  "chasiness": 0.12664575275229334,
  "cinnamon": 0.9308694129250972,
  "coffee": 13,
  "coldness": 0.5628408107550635,
  "continuation": 0.9141397363716696,
  "deceased": false,
  "defenseRating": 0.3832717802107114,
  "divinity": 1.1838007884747206,
  "eDensity": 28.33960506793181,
  "evolution": 0,
  "fate": 60,
  "gameAttr": [],
  "groundFriction": 0.6178870577609626,
  "hitStreak": 0,
  "hittingRating": 1.0999956648346392,
  "id": "fa477c92-39b6-4a52-b065-40af2f29840a",
  "indulgence": 0.22138009050207816,
  "laserlikeness": 0.237796489390055,
  "leagueTeamId": "bfd38797-8404-4b38-8b82-341da28b1f83",
  "martyrdom": 1.080103782289876,
  "moxie": 1.1311472048518745,
  "musclitude": 1.5914841904657624,
  "name": "Howell Franklin",
  "omniscience": 0.3153380272399108,
  "overpowerment": 0.14127219034958224,
  "patheticism": 0.001,
  "peanutAllergy": true,
  "permAttr": [
    "FLINCH"
  ],
  "pitchingRating": 0.18528683341751517,
  "pressurization": 0.6437276352663626,
  "ritual": "Communing with the ancestors",
  "ruthlessness": 0.15129491639680542,
  "seasAttr": [],
  "shakespearianism": 0.5853080915495806,
  "soul": 8,
  "state": {},
  "suppression": 0.14918720393884743,
  "tenaciousness": 0.3387016209088044,
  "thwackability": 0.9738315701314072,
  "totalFingers": 13,
  "tournamentTeamId": null,
  "tragicness": 0.0051870749025104135,
  "unthwackability": 0.32049146007351065,
  "watchfulness": 0.1001617917038276,
  "weekAttr": []
}