{
  "anticapitalism": 0.5659242574351917,
  "armor": "",
  "baseThirst": 0.27410179356551007,
  "bat": "",
  "blood": 7,
  "buoyancy": 1.1786162050003406,
  "chasiness": 0.03,
  "cinnamon": 0.8174176640754338,
  "coffee": 13,
  "coldness": 0.5467877693905514,
  "continuation": 0.8086766810711568,
  "deceased": false,
  "divinity": 1.0335821153309523,
  "fate": 60,
  "gameAttr": [],
  "groundFriction": 0.5010743308666975,
  "id": "fa477c92-39b6-4a52-b065-40af2f29840a",
  "indulgence": 0.1212806318649459,
  "laserlikeness": 0.12665809293310062,
  "martyrdom": 0.9661123321039972,
  "moxie": 1.0343144110494156,
  "musclitude": 1.448795057537036,
  "name": "Howell Franklin",
  "omniscience": 0.38467075718324145,
  "overpowerment": 0.03,
  "patheticism": 0.01,
  "peanutAllergy": true,
  "permAttr": [],
  "pressurization": 0.6437276352663626,
  "ritual": "Communing with the ancestors",
  "ruthlessness": 0.03,
  "seasAttr": [],
  "shakespearianism": 0.5590643299347409,
  "soul": 8,
  "suppression": 0.1177905377368351,
  "tenaciousness": 0.4238567057439581,
  "thwackability": 0.8401065478369009,
  "totalFingers": 13,
  "tragicness": 0.1,
  "unthwackability": 0.29894164080524277,
  "watchfulness": 0.03,
  "weekAttr": []
}