{
  "anticapitalism": 0.8064927425050081,
  "baseThirst": 0.23674894397927115,
  "baserunningRating": 0.1707535575454155,
  "blood": 1,
  "buoyancy": 0.46473143867252786,
  "chasiness": 0.8951638610439403,
  "cinnamon": 0.3314671268016509,
  "coffee": 8,
  "coldness": 0.7970220969379358,
  "continuation": 0.896327331997709,
  "deceased": false,
  "defenseRating": 0.4910093148936841,
  "divinity": 0.2525630999902495,
  "eDensity": 17.582674440005142,
  "evolution": 0,
  "fate": 51,
  "gameAttr": [],
  "groundFriction": 0.28443306374252986,
  "hitStreak": 0,
  "hittingRating": 0.3069457101266172,
  "id": "fcb08e4f-df3a-446c-ab50-58a496ac5f3f",
  "indulgence": 0.9892388957591434,
  "items": [],
  "laserlikeness": 0.051230940732083674,
  "leagueTeamId": "9debc64f-74b7-4ae1-a4d6-fce0144b6ea5",
  "martyrdom": 0.5069553375008751,
  "moxie": 0.7318933646577335,
  "musclitude": 0.954000837991311,
  "name": "Bennett Bluesky",
  "omniscience": 0.3139446595377988,
  "overpowerment": 0.2262110767651253,
  "patheticism": 0.3730975292229748,
  "peanutAllergy": false,
  "permAttr": [
    "TRIPLE_THREAT"
  ],
  "pitchingRating": 0.6859591945778754,
  "pressurization": 0.4817777052719996,
  "ritual": "Bonsai",
  "ruthlessness": 0.7775547741565942,
  "seasAttr": [],
  "shakespearianism": 0.7028394769069701,
  "soul": 3,
  "state": {},
  "suppression": 0.7732748537692267,
  "tenaciousness": 0.14143069992132862,
  "thwackability": 0.174497135822141,
  "totalFingers": 10,
  "tournamentTeamId": null,
  "tragicness": 0.9139588573018136,
  "unthwackability": 0.975467629556268,
  "watchfulness": 0.572269666434478,
  "weekAttr": []
}