{
  "anticapitalism": 0.22748371191300729,
  "baseThirst": 0.5749029052371786,
  "baserunningRating": 0.7872887475807747,
  "blood": 3,
  "buoyancy": 0.13095740149215518,
  "chasiness": 0.1828406700299348,
  "cinnamon": 1.0863461063368602,
  "coffee": 5,
  "coldness": 0.18371436087378568,
  "continuation": 0.9360117723311764,
  "deceased": false,
  "defenseRating": 0.46077100803523013,
  "divinity": 0.9447634532116834,
  "eDensity": 22.657299902828065,
  "evolution": 0,
  "fate": 10,
  "gameAttr": [
    "REVERBERATING"
  ],
  "groundFriction": 0.8528464064976272,
  "hitStreak": 0,
  "hittingRating": 0.8043416810046781,
  "id": "fcbe1d14-04c4-4331-97ad-46e170610633",
  "indulgence": 0.4769441001774317,
  "itemAttr": [],
  "items": [
    {
      "baserunningRating": 0,
      "defenseRating": 0.03367173442669397,
      "durability": 2,
      "forger": null,
      "forgerName": null,
      "health": 2,
      "hittingRating": 0.02684114777069113,
      "id": "1d12b823-c0e8-461c-8911-fa899b874138",
      "name": "Head Cap",
      "pitchingRating": 0.050034935839247174,
      "postPrefix": {
        "adjustments": [
          {
            "stat": 3,
            "type": 1,
            "value": 0.10104832225922972
          },
          {
            "stat": 21,
            "type": 1,
            "value": 0.13944232274502336
          }
        ],
        "name": "Head"
      },
      "prePrefix": null,
      "prefixes": null,
      "root": {
        "adjustments": [
          {
            "stat": 16,
            "type": 1,
            "value": 0.17943084238800405
          }
        ],
        "name": "Cap"
      },
      "suffix": null
    }
  ],
  "laserlikeness": 0.8398955200107356,
  "leagueTeamId": "adc5b394-8f76-416d-9ce9-813706877b84",
  "martyrdom": 0.8377596276653335,
  "moxie": 0.18402488982246995,
  "musclitude": 0.5702179601707729,
  "name": "Jode Preston",
  "omniscience": 0.3297801136194759,
  "overpowerment": 0.33433109701474145,
  "patheticism": 0.046182098254404794,
  "peanutAllergy": true,
  "permAttr": [],
  "pitchingRating": 0.3272128352118977,
  "pressurization": 0.8207153633151472,
  "ritual": "Tinkering",
  "ruthlessness": 0.2146690625130514,
  "seasAttr": [],
  "shakespearianism": 1.0883937557163543,
  "soul": 3,
  "state": {},
  "suppression": 0.202933739662298,
  "tenaciousness": 0.6849132764650253,
  "thwackability": 0.9383364201797448,
  "totalFingers": 10,
  "tournamentTeamId": null,
  "tragicness": 0.05647747808494806,
  "unthwackability": 0.545039149796317,
  "watchfulness": 0.2032863630063741,
  "weekAttr": []
}