{
  "_id": "fcbe1d14-04c4-4331-97ad-46e170610633",
  "anticapitalism": 0.16535599127708012,
  "armor": "",
  "baseThirst": 0.396952901084517,
  "bat": "",
  "blood": 3,
  "buoyancy": 0.048253137806975266,
  "chasiness": 0.050083995992788566,
  "cinnamon": 0.9179225748351064,
  "coffee": 5,
  "coldness": 0.04915885392466013,
  "continuation": 0.7300003324959183,
  "deceased": false,
  "divinity": 0.8390973945062221,
  "fate": 10,
  "groundFriction": 0.7069029204692221,
  "indulgence": 0.26025787587899174,
  "laserlikeness": 0.6837022038012797,
  "martyrdom": 0.7409793464205547,
  "moxie": 0.1108964343045098,
  "musclitude": 0.5230046880012982,
  "name": "Jode Preston",
  "omniscience": 0.1987271344053891,
  "overpowerment": 0.15332692821449,
  "patheticism": 0.13229518520988348,
  "peanutAllergy": true,
  "pressurization": 0.8207153633151472,
  "ritual": "Tinkering",
  "ruthlessness": 0.07060375519860318,
  "shakespearianism": 0.908019585260862,
  "soul": 3,
  "suppression": 0.010113703231381388,
  "tenaciousness": 0.6011367706393527,
  "thwackability": 0.8413824634568743,
  "totalFingers": 10,
  "tragicness": 0.1,
  "unthwackability": 0.33188530713082853,
  "watchfulness": 0.14424581073183051
}