{
  "anticapitalism": 0.40825604348247646,
  "armor": "",
  "baseThirst": 0.2764325244961803,
  "baserunningRating": 0.16538362081941488,
  "bat": "",
  "blood": 0,
  "buoyancy": 0.2494229538266477,
  "chasiness": 0.0017251793671759774,
  "cinnamon": 0.04501575600893215,
  "coffee": 0,
  "coldness": 0.5342385239765961,
  "continuation": 0.4893136896748278,
  "deceased": false,
  "defenseRating": 0.2747541692581731,
  "divinity": 0.603593775918198,
  "fate": 81,
  "gameAttr": [],
  "groundFriction": 0.8021649722179307,
  "hitStreak": 0,
  "hittingRating": 0.6816182898684092,
  "id": "fe1f826f-7346-425c-9d3c-7ed5a7eae1b7",
  "indulgence": 0.8477148307038695,
  "laserlikeness": 0.04408054907712655,
  "leagueTeamId": null,
  "martyrdom": 0.7796332108958342,
  "moxie": 0.920843996021327,
  "musclitude": 0.19584062840264593,
  "name": "Angel Ivories",
  "omniscience": 0.3505044614556472,
  "overpowerment": 0.4927221684846135,
  "patheticism": 0.4345673060017421,
  "peanutAllergy": true,
  "permAttr": [],
  "pitchingRating": 0.6311378363226543,
  "pressurization": 0.5472578876276359,
  "ritual": "Laughing",
  "ruthlessness": 0.6254749703212701,
  "seasAttr": [],
  "shakespearianism": 0.3532875381558356,
  "soul": 4,
  "suppression": 0.936275543184566,
  "tenaciousness": 0.20155904173710537,
  "thwackability": 0.8863653504368252,
  "totalFingers": 10,
  "tournamentTeamId": null,
  "tragicness": 0.21429671733123157,
  "unthwackability": 0.9109350875616842,
  "watchfulness": 0.6974038894601065,
  "weekAttr": []
}