{
  "anticapitalism": 0.7725439442659523,
  "armor": "",
  "baseThirst": 0.4088016221540163,
  "baserunningRating": 0.4651306125948033,
  "bat": "",
  "blood": 7,
  "buoyancy": 0.9503142283931704,
  "chasiness": 0.7576036384678282,
  "cinnamon": 0.08171340590765094,
  "coffee": 6,
  "coldness": 0.949196233558856,
  "continuation": 0.4552851394041737,
  "deceased": false,
  "defenseRating": 0.5157584771781051,
  "divinity": 0.9007659323240476,
  "eDensity": 22.81466806705504,
  "evolution": 0,
  "fate": 15,
  "gameAttr": [],
  "groundFriction": 0.38840551496557807,
  "hitStreak": 0,
  "hittingRating": 0.6147153415920255,
  "id": "fe3e8ba5-6687-400d-9828-2b70d63ea8be",
  "indulgence": 0.4643009405734593,
  "laserlikeness": 0.42655362763072535,
  "leagueTeamId": "bfd38797-8404-4b38-8b82-341da28b1f83",
  "martyrdom": 0.3606125809069965,
  "moxie": 0.323942168618659,
  "musclitude": 0.5219272550540968,
  "name": "Tevin Melcon",
  "omniscience": 0.3997935856657304,
  "overpowerment": 0.955858295092014,
  "patheticism": 0.8217138329585705,
  "peanutAllergy": true,
  "permAttr": [],
  "pitchingRating": 0.5207767210715,
  "pressurization": 0.8226137217943879,
  "ritual": "Antagonizing umpires",
  "ruthlessness": 0.8970334646605651,
  "seasAttr": [],
  "shakespearianism": 0.6876027650624454,
  "soul": 4,
  "state": {},
  "suppression": 0.2830662737306959,
  "tenaciousness": 0.13806472271597922,
  "thwackability": 0.5503184805837247,
  "totalFingers": 10,
  "tournamentTeamId": null,
  "tragicness": 0.1,
  "unthwackability": 0.32404314041000526,
  "watchfulness": 0.7468981966213617,
  "weekAttr": []
}