{
  "anticapitalism": 0.5150573402718647,
  "baseThirst": 0.9468976220326556,
  "baserunningRating": 0.8732649719270256,
  "blood": 0,
  "buoyancy": 1.133073735988959,
  "chasiness": 1.117783175901615,
  "cinnamon": 0.21037259185882207,
  "coffee": 0,
  "coldness": 0.8359194987219369,
  "continuation": 0.8462281927603155,
  "deceased": false,
  "defenseRating": 0.9324919761721192,
  "divinity": 1.1027688309673214,
  "eDensity": 38.402372403242666,
  "evolution": 0,
  "fate": 70,
  "gameAttr": [],
  "groundFriction": 0.7756374333939482,
  "hitStreak": 0,
  "hittingRating": 0.7808023097823549,
  "id": "fedbceb8-e2aa-4868-ac35-74cd0445893f",
  "indulgence": 0.3993698765892631,
  "items": [],
  "laserlikeness": 1.0076905002263663,
  "leagueTeamId": "36569151-a2fb-43c1-9df7-2df512424c82",
  "martyrdom": 0.6076461480939328,
  "moxie": 0.6402250638446929,
  "musclitude": 0.9475164113258452,
  "name": "Uncle Plasma",
  "omniscience": 1.1107023767841742,
  "overpowerment": 0.7652334247873129,
  "patheticism": 0.6327097354171307,
  "peanutAllergy": false,
  "permAttr": [
    "HARD_BOILED",
    "EGO1"
  ],
  "pitchingRating": 0.8280653711531673,
  "pressurization": 0.25376771835513123,
  "ritual": "Observing a vow of silence",
  "ruthlessness": 1.1429618103955033,
  "seasAttr": [],
  "shakespearianism": 0.6585975990460073,
  "soul": 4,
  "state": {
    "hunches": [
      0,
      7
    ]
  },
  "suppression": 0.2709783458396555,
  "tenaciousness": 1.0398895121448346,
  "thwackability": 0.6146789121796933,
  "totalFingers": 20,
  "tournamentTeamId": "f29d6e60-8fce-4ac6-8bc2-b5e3cabc5696",
  "tragicness": 0.748685886509201,
  "unthwackability": 0.7323748802541232,
  "watchfulness": 0.6472440802160931,
  "weekAttr": []
}