{
  "anticapitalism": 0.6203636192309692,
  "baseThirst": 1.0780066893929934,
  "baserunningRating": 1.0023960894854764,
  "blood": 0,
  "buoyancy": 1.2098656469591438,
  "chasiness": 1.222387487900342,
  "cinnamon": 0.32035217327266036,
  "coffee": 0,
  "coldness": 0.976026453427144,
  "continuation": 0.96584547535765,
  "deceased": false,
  "defenseRating": 1.0224149181359912,
  "divinity": 1.2134238040219831,
  "eDensity": 87.03390476325035,
  "evolution": 0,
  "fate": 70,
  "gameAttr": [],
  "groundFriction": 0.8861015215227527,
  "hitStreak": 0,
  "hittingRating": 0.9073679153889234,
  "id": "fedbceb8-e2aa-4868-ac35-74cd0445893f",
  "indulgence": 0.5242751981006599,
  "items": [],
  "laserlikeness": 1.1618882166811648,
  "leagueTeamId": "36569151-a2fb-43c1-9df7-2df512424c82",
  "martyrdom": 0.7140143893496259,
  "moxie": 0.7463588610776204,
  "musclitude": 1.07352227748769,
  "name": "Uncle Plasma",
  "omniscience": 1.209923456240667,
  "overpowerment": 0.9018769832421027,
  "patheticism": 0.5258061226215269,
  "peanutAllergy": false,
  "permAttr": [
    "HARD_BOILED",
    "EGO1"
  ],
  "pitchingRating": 0.9944095491893624,
  "pressurization": 0.25376771835513123,
  "ritual": "Observing a vow of silence",
  "ruthlessness": 1.3075203314505843,
  "seasAttr": [],
  "shakespearianism": 0.7910956451193051,
  "soul": 28,
  "state": {
    "hunches": [
      0,
      7,
      1,
      3
    ],
    "investigations": 4,
    "preInvestigationIndex": 5,
    "preInvestigationLocation": 1,
    "preInvestigationTeam": "36569151-a2fb-43c1-9df7-2df512424c82"
  },
  "suppression": 0.3860363622935475,
  "tenaciousness": 1.2107427489117262,
  "thwackability": 0.7614474275537391,
  "totalFingers": 20,
  "tournamentTeamId": "f29d6e60-8fce-4ac6-8bc2-b5e3cabc5696",
  "tragicness": 0.5877863612853783,
  "unthwackability": 0.8635922623441528,
  "watchfulness": 0.7670029138987842,
  "weekAttr": []
}