{
  "anticapitalism": 0.5526143090803508,
  "baseThirst": 1.0222094847034673,
  "baserunningRating": 0.9364271136987058,
  "blood": 0,
  "buoyancy": 1.1830154263013246,
  "chasiness": 1.170583927904106,
  "cinnamon": 0.26692964091217697,
  "coffee": 0,
  "coldness": 0.8848873224150582,
  "continuation": 0.9000173636702081,
  "deceased": false,
  "defenseRating": 0.9758071980096336,
  "divinity": 1.1512631045189652,
  "eDensity": 67.30601486496941,
  "evolution": 0,
  "fate": 70,
  "gameAttr": [],
  "groundFriction": 0.8263574075390683,
  "hitStreak": 0,
  "hittingRating": 0.8356883226068071,
  "id": "fedbceb8-e2aa-4868-ac35-74cd0445893f",
  "indulgence": 0.4617107716040043,
  "items": [],
  "laserlikeness": 1.0811406948081237,
  "leagueTeamId": "36569151-a2fb-43c1-9df7-2df512424c82",
  "martyrdom": 0.6662445850803336,
  "moxie": 0.6963027888126745,
  "musclitude": 1.00773172527937,
  "name": "Uncle Plasma",
  "omniscience": 1.1612423779493537,
  "overpowerment": 0.8377421154304988,
  "patheticism": 0.5712041846913631,
  "peanutAllergy": false,
  "permAttr": [
    "HARD_BOILED",
    "EGO1"
  ],
  "pitchingRating": 0.9122774739908992,
  "pressurization": 0.25376771835513123,
  "ritual": "Observing a vow of silence",
  "ruthlessness": 1.2218516526832388,
  "seasAttr": [],
  "shakespearianism": 0.7424041304859835,
  "soul": 18,
  "state": {
    "hunches": [
      0,
      7,
      1
    ],
    "investigations": 2,
    "preInvestigationIndex": 5,
    "preInvestigationLocation": 1,
    "preInvestigationTeam": "36569151-a2fb-43c1-9df7-2df512424c82"
  },
  "suppression": 0.32835007684247075,
  "tenaciousness": 1.1262557748147126,
  "thwackability": 0.6684101913912481,
  "totalFingers": 20,
  "tournamentTeamId": "f29d6e60-8fce-4ac6-8bc2-b5e3cabc5696",
  "tragicness": 0.6594173236449737,
  "unthwackability": 0.7984239190409543,
  "watchfulness": 0.7074498778181314,
  "weekAttr": []
}