{
  "anticapitalism": 0.5802604454422523,
  "baseThirst": 1.0381491172755142,
  "baserunningRating": 0.9636029544731493,
  "blood": 0,
  "buoyancy": 1.1934163095295065,
  "chasiness": 1.1846798204651026,
  "cinnamon": 0.30267901341815046,
  "coffee": 0,
  "coldness": 0.9328257196642068,
  "continuation": 0.9416292440853956,
  "deceased": false,
  "defenseRating": 0.9964762905405716,
  "divinity": 1.1979208512662705,
  "eDensity": 81.03390476325035,
  "evolution": 0,
  "fate": 70,
  "gameAttr": [],
  "groundFriction": 0.8567415916338877,
  "hitStreak": 0,
  "hittingRating": 0.8780895638937106,
  "id": "fedbceb8-e2aa-4868-ac35-74cd0445893f",
  "indulgence": 0.47743974320010657,
  "items": [],
  "laserlikeness": 1.1153588733350357,
  "leagueTeamId": "36569151-a2fb-43c1-9df7-2df512424c82",
  "martyrdom": 0.7005765570986551,
  "moxie": 0.7329091213376246,
  "musclitude": 1.0373061826419276,
  "name": "Uncle Plasma",
  "omniscience": 1.1741588712965494,
  "overpowerment": 0.8825892763013653,
  "patheticism": 0.54023862725832,
  "peanutAllergy": false,
  "permAttr": [
    "HARD_BOILED",
    "EGO1"
  ],
  "pitchingRating": 0.952389014414048,
  "pressurization": 0.25376771835513123,
  "ritual": "Observing a vow of silence",
  "ruthlessness": 1.2714856602040103,
  "seasAttr": [],
  "shakespearianism": 0.7597592640748233,
  "soul": 26,
  "state": {
    "hunches": [
      0,
      7,
      1,
      3
    ],
    "investigations": 3
  },
  "suppression": 0.3386046525460984,
  "tenaciousness": 1.1742935888179695,
  "thwackability": 0.715922895596422,
  "totalFingers": 20,
  "tournamentTeamId": "f29d6e60-8fce-4ac6-8bc2-b5e3cabc5696",
  "tragicness": 0.6217084900551162,
  "unthwackability": 0.8238094337764923,
  "watchfulness": 0.738649883350514,
  "weekAttr": []
}