{
  "anticapitalism": 0.788893674305015,
  "armor": "",
  "baseThirst": 0.8545589987691334,
  "bat": "",
  "blood": 5,
  "buoyancy": 0.916477006817858,
  "chasiness": 0.7489150446830792,
  "cinnamon": 0.6694476108662297,
  "coffee": 12,
  "coldness": 0.9626316813694348,
  "continuation": 1.0299229229388944,
  "deceased": false,
  "divinity": 0.4040513340875005,
  "fate": 15,
  "gameAttr": [],
  "groundFriction": 0.23877796831494896,
  "id": "ff5a37d9-a6dd-49aa-b6fb-b935fd670820",
  "indulgence": 0.5390473287964663,
  "laserlikeness": 0.895312848680279,
  "martyrdom": 0.29866459206745627,
  "moxie": 0.3971396921532882,
  "musclitude": 0.5139650327130968,
  "name": "Dunn Keyes",
  "omniscience": 0.3804498144402353,
  "overpowerment": 0.190041004614674,
  "patheticism": 0.7318271126644997,
  "peanutAllergy": false,
  "permAttr": [
    "ALTERNATE"
  ],
  "pressurization": 0.6718389101890525,
  "ritual": "Fixating on their impending death",
  "ruthlessness": 0.3352657825130398,
  "seasAttr": [],
  "shakespearianism": 0.5147347453097518,
  "soul": 6,
  "suppression": 0.30964577433276264,
  "tenaciousness": 0.2858044718108532,
  "thwackability": 0.3062279801206367,
  "totalFingers": 13,
  "tragicness": 0.029206340068430037,
  "unthwackability": 1.0285779173510197,
  "watchfulness": 0.470506725265425,
  "weekAttr": []
}