{
  "anticapitalism": 0.8702096469503214,
  "armor": "",
  "baseThirst": 0.95432675699225,
  "bat": "",
  "blood": 12,
  "buoyancy": 1.0273349651265833,
  "chasiness": 0.8599458741651298,
  "cinnamon": 0.7498799875684145,
  "coffee": 12,
  "coldness": 1.054922832671289,
  "continuation": 1.1413001050213134,
  "deceased": false,
  "divinity": 0.5013573770412718,
  "fate": 15,
  "gameAttr": [],
  "groundFriction": 0.3281437734485111,
  "hitStreak": 0,
  "id": "ff5a37d9-a6dd-49aa-b6fb-b935fd670820",
  "indulgence": 0.6324896860749399,
  "laserlikeness": 1.013934769024473,
  "martyrdom": 0.39661535126648906,
  "moxie": 0.5029153913567603,
  "musclitude": 0.6132712474952127,
  "name": "Dunn Keyes",
  "omniscience": 0.47941388374008753,
  "overpowerment": 0.2735488089710304,
  "patheticism": 0.650679808746039,
  "peanutAllergy": false,
  "permAttr": [
    "ALTERNATE"
  ],
  "pressurization": 0.6718389101890525,
  "ritual": "Fixating on their impending death",
  "ruthlessness": 0.4237783625842831,
  "seasAttr": [],
  "shakespearianism": 0.6204660247565768,
  "soul": 6,
  "suppression": 0.4176060929720581,
  "tenaciousness": 0.3729322950515312,
  "thwackability": 0.4075426802879937,
  "totalFingers": 14,
  "tragicness": 0.1,
  "unthwackability": 1.138069311715958,
  "watchfulness": 0.5634161520732002,
  "weekAttr": []
}