{
  "anticapitalism": 0.701857432864406,
  "armor": "",
  "baseThirst": 0.782651282849987,
  "bat": "",
  "blood": 5,
  "buoyancy": 0.8771211349959123,
  "chasiness": 0.6717316489335243,
  "cinnamon": 0.5973975342772277,
  "coffee": 12,
  "coldness": 0.8355757141922229,
  "continuation": 0.9422650242570284,
  "deceased": false,
  "divinity": 0.37411001536263666,
  "fate": 15,
  "gameAttr": [],
  "groundFriction": 0.16969295568077492,
  "id": "ff5a37d9-a6dd-49aa-b6fb-b935fd670820",
  "indulgence": 0.460107962715411,
  "laserlikeness": 0.8234711519371545,
  "martyrdom": 0.27841669431566896,
  "moxie": 0.36736559670981594,
  "musclitude": 0.48007398618238617,
  "name": "Dunn Keyes",
  "omniscience": 0.298203891600054,
  "overpowerment": 0.008928084676295578,
  "patheticism": 0.749993754019739,
  "peanutAllergy": false,
  "permAttr": [
    "ALTERNATE"
  ],
  "pressurization": 0.6718389101890525,
  "ritual": "Fixating on their impending death",
  "ruthlessness": 0.19354795207145692,
  "seasAttr": [],
  "shakespearianism": 0.37221200940057897,
  "soul": 6,
  "suppression": 0.18536415382410976,
  "tenaciousness": 0.18882243721026137,
  "thwackability": 0.27058961268231174,
  "totalFingers": 11,
  "tragicness": 0.1,
  "unthwackability": 0.8924695943816519,
  "watchfulness": 0.3895239977689184,
  "weekAttr": []
}