{
  "_id": "ff5a37d9-a6dd-49aa-b6fb-b935fd670820",
  "anticapitalism": 0.2119088337662925,
  "baseThirst": 0.8943362241444333,
  "bat": "",
  "buoyancy": 0.7400512282036114,
  "chasiness": 0.5320448835032576,
  "cinnamon": 0.5973975342772277,
  "coldness": 0.5619679509920239,
  "continuation": 0.9461719579052243,
  "deceased": false,
  "divinity": 0.8417625925785779,
  "fate": 53,
  "groundFriction": 0.9063149218296348,
  "indulgence": 1.0365192254754303,
  "laserlikeness": 0.2230541519817198,
  "martyrdom": 0.42257105347194984,
  "moxie": 0.759207479354272,
  "musclitude": 1.0592238354407828,
  "name": "Dunn Keyes",
  "omniscience": 0.7517009006448931,
  "overpowerment": 0.9249627655196762,
  "patheticism": 0.15963167421226604,
  "peanutAllergy": false,
  "pressurization": 0.6718389101890525,
  "ruthlessness": 0.8331123445071587,
  "shakespearianism": 0.9234121663408515,
  "soul": 6,
  "suppression": 1.145575817983537,
  "tenaciousness": 0.7058391905938128,
  "thwackability": 1.1769195947961006,
  "totalFingers": 11,
  "tragicness": 0.1,
  "unthwackability": 0.7679075542185325,
  "watchfulness": 0.2457339323908632
}